GCAS,Total_MSU_Forecast,Avg_MSU_Forecast,Forecast_Periods,Product_Description,Subsector_Name,Total_IT_Forecast,Avg_IT_Forecast,Total_CS_Forecast,Avg_CS_Forecast
80831265,591551.031,6293.0960745,94,DOWNY FBEN ROMANCE  8.5LX1 P2 KR,Fabric Care,470455.4,5004.8446809,470455.4,5004.8446809
80864073,548588.674,5774.6176211,95,H&S SH 1200MLX10 ISC HYPE CP KR,Hair Care,1175362.8,12372.24,117535.9,1237.22
80864070,382068.048,4021.7689263,95,H&S SH 1200MLX10 CM HYPE CP KR,Hair Care,818588.7,8616.7231579,81859.2,861.6757895
80825390,380921.689,4009.7019895,95,DOWNY LFE (1.05LX3)X4 BTL MYS M2 KR,Fabric Care,817472.1,8604.9694737,204367.7,2151.2389474
80864075,363012.093,3821.1799263,95,H&S SH 850MLX12 ISC HYPE KR,Hair Care,1098012.6,11558.0273684,91501.4,963.1726316
80841663,355637.338,3743.5509263,95,DOWNY LFE (1.05LX3)X4 BTL IDD gre H1 KR,Fabric Care,763211.3,8033.8031579,190803.2,2008.4547368
80779373,352496.972,3710.4944421,95,H&S SHM UCM 1800ML DIT,Hair Care,503483.4,5299.8252632,83913.7,883.3021053
80793381,329565.426,3506.0151702,94,H&S SH 850MLX6 ISC DIT KR (CP),Hair Care,996819.2,10604.4595745,166137.2,1767.4170213
80864076,301699.756,3175.7869053,95,H&S SH 850MLX12 CM HYPE KR,Hair Care,912560.9,9605.9042105,76047.1,800.4957895
80854627,291269.995,3098.6169681,94,DOWNY LFE 4LX3 BTL IDD gre H1 KR COSTCO,Fabric Care,492259.5,5236.8031915,164086.3,1745.5989362
80812509,289142.798,3043.6084,95,DOWNY LFE (1.05LX3)X4 BTL WT&L P3 KR,Fabric Care,620511.4,6531.6989474,155127.7,1632.9231579
80831266,288258.308,3066.5777447,94,DOWNY FBEN AR FLORAL 8.5LX1 P2 KR,Fabric Care,229249.4,2438.8234043,229249.4,2438.8234043
80841651,286576.33,3016.5929474,95,DOWNY LFE 2.6LX6 RFL IDD gre H1 KR,Fabric Care,745095.7,7843.1126316,124182.7,1307.1863158
80841656,271754.284,2860.5714105,95,DOWNY LFE 1LX12 SBTL IDD gre H1 KR,Fabric Care,1837108.2,19337.9810526,153093.0,1611.5052632
80793379,270318.669,2906.6523548,93,H&S SH 850MLX6 CM DIT KR (CP),Hair Care,817620.6,8791.6193548,136270.2,1465.2709677
80854870,238875.84,3619.3309091,66,PAMPERS DPR XL 40X3 POOBAO KR XQ,Baby Care,1074887.1,16286.1681818,358295.7,5428.7227273
80861956,235919.136,2483.3593263,95,DOWNY LFE 4.1LX4 RFL MYS N1 KR,Fabric Care,388984.1,4094.5694737,97246.3,1023.6452632
80841643,233851.167,2461.5912316,95,DOWNY LFE 4.1LX4 RFL IDD gre H1 KR,Fabric Care,385575.0,4058.6842105,96393.9,1014.6726316
80825394,229709.811,2417.9980105,95,DOWNY LFE 1LX12 SBTL MYS M2 KR,Fabric Care,1552879.9,16346.1042105,129406.7,1362.1757895
80854871,213673.883,3237.4830758,66,PAMPERS DPR XXL 36X3 POOBAO KR XQ,Baby Care,1068370.1,16187.4257576,356123.2,5395.8060606
80812511,206044.668,2168.8912421,95,DOWNY LFE 1LX12 BTL LG&L P3 KR,Fabric Care,1392900.0,14662.1052632,116075.7,1221.8494737
80799839,203894.515,2146.2580526,95,PTN ROT (400MLX3)X14 SDC ATTN COSTCO,Hair Care,436845.9,4598.3778947,31202.9,328.4515789
80793501,193568.774,2037.5660421,95,PTN SH 1200MLX6 SDC ATTN EMART KR,Hair Care,414716.9,4365.4410526,69119.5,727.5736842
80812507,192853.527,2030.0371263,95,DOWNY LFE 1LX12 BTL WT&L P3 KR,Fabric Care,1303724.6,13723.4168421,108643.4,1143.6147368
80864074,178178.678,1875.5650316,95,H&S SH 1200MLX10 DEEPCLEAN HYPE CP KR,Hair Care,381751.5,4018.4368421,38175.0,401.8421053
80864067,178129.063,1875.0427684,95,H&S SH 850MLX12 DEEPCLEAN HYPE KR,Hair Care,538791.4,5671.4884211,44900.0,472.6315789
80861955,178022.622,1873.9223368,95,DOWNY LFE 2.6LX6 RFL MYS N1 KR,Fabric Care,462857.1,4872.18,77142.9,812.0305263
80874132,167630.458,1862.5606444,90,GILLETTE PROSHIELD BASE 4CT 4X6X12 (PX),Shave Care,628535.9,6983.7322222,8730.1,97.0011111
80807863,163582.447,1721.9204947,95,PAMPERS DPR XL 26X4 ML KR OVN5.0 VAL,Baby Care,1132450.1,11920.5273684,283112.7,2980.1336842
80864068,155900.115,1641.0538421,95,H&S SH 1200MLX10 APPLE HYPE CP KR,Hair Care,334019.0,3515.9894737,33401.9,351.5989474
80793378,151097.116,1607.4161277,94,H&S SH 850MLX6 DEEP CLEAN DIT KR (CP),Hair Care,457016.2,4861.8744681,76170.4,810.3234043
80864069,150491.474,1584.1207789,95,H&S SH 850MLX12 APPLE HYPE KR,Hair Care,455195.2,4791.5284211,37932.7,399.2915789
80873240,149030.484,2041.5134795,73,PAMPERS DPR XL 36X4 POOBAO KR PANTS CBY,Baby Care,745152.2,10207.5643836,186288.6,2551.8986301
80833958,146852.663,1545.8175053,95,DOWNY LFE 4.1LX4 RFL LG&L KR New,Fabric Care,242131.3,2548.7505263,60533.0,637.1894737
80812506,135748.258,1428.9290316,95,DOWNY LFE 1LX12 BTL MB P3 KR,Fabric Care,917683.2,9659.8231579,76473.8,804.9873684
80825393,134675.46,1417.6364211,95,DOWNY LFE 2LX4 SBTL MYS M2 KR,Fabric Care,455215.4,4791.7410526,113803.7,1197.9336842
80871606,131158.393,1410.3053011,93,GIL PS YELLOW 14CT 1X18 KR COSTCO,Shave Care,140531.0,1511.0860215,7808.0,83.9569892
80869235,129604.822,1393.6002366,93,PTN SH 1800MLX9 SDC ATTN CP KR,Hair Care,185117.3,1990.5086022,20569.4,221.1763441
80838170,128412.771,1426.8085667,90,FUSION PROSHIELDE BASE CRT 8 8X6X12,Shave Care,240789.6,2675.44,3345.3,37.17
80807864,128090.932,1348.3256,95,PAMPERS DPR XXL22X4 ML KR OVN5.0 VAL,Baby Care,1047778.6,11029.2484211,261944.4,2757.3094737
80841664,124874.989,1314.4735684,95,DOWNY LFE 2LX4 SBTL IDD gre H1 KR,Fabric Care,422088.9,4443.0410526,105522.3,1110.7610526
80812508,120615.293,1269.6346632,95,DOWNY LFE (1.05LX3)X4 BTL LG&L P3 KR,Fabric Care,258844.9,2724.6831579,64711.3,681.1715789
80693699,120084.378,1305.2649783,92,BII PLUS DIS 11 SENST 11X6X8,Shave Care,436670.3,4746.4163043,9096.6,98.876087
80873239,119568.747,1637.9280411,73,PAMPERS DPR XXL 30X4 POOBAO KR PANT CBY,Baby Care,717376.2,9827.0712329,179343.8,2456.7643836
80869236,119469.665,1298.5833152,92,PTN CN 1800MLX9 SDC ATTN CP KR,Hair Care,170640.2,1854.7847826,18960.3,206.0902174
80838173,117581.597,1896.477371,62,FUSION PROSHIELDE BASE CRT 4 4X6X12,Shave Care,440875.4,7110.8935484,6123.3,98.7629032
80793500,114378.443,1203.9836105,95,PTN CN 1200MLX6 SDC ATTN EMART KR,Hair Care,245052.6,2579.5010526,40842.4,429.92
80739987,114230.422,1202.4254947,95,BRAUN MALHRREMKP CCR5+1 MIX BOX KR,Appliances,190384.1,2004.0431579,47597.4,501.0252632
80795548,110704.879,1165.3145158,95,PAMPERS DPR XXL 30X4 BP3.0 KR PANT CBY,Baby Care,664195.9,6991.5357895,166048.6,1747.88
80831279,109496.596,1152.5957474,95,DOWNY LFE 2.6LX6 WT&L RFL P2 KR,Fabric Care,284690.0,2996.7368421,47448.8,499.4610526
80854872,107484.567,1628.5540455,66,PAMPERS DPR LG 46X3 POOBAO KR XQ,Baby Care,420573.8,6372.330303,140191.3,2124.1106061
80864072,106554.487,1121.6261789,95,H&S CN 850MLX12 CM HYPE KR,Hair Care,322298.4,3392.6147368,26858.3,282.7189474
80864065,106299.096,1118.9378526,95,H&S CN 850MLX12 ISC HYPE KR,Hair Care,321525.7,3384.4810526,26794.2,282.0442105
80844857,100710.587,1060.1114421,95,DOWNY LFE 1LX12 SBTL MUSK M3 KR,Fabric Care,680821.7,7166.5442105,56735.5,597.2157895
80709741,97771.619,1062.7349891,92,VENUS CMFTGLIDE WHITE TEA RZR 2UP 1X4X4,Shave Care,366597.7,3984.7576087,22912.3,249.0467391
80812512,96657.986,1017.4524842,95,DOWNY LFE (1.05LX3)X4 BTL MB P3 KR,Fabric Care,207432.2,2183.4968421,51857.2,545.8652632
80831288,96396.898,1014.7041895,95,DOWNY LFE 2.6LX6 LG&L RFL P2 KR,Fabric Care,250630.6,2638.2168421,41772.1,439.7063158
80793497,95785.407,1008.2674421,95,PTN SH 750MLX6 SDC ATTN EOL KR,Hair Care,328350.8,3456.3242105,54725.4,576.0568421
81726689,95766.358,1008.0669263,95,BRAUN SHAVER 300 BLK/BLK BOX KR,Appliances,95765.9,1008.0621053,15960.7,168.0073684
80832699,95566.398,1990.966625,48,DOWNY LAU LIQ 3LX4 BTL IDD gre J2 KR,Fabric Care,207055.0,4313.6458333,51763.6,1078.4083333
80833957,92665.443,975.4257158,95,DOWNY LFE 4.1LX4 RFL WT&L KR New,Fabric Care,152787.6,1608.2905263,38196.9,402.0726316
80843757,92621.499,974.9631474,95,DOWNY LFE 2.6LX6 RFL CP M2A KR,Fabric Care,240814.8,2534.8926316,40136.0,422.4842105
80882576,92234.424,1024.8269333,90,DOWNY LFE 1.6LX9 RFL LG&L P2 KR,Fabric Care,389686.1,4329.8455556,43298.5,481.0944444
80826675,90747.667,955.2386,95,H&S SH 1800MLX6 ISC HYPE ET KR,Hair Care,129616.5,1364.3842105,21602.8,227.3978947
80830240,90258.351,1479.6450984,61,PAM S5 ToN SUM25 38x3 KR PANTS CBY (SS),Baby Care,427562.1,7009.2147541,142521.0,2336.4098361
80795552,89758.995,1108.1357407,81,PAMPERS DPR XL 36X4 BP3.0 KR PANTS CBY,Baby Care,448795.1,5540.6802469,112199.3,1385.1765432
80777271,85866.067,1384.9365645,62,OB ESS F WXD 2X50 M BCD 1X6X4,Oral Care,772871.9,12465.6758065,32202.8,519.4
80826691,84444.672,888.8912842,95,H&S SH 800MLX6 PERFUME HYPE KR,Hair Care,271380.8,2856.64,45230.6,476.1115789
80872038,84203.984,979.116093,86,DOWNY FBEN HP GRN 480GX6 BL BTL P2 KR,Fabric Care,800418.2,9307.1883721,133403.3,1551.2011628
80774837,81638.945,859.3573158,95,FEBREZE FR 370MLX12 FRSH ARM BTL TW,Home Care,1765166.7,18580.7021053,147097.1,1548.3905263
80777259,81108.404,853.7726737,95,OB ESS F WXD 50 M MNT BCD 1X6X8,Oral Care,1458784.5,15355.6263158,30391.0,319.9052632
80807862,79812.642,985.3412593,81,PAMPERS DPR LG 30X4 ML KR OVN5.0 VAL,Baby Care,478852.4,5911.7580247,119712.5,1477.9320988
80841652,79657.166,838.4964842,95,DOWNY LFE 2.6LX6 RFL IDD pk H1 KR,Fabric Care,207107.9,2180.0831579,34517.4,363.3410526
80842301,77363.802,814.3558105,95,H&S SHM (ISC 850MLX2) Hype CP KR,Hair Care,116997.5,1231.5526316,14624.9,153.9463158
80861954,76996.308,810.4874526,95,DOWNY LFE 1.35LX10 RFL Mys N1 KR,Fabric Care,385560.2,4058.5284211,38555.9,405.8515789
80691990,75999.929,808.509883,94,FUS HYDRA GEL SHVP 70G SENST 1X90,Shave Care,4062716.9,43220.3925532,45142.8,480.2425532
80828637,75826.956,824.2060435,92,FUSION CRT 4 4X6X12,Shave Care,284315.5,3090.3858696,3949.0,42.923913
80787160,74435.777,783.5344947,95,FBRZ AE SPRY 165GX6 L&S BB,Home Care,1488715.4,15670.6884211,248119.6,2611.7852632
80841647,74365.653,782.7963474,95,DOWNY LFE 1LX12 SBTL IDD pk H1 KR,Fabric Care,502725.7,5291.8494737,41893.8,440.9873684
80882577,74284.469,825.3829889,90,DOWNY LFE 1.6LX9 RFL WT&L P2 KR,Fabric Care,313848.5,3487.2055556,34872.4,387.4711111
81726688,74273.423,781.8255053,95,BRAUN SHAVER 310 BLK/BLU BOX KR,Appliances,74273.1,781.8221053,12378.5,130.3
80795549,74231.151,781.3805368,95,PAMPERS DPR LG 42X4 BP3.0 KR PANTS CBY,Baby Care,318144.7,3348.8915789,79536.0,837.2210526
82327914,74217.02,781.2317895,95,FBRZ CARVCLIP 2.2MLX6X2 SKY LIN REG KR,Home Care,1187472.4,12499.7094737,98956.2,1041.6442105
80862540,73229.855,795.9766848,92,GILLETTE PROGLIDE BASE 4CT 4X6X12 (PX),Shave Care,274577.3,2984.5358696,3813.7,41.4532609
80729883,73207.822,770.6086526,95,FEBREZE FR 370MLX12 MILD ARM BTL BB,Home Care,1582871.6,16661.8063158,131906.1,1388.4852632
80831264,73091.415,769.3833158,95,DOWNY LFE 2LX4 SBTL LG&L P2 KR,Fabric Care,247055.7,2600.5863158,61764.2,650.1494737
80793507,72137.481,759.3419053,95,PTN CN 750MLX6 SDC ATTN EOL KR,Hair Care,247285.8,2603.0084211,41214.4,433.8357895
80873236,71807.65,983.6664384,73,PAMPERS DPR LG 42X4 POOBAO KR PANTS CBY,Baby Care,307758.0,4215.8630137,76939.5,1053.9657534
80825347,71210.972,749.5891789,95,DOWNY LFE 1LX12 SBTL CP M2 KR,Fabric Care,481399.5,5067.3631579,40115.3,422.2663158
80842299,69330.723,729.7970842,95,H&S SHM (PF 800MLX2 + DC 90ML) Hype KR,Hair Care,111403.5,1172.6684211,13925.5,146.5842105
80840736,68991.098,749.9032391,92,GIL SKINTECH 12CT 12X12X2 KR ECOM,Shave Care,86228.3,937.2641304,3592.6,39.05
80840382,68569.611,721.7853789,95,H&S SHM CM 520MLX2 PACK HYPE OY,Hair Care,169512.5,1784.3421053,18834.2,198.2547368
80848825,68545.427,1632.0339762,42,SK2 SP RNW CREAM DUO SET TR CN,Skin Care,64265.5,1530.1309524,5355.0,127.5
80774835,68238.268,718.2975579,95,FEBREZE FR 320MLX12 FRSH ARM RF TW,Home Care,1705958.3,17957.4557895,142163.4,1496.4568421
80838172,67961.952,715.3889684,95,FUSION PROGLIDE BASE CRT 4 4X6X12,Shave Care,254824.8,2682.3663158,3540.1,37.2642105
80739739,67502.904,710.5568842,95,ORALB MOC CRS PROHLTH 35 BCD 7X12 KR CC,Oral Care,346880.0,3651.3684211,28906.9,304.2831579
80822641,66072.312,695.4980211,95,ORALB MOC CA PRO HEALTH SP CL 12PX4KRCP,Oral Care,198058.5,2084.8263158,49514.7,521.2073684
80840587,65830.828,715.5524783,92,GIL PG MNL 14CT 1X18 KR COSTCO,Shave Care,70535.7,766.6923913,3918.3,42.5902174
80874901,65560.115,789.8809036,83,FUSION PROSHIELD BASE FRR 1X8X4 (2UP),Shave Care,327800.6,3949.4048193,10243.8,123.4192771
80830239,65406.197,2515.6229615,26,PAMPERS DPR XL 52X3 SUMMER25 KR CBY,Baby Care,226423.3,8708.5884615,75474.6,2902.8692308
80830237,63888.628,1047.3545574,61,PAM S6 ToN SUM25 32x3 KR PANTS CBY (SS),Baby Care,359396.3,5891.742623,119799.0,1963.9180328
80826690,63834.173,671.9386632,95,H&S SH 800MLX6 LEMON HYPE KR,Hair Care,205144.5,2159.4157895,34190.7,359.9021053
80831272,63759.344,671.1509895,95,DOWNY LFE 2LX4 SBTL WT&L P2 KR,Fabric Care,215512.4,2268.5515789,53878.6,567.1431579
80831285,63241.723,665.7023474,95,DOWNY LFE 2.6LX6 MB RFL P2 KR,Fabric Care,164428.3,1730.8242105,27404.3,288.4663158
80840391,62255.8,655.3242105,95,H&S SHM ISC 520MLX2 PACK HYPE OY,Hair Care,153903.8,1620.04,17100.9,180.0094737
80841659,61781.676,650.3334316,95,DOWNY LFE 1.35LX10 RFL IDD gre H1 KR,Fabric Care,309372.6,3256.5536842,30937.2,325.6547368
80848827,61464.237,1463.4342143,42,SK2 RNW AIRY CREAM DUO SET TR CN,Skin Care,57626.7,1372.0642857,4802.3,114.3404762
80842251,60763.784,639.6187789,95,GIL (PSY 16CRT+TGS195G+HYDRA70G)X12CP,Shave Care,54239.0,570.9368421,4520.7,47.5863158
80862539,59899.209,651.0783587,92,GILLETTE FUSION BASE 4CT 4X6X12 (PX),Shave Care,224594.3,2441.2423913,3119.9,33.9119565
80864066,59808.689,629.5651474,95,H&S CN 850MLX12 DEEPCLEAN HYPE KR,Hair Care,180904.9,1904.2621053,15075.4,158.6884211
80754285,58810.231,726.0522346,81,PAMP DPR XXL 44X3 BP2.0 KR COUPANG FFU,Baby Care,240598.6,2970.3530864,80199.6,990.1185185
80843759,58241.071,613.0639053,95,DOWNY LFE 2.6LX6 RFL SG M2A KR,Fabric Care,151426.2,1593.96,25237.5,265.6578947
80828641,58063.711,1759.5063939,33,FUSION PROSHIELDE BASE CRT 4 4X6X12,Shave Care,217711.8,6597.3272727,3023.9,91.6333333
80858684,57299.986,1397.5606341,41,DOWNY LFE 1LX12 SBTL WT D1 KR,Fabric Care,387358.2,9447.7609756,32279.5,787.304878
80882578,56894.601,625.2153956,91,DOWNY LFE 1.6LX9 RFL MB P2 KR,Fabric Care,240377.3,2641.5087912,26708.7,293.5021978
80844859,55874.09,588.1483158,95,DOWNY LFE 2.6LX6 RFL MUSK M3 KR,Fabric Care,145271.9,1529.1778947,24212.0,254.8631579
80863031,55611.366,678.1873902,82,OB COMPLETE 5WAY FRESH+ DC5 X48 KR EME,Oral Care,400369.5,4882.554878,8340.7,101.7158537
80874071,55505.769,668.7442048,83,GIL PS Y PWR (1UP+8CT) 1X18 KR COSTCO,Shave Care,83253.9,1003.0590361,4625.0,55.7228916
80793510,54709.182,575.8861263,95,PTN (ROT SDC 220MLX3+SH SDC 90ML)X8 ATTN,Hair Care,187544.5,1974.1526316,23443.2,246.7705263
82301496,54629.46,606.994,90,SNSR3 ELH DIS 1 COMFORT 1X12X10,Shave Care,982544.4,10917.16,8188.0,90.9777778
80825370,54478.904,573.4621474,95,DOWNY LFE (1.05LX3)X4 BTL CP M2 KR,Fabric Care,116913.3,1230.6663158,29228.0,307.6631579
80809381,54313.304,571.7189895,95,BRAUN SHAVER 9665cc GREY BOX KR,Appliances,54313.4,571.72,18104.3,190.5715789
80371328,54032.044,568.7583579,95,D100.413.2 KR SUX White HBOX PTHBR,Oral Care,108064.5,1137.5210526,18010.1,189.58
80857046,52464.273,699.52364,75,699 Gillette Labs Blades 4ct 4x10x6,Shave Care,196716.4,2622.8853333,3278.4,43.712
80794405,51887.281,546.1819053,95,FEBREZE FR 370MLX12 DWNY AF BTL NJ,Home Care,1121887.2,11809.3389474,93490.6,984.1115789
80830233,51859.578,2881.0876667,18,PAMPERS DPR XXL 42X3 SUMMER25 KR CBY,Baby Care,222255.4,12347.5222222,74085.1,4115.8388889
80871153,49083.45,516.6678947,95,FBRZ CAR (2.2MLX6)X12 CC ZIS PANTHER,Home Care,130889.1,1377.78,10907.3,114.8136842
82333479,48841.442,514.1204421,95,OB ULTRTHN CPT SOFT (1X12X8)X1 KR DBD,Oral Care,18300.6,192.6378947,18300.6,192.6378947
80874044,48778.209,524.496871,93,BRAUN MALHRREMKP CCR8 Costco (DG),Appliances,60972.9,655.6225806,10162.8,109.2774194
80860056,48395.712,1466.5367273,33,OB ESS F WXD 2X50 M BCD 1X6X4,Oral Care,435605.1,13200.1545455,18150.1,550.0030303
80872043,48085.092,559.1289767,86,DOWNY FBEN HP GRN 480GX6 PUR BTL P2 KR,Fabric Care,457082.7,5314.9151163,76180.9,885.8244186
80843756,47824.343,503.4141368,95,DOWNY LFE 2.6LX6 RFL CV M2A KR,Fabric Care,124342.7,1308.8705263,20723.1,218.1378947
80829786,47822.82,503.3981053,95,FBRZ FR(360MLX3)X8 AB CLNSC CP GM,Home Care,354243.3,3728.8768421,44280.4,466.1094737
80835263,46526.32,969.2983333,48,DOWNY LAU LIQ 4.1LX4 CRG IDD J2 KR,Fabric Care,73760.5,1536.6770833,18440.4,384.175
80841655,46494.422,516.6046889,90,DOWNY LFE (1.05LX3)X4 BTL IDD pk H1 KR,Fabric Care,99779.0,1108.6555556,24944.6,277.1622222
80864064,46443.319,488.8770421,95,H&S CN 850MLX12 APPLE HYPE KR,Hair Care,140478.3,1478.7189474,11707.1,123.2326316
80830242,46366.008,760.0984918,61,PAM S4 ToN SUM25 46x3 KR PANTS CBY (SS),Baby Care,181423.9,2974.1622951,60474.2,991.3803279
80832706,45998.93,958.3110417,48,DOWNY LAU LIQ 2.2LX6 CRG IDD J2 KR,Fabric Care,135903.5,2831.3229167,22651.1,471.8979167
80876308,45865.33,764.4221667,60,Gillette (PS PWR 4up)X12 (PX),Shave Care,137610.5,2293.5083333,5733.5,95.5583333
80787159,45424.294,478.1504632,95,FBRZ AE SPRY 165GX6 LAV BB,Home Care,908486.1,9563.0115789,151413.8,1593.8294737
80865948,45382.776,926.179102,49,LENOR LFE 4LX3 BTL Musk KR ship (CM),Fabric Care,76699.1,1565.2877551,25566.3,521.7612245
80860063,45354.033,1374.3646364,33,OB ESS F WXD 50 M MNT BCD 1X6X8,Oral Care,815720.2,24718.7939394,16993.8,514.9636364
80795551,44629.178,469.7808211,95,PAMPERS DPR MD 46X4 BP3.0 KR PANTS CBY,Baby Care,174639.8,1838.3136842,43660.5,459.5842105
82333737,44442.984,483.075913,92,556 GIL SKIN FOAM SHVP 245G 1X6,Shave Care,678864.4,7378.9608696,113144.4,1229.8304348
80851841,43773.883,540.4183086,81,PAMPERS TON TAPE S2 52X3 KR,Baby Care,151518.5,1870.5987654,50506.1,623.5320988
80855476,43746.886,475.5096304,92,GIL PG SENSITIVE GEL 170G (1X2)X6 (Duo),Shave Care,481440.4,5233.0478261,80240.1,872.175
80754286,43514.587,537.2171235,81,PAMP DPR XL 52X3 BP2.0 KR COUPANG FFU,Baby Care,150621.8,1859.5283951,50207.5,619.845679
80769632,43274.426,455.5202737,95,FBRZ TLT(SP(6.3MLX3)+LV(6.3MLX3))X8CCBPZ,Home Care,125934.7,1325.6284211,15741.8,165.7031579
80729881,43163.607,454.3537579,95,FEBREZE FR 320MLX12 MILD ARM RF BB,Home Care,1079091.3,11358.8557895,89924.8,946.5768421
80774836,42941.498,452.0157684,95,FEBREZE FR 900MLX6 FRSH ARM BTL TW,Home Care,381702.4,4017.92,63617.2,669.6547368
80707594,42319.361,465.0479231,91,HS SHM (850MLX6) APPLE FRESH KR DBD,Hair Care,128001.6,1406.610989,21333.6,234.4351648
80793380,42319.231,455.0454946,93,HS SHM 850MLX6 APPLE FRESH DIT KR (CP),Hair Care,128001.2,1376.3569892,21333.6,229.3935484
80781214,42221.051,767.6554727,55,PAM S5 TON24 40x3 KR PANTS CBY (SS),Baby Care,189984.9,3454.2709091,63328.5,1151.4272727
80879020,41658.698,508.0329024,82,DOWNY LFE 4LX3 BTL BM H1 KR,Fabric Care,70405.0,858.597561,23468.6,286.202439
80709736,41495.704,451.0402609,92,VENUS DELUXE SMOOTH SWIRL RZR 2UP 1X4X4,Shave Care,207478.7,2255.2032609,12968.1,140.9576087
80769245,41316.852,434.9142316,95,MACH3 CRT 4 4X6X8,Shave Care,185944.6,1957.3115789,3873.9,40.7778947
80842302,41136.445,433.0152105,95,H&S SHM (CM 850MLX2) Hype CP KR,Hair Care,62210.4,654.8463158,7776.3,81.8557895
80831277,41119.826,432.8402737,95,DOWNY LFE 2LX4 SBTL MB P2 KR,Fabric Care,138988.7,1463.0389474,34747.2,365.76
80841658,40994.878,431.5250316,95,DOWNY LFE 2LX4 SBTL IDD pk H1 KR,Fabric Care,138566.1,1458.5905263,34641.4,364.6463158
80842300,40312.629,424.3434632,95,H&S SHM (CL 800MLX2 + DC 90ML) Hype KR,Hair Care,64776.3,681.8557895,8096.7,85.2284211
80792793,40139.911,422.5253789,95,PTN ROT 220MLX24 SDC H199 ATTN EOL KR,Hair Care,469085.0,4937.7368421,19545.2,205.7389474
80825346,40108.25,422.1921053,95,DOWNY LFE 2LX4 SBTL CP M2 KR,Fabric Care,135569.6,1427.0484211,33892.1,356.7589474
80851839,39739.353,418.3089789,95,PAMPERS TON TAPE S3 42X3 KR,Baby Care,170311.9,1792.7568421,56770.3,597.5821053
80886801,39698.301,484.125622,82,H&S SHM 300MLX6 ADV ITCH HYDROS STX KR,Hair Care,340222.4,4149.0536585,56703.4,691.504878
80816635,39463.818,415.4086105,95,GILLETTE (PG PWR 1UP+7CT)X16 KR ET,Shave Care,59193.4,623.0884211,3699.6,38.9431579
80852941,39333.043,441.9443034,89,FUS HYDRA GEL SHVP 70G SENST 1X90,Shave Care,2102621.8,23624.9640449,23363.0,262.505618
80815124,39279.057,413.4637579,95,BRAUN XT5000 BlkSpcGry BOX KR,Appliances,39279.4,413.4673684,13093.3,137.8242105
80769243,39177.232,425.8394783,92,MACH3 RAZOR 1UP 1CSX30IT*1X6X5,Shave Care,195886.5,2129.201087,6529.8,70.976087
80872654,39040.116,459.2954824,85,GIL(PG MNL 8CT+PWR 3CT) 11X12X2 KR HYPER,Shave Care,53231.4,626.2517647,2218.0,26.0941176
80844856,38741.036,407.8003789,95,DOWNY LFE 2LX4 SBTL MUSK M3 KR,Fabric Care,130948.2,1378.4021053,32737.2,344.6021053
80739986,38599.794,406.3136211,95,BRAUN MALHRREMKP CCR4 MIX BOX KR,Appliances,96499.4,1015.7831579,24124.9,253.9463158
80873032,38293.991,617.6450161,62,H&S CN 1100MLX10 CM HALO KR,Hair Care,89502.9,1443.5951613,8950.2,144.3580645
80840737,38246.038,415.7178043,92,GIL PG MNL (1UP+8CT) 1X18 KR COSTCO,Shave Care,57365.8,623.5413043,3187.1,34.6423913
80829293,37676.257,409.5245326,92,FEBREZE FR 370MLX12 MEN COOLAQ BTL IVE,Home Care,814622.0,8854.5869565,67884.9,737.8793478
80856907,37631.384,767.9874286,49,H&S CN 1800MLX6 ISC HYPE ET KR,Hair Care,53750.9,1096.9571429,8958.1,182.8183673
80874068,37600.094,442.3540471,85,GIL PG PWR 8UP 1X18 KR ET,Shave Care,62666.9,737.2576471,3481.3,40.9564706
80872658,37429.979,473.7972025,79,GIL PS YELLOW 12CT 12x12x2 KR ECOM,Shave Care,46787.8,592.2506329,1949.6,24.678481
80873035,37382.01,602.9356452,62,H&S CN 400MLX12 CM H231.5 HALO KR,Hair Care,240270.3,3875.3274194,20021.7,322.9306452
80772633,37366.166,406.1539783,92,FUS PROGLIDE PWR RZR TMR FLEX 1X6X6 NF,Shave Care,186830.5,2030.7663043,5189.9,56.4119565
80787158,36984.163,389.3069789,95,FBRZ AE SPRAY 165GX6 DOWNY BB,Home Care,739683.3,7786.14,123280.5,1297.6894737
80873238,36036.177,493.6462603,73,PAMPERS DPR MD 46X4 POOBAO KR PANTS CBY,Baby Care,141013.8,1931.6958904,35254.2,482.9342466
82318464,35870.777,298.9231417,120,FEBREZE FR 370MLX12 CLN SCNT BTL EASTER,Home Care,775584.7,6463.2058333,64632.0,538.6
80825344,35838.324,377.2455158,95,DOWNY LFE 1LX12 SBTL CV M2 KR,Fabric Care,242273.6,2550.2484211,20189.1,212.5168421
80811859,35812.709,746.0981042,48,DOWNY LAU LIQ 3LX4 BTL BLUE J1 KR,Fabric Care,77592.9,1616.51875,19397.8,404.1208333
80840384,35523.366,373.9301684,95,H&S SHM PERFUME 520MLX2 PACK HYPE OY,Hair Care,87817.2,924.3915789,9759.0,102.7263158
80825353,35372.631,372.3434842,95,DOWNY LFE 1LX12 SBTL SG M2 KR,Fabric Care,239124.9,2517.1042105,19927.1,209.7589474
80777272,35032.628,565.0423871,62,OB ESS F WAX 50M REG BCD 1X6X8,Oral Care,630083.0,10162.6290323,13126.7,211.7209677
80816634,34973.826,368.1455368,95,GILLETTE PG PWR 12CTX16 KR ET,Shave Care,43711.3,460.1189474,2733.0,28.7684211
80826689,34832.589,366.6588316,95,H&S SH 800MLX6 DSC HYPE KR,Hair Care,111941.9,1178.3357895,18656.9,196.3884211
80826692,34786.694,366.1757263,95,H&S SH 550MLX9 CM CVS HYPE KR,Hair Care,162613.3,1711.7189474,18068.3,190.1926316
80787154,33904.857,356.8932316,95,FBRZ AE SPRAY 165GX6 TLT FS BB,Home Care,678097.4,7137.8673684,113016.3,1189.6452632
80871884,33731.692,366.6488261,92,GILLETTE PG SENSITIVE GEL 170GX4X10 (CC),Shave Care,185614.0,2017.5434783,18561.5,201.7554348
80874067,33405.784,379.6111818,88,GIL PG PWR 12CT 1X18 KR ET,Shave Care,41757.3,474.5147727,2320.0,26.3636364
80858686,33300.007,812.1952927,41,DOWNY LFE 2.6LX6 RFL WT D1 KR,Fabric Care,86579.5,2111.695122,14430.5,351.9634146
80840381,33198.199,349.4547263,95,H&S SHM CITRUS 520MLX2 PACK HYPE OY,Hair Care,82069.9,863.8936842,9119.7,95.9968421
80842209,33160.78,349.0608421,95,OB ULTRATHIN PRO GUM CARE 6X12X2 KR,Oral Care,198805.8,2092.6926316,8283.7,87.1968421
80858682,32499.993,792.6827561,41,DOWNY LFE (1.05LX3)X4 BTL WT D1 KR,Fabric Care,69746.1,1701.1243902,17436.5,425.2804878
82332184,32183.536,1038.1785806,31,PAMPERS HARMONIE S5 PANTS 4X20,Baby Care,289680.7,9344.5387097,72419.7,2336.1193548
80830238,32097.547,1783.1970556,18,PAMPERS DPR LG 60X3 SUMMER25 KR CBY,Baby Care,96292.5,5349.5833333,32097.6,1783.2
82333480,31669.183,333.3598211,95,ORALB MOC F CL 40SFT BCD (1X96)X1 KR DBD,Oral Care,11867.1,124.9168421,11867.1,124.9168421
80873347,31324.127,368.5191412,85,GIL PG PWR 5UP 1X12X2 KR HYPER,Shave Care,78310.6,921.3011765,3263.1,38.3894118
80759517,31319.41,340.4283696,92,Gillette Shave Foam 175Gx6 Sensitive,Shave Care,669695.4,7279.2978261,111615.7,1213.2141304
81728519,31186.038,328.2740842,95,BRAUN SHAVER 310BT BLK/BLU BOX KR,Appliances,31186.4,328.2778947,5196.8,54.7031579
80873346,30724.223,361.4614471,85,GIL PS PWR 7UP 1X12X2 KR HYPER,Shave Care,57611.4,677.7811765,2400.3,28.2388235
80841660,30582.591,321.9220105,95,DOWNY LFE 1.35LX10 RFL IDD pk H1 KR,Fabric Care,153142.1,1612.0221053,15314.1,161.2010526
80812516,30572.777,321.8187053,95,DOWNY LFE (1LX3)X4 BTL SEN L3 KR,Fabric Care,68892.5,725.1842105,17223.0,181.2947368
80887010,30476.493,1604.0259474,19,SK2 MX PITERA GS - LUXURIES SPR TR,Skin Care,59887.2,3151.9578947,3743.2,197.0105263
80711922,30363.892,291.9605,104,GIL PG (M2UPX1+4CTX3)X6 MIXED KR,Shave Care,30360.6,291.9288462,5059.7,48.6509615
80772629,30254.793,328.8564457,92,FUS PRGLIDE MNL RZR FLEX FRR 1X8X4,Shave Care,151274.3,1644.2858696,4727.2,51.3826087
80794401,30188.061,317.7690632,95,FEBREZE FR 320MLX12 DWNY AF RF NJ,Home Care,754702.9,7944.2410526,62891.5,662.0157895
80873033,30139.965,486.1284677,62,H&S CN 1100MLX10 ISC HALO KR,Hair Care,70445.6,1136.2193548,7045.0,113.6290323
80730898,29872.777,609.6485102,49,OB CROSS 35 XEROX BCD KR 3X12X2,Oral Care,358186.9,7309.9367347,14924.0,304.5714286
80796720,29742.946,479.7249355,62,Oral B Glide Deep Clean 40m  1x6x8 KR,Oral Care,669886.0,10804.6129032,13955.7,225.0919355
80709739,29603.862,321.7811087,92,VENUS CMFTGLIDE WHITE TEA 4CT 4X10X4,Shave Care,133231.1,1448.1641304,3330.9,36.2054348
80876957,29569.91,603.467551,49,DOWNY FBEN ROMANCE 8.5LX2 KR P2 ET,Fabric Care,23516.3,479.9244898,11758.0,239.9591837
80794407,29324.781,308.6819053,95,FEBREZE FR 370MLX12 DWNY IDD BTL NJ,Home Care,634049.5,6674.2052632,52837.1,556.18
80833959,29209.934,307.4729895,95,DOWNY LFE 4.1LX4 RFL M&B KR New,Fabric Care,48161.7,506.9652632,12040.3,126.74
80828642,29178.121,307.1381158,95,GIL SKINTECH MNL CRT 4 4X6X12,Shave Care,109403.7,1151.6178947,1518.3,15.9821053
80825375,29128.804,306.6189895,95,DOWNY LFE (1.05LX3)X4 BTL CV M2 KR,Fabric Care,62511.9,658.02,15627.8,164.5031579
80863030,28954.245,459.5911905,63,OB ULTRATHIN GRN TEA 6X24 KR EME,Oral Care,173586.6,2755.3428571,7233.0,114.8095238
80838167,28881.213,339.7789765,85,FUS PROSHIELD PWR RZR TMR FLEX 1X6X6,Shave Care,144406.1,1698.8952941,4011.2,47.1905882
80746792,28830.902,303.4831789,95,BRAUN SHAVER 52-N1000s  BLK  BOX KR,Appliances,28832.1,303.4957895,9610.8,101.1663158
80873034,28825.982,464.9351935,62,H&S CN 400MLX12 ISC H231.5 HALO KR,Hair Care,185275.8,2988.3193548,15439.1,249.0177419
80781215,28598.413,519.9711455,55,PAM S6 TON24 34x3 KR PANTS CBY (SS),Baby Care,151394.7,2752.6309091,50464.5,917.5363636
80851728,28572.695,371.073961,77,Braun Shaver 53-A10000s Azure KR,Appliances,28573.3,371.0818182,9523.6,123.6831169
80838176,28325.236,363.1440513,78,FUSION PROGLIDE POWER CRT 4 4X6X12,Shave Care,106206.8,1361.625641,1475.4,18.9153846
80739864,28310.618,298.0065053,95,BRAUN MALHRREMKP CCR2 MIX BOX KR,Appliances,141552.9,1490.0305263,35388.7,372.5126316
80838171,28193.671,356.8819114,79,FUSION POWER CRT 4 4X6X12,Shave Care,105712.9,1338.1379747,1468.3,18.5860759
80742977,28056.854,295.3353053,95,BRAUN IPL PL5257 WHT/GOLD BOX KR,Appliances,28057.1,295.3378947,14027.3,147.6557895
80793502,27929.147,293.9910211,95,PTN SH 750MLX6 SSC ATTN EOL KR,Hair Care,95739.6,1007.7852632,15956.3,167.9610526
80857045,27838.074,371.17432,75,699 Gillette Labs Blades 8ct 8x10x6,Shave Care,52200.0,696.0,870.0,11.6
80863029,27361.634,350.7901795,78,OB ULTRATHIN GREEN TEA 4X24 TSC KR EME,Oral Care,246058.9,3154.6012821,10252.4,131.4410256
80873348,27228.541,320.3357765,85,GIL PS PWR 5UP 1X12X2 KR HYPER,Shave Care,68071.4,800.84,2836.6,33.3717647
80871608,27121.439,343.3093544,79,GIL PS YELLOW 16CT 16X12X2 KR ECOM,Shave Care,25425.8,321.8455696,1059.4,13.4101266
80869958,26966.505,550.3368367,49,PTN ROT SSC 400ml x 3 Etraders pack,Hair Care,57774.5,1179.0714286,7222.0,147.3877551
80875727,26886.831,309.0440345,87,699 Gil Labs Razor 5UP White Cs 1x6x4 DE,Shave Care,67217.4,772.6137931,2800.7,32.191954
80809383,26810.127,282.2118632,95,BRAUN SHAVER 9667cc SILV BOX KR,Appliances,26809.8,282.2084211,8938.0,94.0842105
80863026,26579.706,340.7654615,78,OB ULTRATHIN PRO GUM CARE 4X24 KR EME,Oral Care,239025.1,3064.424359,9960.0,127.6923077
80858685,26400.003,643.9025122,41,DOWNY LFE 2LX4 SBTL WT D1 KR,Fabric Care,89234.5,2176.4512195,22308.9,544.1195122
80872657,26127.305,307.3800588,85,GIL(PS Y 8CT+CHILL 3CT) 11X12X2 KR HYPER,Shave Care,35624.8,419.1152941,1484.2,17.4611765
80885379,26125.008,339.2858182,77,BRAUN SHAVER M1011 + 20MB (Costco),Appliances,23749.8,308.438961,1696.7,22.0350649
80809379,26111.719,274.8602,95,BRAUN SHAVER 9660cc BLK BOX KR,Appliances,26113.1,274.8747368,8703.2,91.6126316
80872655,26062.832,299.5727816,87,GIL PG MNL 6UP 1X12X2 KR HYPER,Shave Care,55844.9,641.8954023,2326.8,26.7448276
80756895,25461.733,276.7579674,92,VENUS FOR PUBIC HAIR RZR 2UP,Shave Care,127308.8,1383.7913043,3536.5,38.4402174
80746631,25075.946,263.9573263,95,FBRZ TLT (6.3MLX3)X6 RF SOAP BP.CP,Home Care,145946.2,1536.2757895,24324.3,256.0452632
80875719,24905.657,286.2719195,87,699 Gillette Labs Razor 1UP 1x6x4 (DE),Shave Care,124529.0,1431.3678161,5188.6,59.6390805
80793508,24869.784,261.7872,95,PTN SH 750MLX6 EV ATTN EOL KR,Hair Care,85252.1,897.3905263,14209.9,149.5778947
80868090,24827.23,302.7710976,82,OB PRECISION CLN HI LOW BCD  3X24 KR EM,Oral Care,298045.9,3634.7060976,12417.5,151.4329268
80793499,24553.568,258.4586105,95,PTN SH 1200MLX6 SSC ATTN EMART KR,Hair Care,52605.6,553.7431579,8767.9,92.2936842
80843760,24450.801,1358.3778333,18,DOWNY LFE 2.6LX6 RFL MYS M2A KR,Fabric Care,63571.9,3531.7722222,10595.2,588.6222222
80868098,24444.09,531.3932609,46,OB CROSS 35 XEROX BCD KR 6X24 KR EM,Oral Care,146635.3,3187.723913,6109.7,132.8195652
80812825,24264.354,299.5599259,81,PAMPERS DPR XXXL 16X6 BP KR PANTS,Baby Care,272992.0,3370.2716049,45499.2,561.7185185
80851842,24199.055,298.7537654,81,PAMPERS TON TAPE S1 58X3 KR,Baby Care,75097.2,927.1259259,25031.8,309.0345679
80841661,24070.024,491.2249796,49,DOWNY LFE 1LX12 SBTL IDD BM H1 KR,Fabric Care,162717.6,3320.7673469,13559.6,276.7265306
80746674,24054.95,253.21,95,FBRZ TLT 6.3MLX6 RF SOAP BP,Home Care,420051.7,4421.5968421,70008.5,736.9315789
80794397,23826.779,250.8082,95,FEBREZE FR 900MLX6 DWNY AF BTL NJ,Home Care,211793.7,2229.4073684,35299.3,371.5715789
80843941,23633.803,306.9325065,77,FBRZ FR 920MLX2 DWNYAF CC NJ BD,Home Care,205511.5,2668.9805195,102755.6,1334.4883117
80794306,23131.558,251.4299783,92,GIL FUS (M2UPX1+4CTX3)X6 MIXED KR,Shave Care,23129.4,251.4065217,3855.2,41.9043478
80841719,22978.223,283.6817654,81,BRAUN SHAVER M1012 BLK BOX KR,Appliances,22978.5,283.6851852,1914.6,23.637037
80842233,22946.131,468.2883878,49,DOWNY LFE 4.1LX4 RFL IDD pk H1 KR,Fabric Care,37833.5,772.1122449,9458.2,193.0244898
80787155,22934.089,241.4114632,95,FBRZ AE SPRY 165GX6 SB BB,Home Care,458681.8,4828.2294737,76446.9,804.7042105
80863601,22500.013,548.7808049,41,DOWNY LFE 4.1LX4 RFL MUSK D1 KR,Fabric Care,37098.4,904.8390244,9274.9,226.2170732
80793503,22482.439,236.6572526,95,PTN CN 750MLX6 SSC ATTN EOL KR,Hair Care,77070.0,811.2631579,12846.2,135.2231579
80856648,22445.575,623.4881944,36,SK2 FT ESSENCE DUO SET VC CN,Skin Care,40398.6,1122.1833333,3366.4,93.5111111
80770354,22434.796,243.8564783,92,GIL SKINTECH FLEXBALL RAZOR 2UP 1X8X4,Shave Care,112174.2,1219.2847826,3505.1,38.098913
80874037,22148.703,714.4742903,31,PAM S6 TON25 34x3 KR PANTS XQ (SS),Baby Care,117251.0,3782.2903226,39083.6,1260.7612903
80842225,22139.576,451.8280816,49,OB ULTRATHIN PRO DEEP CLEAN 4X12X2 KR NL,Oral Care,199097.1,4063.2061224,8296.2,169.3102041
80857047,21992.04,249.9095455,88,699 Gillette Labs Razor 5UP Case 1x6x4,Shave Care,54980.3,624.7761364,2290.9,26.0329545
80845340,21955.734,457.411125,48,DOWNY LFE 2LX2 BTL MYS KR M2 ET,Fabric Care,37105.7,773.0354167,37105.7,773.0354167
80781216,21778.343,395.9698727,55,PAM S4 TON24 48x3 KR PANTS CBY (DBL),Baby Care,81668.4,1484.88,27222.5,494.9545455
80864468,21728.022,443.4290204,49,FBRZ FR (920MLX2)X5 AB CLNSC CC PP,Home Care,94469.2,1927.9428571,18893.9,385.5897959
80872041,21624.386,251.4463488,86,DOWNY FBEN HP GRN 480GX6 CHR BTL P2 KR,Fabric Care,205555.5,2390.1802326,34258.8,398.3581395
80851736,21518.025,326.0306818,66,Braun Shaver 73-S82010cc Silver KR,Appliances,21518.0,326.030303,7172.1,108.6681818
80863602,21500.014,524.3905854,41,DOWNY LFE 4.1LX4 RFL WT D1 KR,Fabric Care,35449.7,864.6268293,8862.6,216.1609756
80809376,21448.703,225.7758211,95,BRAUN SHAVER 9615s GREY BOX KR,Appliances,21449.5,225.7842105,7151.2,75.2757895
80825345,21005.873,221.1144526,95,DOWNY LFE 2LX4 SBTL CV M2 KR,Fabric Care,71002.4,747.3936842,17750.1,186.8431579
80871604,21001.939,221.0730421,95,Pro1 Dual (BK+WT DUAL HANDLE)X8 Costco,Oral Care,21002.1,221.0747368,2625.5,27.6368421
80882819,20797.901,266.6397564,78,Gillette 699 7UP+Stand 1X6 LoL,Shave Care,28361.3,363.6064103,4726.3,60.5935897
80770355,20436.002,215.1158105,95,FUS RAZOR 2Up 1X8X4,Shave Care,102180.1,1075.58,3193.5,33.6157895
80843206,20410.577,927.7535,22,SK2 MX ESSENTIAL TRAVEL KIT SPR TR JP,Skin Care,127966.0,5816.6363636,3199.5,145.4318182
80857044,20405.982,231.8861591,88,699 Gil Labs Razor 5UP White Case 1x6x4,Shave Care,51014.9,579.7147727,2125.4,24.1522727
80792795,20392.975,214.6628947,95,PTN ROT 220MLX24 EV H199ATTN EOL KR,Hair Care,238316.5,2508.5947368,9929.7,104.5231579
80874902,20149.113,234.2920116,86,557.1 Gillette PS Yellow 2up 1X8X4  (PX),Shave Care,100745.4,1171.4581395,3148.2,36.6069767
80860055,20032.815,607.055,33,OB ESS F WAX 50M REG BCD 1X6X8,Oral Care,360302.6,10918.2606061,7506.2,227.4606061
80807066,20019.445,217.602663,92,PROGLIDE SENS GEL SHVP170G PURESPT 1X6,Shave Care,440632.7,4789.4858696,73439.0,798.25
80872207,20009.999,645.4838387,31,OB GLIDE comfort floss 40m 8P Costco,Oral Care,56277.7,1815.4096774,4019.7,129.6677419
80884547,19900.018,621.8755625,32,HS SHM C&B 2000MLx6 HALO COSTCO KR,Hair Care,25581.3,799.415625,4263.5,133.234375
80794304,19752.982,214.7063261,92,GIL M3 (M1UPX1+4CTX3)X6 MIXED KR,Shave Care,22793.7,247.7576087,3799.2,41.2956522
80851740,19750.007,256.4935974,77,Braun Shaver 73-G82010cc Grey KR,Appliances,19750.8,256.5038961,6583.8,85.5038961
80832704,19720.659,410.8470625,48,DOWNY LAU LIQ 2.2LX6 CRG BLUE J2 KR,Fabric Care,58264.1,1213.8354167,9710.8,202.3083333
80873036,19716.018,318.0002903,62,HS SHM 800MLX12 CHARCOAL HALO KR,Hair Care,63362.3,1021.9725806,5279.2,85.1483871
80855475,19674.179,213.8497717,92,GIL PG SENSITIVE GEL (170GX3)X12 (CP),Shave Care,144344.9,1568.9663043,12028.6,130.7456522
80825351,19663.504,206.9842526,95,DOWNY LFE (1.05LX3)X4 BTL SG M2 KR,Fabric Care,42198.3,444.1926316,10549.6,111.0484211
80832710,19583.973,407.9994375,48,DOWNY LAU LIQ 2.2LX6 CRG LAV J2 KR,Fabric Care,57860.9,1205.4354167,9644.2,200.9208333
80877863,19271.901,326.6423898,59,D100.413.2 KR CRX BK HBOX PTHBR,Oral Care,38543.8,653.2847458,6424.0,108.8813559
80769247,19055.204,200.5810947,95,M3T CRT 4 PREM PACK 4X6X8,Shave Care,85756.6,902.7010526,1785.6,18.7957895
80875722,19005.267,218.4513448,87,699 Gil Labs Razor 5UP Case 1x6x4 (DE),Shave Care,47512.8,546.1241379,1980.2,22.7609195
82320315,18940.792,199.3767579,95,OB SENS CLN 40XS BCD 1X6X16 KR,Oral Care,681324.1,7171.8326316,7097.2,74.7073684
80846775,18883.037,393.3966042,48,DOWNY FBEN LIQ CP 3.8LX4 WT&L KR P2 ET,Fabric Care,33592.3,699.8395833,8397.7,174.9520833
80792792,18836.453,198.2784526,95,PTN ROT 220MLX24 SSC H199 ATTN EOL KR,Hair Care,220126.6,2317.1221053,9172.0,96.5473684
80875724,18727.313,215.2564713,87,699 Gil Labs Razor Neon 1UP 1x6x4 (DE),Shave Care,93636.7,1076.283908,3901.9,44.8494253
80840577,18725.068,203.5333478,92,GIL PG MNL 11BBGR 1X12x2 KRCP (12UP),Shave Care,21605.0,234.8369565,899.9,9.7815217
80842298,18723.902,197.0937053,95,H&S SHM (DC 850MLX2) Hype CP KR,Hair Care,28315.7,298.06,3540.0,37.2631579
80793506,18657.672,196.3965474,95,PTN CN 750MLX6 EV ATTN EOL KR,Hair Care,63958.7,673.2494737,10659.9,112.2094737
80848519,18629.521,443.5600238,42,SK2 MX POWER ESSENTIALS SET SPR TR,Skin Care,14052.6,334.5857143,2342.1,55.7642857
80832696,18521.138,1089.4787059,17,DOWNY LAU LIQ 1.9LX6 BTL IDD gre J2 KR,Fabric Care,63363.3,3727.2529412,10560.6,621.2117647
80826673,18336.579,193.0166211,95,H&S 2IN1 800MLX6 ISC HYPE KR,Hair Care,58928.6,620.3010526,9821.4,103.3831579
80793496,18275.515,192.3738421,95,PTN SH 1200MLX6 EV ATTN EMART KR,Hair Care,39154.7,412.1547368,6526.4,68.6989474
80842288,18215.352,350.2952308,52,SK2 HR FT ESS 230ML JP PP VC,Skin Care,65570.4,1260.9692308,2732.4,52.5461538
80729882,17891.384,188.3303579,95,FEBREZE FR 900MLX6 MILD ARM BTL BB,Home Care,159034.8,1674.0505263,26505.3,279.0031579
80857043,17826.044,202.5686818,88,699 Gillette Labs Razor 5UP 1x6x4,Shave Care,44565.5,506.4261364,1856.3,21.0943182
80772628,17699.374,196.6597111,90,FUS PRGLIDE MNL RZR FLEX TMR 1X8X4,Shave Care,88496.9,983.2988889,2765.2,30.7244444
80794305,17679.988,192.1737826,92,GIL FUS (P1UPX1+4CTX3)X6 MIXED KR,Shave Care,17678.3,192.1554348,2946.2,32.023913
80869956,17441.103,355.9408776,49,PTN SHM SDC CM 750MLX2 OY PACK,Hair Care,29894.4,610.0897959,4982.1,101.6755102
80691988,17345.401,188.5369674,92,556 GIL SKIN GEL SHVP 195G 1X6,Shave Care,332818.8,3617.5956522,55469.8,602.9326087
80811867,17235.692,359.0769167,48,DOWNY LAU LIQ 3LX4 BTL LAV J1 KR,Fabric Care,37343.0,777.9791667,9335.5,194.4895833
80844860,17216.945,351.3662245,49,DOWNY LFE (1.05LX3)X4 BTL MUSK M3 KR,Fabric Care,36948.4,754.0489796,9237.1,188.5122449
80841649,17116.465,349.3156122,49,DOWNY LFE (1.05LX3)X4 BTL IDD BM H1 KR,Fabric Care,36733.0,749.6530612,9183.1,187.4102041
82332181,17059.762,550.3149032,31,PAMPERS HARMONIE S4 PANTS 4X24,Baby Care,127956.4,4127.6258065,31988.8,1031.8967742
80860048,16869.638,511.2011515,33,Oral B Glide Deep Clean 40m  1x6x8 KR,Oral Care,379947.0,11513.5454545,7915.6,239.8666667
80759592,16832.926,182.966587,92,Gillette Shave Foam 175Gx6 Menthol,Shave Care,359934.4,3912.3304348,59989.0,652.0543478
80769244,16766.653,176.4910842,95,MACH3 CRT 8 MLNGS 8X6X6,Shave Care,37729.5,397.1526316,1048.0,11.0315789
80840412,16730.031,341.4292041,49,GILLETTE (PS PWR 1UP+7CT)X12KRECOM,Shave Care,25094.0,512.122449,2090.9,42.6714286
80876019,16678.001,181.2826196,92,GIL PG (M2UPX1+4CTX3)X6 MIXED KR,Shave Care,16676.4,181.2652174,2779.8,30.2152174
80709737,16643.616,180.9088696,92,VS DLX SMOOTH SWIRL CRT 4 4X4X4,Shave Care,62405.5,678.3206522,3900.6,42.3978261
80846776,16638.075,346.6265625,48,DOWNY FBEN LIQ CP 3.8LX4 LG&SL KR P2 ET,Fabric Care,29598.3,616.63125,7399.6,154.1583333
80856265,16504.393,179.3955761,92,GIL PG MNL 12CT 12x12x2 KR ECOM,Shave Care,20627.8,224.2152174,859.4,9.3413043
82269656,16473.591,173.4062211,95,OB CLASS 40 SFT BCD 1X12X8 KR,Oral Care,592575.4,6237.6357895,6172.6,64.9747368
80886833,16412.12,182.3568889,90,FBRZ FR (360MLX3) FRSH ARM BTL TW CP RS,Home Care,121571.5,1350.7944444,121571.5,1350.7944444
80833695,16201.03,330.6332653,49,FEBREZE FR 370MLX12 CLNSC BTL ABMQ,Home Care,350292.7,7148.8306122,29191.0,595.7346939
80863028,16147.503,351.0326739,46,OB ULTRATHIN PRO DEEP CLN 4X24 KR EME,Oral Care,145211.4,3156.7695652,6050.6,131.5347826
80873345,15903.882,345.7365652,46,GIL PS PWR 8UP 1x12x2 KR ECOM,Shave Care,26505.5,576.2065217,1104.2,24.0043478
80857073,15839.09,179.9896591,88,699 Gillette Labs Razor 1UP 1x6x4,Shave Care,79195.6,899.95,3299.4,37.4931818
80812503,15777.16,15777.16,1,DOWNY LFE (1.05LX3)X4 BTL IDD GRE R3 KR,Fabric Care,33858.4,33858.4,8464.6,8464.6
80746630,15700.608,165.2695579,95,FBRZ TLT (6.3MLX3)X6 DOWNY BP.CP,Home Care,91380.0,961.8947368,15230.0,160.3157895
80886804,15657.704,190.9476098,82,H&S SHM 300MLX6 OIL CTRL HYDROS STX KR,Hair Care,134189.8,1636.4609756,22365.4,272.7487805
80851735,15528.338,218.7089859,71,Braun Shaver 73-N80000cc Black KR,Appliances,15528.2,218.7070423,5177.2,72.9183099
80767989,15493.336,1191.7950769,13,OB COMPLETE 5WAY FRESH (35S3+CXR2)X12X4,Oral Care,111543.1,8580.2384615,2323.9,178.7615385
82333738,15481.757,168.2799674,92,GIL FUSPG ACTIVE SPORT FOAM 245G 1X6 KR,Shave Care,236482.8,2570.4652174,39414.0,428.4130435
80851734,15399.864,216.899493,71,Braun Shaver 73-S80000cc Silver KR,Appliances,15399.8,216.8985915,5133.1,72.2971831
80869955,15360.806,313.4858367,49,PTN TRT SDC 220MLX2+SDC SHM 90ml OY PACK,Hair Care,74512.5,1520.6632653,6208.8,126.7102041
80850520,15347.646,161.5541684,95,557.1 Gillette Proglide 2up (PX),Shave Care,76738.0,807.7684211,2396.4,25.2252632
80840584,15340.956,166.7495217,92,GIL SKINTECH 11BBGR 1x12x2 KRCP (12UP),Shave Care,17694.0,192.326087,737.0,8.0108696
80769242,15326.816,166.5958261,92,MACH3 TURBO RAZOR 2UP 1X6X6,Shave Care,76634.2,832.9804348,2129.1,23.1423913
80743436,15239.092,160.4114947,95,BRAUN SHAVER 72-N7200cc  BLK  BOX KR,Appliances,15239.7,160.4178947,5080.7,53.4810526
80787157,15178.632,159.7750737,95,FBRZ AE SPRY 165GX6 WP&B BB,Home Care,303572.9,3195.5042105,50596.1,532.5905263
80871149,15092.401,419.2333611,36,SK2 AA SP RE-NEW CREAM 80G KR CMTZ,Skin Care,28299.8,786.1055556,786.1,21.8361111
80823668,14953.895,157.4094211,95,OB RH SENSICLEAN 6X5X6 KR,Oral Care,89651.8,943.7031579,2988.6,31.4589474
80871605,14921.667,160.4480323,93,GIL PS PWR 4UP 1X12X2 KRCP,Shave Care,44769.0,481.3870968,1865.1,20.0548387
80730895,14816.67,155.9649474,95,OB CROSS 35 XEROX SFT BCD (3+2)X12X2 KR,Oral Care,106594.9,1122.0515789,4441.6,46.7536842
82323942,14792.889,268.9616182,55,SK2 HR FT MSK 1P SP HA 1X240,Skin Care,414366.3,7533.9327273,1727.0,31.4
80838175,14757.755,155.3447895,95,FUSION PROGLIDE 8CT MNL 8X6X12,Shave Care,27672.7,291.2915789,383.9,4.0410526
80729899,14683.96,154.568,95,FEBREZE FR 370MLX12 LAV BTL BB,Home Care,317491.2,3342.0126316,26457.1,278.4957895
80746683,14562.46,153.2890526,95,FBRZ TLT 6.3MLX6 MLD LAV BP,Home Care,254292.0,2676.7578947,42381.9,446.1252632
80833698,14474.897,152.3673368,95,FEBREZE FR 320MLX12 CLNSC RF ABMQ,Home Care,361873.9,3809.1989474,30156.1,317.4326316
80807064,14455.283,157.1226413,92,PRG SNSGEL SHVP170G PURESPT 1X6 KR (PX),Shave Care,318164.9,3458.3141304,53027.9,576.3902174
82327899,14448.64,152.0909474,95,FBRZ CARVCLIP 2.2MLX6 DOWNY REG KR,Home Care,231178.1,2433.4536842,38530.0,405.5789474
80840589,14435.049,165.9201034,87,GIL PG PWR 16CT 16X12X2 KRCP,Shave Care,13528.6,155.5011494,563.7,6.4793103
80825354,14386.417,151.4359684,95,DOWNY LFE 2LX4 SBTL SG M2 KR,Fabric Care,48627.7,511.8705263,12156.9,127.9673684
80863027,14349.496,174.9938537,82,OB HYGEIA IND GUMCARE 6X24 KR EME,Oral Care,86080.9,1049.7670732,3587.0,43.7439024
80865703,14301.611,162.5183068,88,699 Gillette Labs Blades 12ct 12x30 Ecom,Shave Care,17878.1,203.1602273,596.0,6.7727273
80841646,14164.805,289.0776531,49,DOWNY LFE 2.6LX6 RFL IDD BM KR,Fabric Care,36828.1,751.5938776,6138.7,125.2795918
80794215,14158.167,153.8931196,92,FUSION CRT 8 8X6X12,Shave Care,26548.6,288.5717391,368.7,4.0076087
80872656,14141.9,162.5505747,87,GIL PS YELLOW 11CT 11X12X2 KR HYPER,Shave Care,19285.6,221.6735632,803.5,9.2356322
80835264,14054.826,292.808875,48,DOWNY LAU LIQ 4.1LX4 CRG perfect J2 KR,Fabric Care,22281.8,464.2041667,5570.5,116.0520833
80865702,13989.191,157.1819213,89,699 Gillette Labs Blades 16ct 16x30 Ecom,Shave Care,13110.6,147.3101124,438.3,4.9247191
80776650,13748.474,264.3937308,52,SK2 AA SP RE-NEW CREAM 80G KR,Skin Care,25780.0,495.7692308,715.8,13.7653846
80787156,13531.381,142.4355895,95,FBRZ AE SPRAY 165GX6 TLT FG BB,Home Care,270627.4,2848.7094737,45104.8,474.7873684
80873349,13527.851,155.4925402,87,GIL SkinTech MNL 6UP 1X12X2 KR HYPER,Shave Care,28986.1,333.1735632,1208.1,13.8862069
82320481,13370.338,140.7404,95,BRAUN PRECISION EN10  SILV  BLISTER MN,Appliances,13371.5,140.7526316,2228.2,23.4547368
80851738,13365.916,185.6377222,72,Braun Shaver 53-A70000cc Azure KR,Appliances,13366.5,185.6458333,4455.1,61.8763889
80842234,13355.658,272.564449,49,DOWNY LFE 4.1LX4 RFL IDD BM H1 KR,Fabric Care,22021.0,449.4081633,5505.6,112.3591837
80729900,13295.05,139.9478947,95,FEBREZE FR 320MLX12 LAV RF BB,Home Care,332377.5,3498.7105263,27698.1,291.5589474
80869954,13052.639,266.3803878,49,PTN SHM SSC CM 750MLX2 OY PACK,Hair Care,22371.7,456.5653061,3728.8,76.0979592
80726126,13034.251,133.0025612,98,ORALB MOC (CX COMPLETE7 35SFT1PX6)X8KRCP,Oral Care,78190.3,797.8602041,9773.4,99.7285714
80829294,12938.887,140.6400761,92,FEBREZE FR 320MLX12 MEN COOLAQ RF IVE,Home Care,323473.6,3516.0173913,26955.7,292.9967391
80826674,12877.922,135.5570737,95,H&S 2IN1 800MLX6 CM HYPE KR,Hair Care,41386.1,435.6431579,6897.7,72.6073684
80851727,12871.847,178.7756528,72,Braun Shaver 53-B10000s Blue KR,Appliances,12871.9,178.7763889,4290.3,59.5875
82327910,12759.915,134.3148947,95,FBRZ CARVCLIP (2.2MLX2)X6 LAVDR REG KR,Home Care,102078.9,1074.5147368,17013.1,179.0852632
80840738,12636.687,137.3552935,92,GIL SKINTECH 16CT ECOM 16X12x2,Shave Care,11845.5,128.7554348,493.0,5.3586957
80841720,12591.03,146.4073256,86,BRAUN SHAVER M1100 BLK BOX KR,Appliances,12590.3,146.3988372,1048.8,12.1953488
80872936,12523.045,152.720061,82,OB CX XEROX Stain Devil 3p 3x24 KR EM,Oral Care,150156.4,1831.1756098,6256.5,76.2987805
80841645,12514.728,255.4026122,49,DOWNY LFE 2LX4 SBTL IDD BM H1 KR,Fabric Care,42300.7,863.2795918,10575.6,215.8285714
80719114,12415.936,155.1992,80,BRAUN SHAVER 9566cc  SILVMET  BOX KR,Appliances,12415.3,155.19125,4137.7,51.72125
80873650,12414.96,200.2412903,62,HS SHM 1100MLX10 CHARCOAL HALO KR,Hair Care,29017.2,468.0193548,2901.2,46.7935484
80886832,12411.689,137.9076556,90,FBRZ FR (360MLX3) DWNY AF NJ CP BD RS,Home Care,91938.2,1021.5355556,91938.2,1021.5355556
80371329,12368.778,343.5771667,36,D100.413.2 KR CRX BK HBOX PTHBR,Oral Care,24737.6,687.1555556,4122.8,114.5222222
80776144,12273.405,129.1937368,95,OB EB50RX 10 CT KR PAPER BRUSH SET 10x14,Oral Care,24546.6,258.3852632,1753.1,18.4536842
80809608,12259.834,147.7088434,83,GIL PROG SENS GEL PUR(170GX4)X10 KR,Shave Care,67461.8,812.7927711,6746.2,81.2795181
80809406,12228.815,128.7243684,95,BRAUN MALHRREMKP 96M SILV BLISTER MN1,Appliances,122290.0,1287.2631579,382.3,4.0242105
80754287,12210.869,150.7514691,81,PAMP DPR LG 60X3 BP2.0 KR COUPANG FFU,Baby Care,36632.8,452.2567901,12211.2,150.7555556
80875720,12152.095,135.0232778,90,699 Gil Labs Razor White 1UP 1x6x4 (DE),Shave Care,60760.6,675.1177778,2531.3,28.1255556
80828633,12131.247,127.6973368,95,FUSION PROSHIELDE CHILL CRT 4 4X6X12,Shave Care,45486.1,478.8010526,630.5,6.6368421
80776161,12070.0,219.4545455,55,SK2 AA SP RE-NEW CREAM 15G JP,Skin Care,120699.9,2194.5436364,503.1,9.1472727
80857048,11780.736,133.872,88,699 Gillette Labs Razor Neon 1UP 1x6x4,Shave Care,58903.6,669.3590909,2454.6,27.8931818
80747889,11741.0,838.6428571,14,PAMP DPR BDRY S3 (84X2)X1 M6 KR CBY DAI,Baby Care,12580.3,898.5928571,12580.3,898.5928571
80747888,11740.824,652.268,18,PAMP DPR BDRY S2 (62X3)X1 M6 KR CBY DAI,Baby Care,11362.5,631.25,11362.5,631.25
80875726,11738.89,126.2246237,93,699 Gillette Labs Razor 4UP 1x6x4 (DE),Shave Care,35220.2,378.711828,1467.4,15.7784946
80799322,11680.082,648.8934444,18,FBRZ AE(165GX4)X10 L&S CC BB,Home Care,58400.5,3244.4722222,5840.2,324.4555556
82292238,11504.929,122.3928617,94,OB UT VELVET GUMCARE CLASSIC 5X12X2 KR,Oral Care,82769.2,880.5234043,3448.7,36.6882979
80886835,11476.408,127.5156444,90,FBRZ FR (880MLX2) DWNY AF NJ CP BD RS,Home Care,52165.5,579.6166667,52165.5,579.6166667
80832703,11380.607,237.0959792,48,DOWNY LAU LIQ 2.2LX6 CRG GRN IDD CP1 KR,Fabric Care,33623.9,700.4979167,5603.2,116.7333333
80826678,11313.073,11313.073,1,H&S SH 1200MLX6 ISC HYPE CP KR,Hair Care,24238.0,24238.0,4039.7,4039.7
80759593,11301.911,122.8468587,92,Gillette Shave Foam 175Gx6 Lemon Lime,Shave Care,241666.0,2626.8043478,40277.9,437.8032609
80823420,11237.716,118.2917474,95,D305.513.3 KR CRBX BK BOX PTHBR,Oral Care,22475.6,236.5852632,3745.8,39.4294737
80882823,10990.292,118.1751828,93,Gil PG Pwr 12UP+PG Gel 170G 1x6 HP,Shave Care,12049.0,129.5591398,2008.7,21.5989247
80846740,10943.965,223.3462245,49,HS SHM 470MLX12 PRO ITCH HYDROS LVG KR,Hair Care,59866.0,1221.755102,4987.8,101.7918367
82284011,10909.821,118.5850109,92,BII PLUS ELHDL DIS 5 SENST 5X12X12,Shave Care,87278.6,948.6804348,606.0,6.5869565
81702954,10861.35,114.33,95,BRAUN SHAVER 300 BLK/VTGRN BOX KR,Appliances,10861.2,114.3284211,1810.8,19.0610526
80843282,10845.059,1205.0065556,9,DOWNY FBEN HP GRN 480GX6 BL BTL P1 KR,Fabric Care,103089.9,11454.4333333,17181.7,1909.0777778
80719113,10807.818,200.1447778,54,BRAUN SHAVER 9565cc  GREY  BOX KR,Appliances,10808.0,200.1481481,3602.6,66.7148148
80850522,10721.43,116.5372826,92,557.1 Gillette Fusion 2up (PX),Shave Care,53607.1,582.6858696,1674.9,18.2054348
80863247,10674.498,128.6084096,83,699 Gillette Labs Razor 4UP 1x6x4,Shave Care,32027.2,385.8698795,1333.9,16.0710843
80839411,10661.802,171.9645484,62,OB ESS F Mint 50m x 6P,Oral Care,31958.8,515.4645161,1997.7,32.2209677
80826697,10657.765,217.5054082,49,H&S SH 80MLX48 CM TRIAL HYPE KR,Hair Care,342509.3,6989.9857143,7135.0,145.6122449
80851768,10556.87,146.6231944,72,Braun Shaver 53-N10000s Black KR,Appliances,10557.3,146.6291667,3519.7,48.8847222
80871146,10535.0,351.1666667,30,SK2 AA SP RE-NEW CREAM 15G KR CMTZ,Skin Care,105350.0,3511.6666667,438.8,14.6266667
80776143,10532.498,110.8684,95,OB EB60X 10 CT KR PAPER BRUSH SET 10x14,Oral Care,21065.5,221.7421053,1504.5,15.8368421
80709552,10501.844,617.7555294,17,601 Gillette Labs Blades 4ct 4x10x6,Shave Care,39377.0,2316.2941176,656.6,38.6235294
80835680,10500.042,143.8361918,73,PTN LOT 140MLX24 EDR GOLDRUSH MYM KR,Hair Care,150000.8,2054.8054795,6250.4,85.6219178
80851733,10497.037,145.7921806,72,Braun Shaver 73-N80000s Black KR,Appliances,10497.2,145.7944444,3498.9,48.5958333
80831295,10484.857,327.6517812,32,DOWNY LFE 200mlX48 RFL IDD gre R3 KR,Fabric Care,354392.6,11074.76875,7383.0,230.71875
80746790,10459.43,110.0992632,95,BRAUN SHAVER 62-B1000s  BLU  BOX KR,Appliances,10459.5,110.1,3486.8,36.7031579
80880973,10339.695,219.9935106,47,LENOR HPN GRN 205GX6 WT L2 BTL KR,Fabric Care,230111.5,4895.9893617,38352.4,816.0085106
80838174,10285.878,108.2724,95,FUSION PROGLIDE MNL CRT2 2X10x6,Shave Care,77163.5,812.2473684,1285.5,13.5315789
80828643,10246.695,99.4824757,103,FUSION CRT 8 8X6X12,Shave Care,19213.6,186.5398058,267.1,2.5932039
80746663,10209.936,107.4730105,95,FBRZ TLT (6.3MLX2)X6 RF SOAP BP,Home Care,89131.1,938.2221053,14855.1,156.3694737
80875320,10181.253,188.5417222,54,SK2 HR FT ESS 30ML AUT JP,Skin Care,281250.4,5208.3407407,1171.7,21.6981481
80832693,10012.7,588.9823529,17,DOWNY LAU LIQ 2.0LX6 BTL IDD gre J2 KR,Fabric Care,32540.4,1914.1411765,5423.5,319.0294118
80830228,9900.0,319.3548387,31,FBRZ AE (165GX4)X10 L&S CC BB2,Home Care,49499.8,1596.7677419,4950.4,159.6903226
80826687,9874.235,103.9393158,95,H&S SH 850MLX6 ISC HYPE KR,Hair Care,29866.1,314.38,4977.7,52.3968421
82293523,9853.658,201.0950612,49,OB PROHLTH CLNCL AD38S(3CT+1FREE)X12X2,Oral Care,88691.5,1810.0306122,3696.0,75.4285714
80826696,9805.118,200.104449,49,H&S SH 80MLX48 ISC TRIAL HYPE KR,Hair Care,315108.1,6430.777551,6564.9,133.977551
80770356,9791.435,106.4286413,92,FUSION POWER RAZOR TMR 1X6X6,Shave Care,48957.5,532.1467391,1359.7,14.7793478
80862831,9703.159,102.1385158,95,BRAUN SHAVER 9665cc+ PC Bundle,Appliances,8821.0,92.8526316,2203.9,23.1989474
80809374,9654.723,117.7405244,82,BRAUN SHAVER 9669cc GOLD BOX KR,Appliances,9654.9,117.7426829,3218.1,39.245122
80818192,9627.505,188.7746078,51,OB ESS F WAX 50M REG BCD 3CT KR,Oral Care,57753.5,1132.4215686,1444.1,28.3156863
80826685,9600.023,101.0528737,95,H&S SH 850MLX6 CM HYPE KR,Hair Care,29036.8,305.6505263,4839.5,50.9421053
80872040,9599.993,266.6664722,36,DOWNY FBEN HP GRN 950GX6 BL CTRG P2 KR,Fabric Care,46109.3,1280.8138889,7685.1,213.475
80763675,9512.19,3170.73,3,H&S SH 1200MLX6 CM DIT CP KR,Hair Care,20379.6,6793.2,3396.6,1132.2
80788996,9484.293,99.8346632,95,EB20RX 8 KR PAPERPACK Brush Set 8x6x2,Oral Care,23711.1,249.5905263,1975.8,20.7978947
80807689,9467.702,102.9098043,92,iOG5.2J6.2K KR BK iBox PTHBR,Oral Care,18935.5,205.8206522,6311.9,68.6076087
80716975,9439.22,102.6002174,92,GIL FUS HYDRA GEL SHVP SEN(195GX3)X12 KR,Shave Care,60372.4,656.2217391,5031.0,54.6847826
80869957,9438.4,192.6204082,49,PTN TRT SSC 220MLX2+SDC SHM 90ml OY PACK,Hair Care,45784.0,934.3673469,3815.9,77.8755102
80794406,9353.543,98.4583474,95,FEBREZE FR 320MLX12 DWNY IDD RF NJ,Home Care,233839.8,2461.4715789,19487.0,205.1263158
80842753,9255.714,370.22856,25,SK2 MX PITERA GS - LUXURIES SPR CAM,Skin Care,18202.0,728.08,1137.6,45.504
80886803,9133.529,198.5549783,46,H&S SHM ADV ITCH 300MLx2 + DC 90MLx2 KR,Hair Care,39137.8,850.8217391,3262.1,70.9152174
80886802,9133.529,198.5549783,46,H&S SHM OIL CTRL 300MLx2 + DC 90MLx2 KR,Hair Care,39137.8,850.8217391,3262.1,70.9152174
80794403,9130.951,152.1825167,60,FEBREZE FR 370MLX12 DWNY MYS BTL NJ,Home Care,197426.6,3290.4433333,16452.5,274.2083333
80807063,9108.659,95.8806211,95,Gillette Labs Shave Gel 195G 1x6,Shave Care,174774.1,1839.7273684,29129.8,306.6294737
80873031,9105.872,146.8689032,62,H&S 2IN1 1200MLX10 ISC HALO KR,Hair Care,19510.1,314.6790323,1950.8,31.4645161
80827452,9070.696,96.496766,94,DB5.510 KR SEN WT BL HBOX PTHBR 1X6X2,Oral Care,54445.9,579.2117021,4537.1,48.2670213
80746803,9064.714,266.6092353,34,BRAUN SHAVER 52-M1000s  MIN  BOX KR,Appliances,9065.4,266.6294118,3021.7,88.8735294
80734092,8950.535,94.2161579,95,EB10S 4K APAC FFS Brush Set SPIDERMAN,Oral Care,44753.3,471.0873684,3728.9,39.2515789
80831284,8914.799,193.7999783,46,DOWNY LFE 1LX12 SBTL BM R3 KR,Fabric Care,60265.8,1310.126087,5022.0,109.173913
80842253,8794.67,95.5942391,92,Gillette (PS P 1up+3ct+Hydra70g)X6 OY KR,Shave Care,21986.7,238.9858696,3664.9,39.8358696
80692206,8752.317,95.1338804,92,KOREAN FUS HYDRA GEL SHVP 195G SENS 1X6,Shave Care,167937.2,1825.4043478,27990.3,304.2423913
80833960,8735.825,1747.165,5,DOWNY LFE 4.1LX4 RFL IDD Gre KR New,Fabric Care,14403.6,2880.72,3600.9,720.18
80775675,8706.325,94.6339674,92,EB50RX 4 KR FFS Brush Set,Oral Care,43531.4,473.1673913,3627.5,39.4293478
80840580,8593.948,85.0885941,101,GIL PS CHILL 16CT 16X12X2 KRCP,Shave Care,8054.2,79.7445545,336.1,3.3277228
80811893,8541.485,502.4402941,17,DOWNY LAU LIQ 1.9LX6 BTL BLUE J1 KR,Fabric Care,29221.5,1718.9117647,4870.4,286.4941176
80775793,8531.428,89.8045053,95,EB60X 8 KR PAPERPACK Brush Set 8x6x2,Oral Care,21328.5,224.5105263,1776.7,18.7021053
80710232,8468.917,1058.614625,8,SK2 FT ESSENCE DUO SET TR NON HN GSPL,Skin Care,15243.0,1905.375,1270.3,158.7875
82244767,8433.448,109.5252987,77,OB CROSS 35 SFT BCD KR TRIPLE 3X12X4,Oral Care,101120.4,1313.2519481,2106.3,27.3545455
82293521,8433.344,109.5239481,77,OB CROSS 35 SFT BCD KR TRIPLE 3X12X2,Oral Care,101120.1,1313.2480519,4212.5,54.7077922
82327903,8424.297,88.6768105,95,FBRZ CARVCLIP(2.2MLX2)X6 SKY LIN REG KR,Home Care,67394.4,709.4147368,11232.6,118.2378947
80742978,8362.766,88.0291158,95,BRAUN IPL PL5154 WHT/GOLD BOX KR,Appliances,8363.0,88.0315789,4181.0,44.0105263
80788991,8326.408,87.6464,95,EB50RX 8 KR PAPERPACK Brush Set 8x6x2,Oral Care,20816.6,219.1221053,1735.1,18.2642105
80796906,8248.668,168.3401633,49,601 Gillette Labs Razor 1UP 1x6x4 (PX),Shave Care,41243.3,841.7,1718.3,35.0673469
80852872,8147.298,90.5255333,90,FBRZ FR FA(900MLX2)X5 KR ET TWPP,Home Care,36210.3,402.3366667,7241.9,80.4655556
80886834,8120.615,90.2290556,90,FBRZ FR (880MLX2) FRSH ARM BTL TW CP RS,Home Care,36911.7,410.13,36911.7,410.13
80871960,8084.187,172.0039787,47,LENOR HPN GRN 205GX6 BB BTL KR,Fabric Care,179914.8,3827.9744681,29986.6,638.012766
80871959,8084.187,172.0039787,47,LENOR HPN GRN 205GX6 MUSK BTL KR,Fabric Care,179914.8,3827.9744681,29986.6,638.012766
80847386,8048.336,349.9276522,23,BRAUN SHAVER M1011 + 20MB (Costco),Appliances,7317.0,318.1304348,522.5,22.7173913
80860050,8012.165,127.1772222,63,OB INTERDENTAL BCD SZ1 10X6X8 KR,Oral Care,216544.8,3437.2190476,4510.9,71.6015873
80826684,7998.018,363.5462727,22,H&S CN 850MLX6 CM HYPE KR,Hair Care,24191.2,1099.6,4031.3,183.2409091
80809373,7961.028,86.532913,92,BRAUN SHAVER 9687cc SILV BOX KR,Appliances,7960.3,86.525,2653.8,28.8456522
80822640,7925.781,85.2234516,93,OB EMKB LITE SOFT 6CT 6X16 KR,Oral Care,47544.9,511.2354839,2971.1,31.9473118
80871609,7883.206,140.7715357,56,GIL PS Y 11BBGR 1X12X2 KRCP (12UP),Shave Care,9095.4,162.4178571,379.1,6.7696429
80875725,7871.687,84.6417957,93,699 Gillette Labs Razor 6UP 1x6x4 (DE),Shave Care,16866.3,181.3580645,702.3,7.5516129
80842210,7863.117,245.7224062,32,OB ULTRATHIN GREEN TEA 6X12X2 KR,Oral Care,47141.1,1473.159375,1964.2,61.38125
80823426,7859.736,82.7340632,95,D305.523.3 KR CRX WT BOX PTHBR,Oral Care,15719.6,165.4694737,2619.8,27.5768421
80826693,7845.031,82.5792737,95,H&S SH 550MLX9 ISC CVS HYPE KR,Hair Care,36672.5,386.0263158,4074.8,42.8926316
80793505,7843.344,1307.224,6,PTN CN 1800MLX6 SDC ATTN CP KR,Hair Care,11202.9,1867.15,1867.1,311.1833333
80886831,7806.302,88.7079773,88,FBRZ FR (360MLX3) DWNY IDD NJ CP BD RS,Home Care,57824.3,657.0943182,57824.3,657.0943182
80877862,7796.798,132.1491186,59,D100.413.2K KR Red HBOX PTHBR SPIDERMAN,Oral Care,15593.9,264.3033898,2598.6,44.0440678
80889240,7778.068,83.6351398,93,OB ULTRATHIN GREEN TEA (1X12X8)X1 ECOM,Oral Care,2913.7,31.3301075,2913.7,31.3301075
80856639,7776.692,185.1593333,42,SK2 FT MASK DELUXE SET VC CN,Skin Care,10888.7,259.2547619,1088.9,25.9261905
80814721,7755.295,84.2966848,92,iOG3.1A6.0 KR IB HiBox PTHBR,Oral Care,15510.4,168.5913043,2585.3,28.101087
80857402,7751.974,430.6652222,18,FBRZ FR (920MLX2)X5 DWNYAF CC NJ PREBD,Home Care,33704.1,1872.45,6740.7,374.4833333
80772618,7715.933,83.868837,92,FUSION PROSHIELD CHILL FRR 1X8X4,Shave Care,38579.9,419.3467391,1205.3,13.101087
80709553,7672.614,451.3302353,17,601 Gillette Labs Blades 8ct 8x10x6,Shave Care,14387.3,846.3117647,239.8,14.1058824
80746656,7661.595,80.6483684,95,FBRZ TLT (6.3MLX2)X6 MLD LAV BP,Home Care,66883.8,704.04,11147.0,117.3368421
80868095,7545.249,164.0271522,46,OB PROHLTH CLNCL AD38S 3X24 KR EM,Oral Care,90579.3,1969.1152174,3774.1,82.0456522
80747890,7544.144,419.1191111,18,PAMP DPR BDRY S4 (50X3)X1 M6 KR CBY DAI,Baby Care,9053.4,502.9666667,9053.4,502.9666667
80851737,7543.669,104.7731806,72,Braun Shaver 53-B52000s DkBlue KR,Appliances,7544.6,104.7861111,2514.9,34.9291667
80743574,7534.844,153.7723265,49,H&S SHM 300MLX6 ADV ITCH HYDROS KR,Hair Care,64575.3,1317.8632653,10762.5,219.6428571
82327912,7490.45,78.8468421,95,FBRZ CARVCLIP 2.2MLX6X2 LAVDR REG KR,Home Care,119847.1,1261.5484211,9987.1,105.1273684
80841718,7468.425,83.9148876,89,BRAUN SHAVER M-1011 WHT BOX KR,Appliances,7468.5,83.9157303,623.2,7.0022472
80842252,7447.413,80.9501413,92,GIL(PG PWR 1UP+11CT+FORM245G)X6KRHP,Shave Care,7455.4,81.0369565,1242.5,13.5054348
80842204,7413.225,78.0339474,95,OB ULTRATHIN BLACK TEA 6X12X2,Oral Care,44443.7,467.8284211,1851.7,19.4915789
80886830,7359.026,81.7669556,90,FBRZ FR (360MLX3) LAV BB CP BD RS,Home Care,54511.2,605.68,54511.2,605.68
80862840,7328.97,149.5708163,49,H&S SHM Adv Itcy 300MLx2 + ISC 80ML OY,Hair Care,31405.7,640.9326531,2617.1,53.4102041
80812532,7314.834,162.5518667,45,OB ESS F WAX 50M REG BCD 3CT KR,Oral Care,43853.9,974.5311111,2192.6,48.7244444
80843758,7266.059,403.6699444,18,DOWNY LFE 2.6LX6 RFL Freesia M2A KR,Fabric Care,18891.5,1049.5277778,3148.5,174.9166667
80875361,7262.85,145.257,50,OB INTERDENTAL BCD SZ1 (20X4)X14 KR CC,Oral Care,24536.7,490.734,1752.3,35.046
80746679,7231.368,76.1196632,95,FBRZ TLT (6.3MLX3)X6 MLD LAV BP,Home Care,42087.9,443.0305263,7014.8,73.84
80784015,7206.51,131.0274545,55,OB INTERDENTAL BCD SZ1 (20X4)X28 KR CC,Oral Care,24346.2,442.6581818,869.2,15.8036364
80746629,7082.421,74.5518,95,FBRZ MTS (6.3MLX3)X6  CT&BJAS BP.CP,Home Care,41220.5,433.9,6870.1,72.3168421
80856266,7044.574,541.8903077,13,GIL PS YELLOW 12CT 12x12x2 KR ECOM,Shave Care,8804.6,677.2769231,366.8,28.2153846
80788358,7035.766,74.8485745,94,OB D103 (BK+MT GN Dual Handle) Etraders,Oral Care,7035.9,74.85,703.5,7.4840426
80772899,6997.0,90.8701299,77,GIL SKINTECH FLEXBALL RAZOR 1UP 1X8X4,Shave Care,34983.7,454.3337662,1094.3,14.2116883
80875728,6990.577,77.6730778,90,699 Gillette Labs Razor 5UP 1x6x4 (DE),Shave Care,17477.2,194.1911111,728.8,8.0977778
80851729,6950.672,97.8967887,71,Braun Shaver 53-N50000s Black KR,Appliances,6951.3,97.9056338,2317.8,32.6450704
80829295,6917.836,147.188,47,FEBREZE FR 370MLX12 MEN FRESHCLN BTL IVE,Home Care,149574.6,3182.4382979,12464.2,265.1957447
80848826,6897.124,191.5867778,36,SK2 MX FTE & SP RNW CREAM SET TR CN,Skin Care,8503.6,236.2111111,708.6,19.6833333
80809386,6880.003,167.8049512,41,BRAUN SHAVER 8663cc GREY BOX KR,Appliances,6880.6,167.8195122,2293.7,55.9439024
80840582,6858.467,190.5129722,36,GIL PS Y 11BBGR 1X12X2 KRCP (12UP),Shave Care,7913.5,219.8194444,329.4,9.15
80840739,6855.339,74.5145543,92,GIL PG ULTRA 16CT 16X12x2 KR ECOM,Shave Care,6425.9,69.8467391,268.1,2.9141304
82327237,6836.051,71.9584316,95,FBRZ CARPRCLP AQ WLTZ SK 7MLX6 REG KR,Home Care,54688.3,575.6663158,9114.7,95.9442105
80692354,6833.812,71.9348632,95,TGS GEL SHVP 195G SENST 1CSX6IT,Shave Care,127854.4,1345.8357895,21309.4,224.3094737
80876993,6824.232,71.8340211,95,Gillette Proglide Power 4up+mini gel,Shave Care,17059.0,179.5684211,2843.1,29.9273684
80872937,6776.708,82.6427805,82,OB CA XEROX VIT XVIT 40S 3X24 KR EM,Oral Care,81255.9,990.9256098,3385.7,41.2890244
80862829,6751.375,71.0671053,95,BRAUN SHAVER 9660cc+ PC bundle,Appliances,6137.5,64.6052632,1534.6,16.1536842
82330891,6699.996,216.1289032,31,FBRZ AE(L&S275GX2+DWNY275GX2)X6KRCP REG,Home Care,20100.1,648.3903226,3349.9,108.0612903
82244765,6690.733,81.5943049,82,OB PROHLTH CLNCL AD38S(3CTX1FREE)X12X4,Oral Care,60168.5,733.7621951,1252.5,15.2743902
80886837,6587.774,104.5678413,63,FBRZ FR (360MLX3) MILD ARM BB CP BD RS,Home Care,48797.9,774.5698413,48797.9,774.5698413
81766143,6516.168,141.6558261,46,BRAUN SHAVER M1012 BLK BOX KR,Appliances,6516.0,141.6521739,543.2,11.8086957
80858681,6509.997,209.9999032,31,DOWNY LFE 200mlX48 RFL WT D1 KR,Fabric Care,220041.1,7098.1,4584.1,147.8741935
80742979,6469.288,68.0977684,95,BRAUN IPL PL5054 WHT/GOLD BOX KR,Appliances,6469.0,68.0947368,3233.3,34.0347368
82293423,6438.286,131.3935918,49,OB PROHLTH CLN 3D WHITE(3+1P)X12X2 EM KR,Oral Care,57898.1,1181.5938776,2412.8,49.2408163
80846030,6411.85,139.3880435,46,DOWNY LFE 1LX12 BTL WT&L F3 KR,Fabric Care,43345.5,942.2934783,3611.8,78.5173913
80775674,6407.017,68.1597553,94,EB20RX 4 KR FFS Brush Set,Oral Care,32035.6,340.8042553,2669.2,28.3957447
80828635,6401.223,69.5785109,92,GIL SKINTECH MNL CRT 8 8X6X12,Shave Care,12002.8,130.4652174,166.6,1.8108696
80777273,6374.568,104.5011148,61,OB ESS F 50 M REG MBOX MLNGS 1X6X4,Oral Care,114650.5,1879.5163934,4777.0,78.3114754
80743439,6357.414,186.9827647,34,BRAUN SHAVER 72-G7200cc  GREY  BOX KR,Appliances,6357.7,186.9911765,2119.3,62.3323529
80871610,6261.324,111.8093571,56,GIL PS YELLOW 16CT 16x12x2 KRCP,Shave Care,5869.7,104.8160714,244.6,4.3678571
80838168,6230.33,69.2258889,90,FUSION POWER CRT 8 8X6X12,Shave Care,11683.1,129.8122222,162.1,1.8011111
80843084,6137.638,68.9622247,89,FBRZ CAR (2.2MLX3)X8 L&S PANTHER,Home Care,32733.9,367.7966292,4091.7,45.9741573
80845467,6072.006,116.7693462,52,SK2 HR FT ESS 75ML JP PP VC,Skin Care,67019.6,1288.8384615,1396.0,26.8461538
80868091,6050.043,73.7810122,82,OB CA SUPERTHIN BOX XS 6X24 KR EM,Oral Care,36292.3,442.5890244,1513.1,18.452439
80873030,5947.276,95.9238065,62,H&S 2IN1 1200MLX10 CM HALO KR,Hair Care,12741.8,205.5129032,1273.8,20.5451613
82320468,5844.667,61.5228105,95,OB CROSS PROHLTH 40S BCD KR 1X6X16,Oral Care,210239.6,2213.0484211,2189.8,23.0505263
80796243,5824.943,61.3151895,95,iO RB CBF-4 KR FFS Brush Set,Oral Care,29124.4,306.5726316,4854.1,51.0957895
80371327,5815.053,61.862266,94,D100.413.2 KR FAX Blue HBOX PTHBR,Oral Care,11630.8,123.7319149,1938.4,20.6212766
80818186,5808.426,101.9022105,57,OB ESS F WXD 50 M MNT BCD 3CT KR,Oral Care,34844.2,611.3017544,1742.2,30.5649123
80832708,5803.054,446.3887692,13,DOWNY LAU LIQ 3.2LX4 CRG IDD J2 KR,Fabric Care,11787.6,906.7384615,2947.0,226.6923077
80856906,5800.003,1160.0006,5,GIL FUSION 20CT 1X18 KR COSTCO,Shave Care,4351.3,870.26,241.7,48.34
80872659,5787.554,66.5236092,87,GIL PS CHILL 11CT 11X12X2 KR HYPER,Shave Care,7892.1,90.7137931,329.1,3.7827586
80877856,5735.023,97.2037797,59,D100.413.2K KR Blue HBOX PTHBR FROZEN,Oral Care,11470.4,194.4135593,1911.5,32.3983051
80846028,5699.93,123.9115217,46,DOWNY LFE 1LX12 BTL BBV F3 KR,Fabric Care,38532.6,837.6652174,3211.2,69.8086957
80809378,5690.086,61.8487609,92,BRAUN SHAVER 9619s GOLD BOX KR,Appliances,5690.5,61.8532609,1896.5,20.6141304
80796482,5675.16,810.7371429,7,GILLETTE (PS Y 8CT+CHILL 3CT)X12KR EM,Shave Care,7738.2,1105.4571429,644.9,92.1285714
80772617,5668.844,629.8715556,9,FUSION PROSHIELD BASE FRR 1X8X4,Shave Care,28344.3,3149.3666667,885.9,98.4333333
82320469,5664.878,60.9126667,93,OB OM197 CRSSPRHLTH BCD 40S(3+1)X12X2 KR,Oral Care,50942.5,547.7688172,2123.0,22.827957
80830227,5656.678,67.3414048,84,FBRZ AE (165GX3)X6 DWNY ET BB2,Home Care,37710.8,448.9380952,6285.0,74.8214286
80793504,5638.902,115.0796327,49,PTN SH 90MLX6X8 SDC ATTN KR,Hair Care,161082.4,3287.3959184,3355.5,68.4795918
80842286,5623.552,108.1452308,52,SK2 HR FTCL 230ML JP VC,Skin Care,52069.8,1001.3423077,2168.8,41.7076923
80826683,5595.349,799.3355714,7,H&S SH 850MLX6 APPLE HYPE KR,Hair Care,16924.2,2417.7428571,2820.6,402.9428571
81770235,5562.445,309.0247222,18,BRAUN SHAVER 71-S7000cc SILV KR,Appliances,5562.4,309.0222222,1854.5,103.0277778
80857042,5549.192,67.6730732,82,699 Gillette Labs Razor White 1UP 1x6x4,Shave Care,27746.2,338.3682927,1156.6,14.104878
80815701,5499.495,144.7235526,38,SK2 HR FT ESS 330ML CN VC,Skin Care,13796.7,363.0710526,575.3,15.1394737
80856641,5469.58,151.9327778,36,SK2 MIX PITERA DELUXE SET VC CN,Skin Care,14177.1,393.8083333,1181.4,32.8166667
80776141,5454.33,57.414,95,OB EB20RX 10 CT KR PAPER BRUSH SET 10x16,Oral Care,10908.9,114.8305263,682.2,7.1810526
80860051,5451.628,165.2008485,33,OB ESS F Mint 50m x 6P,Oral Care,16341.4,495.1939394,1021.4,30.9515152
80794219,5436.569,543.6569,10,GIL SKINTECH MNL CRT 4 4X6X12,Shave Care,20384.7,2038.47,283.0,28.3
80746632,5430.136,57.1593263,95,FBRZ TLT (6.3MLX3)X6 LAV BP.CP,Home Care,31604.2,332.6757895,5267.3,55.4452632
80828638,5386.528,1077.3056,5,FUSION PROSHIELDE BASE CRT 8 8X6X12,Shave Care,10100.4,2020.08,140.3,28.06
80825348,5376.824,298.7124444,18,DOWNY LFE 1LX12 SBTL FRE M2 KR,Fabric Care,36348.3,2019.35,3028.5,168.25
80832707,5357.922,315.1718824,17,DOWNY LAU LIQ 3.2LX4 CRG BLUE J2 KR,Fabric Care,10883.4,640.2,2720.8,160.0470588
80842207,5345.417,411.1859231,13,OB ULTRATHIN PRO GUM CARE 4X12X2 KR,Oral Care,48070.3,3697.7153846,2002.8,154.0615385
80823423,5341.255,58.0571196,92,D305.523.3 KR CRX TQ BOX PTHBR,Oral Care,10682.4,116.1130435,1780.4,19.3521739
80863251,5332.701,64.2494096,83,699 Gillette Labs Razor 6UP 1x6x4,Shave Care,11426.2,137.6650602,476.7,5.7433735
80863025,5330.553,65.8092963,81,OB UT VELVET GC CLASSIC 3X24 KR EME,Oral Care,63992.7,790.0333333,2666.4,32.9185185
80709738,5328.563,57.919163,92,VENUS EXTRA SMOOTH CRT 4 4X4X4,Shave Care,19979.9,217.1728261,1248.7,13.5728261
80854508,5290.105,55.6853158,95,MOC EXPERT9000 (1PX6)X48 KR CP,Oral Care,31715.1,333.8431579,660.9,6.9568421
80796246,5282.778,57.4215,92,iO RB CWF-4 KR FFS Brush Set,Oral Care,26414.4,287.1130435,4402.3,47.851087
80849417,5267.555,478.8686364,11,DOWNY LFE 1.35LX10 RFL Mys H1 KR,Fabric Care,26377.4,2397.9454545,2637.8,239.8
80854626,5265.499,56.0159468,94,DOWNY LFE (4LX2)X1 BTL IDD green KR H1,Fabric Care,4449.7,47.337234,4449.7,47.337234
80846741,5251.473,107.1729184,49,HS SHM 470MLX12 PRO OIL HYDROS LVG KR,Hair Care,28727.0,586.2653061,2394.5,48.8673469
80851731,5246.965,73.9009155,71,Braun Shaver 53-N70000cc Black KR,Appliances,5247.6,73.9098592,1749.8,24.6450704
82307996,5206.111,67.6118312,77,OB ULTRATHIN PRO DEEP CLEAN 4X12X2 KR NL,Oral Care,46818.5,608.0324675,1951.2,25.3402597
82244731,5205.994,67.6103117,77,OB ULTRATHIN PRO DEEP CLEAN 4X12 KR,Oral Care,46815.8,607.9974026,3901.3,50.6662338
82252457,5205.987,67.6102208,77,OB ULTRATHIN PRO DEEP CLEAN 4X12 KR,Oral Care,46815.6,607.9948052,3901.3,50.6662338
80709750,5187.057,54.6006,95,VS CFG OLAYSBERRY 4CT 4X10X4,Shave Care,19448.2,204.7178947,486.0,5.1157895
80842281,5181.522,99.6446538,52,SK2 HR FT MSK 10P JPTR VC,Skin Care,14509.8,279.0346154,604.4,11.6230769
82315117,5175.832,56.2590435,92,OB ULTRATHIN PRO GUM CARE(1X12X8)X1 ECOM,Oral Care,1939.5,21.0815217,1939.5,21.0815217
80796719,5152.173,85.86955,60,Oral B Glide 3DW 35M 1x6x8 KR,Oral Care,132106.9,2201.7816667,2752.2,45.87
80746634,5117.784,53.8714105,95,FBRZ TLT 6.3MLX6 DOWNY BP,Home Care,89367.7,940.7126316,14894.7,156.7863158
80875721,5058.0,112.4,45,699 Gil Labs Razor 1UP 1x6x4 PX (DE),Shave Care,25290.2,562.0044444,1053.6,23.4133333
80829785,5055.093,109.8933261,46,FBRZ FR(920MLX2)X10 AB CLNSC KR CC ABMQ,Home Care,21978.2,477.7869565,2198.2,47.7869565
80882817,5053.915,280.7730556,18,Gil PS Pwr 7UP+PG Gel 170G 1x6 KCP,Shave Care,8731.5,485.0833333,1455.3,80.85
80831276,4974.965,4974.965,1,DOWNY LFE 2.6LX6 RFL IDD GRE R3 KR,Fabric Care,12934.9,12934.9,2155.8,2155.8
80868094,4929.012,107.1524348,46,OB PROHLTH CLN 3D WHITE 3X24 KR EM,Oral Care,59171.7,1286.3413043,2465.4,53.5956522
80872935,4908.983,61.3622875,80,OB QUEEN MULTI BCD 3X24 KR EM,Oral Care,58860.6,735.7575,2452.3,30.65375
80829432,4895.573,99.9096531,49,BRAUN SHAVER 9597cc SILV BOX KR,Appliances,4895.6,99.9102041,1631.7,33.3
80709751,4890.895,51.4831053,95,VS COMFORT GLD WITH OLAYSBERRY 2UP 1X3X4,Shave Care,18338.3,193.0347368,1528.4,16.0884211
80850525,4849.936,2424.968,2,557.1 Gillette Proshield Yellow 4ct (PX),Shave Care,18185.0,9092.5,252.5,126.25
80860062,4821.195,81.7151695,59,OB INTERDENTAL BCD SZ1 20X6X8 KR,Oral Care,65151.9,1104.2694915,1357.6,23.0101695
80770357,4807.036,52.2503913,92,SKINTECH PWR RZR FLE ALOE 1UP 1X6X6 NF,Shave Care,24035.0,261.25,667.8,7.2586957
80825378,4777.118,265.3954444,18,DOWNY LFE (1.05LX3)X4 BTL FRE M2 KR,Fabric Care,10251.7,569.5388889,2563.1,142.3944444
80746667,4771.219,50.2233579,95,FBRZ MTS 6.3MLX6 CT&BJAS BP,Home Care,83315.9,877.0094737,13886.2,146.1705263
80746680,4758.863,50.0932947,95,FBRZ TLT (6.3MLX3)X6 RF SOAP BP,Home Care,27696.8,291.5452632,4616.5,48.5947368
80743445,4726.108,139.0031765,34,BRAUN SHAVER 52-N7000cc  BLK  BOX KR,Appliances,4725.9,138.9970588,1575.2,46.3294118
80828639,4713.452,362.5732308,13,FUSION POWER CRT 4 4X6X12,Shave Care,17673.2,1359.4769231,245.5,18.8846154
80757885,4711.61,51.2131522,92,610 FIG CARTS 3CT KR 3X10X4(CM),Shave Care,23558.3,256.0684783,588.9,6.401087
80831268,4701.718,102.2112609,46,DOWNY LFE 2.6LX6 RFL BM R3 KR,Fabric Care,12224.2,265.7434783,2037.8,44.3
80881148,4655.516,310.3677333,15,699 Gillette Labs Blades 4ct 4x10x6 PX,Shave Care,17455.9,1163.7266667,290.8,19.3866667
80875319,4630.86,85.7566667,54,SK2 HR FT CL 30ML AUT JP,Skin Care,328429.7,6082.0314815,1367.6,25.3259259
80788291,4610.004,59.8701818,77,OB iO3 Grey HD + iO RB SW-2 set,Oral Care,7682.7,99.7753247,959.8,12.4649351
80841657,4599.932,93.8761633,49,DOWNY LFE 200mlX48 RFL IDD gre H1 KR,Fabric Care,155480.4,3173.0693878,3239.6,66.1142857
82327236,4598.49,48.4051579,95,FBRZ CARPRCLP FRST CON SK 7MLX6 REG KR,Home Care,36787.7,387.2389474,6131.2,64.5389474
82252458,4514.981,55.0607439,82,OB ULTRATHIN PRO DEEP CLEAN 4X12 KR,Oral Care,40601.8,495.1439024,3383.7,41.2646341
80734705,4508.458,47.4574526,95,D100.413.2K KR Red HBOX PTHBR SPIDERMAN,Oral Care,9016.8,94.9136842,1502.8,15.8189474
80872044,4499.997,124.9999167,36,DOWNY FBEN HP GRN 950GX6 PUR CTRG P2 KR,Fabric Care,21614.0,600.3888889,3602.4,100.0666667
80851732,4484.081,63.1560704,71,Braun Shaver 73-S80000s Silver KR,Appliances,4484.5,63.1619718,1494.6,21.0507042
80769246,4456.316,46.9085895,95,M3T CRT 8 MLNGS 8X6X6,Shave Care,10027.1,105.5484211,277.5,2.9210526
80828636,4451.222,370.9351667,12,FUSION PROGLIDE POWER CRT 4 4X6X12,Shave Care,16690.2,1390.85,231.8,19.3166667
80691987,4431.152,48.1646957,92,G FUSION 195G ULTRA PROTECTION 1X6,Shave Care,82902.7,901.1163043,13817.0,150.1847826
80856259,4422.072,47.5491613,93,GIL PG ULTRA PWR 8UP 1x12x2 KR ECOM,Shave Care,7371.3,79.2612903,306.3,3.2935484
80777258,4405.236,73.4206,60,OB Ess F 50 m Mnt BCd MLngS,Oral Care,79230.7,1320.5116667,3301.8,55.03
82251430,4404.931,53.7186707,82,OB PROHLTH CLN 3D WHITE(3+1P)X12X4 EM KR,Oral Care,39614.0,483.097561,826.0,10.0731707
80831281,4400.581,95.6648043,46,DOWNY LFE 2LX4 SBTL BM R3 KR,Fabric Care,14874.8,323.3652174,3718.7,80.8413043
82327900,4369.56,45.9953684,95,FBRZ CARVCLIP (2.2MLX2)X6 DOWNY REG KR,Home Care,34956.3,367.9610526,5826.1,61.3273684
80843937,4351.724,47.8211429,91,FBRZ CAR(L&S2CT+LV2CT)X6 CP ZIS PANTHER,Home Care,17407.0,191.2857143,2901.5,31.8846154
80826681,4333.647,45.6173368,95,H&S SH 850MLX6 DEEPCLEAN HYPE KR,Hair Care,13107.7,137.9757895,2184.6,22.9957895
80842206,4282.308,329.4083077,13,OB ULTRATHIN GREEN TEA 4X12X2 TSC KR NL,Oral Care,38510.0,2962.3076923,1604.3,123.4076923
80809384,4251.434,46.2112391,92,BRAUN SHAVER 9685cc GREY BOX KR,Appliances,4251.3,46.2097826,1418.2,15.4152174
80877848,4244.759,73.1855,58,D103.413.3K KR LTBLUE HBOX PTHBR FROZEN,Oral Care,8489.6,146.3724138,1415.0,24.3965517
80793498,4243.765,1414.5883333,3,PTN SH 1800MLX6 SDC ATTN CP KR,Hair Care,6061.5,2020.5,1010.2,336.7333333
80875723,4233.158,58.7938611,72,699 Gil Labs Razor 3UP Case 1x6x4 (DE),Shave Care,15872.4,220.45,661.1,9.1819444
80838169,4220.879,46.8986556,90,FUSION PROGLIDE POWER CRT 8 8X6X12,Shave Care,7913.6,87.9288889,109.6,1.2177778
80840583,4197.594,322.8918462,13,GIL PS YELLOW 16CT 16X12X2 KR ECOM,Shave Care,3934.8,302.6769231,163.9,12.6076923
81727166,4161.632,43.8066526,95,BRAUN MALHRREMKP 70S SILV BLISTER MN1,Appliances,41617.3,438.0768421,129.9,1.3673684
80746671,4149.108,43.6748211,95,FBRZ MTS (6.3MLX2)X6 CT&BJAS BP,Home Care,36220.6,381.2694737,6036.5,63.5421053
80843283,4098.291,455.3656667,9,DOWNY FBEN HP GRN 480GX6 PUR BTL P1 KR,Fabric Care,38957.0,4328.5555556,6492.8,721.4222222
80867273,3999.995,51.947987,77,BRAUN SHAVER 9660ccps BLK BOX KR,Appliances,4000.5,51.9545455,1332.8,17.3090909
80832700,3973.91,233.7594118,17,DOWNY LAU LIQ 3.2LX4 CRG LAV J2 KR,Fabric Care,8072.0,474.8235294,2018.1,118.7117647
80796480,3961.125,86.111413,46,GILLETTE (PS P 1UP+4CT)X12 KR  BBGR,Shave Care,8486.4,184.4869565,705.8,15.3434783
80809382,3951.175,42.9475543,92,BRAUN SHAVER 9690cc BLK BOX KR,Appliances,3951.5,42.951087,1316.3,14.3076087
80839410,3932.968,63.4349677,62,OB ESS F Wax 50m x 4P,Oral Care,17684.4,285.2322581,737.5,11.8951613
80745842,3916.434,156.65736,25,FEBREZE FR 370MLX12 KR MEN BTL BB,Home Care,84680.0,3387.2,7056.9,282.276
82327316,3902.251,41.9596882,93,OB RH SUPERTHIN 8X6X4 KR,Oral Care,17562.0,188.8387097,731.7,7.8677419
80860047,3898.111,105.3543514,37,OB ESS F WXD 50 M MNT BCD 3CT KR,Oral Care,23384.3,632.0081081,584.8,15.8054054
80840574,3896.613,108.23925,36,GIL PS YELLOW 16CT 16x12x2 KRCP,Shave Care,3652.1,101.4472222,152.2,4.2277778
80724038,3891.977,42.3040978,92,OB STG3 AVENGERS IRON MAN 1CT KR,Oral Care,139999.2,1521.7304348,1458.5,15.8532609
80833696,3845.763,78.4849592,49,FEBREZE FR 370MLX12 REFSC BTL ABMQ,Home Care,83151.7,1696.9734694,6929.8,141.4244898
80734093,3836.161,40.3806421,95,EB10S 4K APAC FFS Brush Set FROZEN,Oral Care,19181.4,201.9094737,1598.5,16.8263158
82255800,3833.991,46.7559878,82,OB ULTRATHIN GREEN TEA 4X12 KR,Oral Care,34477.6,420.4585366,2873.3,35.0402439
80735554,3821.952,955.488,4,SK-II BEAUTY TRAVEL KIT NON HN SPA,Skin Care,9472.0,2368.0,394.7,98.675
80812318,3821.457,93.2062683,41,BRAUN MALHRREMKP CCR8 Costco,Appliances,4776.7,116.504878,796.2,19.4195122
80857040,3815.345,54.5049286,70,699 Gillette Labs Razor 2UP 1x6x4,Shave Care,19076.6,272.5228571,795.2,11.36
80823702,3743.727,39.826883,94,OB EMKB LITE SOFT 10CT 10X10 KR,Oral Care,13466.6,143.2617021,1346.8,14.3276596
80780534,3734.196,116.693625,32,OB INTERDENTAL BCD SZ1 10X6X8 KR,Oral Care,100924.3,3153.884375,2102.7,65.709375
80843088,3714.314,39.9388602,93,FBRZ CAR (2.2MLX3)X8 LAVBQ PANTHER,Home Care,19810.3,213.0139785,2476.4,26.627957
81686049,3698.643,38.9330842,95,BRAUN MALHRREMKP 21B BLK BLISTER MN1,Appliances,36986.4,389.3305263,115.0,1.2105263
80724042,3696.053,40.1744891,92,ORALB XA PROEX STGS FROZEN2 1CT KR RE,Oral Care,132951.1,1445.1206522,1384.4,15.0478261
80737235,3682.981,1841.4905,2,SK2 SKINPWR AIRY CREAM DUO NN HN CPL SPA,Skin Care,3453.0,1726.5,172.7,86.35
80765677,3639.522,38.3107579,95,FEBREZE FR 320MLX12 BTL ALTO WHITE MUSK,Home Care,90989.0,957.7789474,7582.4,79.8147368
80811897,3599.255,211.7208824,17,DOWNY LAU LIQ 2.0LX6 BTL LAV J1 KR,Fabric Care,11697.2,688.0705882,1949.4,114.6705882
80811864,3559.844,209.4025882,17,DOWNY LAU LIQ 2.7LX4 BTL GRN IDD CP1 KR,Fabric Care,8570.2,504.1294118,2142.6,126.0352941
80877860,3557.311,61.3329483,58,D103.413.3K KR Blue HBOX PTHB SPIDERMN,Oral Care,7114.8,122.6689655,1185.7,20.4431034
80831273,3526.14,705.228,5,DOWNY LFE 1.6LX6 RFL LG&L P2 KR,Fabric Care,14898.1,2979.62,2483.0,496.6
80844858,3523.214,195.7341111,18,DOWNY LFE 200mlX48 RFL MUSK M3 KR,Fabric Care,119086.6,6615.9222222,2481.0,137.8333333
80724034,3520.711,38.2685978,92,ORAL-B STAGES 1 (TWIN)(2X6X12) KR,Oral Care,63322.3,688.2858696,879.7,9.5619565
82252453,3492.266,45.3541039,77,OB ULTRATHIN PRO GUM CARE 4X12 KR,Oral Care,31404.7,407.8532468,2618.9,34.0116883
82292231,3492.265,45.3540909,77,OB ULTRATHIN PRO GUM CARE 4X12X2 KR,Oral Care,31404.6,407.8519481,1309.2,17.0025974
80698288,3492.253,45.3539351,77,OB ULTRATHIN PRO GUM CARE 4X12X2 KR,Oral Care,31404.7,407.8532468,1309.2,17.0025974
80886836,3489.998,55.3967937,63,FBRZ FR (360MLX3) MEN COOLAQ BB CP BD RS,Home Care,25851.3,410.3380952,25851.3,410.3380952
80763667,3489.983,79.3177955,44,H&S SH 1200MLX6 SCALP CTRL DIT CP KR,Hair Care,7476.9,169.9295455,1246.5,28.3295455
80860061,3485.851,105.6318485,33,OB ESS F 50 M REG MBOX MLNGS 1X6X4,Oral Care,62695.2,1899.8545455,2612.4,79.1636364
80862841,3460.523,70.6229184,49,H&S SHM Oil Control 300MLx2 + CM 80ML OY,Hair Care,14829.5,302.6428571,1236.2,25.2285714
82327235,3457.912,36.3990737,95,FBRZ CARPRCLP MEL O FL SK 7MLX6 REG KR,Home Care,27663.3,291.1926316,4611.3,48.54
80829296,3405.154,72.4500851,47,FEBREZE FR 320MLX12 MEN FRESHCLN RF IVE,Home Care,85129.4,1811.2638298,7094.1,150.9382979
80744460,3376.063,36.696337,92,OB CROSS 35 SFT BCD KR (1X12X8)X1 ECOM,Oral Care,1265.2,13.7521739,1265.2,13.7521739
80371677,3357.331,36.4927283,92,EB50BRX 2 KR FFS Brush Set,Oral Care,33574.0,364.9347826,1399.3,15.2097826
80745905,3341.649,45.1574189,74,FBRZ CARVCLIP 2.2MLX6 TOBACCO CLM KR,Home Care,53466.6,722.5216216,8911.0,120.4189189
80868099,3335.382,49.0497353,68,OB CX XEROX Stain Devil 6x24 KR EM,Oral Care,20008.3,294.2397059,833.5,12.2573529
80808090,3315.448,75.3510909,44,SK2 BR GIE DUO BR25 TR ASIA,Skin Care,27445.9,623.7704545,1143.7,25.9931818
80831267,3290.278,548.3796667,6,DOWNY LFE 1.6LX6 RFL WT&L P2 KR,Fabric Care,13901.7,2316.95,2316.9,386.15
80690556,3287.395,34.6041579,95,BRAUN MALHRREMKP 0-CC BLK BOX KR,Appliances,32874.4,346.0463158,10957.9,115.3463158
80828632,3231.018,37.5699767,86,FUSION PROSHIELD CHILL CRT 8 8X6X12,Shave Care,6058.1,70.4430233,85.2,0.9906977
80776646,3229.66,62.1088462,52,SK2 AA SP RE-NEW CREAM 50G KR,Skin Care,9690.6,186.3576923,202.2,3.8884615
80743573,3227.471,65.8667551,49,H&S SHM 300MLX6 OIL CTRL HYDROS KR,Hair Care,27660.1,564.4918367,4610.0,94.0816327
80864523,3200.0,640.0,5,699 Gil Labs Razor 7UP 1X12 KR Costco,Shave Care,6000.3,1200.06,500.0,100.0
80867526,3194.7,99.834375,32,SK2 BR GCC RS CRM 50G BR25 JP,Skin Care,23000.0,718.75,319.9,9.996875
80868093,3182.547,50.516619,63,MOC EXPERT9000 6X24 KR CP EM,Oral Care,19079.3,302.8460317,795.6,12.6285714
80843083,3171.509,34.1022473,93,FBRZ CAR (2.2MLX3)X8 DOWNY PANTHER,Home Care,16914.9,181.8806452,2114.2,22.7333333
80734706,3156.318,33.2244,95,D100.413.2K KR Blue HBOX PTHBR FROZEN,Oral Care,6312.6,66.4484211,1052.2,11.0757895
80843091,3152.988,73.3253023,43,FBRZ CAR (2.2MLX2)X6 DWNY CLNCOT PANTHER,Home Care,25223.2,586.5860465,4204.4,97.7767442
80843085,3152.988,73.3253023,43,FBRZ CAR (2.2MLX2)X6 DWNY CIT PANTHER,Home Care,25223.2,586.5860465,4204.4,97.7767442
80840576,3149.103,349.9003333,9,GIL PS Y PWR (1UP+8CT) 1X18 KR COSTCO,Shave Care,4723.6,524.8444444,262.4,29.1555556
80709740,3141.272,34.1442609,92,VENUS EXTRA SMOOTH 2UP 1X4X4,Shave Care,11778.6,128.0282609,735.9,7.998913
80826676,3139.002,3139.002,1,H&S SH 1200MLX6 APPLE HYPE CP KR,Hair Care,6725.2,6725.2,1120.9,1120.9
80832705,3119.969,239.9976154,13,DOWNY LAU LIQ 3.2LX4 CRG perfect J2 KR,Fabric Care,6337.6,487.5076923,1584.2,121.8615385
80765676,3086.269,32.4870421,95,FEBREZE FR 320MLX12 BTL ALTO CLEANCTSOAP,Home Care,77157.6,812.1852632,6429.4,67.6778947
80748044,3080.161,32.4227474,95,BRAUN MALHRREMKP 74s SILV BLISTER MN1,Appliances,30802.0,324.2315789,96.5,1.0157895
80851266,3074.893,85.4136944,36,SK2 MX FTE & SP AIRY RNW CRM SET TR HN,Skin Care,3791.4,105.3166667,316.2,8.7833333
80811857,3062.111,180.1241765,17,DOWNY LAU LIQ 2.0LX6 BTL BLUE J1 KR,Fabric Care,9951.5,585.3823529,1658.6,97.5647059
80843281,3033.625,337.0694444,9,DOWNY FBEN HP GRN 480GX6 CHR BTL P1 KR,Fabric Care,28836.7,3204.0777778,4806.1,534.0111111
80867522,3028.02,94.625625,32,SK2 BR GCC BG CRM 50G BR25 JP,Skin Care,21800.0,681.25,303.1,9.471875
80759692,3017.277,32.7964891,92,D701.513.6X KR CRX WT BOX PTHBR,Oral Care,6034.3,65.5902174,1006.1,10.9358696
82327915,3003.081,46.9231406,64,FBRZ CARVCLIP (2.2MLX3)X8 SKY BR REG KR,Home Care,16016.9,250.2640625,2001.9,31.2796875
82298306,2995.91,31.871383,94,OB SUPER 50CT STRAND 50X6X4,Oral Care,109339.8,1163.1893617,4556.2,48.4702128
80862830,2992.637,31.5014421,95,BRAUN SHAVER 9667cc+ PC bundle,Appliances,2720.7,28.6389474,680.3,7.1610526
80875718,2988.903,34.3552069,87,699 Gillette Labs Razor 2UP 1x6x4 (DE),Shave Care,14945.1,171.7827586,622.7,7.1574713
80882825,2974.412,185.90075,16,Gil PS Pwr 12UP+PG Gel 170G 1x6 KCP,Shave Care,3261.2,203.825,543.4,33.9625
80878113,2961.928,70.5220952,42,SK2 HR FT ESS 250ML VC CN,Skin Care,9810.9,233.5928571,306.4,7.2952381
82289714,2960.117,31.4906064,94,OB INTERDENTAL BCD SZ1 20X6X8 KR,Oral Care,40001.6,425.5489362,833.2,8.8638298
80745906,2956.128,31.1171368,95,FBRZ CARVCLIP(2.2MLX2)X6 TOBACCO CLM KR,Home Care,23649.4,248.9410526,3941.4,41.4884211
80851730,2942.346,41.441493,71,Braun Shaver 53-A52000s Azure KR,Appliances,2942.7,41.4464789,981.2,13.8197183
80860054,2909.434,88.1646667,33,Oral B Glide 3DW 35M 1x6x8 KR,Oral Care,74600.9,2260.6333333,1554.3,47.1
80807716,2885.577,31.3649674,92,iOM10.44.2AD CB KR iBOX PTHBR,Oral Care,5771.4,62.7326087,1924.1,20.9141304
80843938,2884.475,45.7853175,63,FBRZ CAR(L&S2CT+DWN2CT)X6 CP ZIS PANTHER,Home Care,11537.5,183.1349206,1923.0,30.5238095
80848509,2871.011,68.3574048,42,SK2 MX BESTSELLER TRIAL KIT SPR TR JP,Skin Care,31689.0,754.5,1320.4,31.4380952
80777745,2860.105,68.0977381,42,SK2 AA SP RE-NEW AIRY CRM 80G CN,Skin Care,5362.8,127.6857143,149.3,3.5547619
80746636,2855.383,30.0566632,95,FBRZ TLT (6.3MLX2)x6 DOWNY BP,Home Care,24927.0,262.3894737,4154.6,43.7326316
80692352,2854.861,31.0310978,92,TGS GEL SHVP 195G MST 1CSX6IT,Shave Care,54778.1,595.4141304,9130.1,99.2402174
80794395,2831.577,62.9239333,45,FEBREZE FR 900MLX6 DWNY MYS BTL NJ,Home Care,25169.4,559.32,4194.9,93.22
80850521,2813.339,312.5932222,9,557.1 Gillette Proshield Yellow 2up (PX),Shave Care,14066.7,1562.9666667,439.4,48.8222222
80813053,2801.908,66.7120952,42,SK2 HR FT MSK 10P CN VC,Skin Care,7845.8,186.8047619,327.3,7.7928571
80797155,2794.4,29.4147368,95,BRAUN SHAVER 8560cc BLK X6 KR COSTCO,Appliances,2794.9,29.42,464.6,4.8905263
81741566,2788.777,75.3723514,37,BRAUN SHAVER M1100 BLK BOX KR,Appliances,2788.6,75.3675676,232.4,6.2810811
80845469,2788.17,55.7634,50,SK2 BR WSDRMSK 10P JP VC,Skin Care,7809.0,156.18,325.6,6.512
80845598,2782.019,53.5003654,52,SK2 HR FLE 100ML JP VC,Skin Care,23029.6,442.8769231,479.9,9.2288462
80794294,2755.938,918.646,3,GIL (PSY 16CRT+TGS195G+HYDRA70G)X12CP,Shave Care,2460.0,820.0,205.0,68.3333333
80774821,2736.046,91.2015333,30,SK2 Facial Treatment Ess 230ML Duo Set C,Skin Care,4924.4,164.1466667,410.2,13.6733333
80832702,2730.697,160.6292353,17,DOWNY LAU LIQ 1.4LX10 CRG IDD J2 KR,Fabric Care,12678.7,745.8058824,1268.0,74.5882353
80879723,2729.107,682.27675,4,SK2 FT ESSENCE DUO SET SAKURA LE JP,Skin Care,4912.0,1228.0,409.4,102.35
80719112,2723.574,50.4365556,54,BRAUN SHAVER 9560cc  BLK  BOX KR,Appliances,2724.0,50.4444444,908.1,16.8166667
80848824,2714.595,61.6953409,44,SK2 MX SP RNW CRM & EYE CRM SET TR CN,Skin Care,4286.4,97.4181818,178.8,4.0636364
80743437,2714.226,79.8301765,34,BRAUN SHAVER 72-N4200cs  BLK  BOX KR,Appliances,2714.5,79.8382353,904.9,26.6147059
80742365,2711.424,135.5712,20,PAM S5 AMN FFU 46x2 KR PANTS CBY (DBL),Baby Care,10610.2,530.51,5304.9,265.245
80757883,2708.051,55.2663469,49,FBRZ TLT(SP6.3MLX2)+MTS(WL6.3MLX2)X7 ET,Home Care,11819.8,241.2204082,1688.5,34.4591837
80743440,2704.854,69.3552308,39,BRAUN SHAVER 72-G7000cc  GREY  BOX KR,Appliances,2704.5,69.3461538,901.2,23.1076923
80823667,2702.058,42.2196562,64,OB EMKB LITE SOFT 12CT 12X13 KR,Oral Care,8099.7,126.5578125,623.2,9.7375
80842449,2699.927,1349.9635,2,DOWNY LFE 4LX3 BTL IDD green KR shp,Fabric Care,4563.0,2281.5,1521.0,760.5
80791888,2677.929,28.1887263,95,D100K SPIDERMAN (D100K+EB10S-2)X15 ET,Oral Care,4462.7,46.9757895,298.3,3.14
80842226,2640.3,203.1,13,OB ULTRATHIN PRO DEEP CLEAN 4X12X2 KR,Oral Care,23743.8,1826.4461538,989.5,76.1153846
80742743,2625.69,525.138,5,ORALB ESS F 4P GLIDE DEEP CLEAN 1P CP,Oral Care,9841.6,1968.32,492.0,98.4
80816630,2616.765,56.8861957,46,GILLETTE (PS P 1UP+3CT)X12KR CP,Shave Care,6542.0,142.2173913,544.8,11.8434783
80724035,2615.053,28.4244891,92,OB STGS DSNYBABY 4 24M XS BCD KR RE,Oral Care,94066.6,1022.4630435,979.2,10.6434783
80843090,2596.297,57.6954889,45,FBRZ CAR (2.2MLX3)X8 DWNY CIT PANTHER,Home Care,13846.6,307.7022222,1731.0,38.4666667
80843087,2596.297,57.6954889,45,FBRZ CAR (2.2MLX3)X8 DWNY CLNCOT PANTHER,Home Care,13846.6,307.7022222,1731.0,38.4666667
80748971,2566.369,27.3017979,94,ORAL-B XA PROEX STGS FROZEN TWIN 2X12X4,Oral Care,46157.5,491.037234,961.6,10.2297872
80759691,2563.958,27.8691087,92,D701.513.6X KR CRX BK BOX PTHBR,Oral Care,5128.3,55.7423913,854.2,9.2847826
80794404,2561.095,56.9132222,45,FEBREZE FR 320MLX12 DWNY MYS RF NJ,Home Care,64028.0,1422.8444444,5335.8,118.5733333
80882821,2560.0,121.9047619,21,Gillette 699 1UP+Gel+Stand 1X6 LoL,Shave Care,5652.4,269.1619048,942.6,44.8857143
80831292,2554.216,2554.216,1,DOWNY LFE 1LX12 SBTL IDD gre R3 KR,Fabric Care,17267.0,17267.0,1438.9,1438.9
80773453,2539.014,51.8166122,49,601 Gillette Labs Razor 5UP 1x6x4,Shave Care,6348.4,129.5591837,264.6,5.4
80812115,2524.232,57.3689091,44,SK2 BR GCC RS CRM 30G BR25 JP,Skin Care,30303.0,688.7045455,252.7,5.7431818
80825356,2514.002,157.125125,16,DOWNY LFE 200mlX48 RFL CP M2 KR,Fabric Care,84974.2,5310.8875,1770.0,110.625
80812121,2506.609,56.9683864,44,SK2 BR GCC BG CRM 30G BR25 JP,Skin Care,30091.3,683.8931818,251.0,5.7045455
80871150,2503.073,69.5298056,36,SK2 AA SP RE-NEW CREAM 50G KR CMTZ,Skin Care,7510.0,208.6111111,156.3,4.3416667
80776642,2500.889,56.8383864,44,SK2 AA SP RE-NEW CREAM 80G CN,Skin Care,4689.4,106.5772727,130.6,2.9681818
80796957,2500.484,625.121,4,Pro1 Dual (BK+WT DUAL HANDLE)X8 Costco,Oral Care,2500.4,625.1,312.6,78.15
80794408,2497.522,55.5004889,45,FBRZ FRPLUS(370MLX3) DWNY MYS BTL NJ CPB,Home Care,17993.6,399.8577778,17993.6,399.8577778
80756558,2492.659,67.3691622,37,OB EMKB LITE SOFT 12CT 12X16 KR,Oral Care,7472.0,201.9459459,467.0,12.6216216
80826680,2489.752,207.4793333,12,H&S CN 850MLX6 DEEPCLEAN HYPE KR,Hair Care,7530.7,627.5583333,1254.9,104.575
80734708,2479.005,70.8287143,35,D103.413.3K KR LTBLUE HBOX PTHBR FROZEN,Oral Care,4958.1,141.66,826.2,23.6057143
80831335,2474.984,26.902,92,MACH3 RAZOR 5UP 1X6X4,Shave Care,6749.3,73.3619565,281.4,3.0586957
80775673,2457.855,26.7158152,92,EB60X 2 KR FFS Brush Set,Oral Care,24579.1,267.1641304,1024.0,11.1304348
80854928,2456.106,204.6755,12,DOWNY LAU LIQ BTL IDD (2LX2)X1 KR J2,Fabric Care,3991.4,332.6166667,3991.4,332.6166667
80743435,2449.457,72.0428529,34,BRAUN SHAVER 72-C7500cc  GOLD BOX KR,Appliances,2449.3,72.0382353,816.3,24.0088235
80809385,2447.341,25.7614842,95,BRAUN SHAVER 9610s BLK BOX KR,Appliances,2447.2,25.76,815.7,8.5863158
80834795,2444.411,45.2668704,54,FBRZ FR DWNY MYS(370MLX3)X8 ET NJ,Home Care,17617.5,326.25,2202.2,40.7814815
80845468,2440.122,64.2137368,38,SK2 HR FT ESS 160ML JP PP VC,Skin Care,12630.2,332.3736842,394.5,10.3815789
80839598,2418.753,89.5834444,27,OB CX XEROX Stain Devil 6p (1Px6x8) KR,Oral Care,14509.6,537.3925926,1813.8,67.1777778
80807666,2396.995,26.0542935,92,iOM9.2J2.2AC KR BK iBox PTHBR,Oral Care,4794.0,52.1086957,1597.7,17.3663043
80825355,2381.217,132.2898333,18,DOWNY LFE 200mlX48 RFL MYS M2 KR,Fabric Care,80486.4,4471.4666667,1676.8,93.1555556
80826686,2340.841,167.2029286,14,H&S CN 850MLX6 ISC HYPE KR,Hair Care,7080.4,505.7428571,1180.1,84.2928571
80878109,2337.716,44.9560769,52,SK2 HR FT ESS 160ML PP VC JP,Skin Care,12099.8,232.6884615,431.8,8.3038462
80860049,2322.289,70.3723939,33,OB ESS F Wax 50m x 4P,Oral Care,10442.2,316.430303,435.8,13.2060606
80697587,2313.774,289.22175,8,SK2 PITERA DELUXE SET NON HN,Skin Care,5997.5,749.6875,499.7,62.4625
80796721,2306.612,25.0718696,92,OB Glide DP CL Floss Pick Mint 30x6x8 KR,Oral Care,138120.5,1501.3097826,2877.9,31.2815217
80724041,2300.057,25.0006196,92,ORALB STG3 FROZEN2 (TWIN) (2X6X12) KR RE,Oral Care,41367.4,449.6456522,574.3,6.2423913
80742364,2298.803,114.94015,20,PAM S6 AMN FFU 40x2 KR PANTS CBY (SS),Baby Care,10345.5,517.275,5172.7,258.635
80791887,2294.06,24.148,95,D100K FROZEN (D100K+EB10S-2)X15 ET,Oral Care,3823.3,40.2452632,254.6,2.68
80815713,2287.37,54.4611905,42,SK2 HR  FTGCLSR 120G JP VC,Skin Care,40557.0,965.6428571,845.4,20.1285714
82314543,2277.666,27.7764146,82,ORALB MOCHYGEIA IND GUMCARE BCD6PX8KRCP,Oral Care,13655.7,166.5329268,1707.7,20.8256098
80833693,2277.324,46.476,49,FEBREZE FR 320MLX12 REFSC RF ABMQ,Home Care,56933.6,1161.9102041,4744.4,96.8244898
80860058,2272.799,68.872697,33,OB Ess F 50 m Mnt BCd MLngS,Oral Care,40877.5,1238.7121212,1703.2,51.6121212
80796239,2267.679,24.6486848,92,iO RB SWF-4 KR FFS Brush Set,Oral Care,11338.3,123.2423913,1889.7,20.5402174
80834003,2249.076,1124.538,2,DOWNY FBEN HP GRN 480GX6 BL BTL C1 KR,Fabric Care,21379.0,10689.5,3563.2,1781.6
82303802,2228.356,24.2212609,92,OB HYGEIA IND GUMCARE BCD XS 1X6X16 KR,Oral Care,80156.4,871.2652174,835.2,9.0782609
81570016,2219.982,65.2935882,34,BRAUN SHAVER 300 BLK/BLK BOX KR,Appliances,2220.0,65.2941176,369.8,10.8764706
80832695,2216.106,170.4696923,13,DOWNY LAU LIQ 1.0LX12 BTL IDD gre J2 KR,Fabric Care,14404.2,1108.0153846,1200.4,92.3384615
80815161,2214.037,50.3190227,44,SK2 BR GUV DUO BR25 TR ASIA,Skin Care,13289.3,302.0295455,221.3,5.0295455
80840581,2163.862,23.5202391,92,GIL PS CHILL 16CT 16X12X2 KR ECOM,Shave Care,2028.7,22.051087,84.3,0.9163043
80831280,2117.297,529.32425,4,DOWNY LFE 1.6LX6 RFL MB P2 KR,Fabric Care,8945.7,2236.425,1491.0,372.75
81747656,2103.242,38.9489259,54,BRAUN MALHRREMKP 94M SILV BLISTER MN1,Appliances,21032.6,389.4925926,65.7,1.2166667
80788990,2098.657,22.0911263,95,EB50RX 6 KR PAPERPACK Brush Set 6x6x2,Oral Care,6995.6,73.6378947,582.8,6.1347368
80772634,2089.178,298.454,7,FUS PROSHIELD PWR RZR TMR FLEX 1X6X6,Shave Care,10445.8,1492.2571429,290.2,41.4571429
80795770,2088.758,22.7038913,92,GILLETTE PG ULTRA 2UPX6X12 (ECOM),Shave Care,4475.7,48.648913,62.0,0.673913
80854509,2085.22,21.4971134,97,OB CA COMPACT BCD S 6X30 KR CP,Oral Care,12486.4,128.7257732,416.5,4.2938144
80734707,2079.052,59.4014857,35,D103.413.3K KR Blue HBOX PTHB SPIDERMN,Oral Care,4158.2,118.8057143,692.9,19.7971429
80776645,2061.859,49.091881,42,SK2 AA SP RE-NEW CREAM 100G CN,Skin Care,3092.5,73.6309524,85.9,2.0452381
80724037,2052.668,22.3116087,92,ORAL-B STAGES 2 (TWIN) (2X12X6) KR RE,Oral Care,36918.5,401.2880435,513.0,5.576087
80815698,2022.179,44.9373111,45,SK2 HR FT ESS 250ML CN VC,Skin Care,6697.8,148.84,222.8,4.9511111
80836450,2017.493,118.6760588,17,DOWNY LAU LIQ 1.4LX10 CRG BLUE J2 KR,Fabric Care,9367.1,551.0058824,936.8,55.1058824
82317134,2009.987,24.5120366,82,ORALB MOC HYGEIA IND BCD XS 12PX4 KR CP,Oral Care,6025.9,73.4865854,1506.4,18.3707317
82315577,2009.985,24.5120122,82,ORALB MOC HYGEIA IND BCD XS 12PX4 KR CP,Oral Care,6025.9,73.4865854,1506.4,18.3707317
82315124,2009.984,24.512,82,ORALB MOC HYGEIA IND BCD XS 12PX4KR CP,Oral Care,6025.9,73.4865854,1506.4,18.3707317
82298988,2009.981,24.5119634,82,ORALB MOC HYGEIA IND BCD XS 12PX4KR CP,Oral Care,6025.9,73.4865854,1506.4,18.3707317
80746805,1979.507,58.2207941,34,BRAUN SHAVER 52-B1000s  BLU  BOX KR,Appliances,1979.5,58.2205882,659.9,19.4088235
80840591,1975.38,20.7934737,95,GIL PG ULTRA 2UP 1X6X12 KR ECOM,Shave Care,9876.9,103.9673684,137.5,1.4473684
80690462,1967.88,109.3266667,18,GIL SKINTECH FLEX RAZOR 1UP 1X6X6,Shave Care,9839.2,546.6222222,273.5,15.1944444
80826677,1932.009,1932.009,1,H&S SH 1200MLX6 DEEPCLEAN HYPE CP KR,Hair Care,4139.3,4139.3,689.9,689.9
80840586,1928.637,41.9268913,46,GIL PG PWR 11BGR 1X12X2 KRCP (12UP),Shave Care,2224.7,48.3630435,92.2,2.0043478
82327902,1925.802,26.0243514,74,FBRZ CARVCLP 2.2MLX6 FLOWER BRZ REG KR,Home Care,30813.1,416.3932432,5135.4,69.3972973
80876307,1913.427,191.3427,10,Gillette 699 3UP+Gel+Stand 1x6 KCP,Shave Care,5784.4,578.44,964.1,96.41
80743438,1907.374,56.0992353,34,BRAUN SHAVER 72-N1200s  BLK  BOX KR,Appliances,1907.6,56.1058824,635.8,18.7
80828634,1896.047,57.4559697,33,FUSION PROGLIDE POWER CRT 8 8X6X12,Shave Care,3555.4,107.7393939,48.9,1.4818182
80876306,1891.445,90.0688095,21,Gillette 699 4UP+Gel+Stand 1x6 KCP,Shave Care,4901.5,233.4047619,817.4,38.9238095
80737237,1888.938,236.11725,8,SK2 FT ESS & SKINPOWER CRM SET NON HN,Skin Care,2328.8,291.1,194.0,24.25
80724036,1868.022,20.304587,92,OB STGS MCKYMNIE 2 4YR XS BCD KR RE,Oral Care,67195.4,730.3847826,700.0,7.6086957
80871607,1867.996,33.3570714,56,GIL PS YELLOW 7BBGR 1X12X2 KR ECOM (8UP),Shave Care,3113.3,55.5946429,130.1,2.3232143
81778500,1860.026,19.5792211,95,BRAUN MALHRREMKP 94-hy BLK BOX CN-KR,Appliances,18600.7,195.7968421,206.7,2.1757895
80794400,1855.062,41.2236,45,FEBREZE FR 370MLX12 DWNY CIT BTL NJ,Home Care,40109.7,891.3266667,3342.6,74.28
82315123,1852.344,20.1341739,92,OB HYGEIA INDGUMCAREBCD XS(1X6X16)X1ECOM,Oral Care,694.1,7.5445652,694.1,7.5445652
80807710,1844.245,20.0461413,92,iOM6.1A6.1K KR SG iBox PTHBR,Oral Care,3689.0,40.0978261,1229.4,13.3630435
82317247,1829.88,22.3156098,82,OB CA PLAQUE GRD 35 SFT BCD 4X12X2 KR,Oral Care,16455.9,200.6817073,684.6,8.3487805
80728969,1826.809,35.8197843,51,BRAUN SHAVER M-1011 WHT BOX KR,Appliances,1827.3,35.8294118,151.6,2.972549
80809380,1816.82,19.1244211,95,BRAUN SHAVER 9617s SILV BOX KR,Appliances,1815.8,19.1136842,604.9,6.3673684
80818378,1789.884,31.9622143,56,SK2 BR GUV CRM 30G BR25 JP,Skin Care,21487.1,383.6982143,179.7,3.2089286
80824175,1773.929,45.485359,39,BRAUN Shaver 52-B1200s+CC (eTraders),Appliances,1612.6,41.3487179,268.6,6.8871795
80831289,1773.476,591.1586667,3,DOWNY LFE 1LX12 SBTL IDD pk R3 KR,Fabric Care,11989.0,3996.3333333,999.1,333.0333333
80838009,1773.014,34.0964231,52,SK2 AA SP RE-NEW EYE CRM 15G KR,Skin Care,17729.8,340.9576923,492.1,9.4634615
80890212,1771.809,221.476125,8,SK2 BR GUV DUO 50G BR25 TR ASIA,Skin Care,6378.0,797.25,177.3,22.1625
81770252,1766.999,117.7999333,15,BRAUN SHAVER 71-B1200s BLU KR,Appliances,1766.9,117.7933333,588.8,39.2533333
80371858,1766.657,18.5963895,95,EB50RX 6 KR FFS Brush Set,Oral Care,5889.9,61.9989474,491.1,5.1694737
80775671,1758.832,19.1177391,92,EB60X 4 KR FFS Brush Set,Oral Care,8794.5,95.5923913,733.0,7.9673913
80724043,1742.942,18.5419362,94,ORALB CX PE JR TWINFROZEN (2X12X6) KR RE,Oral Care,31347.9,333.4882979,434.7,4.6244681
80871148,1735.002,45.6579474,38,SK2 AA SP RE-NEW EYE CRM 15G KR CMTZ,Skin Care,17350.1,456.5815789,321.3,8.4552632
82247349,1731.354,39.3489545,44,SK2 MN FT ESS 230ML HA,Skin Care,6232.4,141.6454545,259.7,5.9022727
82300115,1715.179,31.1850727,55,SK2 HR FT ESS 10ML HA,Skin Care,141750.6,2577.2836364,176.9,3.2163636
80774847,1708.102,55.1000645,31,FEBREZE FR 370MLX12 DWNY MYS BTL TW,Home Care,36932.2,1191.3612903,3077.6,99.2774194
80811898,1703.643,567.881,3,DOWNY LAU LIQ 2.0LX6 BTL IDD gre J1 KR,Fabric Care,5536.7,1845.5666667,922.8,307.6
80796244,1692.381,18.3954457,92,iO RB CBF-2 KR FFS Brush Set,Oral Care,16924.3,183.9597826,2821.2,30.6652174
80877861,1660.991,28.6377759,58,D103.413.3 KR CRBX Black HBOX PTHBR,Oral Care,3321.8,57.2724138,553.7,9.5465517
80797939,1643.199,17.2968316,95,iO S2.1C9.0 KR SWF WT HiBOX PTHBR,Oral Care,3287.0,34.6,547.8,5.7663158
82333447,1621.264,124.7126154,13,ORALB MOC HYGEIA IND BCD XS 12PX4KR CP,Oral Care,4860.0,373.8461538,1215.0,93.4615385
80832712,1618.3,33.7145833,48,DOWNY LAU LIQ 2.2LX6 CRG perfect J2 KR,Fabric Care,4781.1,99.60625,796.7,16.5979167
80845463,1615.194,17.5564565,92,GLT Skintech Foam 245GX2X6 CP (Duo pack),Shave Care,12336.0,134.0869565,2055.9,22.3467391
80734083,1608.283,24.3679242,66,EB20RX 8 KR FFS Brush Set,Oral Care,4020.9,60.9227273,334.8,5.0727273
80832709,1597.444,122.8803077,13,DOWNY LAU LIQ 1.9LX6 BTL Perfect J2 KR,Fabric Care,5465.1,420.3923077,910.9,70.0692308
80807686,1596.918,24.1957273,66,iOG5.1A6.1K KR WT iBox PTHBR,Oral Care,3192.9,48.3772727,1064.4,16.1272727
80826682,1595.728,145.0661818,11,H&S CN 850MLX6 APPLE HYPE KR,Hair Care,4826.7,438.7909091,804.6,73.1454545
82331368,1590.4,17.2869565,92,DB5.010.1K KR WT BL BINIE PTHBR 1X6,Oral Care,9546.4,103.7652174,1591.1,17.2945652
82327916,1585.997,21.4323919,74,FBRZ CARVCLIP 2.2MLX6 COOL AQUA REG KR,Home Care,25375.9,342.9175676,4228.9,57.1472973
80745841,1566.483,62.65932,25,FEBREZE FR 320MLX12 KR MEN RF BB,Home Care,39162.4,1566.496,3263.5,130.54
80839599,1547.779,57.3251481,27,OB CX XEROX Stain Devil 3p (3x12x2) KR,Oral Care,18558.5,687.3518519,773.4,28.6444444
80779929,1544.001,308.8002,5,DOWNY LFE 2LX4 SBTL MYS M1 KR,Fabric Care,5219.0,1043.8,1304.7,260.94
80822880,1540.439,192.554875,8,PAM S4 (8X3)X4 KR PANTS CBY 100D SAMPLE,Baby Care,11554.0,1444.25,2888.5,361.0625
80840167,1522.344,380.586,4,SK2 HR FT ESS 230ML GSPL KR,Skin Care,5480.0,1370.0,228.4,57.1
80763683,1505.146,1505.146,1,H&S SH 1200MLX6 APPLE FRESH DIT CP KR,Hair Care,3224.7,3224.7,537.5,537.5
80748040,1502.746,15.8183789,95,BRAUN MALHRREMKP 54b BLK BLISTER MN1,Appliances,15029.2,158.2021053,46.5,0.4894737
80840579,1502.654,751.327,2,GIL PS YELLOW 14CT 1X18 KR COSTCO,Shave Care,1610.0,805.0,89.4,44.7
80746804,1489.413,22.9140462,65,BRAUN SHAVER 52-B1200s  BLU  BOX KR,Appliances,1489.5,22.9153846,496.1,7.6323077
80849691,1479.422,16.0806739,92,OB GLIDE DP CL FLOSS PICK MNT 30X6X8 KR,Oral Care,88588.2,962.9152174,1845.8,20.0630435
82247401,1478.512,33.6025455,44,SK2 MN MSTR CLEANSER 120G HA,Skin Care,26214.9,595.7931818,546.2,12.4136364
80816633,1476.738,30.1375102,49,GIL SHAVE PACK (PG P 1UP+11CT)X12 CP,Shave Care,1582.2,32.2897959,131.8,2.6897959
80840572,1471.438,14.5686931,101,GIL SKINTECH 7BBGR 1X12X2 KR ECOM (8UP),Shave Care,2452.3,24.280198,102.1,1.0108911
80888508,1458.45,182.30625,8,SK2 BR GCC GR CRM 50G BR25 JP,Skin Care,10500.0,1312.5,145.8,18.225
80872938,1439.008,25.6965714,56,SK2 MN FT ESS 230ML HA,Skin Care,5180.2,92.5035714,216.3,3.8625
80765679,1438.69,15.1441053,95,FEBREZE FR 320MLX12 RF ALTO CLEANCTSOAP,Home Care,35968.8,378.6189474,2997.2,31.5494737
80744713,1438.5,159.8333333,9,SK2 SKINPOWER ADV CREAM 15G 1*10*24,Skin Care,14385.0,1598.3333333,59.8,6.6444444
80794402,1432.24,23.8706667,60,FEBREZE FR 320MLX12 DWNY CIT RF NJ,Home Care,35807.1,596.785,2984.2,49.7366667
80867525,1430.67,44.7084375,32,SK2 BR GUV CRM 50G BR25 JP,Skin Care,10299.6,321.8625,143.6,4.4875
80742366,1419.987,64.5448636,22,PAM S4 AMN FFU 54x2 KR PANTS CBY (DBL),Baby Care,4733.4,215.1545455,2366.7,107.5772727
82303506,1409.981,156.6645556,9,MACH3 TURBO RAZOR 2UP 1X6X6,Shave Care,7050.0,783.3333333,195.8,21.7555556
80371325,1403.902,15.2598043,92,D103.413.3 KR FAX Purple HBOX PTHBR,Oral Care,2807.5,30.5163043,468.2,5.0891304
80842285,1395.1,348.775,4,SK2 HR FT ESS 330ML SLV JP VC,Skin Care,3500.0,875.0,146.0,36.5
80724044,1381.804,15.0196087,92,OB STG4 AVENGERS IRON MAN 1CT KR,Oral Care,49705.2,540.273913,518.1,5.6315217
80818382,1377.37,24.5958929,56,SK2 BR GCC2 CRM 30G BR25 JP (Rosy),Skin Care,16535.2,295.2714286,137.6,2.4571429
81726692,1364.368,34.1092,40,BRAUN MALHRREMKP CCR4 MIX BOX KR,Appliances,3410.9,85.2725,568.6,14.215
80784032,1358.311,27.7206327,49,BRAUN SHAVER 9450cc BLK BOX KR,Appliances,1358.2,27.7183673,453.2,9.2489796
80810315,1356.663,27.13326,50,PTN SH 440MLX10 CAMELIA ATTN KR,Hair Care,7927.2,158.544,793.3,15.866
82248447,1346.488,224.4146667,6,SK2 HR FT ESS 330ML SLEEVE HA,Skin Care,3377.9,562.9833333,140.7,23.45
80737236,1339.597,669.7985,2,SK2 SKINPWR CREAM DUO SET NON HN CPL SPA,Skin Care,1256.0,628.0,62.8,31.4
80841880,1336.918,28.4450638,47,SK2 BR GIGC 50G BR25 JP,Skin Care,7915.6,168.4170213,164.9,3.5085106
80848365,1333.905,14.0411053,95,iO2 (Black+WHITE DUAL HANDLE)X 8 CP,Oral Care,1334.0,14.0421053,164.8,1.7347368
80874043,1333.825,43.0266129,31,BRAUN Shaver 52-B1200s+CC (eTraders DG),Appliances,1212.7,39.1193548,201.4,6.4967742
80784031,1330.899,27.1612041,49,BRAUN SHAVER 9457cc BLK BOX KR,Appliances,1331.1,27.1653061,444.0,9.0612245
80804842,1330.103,18.7338451,71,PRO2500 (PINK+WHITE DUAL HANDLE)X 6 CP,Oral Care,1330.0,18.7323944,221.5,3.1197183
80773621,1323.641,24.0662,55,DOWNY LFE (1.05LX3)X4 BTL BM KR R2,Fabric Care,2840.6,51.6472727,710.1,12.9109091
80693761,1323.641,24.0662,55,DOWNY LFE (1.05LX3)X4 AB KR W2,Fabric Care,2840.6,51.6472727,710.1,12.9109091
82333752,1323.641,24.0662,55,DOWNY LFE (1.05LX3)X4 BTL AB KR,Fabric Care,2840.6,51.6472727,710.1,12.9109091
82334054,1323.641,24.0662,55,DOWNY LFE (1.05LX3)X4 AB KR TESLA W2,Fabric Care,2840.6,51.6472727,710.1,12.9109091
80831271,1323.639,24.0661636,55,DOWNY LFE (1.05LX3)X4 BTL BM R3 KR,Fabric Care,2840.6,51.6472727,710.1,12.9109091
80729979,1323.399,23.632125,56,DOWNY LFE (1.05LX3)X4 AB KR W3,Fabric Care,2840.1,50.7160714,710.1,12.6803571
82328911,1323.397,23.6320893,56,DOWNY LFE (1.05LX3)X4 AB KR TESLA,Fabric Care,2840.1,50.7160714,710.1,12.6803571
80735075,1323.33,82.708125,16,OB CA XEROX VIT XVIT 40S TPLE 3X12X2 KR,Oral Care,15867.0,991.6875,661.0,41.3125
80860057,1307.919,40.8724688,32,OB Glide DP CL Floss Pick Mint 30x6x8 KR,Oral Care,78318.4,2447.45,1631.6,50.9875
80832694,1306.915,76.8773529,17,DOWNY LAU LIQ 2.9LX4 BTL Perfect J2 KR,Fabric Care,2929.5,172.3235294,732.3,43.0764706
81686066,1306.306,13.7505895,95,BRAUN MALHRREMKP 32B BLK BLISTER MN1,Appliances,13063.8,137.5136842,43.2,0.4547368
80860236,1303.823,21.3741475,61,BRAUN MALHRREMKP 75s SILV BLISTER APAC,Appliances,13038.3,213.742623,41.3,0.6770492
80796477,1296.442,185.206,7,GILLETTE (PG M 8CT+P 3CT)X12 KR HP,Shave Care,1767.6,252.5142857,147.2,21.0285714
80818383,1295.322,23.13075,56,SK2 BR GCC1 CRM 30G BR25 JP (Beige),Skin Care,15550.0,277.6785714,129.8,2.3178571
82292239,1290.75,67.9342105,19,OB HYGEIA IND GUMCARE BOX XS 3X12X2 KR,Oral Care,15495.2,815.5368421,645.7,33.9842105
80873237,1288.992,49.5766154,26,PAM XL(PB2.0 6S&OVN5.0 2S)X30 KR SAMPLE,Baby Care,29009.9,1115.7653846,966.9,37.1884615
80836449,1288.212,75.7771765,17,DOWNY LAU LIQ 1.4LX10 CRG LAV J2 KR,Fabric Care,5981.3,351.8411765,598.0,35.1764706
80765680,1270.35,13.3721053,95,FEBREZE FR 320MLX12 RF ALTO WHITE MUSK,Home Care,31759.9,334.3147368,2646.8,27.8610526
80763658,1269.638,141.0708889,9,H&S SH 1200MLX6 S&HT DIT CP KR,Hair Care,2720.2,302.2444444,453.4,50.3777778
80785244,1257.595,13.6695109,92,ORALB INTERDENTAL BCD SZ1 10X6X4 KR,Oral Care,33988.9,369.4445652,1416.0,15.3913043
80796250,1257.369,13.6670543,92,iO RB CWF-2 KR FFS Brush Set,Oral Care,12573.2,136.6652174,2096.0,22.7826087
80734703,1251.571,13.6040326,92,D103.413.3 KR 3DX Light Blue HBOX PTHBR,Oral Care,2503.3,27.2097826,417.2,4.5347826
80740664,1246.679,42.988931,29,FBRZ CAR(L&S2CT+DWN2CT)X6 CP ZIS,Home Care,4986.6,171.9517241,831.2,28.662069
80859572,1245.672,138.408,9,FBRZ FR 370MLX12 MEN COOLAQ BTL MENPX,Home Care,26933.4,2992.6,2244.6,249.4
80825357,1237.041,95.157,13,DOWNY LFE 200mlX48 RFL FRE M2 KR,Fabric Care,41812.4,3216.3384615,871.3,67.0230769
80813050,1233.709,29.3740238,42,SK2 HR FTCL 230ML CN VC,Skin Care,11423.4,271.9857143,475.9,11.3309524
80743442,1230.629,36.1949706,34,BRAUN SHAVER 72-C1200s  GOLD  BOX KR,Appliances,1230.6,36.1941176,410.0,12.0588235
80861843,1224.137,42.2116207,29,BRAUN SHAVER 9566cc SILV (COUPANG),Appliances,1224.1,42.2103448,306.0,10.5517241
80827453,1209.577,13.1475761,92,DB5.510 KR SEN BK HBOX PTHBR 1X6X2,Oral Care,7260.4,78.9173913,605.1,6.5771739
80371326,1207.768,12.8485957,94,D103.413.3 KR CRBX Black HBOX PTHBR,Oral Care,2415.6,25.6978723,402.6,4.2829787
80740663,1193.978,45.9222308,26,FBRZ CAR(L&S2CT+LV2CT)X6 CP ZIS,Home Care,4775.6,183.6769231,795.9,30.6115385
80794208,1186.001,237.2002,5,FUSION PROGLIDE POWER CRT 4 4X6X12,Shave Care,4446.9,889.38,61.7,12.34
82332345,1183.914,12.8686304,92,MOC I-TYPE FLOSS (20PX6)X18 KR ET,Oral Care,17776.5,193.2228261,987.5,10.7336957
80823419,1176.571,17.8268333,66,D505.523.3X KR CRX WT BOX PTHBR,Oral Care,2352.7,35.6469697,392.8,5.9515152
80842249,1173.679,293.41975,4,GILLETTE PG SENSITIVE GEL 170GX2X6 (Duo),Shave Care,12916.5,3229.125,2152.8,538.2
80709549,1164.059,232.8118,5,601 Gillette Labs Razor 3UP Case 1x6x4,Shave Care,4364.7,872.94,181.8,36.36
80719108,1159.685,21.4756481,54,BRAUN SHAVER 9510s  BLK  BOX KR,Appliances,1160.3,21.487037,387.1,7.1685185
80864149,1140.052,28.5013,40,FBRZ FR 370MLX12 MEN COOLAQ BTL IVE MPX,Home Care,24649.8,616.245,2054.0,51.35
80773451,1133.356,226.6712,5,601 Gillette Labs Razor 1UP 1x6x4,Shave Care,5666.8,1133.36,236.2,47.24
80840573,1124.756,31.2432222,36,GIL PS YELLOW 7BBGR 1X12X2 KR ECOM (8UP),Shave Care,1686.9,46.8583333,70.4,1.9555556
80825359,1110.0,1110.0,1,DOWNY LFE 1.35LX6 RFL MYS M2 KR,Fabric Care,5558.3,5558.3,926.4,926.4
82303809,1108.895,12.0532065,92,ORALB INTERDENTAL BCD SZ1 20X4X4 KR,Oral Care,14985.1,162.8815217,936.5,10.1793478
80797156,1105.196,26.3141905,42,BRAUN MALHRREMKP CCR8 Costco,Appliances,1381.3,32.8880952,345.4,8.2238095
80739999,1105.19,31.5768571,35,BRAUN MALHRREMKP CCR8 MIX BOX KR,Appliances,1381.3,39.4657143,345.4,9.8685714
80868092,1092.189,17.3363333,63,OB CA SUPERTHIN BOX XS 4X24 KR EM,Oral Care,9831.2,156.0507937,409.8,6.5047619
80799649,1088.994,11.4630947,95,OB MINT WAX FLOSS 4S 4X30 KR,Oral Care,4897.7,51.5547368,163.1,1.7168421
80845470,1088.296,19.7872,55,SK2 HR FTCLNSGOIL 250ML JP VC,Skin Care,9270.1,168.5472727,257.8,4.6872727
82327907,1079.267,37.2161034,29,FBRZ CARVCLIP (2.2MLX3)X8 LAV CF REG KR,Home Care,5756.3,198.4931034,719.3,24.8034483
80831269,1070.14,1070.14,1,DOWNY LFE 2.6LX6 RFL IDD pk R3 KR,Fabric Care,2782.4,2782.4,463.7,463.7
80775678,1068.444,11.6135217,92,EB25RX 2 KR FFS Brush Set,Oral Care,10685.2,116.1434783,445.3,4.8402174
80845912,1068.0,213.6,5,OB GLIDE DP CL FLOSS PICK MNT 30X6X8 KR,Oral Care,63952.1,12790.42,1332.3,266.46
80848525,1066.121,24.2300227,44,SK2 SP EYE & LFLR CREAM DUO SET TR CN,Skin Care,5331.1,121.1613636,222.0,5.0454545
80811861,1065.325,81.9480769,13,DOWNY LAU LIQ 1.0LX12 BTL BLUE J1 KR,Fabric Care,6924.3,532.6384615,577.0,44.3846154
80831297,1064.472,1064.472,1,DOWNY LFE 1.35LX6 RFL IDD gre R3 KR,Fabric Care,5330.4,5330.4,888.4,888.4
80748968,1054.074,11.4573261,92,ORAL-B STAGES 2 TWIN 2X12X4,Oral Care,18958.3,206.0684783,394.9,4.2923913
80858800,1053.003,29.2500833,36,SK2 MIX GIE50 FTE230 SET VC ASIA,Skin Care,3113.4,86.4833333,259.7,7.2138889
82333451,1050.18,80.7830769,13,ORALB MOCHYGEIA IND GUMCARE BCD6PX8KRCP,Oral Care,6296.0,484.3076923,786.9,60.5307692
80825368,1049.261,58.2922778,18,DOWNY LFE 2LX4 SBTL FRE M2 KR,Fabric Care,3546.7,197.0388889,886.7,49.2611111
80845461,1042.498,521.249,2,Gillette Proglide 12ctX12 ECOM,Shave Care,1303.0,651.5,108.5,54.25
80709551,1039.989,173.3315,6,601 Gillette Labs Razor 5UP Case 1x6x4,Shave Care,2600.0,433.3333333,108.3,18.05
80857041,1038.949,11.8062386,88,699 Gillette Labs Razor 3UP Case 1x6x4,Shave Care,3895.6,44.2681818,162.9,1.8511364
80874343,1035.452,32.357875,32,OB HYGEIA IND GUM CAR BCD XS 3X24 KR EME,Oral Care,12415.6,387.9875,517.2,16.1625
80730896,1027.418,11.167587,92,OB CROSS 35 XEROX BCD S 1X12X8 KR,Oral Care,36957.3,401.7097826,384.9,4.1836957
82327901,1014.357,34.9778276,29,FBRZ CARVCLIP (2.2MLX3)X8 DOWNY REG KR,Home Care,5410.3,186.562069,676.0,23.3103448
80874033,1013.988,63.37425,16,PAM S5 TON25 8X30 KR SAMPLE,Baby Care,22814.9,1425.93125,760.4,47.525
80826695,1013.864,10.6722526,95,H&S SH 520MLX9 ISC OY HYPE KR,Hair Care,5012.6,52.7642105,556.9,5.8621053
80755227,1000.02,100.002,10,FBRZ FR(920MLX2)X10 DWNY KR CC BB,Home Care,4347.9,434.79,434.8,43.48
80782130,995.99,52.4205263,19,PAMPERS WIPES 70X10 KR,Baby Care,9960.1,524.2157895,996.3,52.4368421
80788272,995.916,497.958,2,OB QUEEN MULTI 9x12x1 KR,Oral Care,3983.6,1991.8,332.0,166.0
80827725,994.412,10.4674947,95,H&S SH 520MLX9 PERFUME HYPE KR,Hair Care,4916.5,51.7526316,546.0,5.7473684
80826694,992.881,10.4513789,95,H&S SH 520MLX9 CM OY HYPE KR,Hair Care,4908.8,51.6715789,545.2,5.7389474
82332311,978.556,10.4101702,94,OB EMKB LITE SOFT 1CT 1X6X16 KR,Oral Care,35200.2,374.4702128,366.4,3.8978723
80820846,969.638,19.7885306,49,DOWNY LFE 3.8LX3 LG&L P3 KR,Fabric Care,1725.5,35.2142857,574.8,11.7306122
80748967,967.209,10.5131413,92,OB PH STGS TWINPK IRON MAN 7YR 2X12 KR,Oral Care,17396.1,189.0880435,1449.8,15.7586957
80873234,965.993,37.1535769,26,PAM XXL(PB2.0 6S&OVN5.0 2S)X30 KR SAMPLE,Baby Care,21740.3,836.1653846,724.4,27.8615385
80873235,965.993,37.1535769,26,PAM LG(PB2.0 6S&OVN5.0 2S)X30 KR SAMPLE,Baby Care,21740.3,836.1653846,724.4,27.8615385
80843208,958.716,479.358,2,SK2 MX BEAUTY TRAVEL KIT SPR TR JP,Skin Care,2376.0,1188.0,99.0,49.5
82292237,958.678,68.477,14,OB HYGEIA IND GNTEA BCD XS 3X12X2 KR EM,Oral Care,11494.9,821.0642857,478.9,34.2071429
80737231,958.034,479.017,2,SK2 POWER ESSENTIALS SET,Skin Care,722.7,361.35,72.3,36.15
80794207,957.747,106.4163333,9,FUSION POWER CRT 8 8X6X12,Shave Care,1795.9,199.5444444,25.1,2.7888889
80827724,952.646,10.0278526,95,H&S SH 520MLX9 LEMON HYPE KR,Hair Care,4710.0,49.5789474,522.9,5.5042105
80812118,951.822,21.6323182,44,SK2 BR GUV CRM 30G BR25 JP,Skin Care,11426.7,259.6977273,95.1,2.1613636
80795769,941.653,9.323297,101,GLT PG ULTRA (1HL+12CT)X12 KR (ECOM),Shave Care,941.6,9.3227723,78.6,0.7782178
80831287,939.188,939.188,1,DOWNY LFE 2LX4 SBTL IDD GRE R3 KR,Fabric Care,3174.5,3174.5,793.6,793.6
80840592,935.991,9.8525368,95,GIL PG ULTRA 11BBGR 1X12X2 KRCP (12UP),Shave Care,1079.7,11.3652632,45.9,0.4831579
80842287,930.597,17.8960962,52,SK2 HR  FTGCLSR 120G JP VC,Skin Care,16500.2,317.3115385,343.9,6.6134615
80870376,926.532,18.53064,50,SK2 BR GIE 50ML VS JP,Skin Care,15340.0,306.8,319.6,6.392
80746788,926.256,9.7500632,95,BRAUN SHAVER 62-B7000cc  BLU  BOX KR,Appliances,925.2,9.7389474,308.1,3.2431579
80813059,904.38,21.5328571,42,SK2 HR FLE 100G CN VC,Skin Care,7486.6,178.252381,155.9,3.7119048
80856640,893.917,24.8310278,36,SK2 MIX GIE50 FTE230 SET VC HN,Skin Care,2642.9,73.4138889,220.5,6.125
82333643,890.992,9.3788632,95,G4 (EB10-2X2 FROZEN)X24 KR ETRADERS,Oral Care,4454.7,46.8915789,186.1,1.9589474
82263305,889.36,10.8458537,82,OB UT VELVET GUMCARE CLASSIC 3X12 KR,Oral Care,10662.6,130.0317073,888.4,10.8341463
80860238,888.491,14.5654262,61,BRAUN MALHRREMKP 65b BLK BLISTER APAC,Appliances,8884.2,145.642623,27.7,0.4540984
80869886,884.947,884.947,1,DOWNY LAU (2.2Lx2)x1 perfect J2 KR Cstc,Fabric Care,1307.4,1307.4,1307.4,1307.4
80770297,882.179,9.2860947,95,D100.433.2 KR SUX WHITE BOX PTHBR CP,Oral Care,1764.3,18.5715789,294.5,3.1
80746675,868.943,25.5571471,34,FBRZ TLT (6.3MLX2)X6 A.FLWR BP,Home Care,7585.4,223.1,1264.6,37.1941176
80831478,868.239,217.05975,4,FBRZ CAR(SKY2.2MLX4+HB2.2MLX2)X12CC P2,Home Care,2315.4,578.85,192.9,48.225
80845599,867.911,17.35822,50,SK2 HR FT MSK 6P JP VC,Skin Care,4050.6,81.012,84.6,1.692
80746806,867.758,25.5222941,34,BRAUN SHAVER 52-A1200s  LGHTBLU  BOX KR,Appliances,867.7,25.5205882,289.4,8.5117647
80831275,865.771,216.44275,4,DOWNY LFE 2LX4 SBTL IDD pk R3 KR,Fabric Care,2926.4,731.6,731.6,182.9
82281111,864.141,10.5383049,82,OB CA SUPERTHIN BCD XS 1X6X16 KR,Oral Care,31084.2,379.0756098,322.0,3.9268293
81695844,864.101,9.0958,95,BRAUN PRECISION EN10  SILV  BLISTER MN,Appliances,864.0,9.0947368,143.9,1.5147368
82328939,852.904,65.608,13,OB 3DW CHARCOAL BCD S 4X12X2 KR,Oral Care,7670.0,590.0,319.5,24.5769231
82332072,842.342,15.5989259,54,OB CA COMPACT BCD S 6X15 KR CP,Oral Care,5043.7,93.4018519,335.8,6.2185185
80794293,836.631,10.8653377,77,GILLETTE PROSHIELD CHL 16CRTX12 COUPANG,Shave Care,660.5,8.5779221,55.0,0.7142857
80746627,836.391,24.5997353,34,FBRZ MTS (6.3MLX3)X6 LL&PEO BP.CP,Home Care,4867.9,143.1735294,811.4,23.8647059
80849689,827.173,8.9910109,92,MOC C-SHAPE FLOSS (30PX5)X22 KR ET,Oral Care,9906.5,107.6793478,450.0,4.8913043
80774845,826.949,26.6757742,31,FEBREZE FR 900MLX6 DWNY MYS BTL TW,Home Care,7350.6,237.116129,1225.6,39.5354839
80773456,824.302,24.2441765,34,601 Gillette Labs Razor 2UP 1x6x4,Shave Care,4121.4,121.2176471,171.8,5.0529412
80746678,822.932,24.2038824,34,FBRZ TLT (6.3MLX3)X6 AR FLW BP.B,Home Care,4789.5,140.8676471,798.3,23.4794118
80775672,817.238,8.8830217,92,EB50RX 2 KR FFS Brush Set,Oral Care,8172.2,88.8282609,340.5,3.701087
80794389,792.032,158.4064,5,DOWNY LFE 2LX4 SBTL Honolulu KR,Fabric Care,2677.1,535.42,669.3,133.86
80832697,787.364,60.5664615,13,DOWNY LAU LIQ 1.8LX6 BTL Perfect J2 KR,Fabric Care,2843.2,218.7076923,474.0,36.4615385
80834004,785.854,785.854,1,DOWNY FBEN HP GRN 480GX6 PUR BTL C1 KR,Fabric Care,7470.1,7470.1,1245.0,1245.0
80823418,765.053,11.7700462,65,D505.513.3 KR CRX PK BOX PTHBR,Oral Care,1529.9,23.5369231,255.0,3.9230769
80874035,759.012,47.43825,16,PAM S4 TON25 8X30 KR SAMPLE,Baby Care,17078.6,1067.4125,568.8,35.55
80874034,759.012,47.43825,16,PAM S6 TON25 8X30 KR SAMPLE,Baby Care,17078.6,1067.4125,568.8,35.55
81780847,754.923,7.9465579,95,BRAUN MALHRREMKP 9484pc GREY BOX KR,Appliances,7550.9,79.4831579,2517.5,26.5
80735074,754.525,58.0403846,13,OB CA XEROX VIT 35 SFT BCD 4X12X2 KR,Oral Care,6785.4,521.9538462,282.7,21.7461538
82307958,749.216,20.8115556,36,OB CA SUPERTHIN BOX XS 3X12X2 KR,Oral Care,8983.6,249.5444444,374.3,10.3972222
80774846,744.219,24.0070645,31,FEBREZE FR 320MLX12 DWNY MYS RF TW,Home Care,18605.6,600.1806452,1550.2,50.0064516
80872945,739.84,739.84,1,Emart Proshield Power (7BBGR+PG gel),Shave Care,1146.3,1146.3,95.5,95.5
80816632,737.625,122.9375,6,GILLETTE (PS P 1UP+6CT)X12 KR BBGR,Shave Care,1229.5,204.9166667,102.3,17.05
80788966,735.446,7.9939783,92,EB18pRX 2 KR FFS Brush Set,Oral Care,7355.1,79.9467391,306.3,3.3293478
80814722,735.031,7.9894674,92,iOG3.1A6.0 KR WT HiBox PTHBR,Oral Care,1470.0,15.9782609,244.9,2.6619565
80746670,715.119,21.0329118,34,FBRZ TLT 6.3MLX6 A.FLWR BP,Home Care,12487.7,367.2852941,2081.4,61.2176471
80811860,710.36,54.6430769,13,DOWNY LAU LIQ 1.9LX6 BTL LAV J1 KR,Fabric Care,2430.2,186.9384615,405.1,31.1615385
82271464,702.28,9.0035897,78,OB HYGEIA IND GNTEA BCD XS 3X12 KR EM,Oral Care,8421.1,107.9628205,700.7,8.9833333
80871145,701.857,12.7610364,55,SK2 HR MDME 50ML JP VC,Skin Care,11620.6,211.2836364,145.9,2.6527273
80356067,693.359,7.5365109,92,EB20CH 2 KR FFS Brush Set,Oral Care,6933.6,75.3652174,577.5,6.2771739
80877854,692.945,11.9473276,58,D103.413.3 KR SUX Mint Green HBOX PTHBR,Oral Care,1385.8,23.8931034,231.0,3.9827586
80868096,686.727,10.0989265,68,OB QUEEN MULTI BCD 6CT 6X24 KR EM,Oral Care,4120.0,60.5882353,171.9,2.5279412
80774842,680.925,21.9653226,31,FBRZ FRPLUS (370MLX3) DWNY MYS BTL TW CP,Home Care,4905.8,158.2516129,4905.8,158.2516129
80831479,680.508,340.254,2,FBRZ CAR(SKY2.2MLX4+DW2.2MLX2)X12CC P2,Home Care,1814.6,907.3,151.2,75.6
80770789,676.704,8.4588,80,GIL SKINTECH CRT 2CT 2X10,Shave Care,5078.1,63.47625,507.4,6.3425
80842208,674.175,7.2491935,93,OB ULTRATHIN GRNTEA 1X12X8,Oral Care,24250.4,260.7569892,252.7,2.7172043
80831336,670.035,134.007,5,601 Gil Labs Razor 5UP White Case 1x6x4,Shave Care,1675.1,335.02,69.7,13.94
82329124,666.227,12.1132182,55,SK2 HR FT CL 10ML RM 1X10X80,Skin Care,141750.2,2577.2763636,176.9,3.2163636
80774953,663.491,132.6982,5,DOWNY LAU LIQ 3.2L X 4 CRG ZERO SP BD KR,Fabric Care,1347.8,269.56,336.9,67.38
80771063,657.008,9.0001096,73,D505.523.3X KR CR WT BOX PTHBR,Oral Care,1314.0,18.0,219.2,3.0027397
80697922,655.435,327.7175,2,SK2 FT MASK DELUXE SET TR NON HN,Skin Care,917.7,458.85,91.7,45.85
82292236,651.917,50.1474615,13,OB UT VELVET GUMCARE CLASSIC 3X12X2 KR,Oral Care,7816.7,601.2846154,325.6,25.0461538
80799058,649.531,20.9526129,31,FBRZ FR DWNY MYS(370MLX3)X8 ET TW I&O,Home Care,4681.3,151.0096774,584.8,18.8645161
82328937,648.755,49.9042308,13,OB EXPERT GUM RCH BCD 3X12X2 KR,Oral Care,7778.6,598.3538462,324.3,24.9461538
80845462,635.673,13.5249574,47,GLT PG Sports Foam 245GX2X6 CP(Duo pack),Shave Care,4854.6,103.2893617,808.9,17.2106383
80843152,632.421,7.4402471,85,BRAUN MALHRREMKP 83M SILV BLISTER MN1,Appliances,6323.7,74.3964706,19.7,0.2317647
80770292,617.129,6.2972347,98,D103.433.3 KR SUXMNTGREEN BOX PTHB CP,Oral Care,1233.1,12.5826531,204.3,2.0846939
80864467,600.0,37.5,16,FBRZ FR 920MLX2 DWNYIDD CC NJIO,Home Care,2609.1,163.06875,2609.1,163.06875
80729903,600.0,37.5,16,FEBREZE FR 640MLX12 LAV RF BB CP,Home Care,7499.7,468.73125,624.6,39.0375
80745844,600.0,37.5,16,FEBR FR 320MLX12 KR MEN CIT&W RF BB,Home Care,15000.3,937.51875,1250.0,78.125
80745845,600.0,37.5,16,FEBREZE FR 370MLX12 KR MEN CIT&W BTL BB,Home Care,12973.4,810.8375,1081.3,67.58125
80369388,596.768,6.2817684,95,D700.513.5X KR CR WT BOX PTHBR,Oral Care,1193.6,12.5642105,198.7,2.0915789
80797938,596.473,6.2786632,95,iO S2.1D9.0 KR SBF BK HiBOX PTHBR,Oral Care,1193.2,12.56,199.2,2.0968421
80356518,595.628,6.4742174,92,iOM8.2I1.1BC KR WT SLBox PTHBR,Oral Care,1191.4,12.95,397.3,4.3184783
80771065,594.373,8.3714507,71,D505.513.3 KR CR PK BOX PTHBR,Oral Care,1188.7,16.7422535,197.9,2.7873239
80794222,591.326,6.4274565,92,GILLETTE PG ULTRA 8CTX6X12 (ECOM),Shave Care,1108.5,12.048913,15.7,0.1706522
80834005,591.241,295.6205,2,DOWNY FBEN HP GRN 480GX6 CHR BTL C1 KR,Fabric Care,5620.2,2810.1,936.7,468.35
80777213,587.166,83.8808571,7,Gillette Voyager Labs 12ct X24 Ecom,Shave Care,733.7,104.8142857,30.5,4.3571429
80788992,583.309,6.3403152,92,EB60X 6 KR PAPERPACK Brush Set 6x6x2,Oral Care,1944.9,21.1402174,162.2,1.7630435
80796474,580.492,116.0984,5,GILLETTE PROSHIELD YELLOW CART 11CTX12,Shave Care,791.5,158.3,65.9,13.18
80793509,576.807,576.807,1,PTN (ROT SSC 220MLX3+SH SDC 90ML)X8 ATTN,Hair Care,1977.3,1977.3,247.2,247.2
80746666,573.539,16.8687941,34,FBRZ MTS 6.3MLX6 WT&LLY BP,Home Care,10015.3,294.5676471,1669.3,49.0970588
80840169,572.985,143.24625,4,SK2 HR FT MSK 10P,Skin Care,1605.0,401.25,66.9,16.725
80794292,569.668,10.9551538,52,GIL SHAVE PACK (PG P 1UP+11CT)X12 CP,Shave Care,610.3,11.7365385,50.9,0.9788462
81744545,559.804,111.9608,5,BRAUN SHAVER 9465cc GREY BOX KR,Appliances,559.8,111.96,186.5,37.3
80734090,555.407,5.8463895,95,EB10S 2K APAC FFS Brush Set FROZEN,Oral Care,5554.2,58.4652632,463.0,4.8736842
80817221,554.079,5.8324105,95,POC (Smart7000 + EB20RX-2p)x 6 ET,Oral Care,923.9,9.7252632,152.7,1.6073684
81766141,551.0,5.8,95,BRAUN MALHRREMKP 20MB BLK BLISTER KR,Appliances,5510.6,58.0063158,16.5,0.1736842
82303798,549.617,11.2166735,49,OB CA SPRTHIN BCD XS 1X6X16 KR,Oral Care,19770.8,403.4857143,205.9,4.2020408
80787284,546.402,16.0706471,34,BRAUN SHAVER 62-G7200CC GREY  BOX KR,Appliances,546.8,16.0823529,182.7,5.3735294
80777750,545.408,12.3956364,44,SK2 AA SP EYE & LFLR CRM 15G CN,Skin Care,5453.8,123.95,151.8,3.45
80786395,544.82,544.82,1,GLT VOYAGER LABS 10ctX6X4 Hyper,Shave Care,817.4,817.4,34.1,34.1
80888510,541.454,11.7707391,46,SK2 BR GCC GR CRM 30G BR25 JP,Skin Care,6499.4,141.2913043,55.0,1.1956522
80796241,539.018,5.8588913,92,iO RB SWF-2 KR FFS Brush Set,Oral Care,5390.7,58.5945652,898.4,9.7652174
80889239,533.54,6.5065854,82,EB10S 8 KR FFS Brush Set SPIDERMAN,Oral Care,1333.3,16.2597561,55.9,0.6817073
81702839,528.407,5.5621789,95,BRAUN MALHRREMKP 0-CS  BLK  BOX APAC 2,Appliances,5285.0,55.6315789,59.3,0.6242105
80839839,525.31,131.3275,4,H&S SHM Adv Itchy 300MLx2 + DC 90MLx2,Hair Care,2251.0,562.75,187.6,46.9
80871152,524.21,14.5613889,36,SK2 AA SP RE-NEW CREAM 2.5G KR CMTZ,Skin Care,31389.6,871.9333333,25.8,0.7166667
80764777,520.613,14.4614722,36,SK2 LP UP CRM 50G EXP NK 1*1*36,Skin Care,1561.8,43.3833333,43.3,1.2027778
80840166,513.54,128.385,4,SK2 HR FT CL 230ML HA,Skin Care,4755.0,1188.75,198.0,49.5
80743446,509.012,13.0515897,39,BRAUN SHAVER 52-B7000cc  BLU  BOX KR,Appliances,508.5,13.0384615,169.8,4.3538462
80770293,502.081,5.1232755,98,D103.433.3 KR FAX Purple BOX PTHBR CP,Oral Care,1004.1,10.2459184,166.6,1.7
80776162,501.0,10.4375,48,SK2 AA SP RE-NEW CREAM 2.5G JP,Skin Care,29999.4,624.9875,24.8,0.5166667
80779913,494.508,164.836,3,DOWNY LFE (1.05LX3)X4 BTL CV M1 KR,Fabric Care,1061.2,353.7333333,265.3,88.4333333
80709926,492.306,18.9348462,26,OB QUEEN MULTI BCD 3X12X2 KR,Oral Care,5902.9,227.0346154,245.8,9.4538462
80777216,489.548,81.5913333,6,Gillette Voyager Labs 16ct X24 Ecom,Shave Care,458.9,76.4833333,19.1,3.1833333
80784937,489.251,8.8954727,55,SK2 LP UP CRM 15G RM2 NK,Skin Care,4893.0,88.9636364,20.7,0.3763636
80709550,489.0,48.9,10,601 Gillette Labs Razor 5UP 1x6x4,Shave Care,1222.6,122.26,51.0,5.1
80840590,488.706,4.5673458,107,GIL PG ULTRA 8CT 8X6X12 KR ECOM,Shave Care,916.4,8.564486,12.8,0.1196262
80772630,487.14,6.1663291,79,FUSION PROGLIDE 8CT MNL 8X10,Shave Care,913.4,11.5620253,91.4,1.156962
80831270,482.876,160.9586667,3,DOWNY LFE 1.35LX6 RFL IDD pk R3 KR,Fabric Care,2418.0,806.0,403.0,134.3333333
82299242,482.307,96.4614,5,SK2 WH DERM RVVL MSK 10P KR,Skin Care,1351.0,270.2,56.4,11.28
80842284,480.531,12.6455526,38,SK2 HR FTCL 160ML JP VC,Skin Care,6390.1,168.1605263,199.7,5.2552632
80807665,478.532,5.2014348,92,iOM9.2I1.1AD KR AQ iBox PTHBR,Oral Care,957.0,10.4021739,319.2,3.4695652
82314544,475.108,5.794,82,ORALB MOC CA CHARCOAL BCD 6PX8 KR CP,Oral Care,2849.1,34.745122,355.1,4.3304878
82332165,475.084,5.7937073,82,ORALB MOC CA CHARCOAL BCD 6PX8 KR CP,Oral Care,2849.1,34.745122,355.1,4.3304878
80848823,472.31,10.7343182,44,SK2 SP RNW ESS DUO SET TR CN,Skin Care,3910.3,88.8704545,163.5,3.7159091
80860065,469.15,7.5669355,62,OB ANGLED INTERDENTAL PICK 18X6X8 KR,Oral Care,46915.0,756.6935484,977.3,15.7629032
80878111,467.744,8.9950769,52,SK2 HR FTCL 160ML VC JP,Skin Care,6220.4,119.6230769,222.6,4.2807692
81570018,461.145,10.2476667,45,BRAUN SHAVER 310 BLK/BLU BOX KR,Appliances,461.0,10.2444444,77.0,1.7111111
80748972,458.817,4.9871413,92,ORALB STG3 FROZEN(TWIN) (2X12X6) KR RE,Oral Care,8252.6,89.7021739,114.6,1.2456522
82332344,456.188,228.094,2,MOC C-SHAPE FLOSS (30PX5)X22 KR ET,Oral Care,5463.4,2731.7,248.4,124.2
80830521,453.73,25.2072222,18,GLT(PG MNL 1up+6ct+Skintech gel)X6 EM,Shave Care,695.7,38.65,115.7,6.4277778
82327913,453.54,18.8975,24,FBRZ CARVCLIP(2.2MLX2)X6 COOL AQ REG KR,Home Care,3628.2,151.175,605.0,25.2083333
80719126,451.599,13.6848182,33,BRAUN SHAVER 9569cc  GOLD  BOX KR,Appliances,451.7,13.6878788,150.6,4.5636364
80808593,446.436,89.2872,5,601 Gillette Labs Razor Neon 1UP 1x6x4,Shave Care,2232.2,446.44,93.0,18.6
80858629,434.594,12.7821765,34,SK2 BR GIE 75ML VS PITERA JP,Skin Care,4796.8,141.0823529,119.3,3.5088235
82292234,432.696,432.696,1,OB ULTRATHIN PRO GUM CARE 6X12X2 KR,Oral Care,2594.1,2594.1,108.1,108.1
82327909,425.747,17.02988,25,FBRZ CARVCLIP(2.2MLX2)X6 FR HERB REG KR,Home Care,3405.9,136.236,568.2,22.728
80833956,423.194,423.194,1,DOWNY LFE 4.1LX4 RFL MYS KR New,Fabric Care,697.8,697.8,174.4,174.4
80804371,422.731,9.6075227,44,SK2 BR GIE 50ML BR25 JP,Skin Care,6998.5,159.0568182,145.9,3.3159091
80719109,421.789,84.3578,5,BRAUN SHAVER 9515s  GREY  BOX KR,Appliances,421.6,84.32,140.4,28.08
80780794,417.487,83.4974,5,FBRZ FRPLUS (370MLX3) FRSH ARM BTL TW CP,Home Care,3007.7,601.54,3007.7,601.54
80840161,416.76,138.92,3,SK-II PITERA Full Line Set(SP advanced),Skin Care,4600.0,1533.3333333,766.7,255.5666667
80807674,405.306,22.517,18,iOM7.2J2.2BC KR BK iBox PTHBR,Oral Care,810.8,45.0444444,270.4,15.0222222
80372551,400.61,4.2169474,95,iOG3.1A6.0 KR IG iBox PTHBR,Oral Care,800.0,8.4210526,267.3,2.8136842
80746681,398.86,11.7311765,34,FBRZ MTS (6.3MLX2)X6 LL&PEO BP KR,Home Care,3481.8,102.4058824,580.4,17.0705882
80794307,398.074,398.074,1,GIL PG (M2UPX1+4CTX3)X6 MIXED KR,Shave Care,398.0,398.0,66.3,66.3
80839451,397.311,66.2185,6,SK2 SKINPOWER ADV CREAM 80G,Skin Care,745.0,124.1666667,20.5,3.4166667
80742742,395.91,79.182,5,OB GLIDE 3DW PLUS SCOPE 35M 1X6X8 KR RRP,Oral Care,10151.6,2030.32,211.6,42.32
80796483,392.235,78.447,5,GILLETTE PROSHIELD CHILL CART 11CTX12,Shave Care,534.7,106.94,44.6,8.92
80797750,389.426,97.3565,4,DOWNY LFE 200mlX48 RFL LG&L P1 KR,Fabric Care,13162.8,3290.7,274.2,68.55
80832149,387.991,8.6220222,45,DOWNY LFE 2.6LX6 RFL IDD GR QDY2 KR,Fabric Care,1009.0,22.4222222,168.0,3.7333333
80808089,385.184,48.148,8,SK2 MIX GIE50 FTE230 BR25 TR ASIA,Skin Care,1139.0,142.375,94.8,11.85
80872665,381.718,7.2022264,53,SK2 BR GIGC 50ML BR25 JP,Skin Care,2259.8,42.6377358,47.6,0.8981132
80735935,377.128,6.8568727,55,SK2 HR FT GENTL CLEANSER 20G 1*240,Skin Care,40120.0,729.4545455,167.5,3.0454545
82330909,365.334,3.9710217,92,OB ANGLED INTERDENTAL PICK 18X6X8 KR RRP,Oral Care,36533.4,397.1021739,761.3,8.275
80734089,365.122,3.8433895,95,EB10S 2K APAC FFS Brush Set SPIDERMAN,Oral Care,3651.8,38.44,304.0,3.2
80719110,360.567,6.6771667,54,BRAUN SHAVER 9517s  SILV  BOX KR,Appliances,360.8,6.6814815,120.8,2.237037
80371324,356.005,3.7872872,94,D103.413.3 KR SUX Mint Green HBOX PTHBR,Oral Care,712.2,7.5765957,118.8,1.2638298
82333823,354.659,6.4483455,55,SK2 AA 3D REDEFG MSK 6P RM 1X2X18,Skin Care,1654.6,30.0836364,45.9,0.8345455
80832701,353.889,27.2222308,13,DOWNY LAU LIQ 1.4LX10 CRG perfect J2 KR,Fabric Care,1643.1,126.3923077,164.1,12.6230769
80794410,350.165,70.033,5,FBRZ FRPLUS(370MLX3) DWNY AF NJ CP BD,Home Care,2522.9,504.58,2522.9,504.58
80874291,348.881,5.9132373,59,D103.433.3 KR CRBX BLACK BOX PTHBR CP,Oral Care,697.8,11.8271186,116.5,1.9745763
80807676,344.011,6.1430536,56,iOM8.2I1.1BC KR WT iBox PTHBR,Oral Care,688.4,12.2928571,229.9,4.1053571
80809345,342.388,4.5651733,75,BRAUN MALHRREMKP 9586-SCC BLK BOX KR,Appliances,3425.0,45.6666667,1142.5,15.2333333
80818380,340.976,6.1995636,55,SK2 BR GIE 10ML BR25 JP,Skin Care,28180.0,512.3636364,70.8,1.2872727
80748969,335.873,3.6507935,92,ORAL-B STAGES 1 TWIN 2X12X4 TC KR,Oral Care,6040.6,65.6586957,125.7,1.3663043
80746677,334.351,6.8234898,49,FBRZ MTS (6.3MLX2)X6 WT&LLY BP,Home Care,2918.6,59.5632653,486.4,9.9265306
80813060,332.887,7.3974889,45,SK2 HR FTCLNSGOIL 250ML CN VC,Skin Care,2835.2,63.0044444,78.6,1.7466667
80742034,328.559,23.4685,14,OB Ortho 35 Sft BCd,Oral Care,11818.6,844.1857143,123.2,8.8
82332579,324.64,64.928,5,OB MINT WAX FLOSS 4S 4X30 KR,Oral Care,1459.6,291.92,48.7,9.74
80881648,320.202,6.40404,50,SK2 SPX LXP CRM 30G KR,Skin Care,1601.2,32.024,66.6,1.332
80785715,313.005,7.11375,44,SK2 BR GSE DUO BR25 TR ASIA,Skin Care,2590.9,58.8840909,108.3,2.4613636
80748941,312.144,3.3928696,92,ORAL-B CX PE JR TWIN IRON MAN 2X12X6 TC,Oral Care,5614.7,61.0293478,77.9,0.8467391
80808594,311.859,62.3718,5,601 Gillette Labs Razor White 1UP 1x6x4,Shave Care,1559.3,311.86,65.0,13.0
82331956,310.817,6.3432041,49,MOC EXPERT9000 (1PX8)X12 KR CP,Oral Care,1397.1,28.5122449,116.1,2.3693878
80841653,309.316,77.329,4,DOWNY LFE 200mlX48 RFL IDD pk H1 KR,Fabric Care,10455.0,2613.75,217.8,54.45
80772631,307.936,3.3839121,91,FUSION PROGLIDE BASE 4CT 4X10,Shave Care,1154.5,12.6868132,115.4,1.2681319
80889238,306.913,3.7428415,82,EB10S 8 KR FFS Brush Set FROZEN,Oral Care,766.7,9.35,32.1,0.3914634
80795571,298.95,298.95,1,SK2 HR FT ESS 330ML SLEEVE HA,Skin Care,750.0,750.0,31.3,31.3
80733153,295.243,5.5706226,53,601GilletteLabsShaveFoam240ml1x6(CM),Shave Care,4603.6,86.8603774,767.1,14.4735849
80788973,294.76,3.1027368,95,EB20RX 2 KR FFS Brush Set,Oral Care,2948.2,31.0336842,122.7,1.2915789
80784936,290.241,5.2771091,55,SK2 LP UP ESS 30ML HA,Skin Care,8017.2,145.7672727,33.4,0.6072727
80719121,287.769,35.971125,8,BRAUN SHAVER 9586cc  SILVMET  BOX KR,Appliances,288.0,36.0,96.2,12.025
81686112,286.281,5.4015283,53,BRAUN MALHRREMKP 83M SILV BLISTER MN1,Appliances,2862.5,54.009434,8.8,0.1660377
80746676,280.961,8.2635588,34,FBRZ MTS 6.3MLX6 LL&PEO BP,Home Care,4906.0,144.2941176,817.6,24.0470588
80794409,278.881,55.7762,5,FBRZ FRPLUS(880MLX2) DWNY AF NJ CP BD,Home Care,1267.7,253.54,1267.7,253.54
80823704,274.579,274.579,1,TIDE LAU LIQ 200MLX48 PCH POWClean KR,Fabric Care,8924.0,8924.0,185.9,185.9
80770294,267.608,7.4335556,36,D103.433.3 KR CRBX BLACK BOX PTHBR CP,Oral Care,535.4,14.8722222,89.4,2.4833333
80724045,266.383,3.3297875,80,OB STGS FROZEN2 5 7YR S BCD KR RE,Oral Care,9582.5,119.78125,99.6,1.245
80719127,263.512,52.7024,5,BRAUN SHAVER 9519s  GOLD  BOX KR,Appliances,263.5,52.7,87.7,17.54
80787283,260.92,7.6741176,34,BRAUN SHAVER 62-S1000s  SILV  BOX KR,Appliances,260.8,7.6705882,87.1,2.5617647
82250048,258.04,32.255,8,SK2 WH CELL DEEP SURGE EX 50G HA,Skin Care,1527.7,190.9625,31.7,3.9625
80794210,255.75,51.15,5,FUSION PROGLIDE POWER CRT 8 8X6X12,Shave Care,479.6,95.92,6.6,1.32
80796475,251.872,41.9786667,6,GILLETTE (PG M 1UP+5CT)X12 KR BBGR,Shave Care,472.2,78.7,39.3,6.55
80776649,249.052,124.526,2,SK2 AA SP RE-NEW CREAM 80G KR TS,Skin Care,467.0,233.5,13.0,6.5
80840168,248.848,62.212,4,SK2 HR FT LIFT EMULSN 100G,Skin Care,2060.0,515.0,42.9,10.725
80694383,244.539,122.2695,2,SK2 HR FT ESS 250ML SLEEVE CML,Skin Care,810.0,405.0,25.3,12.65
80794220,243.401,27.0445556,9,FUSION PROSHIELD CHILL CRT 8 8X6X12,Shave Care,456.2,50.6888889,6.2,0.6888889
80757668,242.736,48.5472,5,FBRZ FRPLUS(370MLX3) LAV BB CP BD,Home Care,1748.7,349.74,1748.7,349.74
80717953,241.857,9.67428,25,FUSION PROGLIDE BASE 4CT 4X6X12 (PX),Shave Care,906.8,36.272,12.7,0.508
80811792,238.583,59.64575,4,PAM S4 TON 8X30 KR PANTS CBY SAMPLE,Baby Care,5369.4,1342.35,178.9,44.725
80719119,237.148,47.4296,5,BRAUN SHAVER 9567cc  SILV  BOX KR,Appliances,237.2,47.44,79.1,15.82
82333455,235.122,18.0863077,13,ORALB MOC CA CHARCOAL BCD 6PX8 KR CP,Oral Care,1409.7,108.4384615,176.2,13.5538462
82330911,231.385,2.5150543,92,OB INTERDENTAL PICK 20X6X8 KR RRP,Oral Care,20844.9,226.575,433.7,4.7141304
80697767,228.512,228.512,1,H&S SH 80MLX48 ISC TRIAL LGC KR,Hair Care,7343.7,7343.7,153.0,153.0
80807670,222.707,12.3726111,18,iOM7.1A1.1B KR WT iBox PTHBR,Oral Care,445.4,24.7444444,148.6,8.2555556
82311072,221.516,2.4077826,92,OB STGS FROZEN2 5 7YR S BCD KR RE,Oral Care,7968.5,86.6141304,82.9,0.901087
80812502,220.721,220.721,1,DOWNY LFE (1.05LX3)X4 BTL IDD pk R3 KR,Fabric Care,473.7,473.7,118.4,118.4
80826688,219.289,54.82225,4,H&S SH 800MLX6 ROOTSTR HYPE KR,Hair Care,704.9,176.225,117.4,29.35
80735076,219.266,16.8666154,13,OB CA XEROX VIT 35S TRIPLE 3X12X2 KR,Oral Care,2629.2,202.2461538,109.4,8.4153846
82301026,217.258,108.629,2,SK2 HR FT MSK 10P SLEEVE,Skin Care,608.4,304.2,25.3,12.65
80709548,216.75,43.35,5,601 Gillette Labs Razor 2UP 1x6x4,Shave Care,1083.7,216.74,45.2,9.04
80797762,216.577,216.577,1,DOWNY LFE 200mlX48 RFL MB P1 KR,Fabric Care,7320.4,7320.4,152.5,152.5
80845466,214.292,5.3573,40,SK2 BR WSDRMSK 6P JP VC,Skin Care,999.6,24.99,20.2,0.505
80823937,213.742,9.2931304,23,SK2 MIX SPX LXP TR GWP SET 3PC JP,Skin Care,1952.1,84.873913,81.7,3.5521739
80706143,213.58,6.4721212,33,BRAUN ETRADERS S6+0 CC NEW LISTING,Appliances,194.0,5.8787879,32.3,0.9787879
80825795,213.579,6.8896452,31,BRAUN SHAVER 9566cc+ PC bundle,Appliances,194.0,6.2580645,64.7,2.0870968
80825796,213.578,7.3647586,29,BRAUN SHAVER 9569cc+ PC bundle,Appliances,194.0,6.6896552,64.7,2.2310345
82306637,212.068,2.305087,92,OB ANGLED INTERDENTAL PICK 18X6X8 KR,Oral Care,21206.8,230.5086957,441.9,4.8032609
80771061,211.066,211.066,1,D305.523.3 KR CR WT BOX PTHBR,Oral Care,422.1,422.1,70.4,70.4
80872939,210.194,3.7534643,56,SK2 MN FT ESS 160ML HA,Skin Care,1087.2,19.4142857,38.5,0.6875
80696469,209.952,104.976,2,SK2 SKINPOWER ADV AIRY CREAM 80G,Skin Care,393.7,196.85,11.0,5.5
80727758,205.229,102.6145,2,OB EMKB LITE SOFT 10CT 10X10 KR,Oral Care,738.3,369.15,73.8,36.9
80839452,204.978,34.163,6,SK2 SKINPOWER ADV CREAM 50G,Skin Care,615.0,102.5,12.7,2.1166667
80811793,204.708,51.177,4,PAM S5 TON 8X30 KR PANTS CBY SAMPLE,Baby Care,4607.0,1151.75,153.6,38.4
80726149,203.712,7.5448889,27,OB QUEEN MULTI BCD 6CT 6X16 KR,Oral Care,1222.0,45.2592593,76.3,2.8259259
82322037,203.263,203.263,1,SK2 HR FT ESS 30ML HA 1*240,Skin Care,5615.0,5615.0,23.4,23.4
80811794,201.109,50.27725,4,PAM S6 TON 8X30 KR PANTS CBY SAMPLE,Baby Care,4525.0,1131.25,150.8,37.7
82318740,200.0,12.5,16,FBRZ CARVCLIP (2.2MLX3)X8 SKY BR VRSH KR,Home Care,1067.0,66.6875,133.2,8.325
82318718,200.0,12.5,16,FBRZ CARVCLIP (2.2MLX3)X8 DOWNY VRSH KR,Home Care,1067.0,66.6875,133.2,8.325
82318724,200.0,12.5,16,FBRZ CARVCLIP (2.2MLX3)X8 LAV CF VRSH KR,Home Care,1067.0,66.6875,133.2,8.325
82300416,199.999,12.4999375,16,FEBRZ CARVCLIP (2.2MLX3)X8 DOWNY 3CO,Home Care,1067.0,66.6875,133.2,8.325
82300414,199.999,12.4999375,16,FEBRZ CARVCLIP (2.2MLX3)X8 SKY BRZ 3CO,Home Care,1067.0,66.6875,133.2,8.325
82300415,199.999,12.4999375,16,FEBRZ CARVCLIP (2.2MLX3)X8 LAV CMFT 3CO,Home Care,1067.0,66.6875,133.2,8.325
80872940,197.835,3.5327679,56,SK2 MN FT ESS 75ML HA,Skin Care,2182.9,38.9803571,46.3,0.8267857
80696669,195.235,21.6927778,9,SK2 SKINPOWER ADV CREAM 80G,Skin Care,366.1,40.6777778,10.2,1.1333333
80741143,192.11,10.6727778,18,SK2 LXP UP CRM 50G EXP RM2 NK,Skin Care,576.3,32.0166667,16.1,0.8944444
80719106,191.491,2.0156947,95,BRAUN SHAVER 8560cc  BLK  BOX KR,Appliances,191.3,2.0136842,63.8,0.6715789
80771981,191.491,2.0156947,95,BRAUN SHAVER 8560cc BLK X5 KR COSTCO,Appliances,191.3,2.0136842,38.1,0.4010526
80841650,190.887,95.4435,2,DOWNY LFE 200mlX48 RFL IDD BM H1 KR,Fabric Care,6452.1,3226.05,134.4,67.2
80804364,186.92,18.692,10,SK2 BR GIE 75ML BR25 JP,Skin Care,2063.0,206.3,51.6,5.16
80860060,186.325,3.2125,58,OB INTERDENTAL PICK 20X6X8 KR,Oral Care,16785.9,289.412069,349.3,6.0224138
80875515,185.256,9.7503158,19,PRO2500 (PINK+WHITE DUAL HANDLE)X 6 CP,Oral Care,185.3,9.7526316,30.8,1.6210526
81770210,184.81,36.962,5,BRAUN SHAVER 51-M1000s MIN KR,Appliances,184.7,36.94,61.6,12.32
80697590,184.339,184.339,1,SK2 PITERA DELUXE HYDRATING NON HN,Skin Care,363.9,363.9,45.5,45.5
80838291,183.614,3.5310385,52,SK2 AA SP RE-NEW ESS 50ML KR,Skin Care,3039.4,58.45,64.4,1.2384615
80842250,181.374,181.374,1,GILLETTE PG SENSITIVE GEL 170GX4X10 (CC),Shave Care,998.0,998.0,99.8,99.8
80778456,180.992,36.1984,5,DOWNY LAU LIQ 1.9LX6 BTL ZERO SP BD,Fabric Care,619.1,123.82,103.2,20.64
80794299,179.023,2.2377875,80,GILLETTE (FUSE M 1UP+7CT)X12 KR ECOM,Shave Care,268.5,3.35625,22.4,0.28
80770295,178.991,1.8264388,98,D100.433.2 KR CRX BLACK BOX PTHBR CP,Oral Care,356.9,3.6418367,58.8,0.6
80702386,177.781,88.8905,2,OB EMKB LITE SOFT 96CT 96X1 KR,Oral Care,66.7,33.35,66.7,33.35
80735934,177.77,17.777,10,SK2 WH CELL DEEP SURGE EX 50G HA 1*2*24,Skin Care,1052.5,105.25,22.0,2.2
80776662,173.681,4.236122,41,SK2 AA SP EYE & LFLR CRM 2.5G JP,Skin Care,10400.2,253.6634146,9.0,0.2195122
80813057,172.986,9.6103333,18,SK2 HR MDME 50ML VC JP,Skin Care,2864.0,159.1111111,35.8,1.9888889
80715703,171.064,85.532,2,SK2 HR FT GENTL CLEANSER 120G RM,Skin Care,3033.0,1516.5,63.2,31.6
80796476,170.491,42.62275,4,GILLETTE (FUSE FLEX M 1UP+5CT)X12KR BBGR,Shave Care,319.6,79.9,26.6,6.65
80733152,168.361,1.7910745,94,GILLETTE VOYAGER POME 1up,Shave Care,843.8,8.9765957,13.0,0.1382979
80820170,167.414,55.8046667,3,GIL(PG PWR 1UP+11CT+FORM245G)X6KRHP,Shave Care,167.6,55.8666667,28.0,9.3333333
80871151,166.405,4.6223611,36,SK2 AA SP RE-NEW ESS 50ML KR CMTZ,Skin Care,2754.6,76.5166667,58.2,1.6166667
80735451,164.604,164.604,1,SK-II ESSENTIAL TRAVEL KIT NON HN SPA,Skin Care,1032.0,1032.0,25.8,25.8
80866499,162.425,3.3147959,49,SK2 BR GASE 50ML BR26 JP,Skin Care,2688.9,54.8755102,56.0,1.1428571
81697112,161.69,1.702,95,BRAUN MALHRREMKP 06-BDT BLK BOX MN1,Appliances,1617.0,17.0210526,18.1,0.1905263
80828640,161.559,80.7795,2,FUSION POWER CRT 8 8X6X12,Shave Care,302.9,151.45,4.3,2.15
80709679,157.479,78.7395,2,601 Gillette Labs Shave Gel 198ml 1x6,Shave Care,2976.0,1488.0,496.0,248.0
80830236,155.997,38.99925,4,PAM S5(ToN SUM25 6S&OVN5 2S)X30 KR SAMPL,Baby Care,3510.0,877.5,117.0,29.25
80881645,155.288,3.10576,50,SK2 SPX LXP ESS 150ML KR,Skin Care,856.4,17.128,57.0,1.14
80706962,151.306,4.2029444,36,SK2 LP UP ESS 150ML HA 1*1*24,Skin Care,834.9,23.1916667,35.2,0.9777778
80845460,150.871,75.4355,2,Gillette Proshield Yellow 12ctX12 ECOM,Shave Care,188.6,94.3,15.7,7.85
80797697,149.684,3.4019091,44,SK2 SPX LXP AOK COLLECTION SET JP,Skin Care,183.8,4.1772727,45.4,1.0318182
80778184,146.936,3.3394545,44,SK2 SPX LXP CRM 80G,Skin Care,275.3,6.2568182,22.9,0.5204545
80794398,145.062,29.0124,5,FBRZ FRPLUS(370MLX3) DWNY IDD NJ CP BD,Home Care,1045.1,209.02,1045.1,209.02
80818381,136.258,2.4774182,55,SK2 BR GIE 0.7MLx3 BR25 JP,Skin Care,54503.2,990.9672727,65.0,1.1818182
80748340,132.881,3.9082647,34,BRAUN MALHRREMKP 64b BLK BLISTER MN1,Appliances,1329.1,39.0911765,3.8,0.1117647
82318037,131.876,1.4334348,92,OB INTERDENTAL PICK 20X6X8 KR,Oral Care,11880.7,129.1380435,247.6,2.6913043
82300095,131.824,8.7882667,15,SK2 WH DERM RVVL MSK 6P KR,Skin Care,616.0,41.0666667,12.5,0.8333333
82324617,131.49,26.298,5,GIL SKINTECH CRT 2CT 2X6X12,Shave Care,986.4,197.28,13.7,2.74
80837437,128.883,128.883,1,PTN LOT (140MLX2)X12 SDC ATTN COSTCO,Hair Care,920.6,920.6,76.7,76.7
80730679,127.947,4.5695357,28,BRAUN MALHRREMKP 9585-SCC  BLK  BOX KR,Appliances,1279.2,45.6857143,426.4,15.2285714
80739347,126.909,63.4545,2,SK2 Best Seller Trial Kit New,Skin Care,1400.7,700.35,58.4,29.2
80830243,122.972,30.743,4,PAM S6(ToN SUM25 6S&OVN5 2S)X30 KR SAMPL,Baby Care,2767.0,691.75,92.2,23.05
82330008,120.007,7.5004375,16,FEBREZE FR 320MLX12 KR MEN RF REG,Home Care,3000.2,187.5125,249.8,15.6125
82328163,119.999,7.4999375,16,FEBREZE FR 320MLX12 KR MEN RF CASS,Home Care,2999.9,187.49375,249.8,15.6125
82313806,119.998,7.499875,16,FEBREZE FR 320MLX12 KR MEN RF ELIXIR CC,Home Care,2999.9,187.49375,249.8,15.6125
80698273,119.998,7.499875,16,FEBREZE FR 320MLX12 KR MEN RF JINRO,Home Care,3000.0,187.5,249.8,15.6125
81747627,119.392,23.8784,5,BRAUN SHAVER 9469CC GOLD BOX KR,Appliances,119.6,23.92,39.9,7.98
80832711,117.419,117.419,1,DOWNY LAU LIQ 200MLX48 PCH IDD J2 KR,Fabric Care,3816.2,3816.2,79.5,79.5
80839840,117.217,29.30425,4,H&S SHM Oil Control 300MLx2 + DC 90MLx2,Hair Care,502.3,125.575,41.8,10.45
80839454,115.62,28.905,4,SK2 HR FT GENTL CLEANSER 120G,Skin Care,2050.0,512.5,42.7,10.675
80696670,115.465,57.7325,2,SK2 SKINPOWER ADV CREAM 100G,Skin Care,173.2,86.6,4.8,2.4
80734081,115.274,115.274,1,EB20RX 4 KR FFS Brush Set,Oral Care,576.4,576.4,48.0,48.0
80774838,113.372,22.6744,5,FBRZ FRPLUS (880MLX2) FRSH ARM BTL TW CP,Home Care,515.3,103.06,515.3,103.06
80776643,112.311,2.6740714,42,SK2 AA SP RE-NEW CREAM 50G CN,Skin Care,337.2,8.0285714,7.0,0.1666667
80872941,109.704,1.9946182,55,SK2 MN MSTR CLEANSER 120G HA,Skin Care,1944.8,35.36,39.6,0.72
80870375,108.236,2.4599091,44,SK2 BR GIE 30ML VS JP,Skin Care,2989.6,67.9454545,62.6,1.4227273
80777746,108.236,2.5770476,42,SK2 AA SP RE-NEW AIRY CRM 50G CN,Skin Care,324.8,7.7333333,6.9,0.1642857
80840160,108.192,27.048,4,SK2 HR FT ESS 160ML KR,Skin Care,560.0,140.0,19.9,4.975
80830244,107.511,26.87775,4,PAM S4(ToN SUM25 6S&OVN5 2S)X30 KR SAMPL,Baby Care,2419.0,604.75,80.6,20.15
80788699,105.363,2.3414,45,SK2 WH ATMOS AIRY LT UV SPF50 CRM N 30G,Skin Care,1264.8,28.1066667,10.5,0.2333333
80771062,105.077,105.077,1,D305.523.3 KR CR TQ BOX PTHBR,Oral Care,210.2,210.2,35.0,35.0
80707006,103.786,51.893,2,PRG SNSGEL SHVP170G PURESPT 1X6 KR (PX),Shave Care,2284.3,1142.15,380.8,190.4
80799321,102.798,102.798,1,FBRZ AE(165GX3)X6 DWNY ET BB,Home Care,685.3,685.3,114.2,114.2
80797747,101.421,101.421,1,DOWNY LFE 200mlX48 RFL WT&L P1 KR,Fabric Care,3428.1,3428.1,71.4,71.4
80881646,101.0,2.02,50,SK2 SPX LXP EYE CRM 15G KR,Skin Care,1009.8,20.196,41.8,0.836
80719107,100.841,20.1682,5,BRAUN SHAVER 8567cc  SILV  BOX KR,Appliances,101.0,20.2,33.7,6.74
80791890,100.0,20.0,5,D103K FROZEN (D103K+EB10S-2)X12 CC,Oral Care,166.8,33.36,14.0,2.8
80791889,100.0,20.0,5,D103K SPIDERMAN (D103K+EB10S-2)X12 CC,Oral Care,166.8,33.36,14.0,2.8
80705251,99.997,6.2498125,16,FBRZ CAR(L&S2CT+LV2CT)X6 CP ZIS,Home Care,399.8,24.9875,66.6,4.1625
82293557,99.995,6.2496875,16,FBRZ (JAGUAR L&S2CT+LAVENDER2CT)X14KR CP,Home Care,399.8,24.9875,28.7,1.79375
82319129,99.995,6.2496875,16,FBRZ JAGUAR(L&S2CT+LVNDR2CT)X14 CP(RT),Home Care,399.8,24.9875,28.7,1.79375
82298676,99.995,6.2496875,16,FBRZ (JAGUAR L&S2CT+LVNDR2CT)X14GEN CP,Home Care,399.8,24.9875,28.7,1.79375
82330937,99.995,6.2496875,16,FBRZ CAR(L&S2CT+LV2CT)X14 CPREG,Home Care,399.8,24.9875,28.7,1.79375
80866758,98.196,2.2317273,44,SK2 AA SP RE-NEW ESS 50ML ND CN,Skin Care,1625.4,36.9409091,33.9,0.7704545
80751083,97.388,1.2327595,79,BRAUN SHAVER 9579cc  GOLD  BOX KR,Appliances,97.5,1.2341772,32.8,0.4151899
80772621,97.262,7.4816923,13,FUSION PROSHIELD CHILL CART 4CT 4X10,Shave Care,364.7,28.0538462,36.5,2.8076923
80767218,96.45,96.45,1,SK-II FY2324 Heritage SET,Skin Care,250.0,250.0,31.3,31.3
80875317,93.444,23.361,4,PAM S6 POOBAO 8X30 KR PANTS XQ SAMPLE,Baby Care,2102.7,525.675,70.2,17.55
80881644,93.097,2.4499211,38,SK2 SPX LXP CRM 1GX2 JP,Skin Care,6999.8,184.2052632,23.9,0.6289474
80735073,92.666,46.333,2,OB CA XEROX VIT 35 SFT BCD 1X12X8 KR,Oral Care,3333.4,1666.7,34.8,17.4
81747508,90.5,18.1,5,BRAUN SHAVER 8457cc SILV BOX KR,Appliances,90.4,18.08,30.1,6.02
82299230,87.74,17.548,5,SK2 FT MSK 6P HA,Skin Care,410.0,82.0,8.6,1.72
80875316,86.438,21.6095,4,PAM S5 POOBAO 8X30 KR PANTS XQ SAMPLE,Baby Care,1944.9,486.225,64.7,16.175
80687334,86.086,43.043,2,SK2 HR FT CL 230ML RM GSPL,Skin Care,797.1,398.55,33.2,16.6
80764776,85.0,9.4444444,9,SK2 LP UP EYE CR 15G HA 1*2*36,Skin Care,850.0,94.4444444,11.8,1.3111111
80356517,84.275,0.9160326,92,iOM6.1A6.1K KR WT SLBox PTHBR,Oral Care,168.5,1.8315217,56.5,0.6141304
80719120,81.058,10.13225,8,BRAUN SHAVER 9580cc  BLK  BOX KR,Appliances,80.9,10.1125,26.9,3.3625
81697101,80.49,2.683,30,BRAUN MALHRREMKP 73S SILV BLISTER MN1,Appliances,804.7,26.8233333,2.6,0.0866667
80755272,80.134,40.067,2,FBRZ FR 370MLX12 KR MEN PX BB,Home Care,1732.6,866.3,144.4,72.2
82329125,79.595,26.5316667,3,SK2 HR FT CL 30ML RM 1X5X48,Skin Care,5645.0,1881.6666667,23.5,7.8333333
80778190,79.58,1.8086364,44,SK2 SPX LXP EYE CRM 15G,Skin Care,795.9,18.0886364,33.5,0.7613636
80807860,79.532,19.883,4,PAM LG(BP3.0 6S&OVN4.0 2S)X30 KR SAMPLE,Baby Care,1789.9,447.475,59.6,14.9
81570019,78.794,1.9218049,41,BRAUN MALHRREMKP 21B BLK BLISTER MN1,Appliances,787.8,19.2146341,2.6,0.0634146
80846029,77.609,77.609,1,DOWNY LFE 1LX12 BTL LG&L F3 KR,Fabric Care,524.7,524.7,43.7,43.7
80881642,76.967,2.9602692,26,SK2 SPX LXP CRM 8G,Skin Care,1444.1,55.5423077,13.8,0.5307692
80881643,75.448,2.286303,33,SK2 SPX LXP ESS 30ML,Skin Care,2084.0,63.1515152,38.5,1.1666667
82330932,75.014,4.688375,16,FBRZ CAR(L&S2CT+DWN2CT)X14 CP REG,Home Care,300.0,18.75,21.4,1.3375
82298680,75.014,4.688375,16,FBRZ JAGUAR(L&S2CT+DWN2CT)X14KR (GEN) CP,Home Care,300.0,18.75,21.4,1.3375
82286981,75.014,4.688375,16,FBRZ JAGUAR (L&S 2ML + DWN 2ML)X14 KR,Home Care,300.0,18.75,21.4,1.3375
82287964,75.014,4.688375,16,FBRZ JAGUAR(L&S2ML+DWN2ML)X14KR (LIMO),Home Care,300.0,18.75,21.4,1.3375
82319130,75.014,4.688375,16,FBRZ JAGUAR(L&S2CT+DWN2CT)X14 CP(RT),Home Care,300.0,18.75,21.4,1.3375
80705250,74.993,4.6870625,16,FBRZ CAR(L&S2CT+DWN2CT)X6 CP ZIS,Home Care,300.0,18.75,50.4,3.15
80799061,74.99,4.686875,16,FBRZ CAR(SKY2.2MLX4+SP2.2MLX2)X12CC P1,Home Care,342.9,21.43125,28.7,1.79375
80830235,73.782,18.4455,4,PAM XL(SUM25 6S&OVN5 2S)x30 KR SAMPLE,Baby Care,1660.2,415.05,55.3,13.825
80737233,73.686,36.843,2,SK2 SKINPOWER CREAM & EYE CRM SET NON HN,Skin Care,116.3,58.15,4.9,2.45
80711661,72.0,72.0,1,SK2 SKINPOWER EYE CREAM DUO SET non-HN,Skin Care,360.0,360.0,15.0,15.0
80881647,71.996,2.181697,33,SK2 SPX LXP CRM 1GX6 JP,Skin Care,1800.4,54.5575758,18.0,0.5454545
81697130,71.663,2.86652,25,BRAUN MALHRREMKP 0-CC BLK BOX KR,Appliances,716.5,28.66,238.7,9.548
82310473,69.558,34.779,2,SK2 HR FT LIFT EMULSN 100G EXP SA,Skin Care,575.8,287.9,12.0,6.0
80725997,66.783,0.7338791,91,D103.433.3 KR FAX PL HBOX PTHBR CP,Oral Care,133.6,1.4681319,22.4,0.2461538
80726150,66.666,66.666,1,OB QUEEN MULTI BCD 8CT 8X12 KR,Oral Care,300.0,300.0,25.0,25.0
80753493,66.12,33.06,2,VENUS SUGARBERRY 2UP OY SUMMER PACK,Shave Care,330.6,165.3,55.2,27.6
80845596,64.626,1.29252,50,SK2 HR FTOIL 50ML JP VC,Skin Care,1069.2,21.384,22.0,0.44
81761494,64.129,64.129,1,BRAUN SHAVER 9466cc  SILVMET  BOX KR,Appliances,64.1,64.1,21.4,21.4
80778198,63.673,1.4471136,44,SK2 SPX LXP ESS 150ML,Skin Care,351.1,7.9795455,23.2,0.5272727
80706960,61.425,61.425,1,SK2 HR FT CLSNG OIL 250ML HA 1*2*18,Skin Care,525.0,525.0,14.6,14.6
80807861,61.194,15.2985,4,PAM XL(BP3.0 6S&OVN4.0 2S)X30 KR SAMPLE,Baby Care,1377.2,344.3,45.9,11.475
80763720,60.464,1.6795556,36,SK2 LXP ULTIMATE PERFECTING SERUM 50ML,Skin Care,1000.9,27.8027778,20.7,0.575
80845597,58.648,1.2749565,46,SK2 HR FTRC 30ML JP VC,Skin Care,1620.0,35.2173913,34.4,0.7478261
80783662,58.197,11.6394,5,DOWNY LAU LIQ 1.4L X 6 CRG ZERO SP KR,Fabric Care,270.2,54.04,45.1,9.02
82315120,57.069,28.5345,2,OB ULTRATHIN GREEN TEA (1X12X8)X1 ECOM,Oral Care,21.4,10.7,21.4,10.7
80830234,56.928,14.232,4,PAM LG(SUM25 6S&OVN5 2S)x30 KR SAMPLE,Baby Care,1281.0,320.25,42.7,10.675
80725996,56.86,28.43,2,D103.433.3 KR CRBX BK HBOX PTHBR CP,Oral Care,113.8,56.9,19.0,9.5
80726127,55.64,27.82,2,OB CROSS PROHLTH 35S 3X12X2 KR,Oral Care,667.2,333.6,27.8,13.9
80770296,55.02,0.5614286,98,D100.433.2 KR FAX BLUE BOX PTHBR CP,Oral Care,108.9,1.1112245,16.7,0.1704082
80783663,53.942,10.7884,5,DOWNY LAU LIQ 1.8LX6 BTL ZERO SP KR,Fabric Care,194.8,38.96,32.5,6.5
80810316,53.906,13.4765,4,PTN CN 440MLX10 CAMELIA ATTN KR,Hair Care,315.1,78.775,31.4,7.85
80731712,53.784,13.446,4,,,0.0,,0.0,
80694385,53.565,53.565,1,SK2 HR FT MSK 10P SLEEVE CML,Skin Care,150.0,150.0,6.3,6.3
80881650,52.61,1.0522,50,SK2 SPX LXP SERUM 50ML NK KR,Skin Care,870.4,17.408,20.6,0.412
80867116,52.2,1.45,36,SK2 SPX LXP CRM 30G KR,Skin Care,261.4,7.2611111,10.6,0.2944444
80830241,51.302,12.8255,4,PAM XXL(SUM25 6S&OVN5 2S)x30 KR SAMPLE,Baby Care,1154.2,288.55,38.5,9.625
80825737,51.231,25.6155,2,TIDE LAU LIQ 3.7LX3 BTL POWCL CM Re,Fabric Care,90.0,45.0,30.0,15.0
80794290,50.825,10.165,5,GILLETTE PROGLIDE POWER 16CRTX12 ECOM,Shave Care,40.1,8.02,3.3,0.66
80797694,50.042,1.1373182,44,SK2 SPX LXP CRM & EYE CRM SET JP,Skin Care,78.6,1.7863636,19.9,0.4522727
80818377,49.884,4.157,12,SK2 BR GIE 30ML BR25 JP,Skin Care,1378.0,114.8333333,28.8,2.4
81387979,49.285,1.2637179,39,70S MULTI SILVER BLS CASSETTE,Appliances,492.8,12.6358974,1.3,0.0333333
81625457,49.283,1.0485745,47,BRAUN MALHRREMKP 70S SILV BLISTER MN1,Appliances,492.8,10.4851064,1.3,0.0276596
82324899,49.275,2.053125,24,BRAUN MALHRREMKP 70S SILV BLISTER MN1,Appliances,492.8,20.5333333,1.3,0.0541667
82258040,46.156,2.88475,16,FEBREZE AIRFR 370MLX12 BTL KR MEN 17,Home Care,997.8,62.3625,83.6,5.225
82292291,46.156,2.88475,16,FEBREZE AIRFR 370MLX12 KR MEN BTL ELIXIR,Home Care,997.8,62.3625,83.6,5.225
82275264,46.156,2.88475,16,FEBREZE AIRFR 370MLX12 BTL KR MEN REMO,Home Care,997.8,62.3625,83.6,5.225
82305437,46.156,2.88475,16,FEBREZE FR 370MLX12 KR MEN BTL ELIX P2,Home Care,997.8,62.3625,83.6,5.225
82289180,46.156,2.88475,16,FEBREZE AIRFR 370MLX12 KR MEN BTL JAN19,Home Care,997.8,62.3625,83.6,5.225
82269054,46.156,2.88475,16,FEBREZE AIRFR 370MLX12 BTL KR MEN KREACH,Home Care,997.8,62.3625,83.6,5.225
82328364,46.155,2.8846875,16,FEBREZE FR 360MLX12 MEN HERB BTL CASS CP,Home Care,1025.8,64.1125,85.2,5.325
82245028,46.155,2.8846875,16,FEBREZE AIRFR 370MLX12 KR MEN 16,Home Care,997.8,62.3625,83.6,5.225
82226236,46.154,2.884625,16,FEBREZE AIRFR 370MLX12 KR MEN,Home Care,997.8,62.3625,83.6,5.225
82330009,46.15,2.884375,16,FEBREZE FR 370MLX12 KR MEN BTL REG,Home Care,997.8,62.3625,83.6,5.225
82328359,46.15,2.884375,16,FEBREZE FR 370MLX12 KR MEN BTL CASS,Home Care,997.8,62.3625,83.6,5.225
80698272,46.15,2.884375,16,FEBREZE FR 370MLX12 KR MEN BTL JINRO,Home Care,997.8,62.3625,83.6,5.225
81770208,45.741,5.717625,8,BRAUN SHAVER 51-R1000s RED KR,Appliances,45.6,5.7,15.3,1.9125
80842450,43.348,43.348,1,DOWNY LFE (4LX2)X1 BTL IDD green KR shp,Fabric Care,36.6,36.6,36.6,36.6
80888506,41.651,8.3302,5,SK2 BR GCC GR CRM 30G BR25 JP TS,Skin Care,500.0,100.0,4.0,0.8
80813345,40.824,40.824,1,Gillette (PS P 1up+3ct+70G Gel)X6 OY KR,Shave Care,102.1,102.1,17.0,17.0
80818379,40.166,6.6943333,6,SK2 BR GIE 50ML BR25 JP,Skin Care,665.0,110.8333333,13.9,2.3166667
81770212,38.71,38.71,1,BRAUN SHAVER 51-B1200s BLU KR,Appliances,38.7,38.7,12.9,12.9
80811902,38.128,38.128,1,DOWNY LAU LIQ 1.0LX12 BTL IDD gre J1 KR,Fabric Care,247.8,247.8,20.7,20.7
81697102,37.963,1.5817917,24,BRAUN MALHRREMKP 53B BLK BLISTER MN1,Appliances,379.5,15.8125,1.3,0.0541667
80756896,37.814,18.907,2,VENUS FOR PUBIC HAIR OY PACK(2UP+GEL)X6,Shave Care,150.0,75.0,25.0,12.5
80840170,37.5,6.25,6,SK-II SKINPOWER EYE CREAM 15G,Skin Care,375.0,62.5,5.1,0.85
80763474,37.398,18.699,2,DOWNY LFE (4LX2)X1 BTL IDD gre S KR R1,Fabric Care,31.6,15.8,31.6,15.8
82317523,37.042,18.521,2,OB ULTRATHIN COMPACT SOFT 6X12 KR,Oral Care,222.0,111.0,18.6,9.3
82292230,36.805,18.4025,2,OB ULTRATHIN PRO DEEP CLEAN 4X12X2 KR,Oral Care,331.0,165.5,13.8,6.9
80741135,36.119,2.0066111,18,SK2 LXP UP SRM 50ML RM2 NK,Skin Care,597.9,33.2166667,12.4,0.6888889
80842254,36.011,18.0055,2,GILLETTE PG SENSITIVE GEL 170GX3X12 (CP),Shave Care,264.2,132.1,22.0,11.0
80702385,35.285,35.285,1,OB EMKB LITE SOFT 8CT 8X12 KR,Oral Care,158.8,158.8,13.2,13.2
80840162,34.968,8.742,4,SK2 HR FT CL 160ML,Skin Care,465.0,116.25,16.6,4.15
82247656,33.462,33.462,1,SK2 HR FT CLSNG OIL 250ML HA,Skin Care,286.0,286.0,7.9,7.9
80759693,33.38,2.3842857,14,D701.513.6X KR CRX RG BOX PTHBR,Oral Care,66.7,4.7642857,11.1,0.7928571
80799063,32.0,32.0,1,FBRZ FR(920MLX2)X10 DWNYIDD KR CC,Home Care,139.1,139.1,13.9,13.9
82249905,31.292,1.7384444,18,SK2 LP UP ESS 150ML HA,Skin Care,172.6,9.5888889,7.2,0.4
80825794,30.581,30.581,1,BRAUN SHAVER 9565cc+ PC Bundle,Appliances,27.8,27.8,9.3,9.3
80840297,30.452,30.452,1,BRAUN SHAVER 94PS  SILV  BOX MN1 KR,Appliances,304.5,304.5,3.4,3.4
80816629,29.869,5.9738,5,GILLETTE (PG P 1UP+4CT)X12 KR BBGR,Shave Care,64.0,12.8,5.3,1.06
80794303,29.727,14.8635,2,GIL SHAVE PACK (FUSE M 1UP+11CT)X12 CP,Shave Care,31.9,15.95,2.6,1.3
80816509,29.646,0.6737727,44,SK2 BR GSE 50ML BR25 JP,Skin Care,490.8,11.1545455,10.3,0.2340909
80838290,28.768,0.5532308,52,SK2 AA SP RE-NEW ESS 30ML KR,Skin Care,794.4,15.2769231,16.4,0.3153846
80752460,28.518,14.259,2,DOWNY LFE 1.6LX6 RFL LG&SL KR BD PX,Fabric Care,120.4,60.2,20.0,10.0
80752459,28.17,14.085,2,DOWNY LFE 1.6LX6 RFL MYS KR BD PX,Fabric Care,119.0,59.5,19.8,9.9
81770219,26.667,26.667,1,BRAUN SHAVER 51-M4300cs MIN KR,Appliances,26.7,26.7,8.9,8.9
80744716,26.666,13.333,2,SK2 SKINPOWER ADV CREAM 80G KR 1*2*18,Skin Care,50.0,25.0,1.4,0.7
80784545,25.05,4.175,6,SK2 LP UP CRM 2.5G RM2 NK,Skin Care,1500.0,250.0,1.2,0.2
80807859,24.665,6.16625,4,PAM XXL(BP3.0 6S&OVN4.0 2S)X30 KR SAMPLE,Baby Care,555.1,138.775,18.4,4.6
80845471,23.375,2.5972222,9,SK2 BR GSE 50ML BR25 JP,Skin Care,387.0,43.0,7.8,0.8666667
80793978,23.186,23.186,1,Gillette Labs Foam 240mlX2X6 (Duo pack),Shave Care,180.8,180.8,30.1,30.1
80849852,22.695,1.7457692,13,EB10S 8 KR FFS Brush Set SPIDERMAN,Oral Care,57.0,4.3846154,2.3,0.1769231
80838500,22.288,11.144,2,SK2 AA SP RE-NEW ESS 50ML KR TS,Skin Care,369.0,184.5,7.6,3.8
80767261,22.17,22.17,1,SK-II FY2324 50G prepack 1*50,Skin Care,100.0,100.0,3.3,3.3
80849034,21.291,7.097,3,SK-II PITERA Ultimate Aura Set(GIE),Skin Care,235.0,78.3333333,11.9,3.9666667
82322009,20.006,0.5264737,38,BRAUN MALHRREMKP 83M SILV BLISTER MN1,Appliances,199.8,5.2578947,0.5,0.0131579
81666147,20.006,0.3390847,59,BRAUN MALHRREMKP 83M SILV BLISTER MN1,Appliances,199.8,3.3864407,0.5,0.0084746
80808124,19.866,0.4515,44,SK2 SPX LXP SERUM 50ML NK,Skin Care,328.7,7.4704545,8.0,0.1818182
80690469,19.824,9.912,2,FUS PRGLIDE MNL RZR FLEX TMR 1X6X6,Shave Care,99.2,49.6,2.8,1.4
80871147,19.546,0.5429444,36,SK2 AA SP RE-NEW ESS 30ML KR CMTZ,Skin Care,540.0,15.0,10.8,0.3
80826936,19.374,0.3725769,52,SK2 BR GCC RS CRM 0.7G BR25 JP,Skin Care,10197.4,196.1038462,2.2,0.0423077
80826937,19.374,0.3725769,52,SK2 BR GCC BG CRM 0.7G BR25 JP,Skin Care,10197.4,196.1038462,2.2,0.0423077
80706965,19.08,2.12,9,SK2 HR FT REPAIRC 30ML HA 1*2*24,Skin Care,530.0,58.8888889,10.9,1.2111111
82303801,17.856,4.464,4,OB ULTRATHIN GRNTEA 1X12X8,Oral Care,642.3,160.575,6.7,1.675
80867117,16.368,1.1691429,14,SK2 SPX LXP ESS 150ML KR,Skin Care,90.2,6.4428571,6.0,0.4285714
81770249,15.677,15.677,1,BRAUN SHAVER 71-S7320cc SILV KR,Appliances,15.7,15.7,5.2,5.2
81651204,15.484,15.484,1,BRAUN MALHRREMKP 10B BLK BLISTER CN KR,Appliances,154.8,154.8,0.5,0.5
82303808,15.36,3.072,5,ORALB INTERDENTAL BCD SZ1 10X6X4 KR,Oral Care,415.2,83.04,17.2,3.44
80799060,15.293,15.293,1,FBRZ CAR(SKY2.2MLX4+LV2.2MLX2)X12CC P1,Home Care,69.9,69.9,5.8,5.8
80738687,15.293,15.293,1,FBRZ CAR(SKY2.2MLX4+LV2.2MLX2)X12CC ZIS,Home Care,69.9,69.9,5.8,5.8
82333997,15.293,15.293,1,FBRZ CAR(SKYL2.2MLX4+LV2.2MLX2)X7CC 1H22,Home Care,40.8,40.8,5.8,5.8
82315128,15.293,15.293,1,FEBRZCR(SKYLIN2.2MLX4+LVND2.2MLX2)X7KRCC,Home Care,40.8,40.8,5.8,5.8
80729397,15.293,15.293,1,FBRZ CAR(SKYL2.2MLX4+DW2.2MLX2)X7CC 2H22,Home Care,40.8,40.8,5.8,5.8
82330930,15.293,15.293,1,FBRZ CAR(SKYL2.2MLX4+LV2.2MLX2)X7CCO REG,Home Care,40.8,40.8,5.8,5.8
80780381,15.291,15.291,1,FBRZ CAR(SKY2.2MLX4+DW2.2MLX2)X12CC P1,Home Care,40.8,40.8,3.4,3.4
80784518,14.73,1.6366667,9,SK2 LP UP ESS 10ML HA,Skin Care,1217.5,135.2777778,1.8,0.2
80784519,14.52,2.42,6,SK2 LXP FC SRM ULT 10ML RM2 NK,Skin Care,1200.0,200.0,1.8,0.3
82333775,14.142,14.142,1,GILLETTE (PG FOAM 245GX3+HYDRA70G)X6KRCP,Shave Care,72.0,72.0,12.0,12.0
80724346,14.0,14.0,1,SK-II SKINPOWER EYE CREAM 15G CML,Skin Care,140.0,140.0,1.9,1.9
80772391,13.982,6.991,2,PAM S4 ToN SUM 46x3 KR PANTS CBY (DBL),Baby Care,54.7,27.35,18.2,9.1
80857563,13.774,2.2956667,6,Gillette Venus white tea 10BBGR,Shave Care,19.3,3.2166667,1.0,0.1666667
80719463,13.628,1.0483077,13,OB CA ECO BCD 3X12X2 KR,Oral Care,163.3,12.5615385,6.8,0.5230769
80848654,13.524,2.7048,5,ORAL-B FLOSS PICKS 75CTx4 KR Costco,Oral Care,81.1,16.22,5.3,1.06
80849853,13.054,1.0041538,13,EB10S 8 KR FFS Brush Set FROZEN,Oral Care,32.9,2.5307692,1.2,0.0923077
80719118,12.819,2.5638,5,BRAUN SHAVER 8563cc  GREY  BOX KR,Appliances,12.8,2.56,4.4,0.88
82288801,12.736,0.1553171,82,OB CA CHARCOAL BCD S 1X6X16 KR,Oral Care,457.5,5.5792683,4.2,0.0512195
80744712,12.525,12.525,1,SK2 SKINPOWER ADV CREAM 2.5G 1*10*120,Skin Care,750.0,750.0,0.6,0.6
80726128,12.41,0.9546154,13,OB CROSS PROHLTH 35 BCD S 1X12X8 KR,Oral Care,446.4,34.3384615,4.6,0.3538462
80772389,12.386,6.193,2,PAM S6 ToN SUM 32x3 KR PANTS CBY (SS),Baby Care,69.7,34.85,23.2,11.6
80881649,12.203,0.3697879,33,SK2 SPX LXP EYE CRM 3G,Skin Care,610.7,18.5060606,5.8,0.1757576
80867114,11.036,0.7882857,14,SK2 SPX LXP EYE CRM 15G KR,Skin Care,110.6,7.9,4.6,0.3285714
81768981,10.954,0.4564167,24,BRAUN MALHRREMKP 9484pc GREY BOX KR,Appliances,109.4,4.5583333,36.3,1.5125
80866498,10.854,0.2359565,46,SK2 BR GASE 30ML BR26 JP,Skin Care,300.0,6.5217391,6.2,0.1347826
80816631,9.975,2.49375,4,GILLETTE (PS P 1UP+4CT)X12 KR BBGR,Shave Care,21.4,5.35,1.8,0.45
80831293,9.866,4.933,2,DOWNY LFE 200mlX48 RFL LG&L P2 KR,Fabric Care,333.5,166.75,7.0,3.5
80826938,9.692,0.1863846,52,SK2 BR GUV CRM 0.7G BR25 JP,Skin Care,5100.8,98.0923077,0.0,0.0
80767260,9.06,4.53,2,SK-II PITERA Ultimate Aura Set,Skin Care,100.0,50.0,5.0,2.5
80696668,9.022,4.511,2,SK2 SKINPOWER ADV CREAM 50G,Skin Care,27.0,13.5,0.6,0.3
80767283,8.974,0.1909362,47,GILLETTE PG PWR (1UP+7CT)X16 KR ET,Shave Care,12.3,0.2617021,0.0,0.0
80696468,8.847,4.4235,2,SK2 SKINPOWER ADV AIRY CREAM 50G,Skin Care,26.6,13.3,0.6,0.3
82318916,8.536,4.268,2,SK2 WH GENOPTICS SPOT ESS 50ML RM GSPL,Skin Care,141.3,70.65,3.0,1.5
80783190,8.25,0.825,10,SK2 LP UP EYE CR 0.5G RM2 HA,Skin Care,2500.0,250.0,1.0,0.1
81483730,8.025,0.2168919,37,32B  MN1 BLK BCD MALHRREMKP,Appliances,80.2,2.1675676,0.4,0.0108108
80794300,8.0,4.0,2,GILLETTE SKINGUARD 10CRTX12,Shave Care,12.0,6.0,1.0,0.5
80858986,7.671,7.671,1,SK2 HR MDME 50ML VC JP NFS,Skin Care,127.0,127.0,1.6,1.6
80744715,6.666,6.666,1,SK2 SKINPOWER ADV CREAM 50G KR 1*2*24,Skin Care,20.0,20.0,0.4,0.4
80735933,6.04,6.04,1,SK2 WH GENOPTICS SPOT ESS 50ML HA 1*2*24,Skin Care,100.0,100.0,2.1,2.1
80738334,5.819,0.3062632,19,PRO2500 (PINK+WHITE DUAL HANDLE)X 6 CP,Oral Care,5.6,0.2947368,1.5,0.0789474
82333840,5.817,0.3061579,19,PRO2500 (PINK+WHITE DUAL HANDLE)X 6 CP,Oral Care,5.6,0.2947368,1.5,0.0789474
80867115,5.796,0.414,14,SK2 SPX LXP SERUM 50ML NK KR,Skin Care,96.0,6.8571429,2.2,0.1571429
80845465,5.683,0.6314444,9,SK2 BR GSE 30ML BR25 JP,Skin Care,157.0,17.4444444,3.2,0.3555556
80797695,5.622,0.3123333,18,SK2 SPX LXP EYE CRM DUO SET JP,Skin Care,28.2,1.5666667,2.1,0.1166667
80756196,5.602,2.801,2,CAP 2 KR BRUSH SET,Oral Care,56.0,28.0,2.4,1.2
80794211,5.288,2.644,2,GIL SKINTECH MNL CRT 8 8X6X12,Shave Care,9.9,4.95,0.1,0.05
80794297,5.2,2.6,2,GILLETTE SKINGUARD 10CRTX12 COUPANG,Shave Care,6.0,3.0,0.4,0.2
82314001,5.01,5.01,1,SK-II SKINPOWER EYE CREAM 2.5G 1*10*120,Skin Care,300.0,300.0,0.3,0.3
80745247,4.974,2.487,2,OB ORTHO BRUSH 1X12X8,Oral Care,179.0,89.5,1.8,0.9
80764293,4.848,2.424,2,DB5.010 KR PC WT BL HBOX PTHBR 1X6X2,Oral Care,29.0,14.5,2.4,1.2
80794298,4.601,2.3005,2,PROSHIELD YELLOW 10CRTX12 ECOM,Shave Care,6.9,3.45,0.6,0.3
80356659,4.5,4.5,1,iOM6.2I6.1K KR WT SLBox PTHBR,Oral Care,9.0,9.0,3.0,3.0
80824174,4.466,4.466,1,BRAUN SHAVER 9565cc Travel Pack,Appliances,2.2,2.2,1.1,1.1
82300092,3.624,3.624,1,SK2 HR FT OIL 50ML HA,Skin Care,60.0,60.0,1.3,1.3
80794302,3.0,1.5,2,GILLETTE PROGLIDE MNL 10CRTX12 COUPANG,Shave Care,3.0,1.5,0.2,0.1
80785711,2.807,1.4035,2,SK2 AA SP ESS 50ml AKA JP,Skin Care,46.4,23.2,1.0,0.5
80704061,2.803,0.1475263,19,OH0300.1 KR OX030WT TE BOX MTB 1X4X6 KR,Oral Care,33.8,1.7789474,1.7,0.0894737
82314312,2.118,0.1629231,13,OB CA CHARCOAL BCD S 1X6X16 KR,Oral Care,76.0,5.8461538,0.9,0.0692308
80704060,2.013,0.1059474,19,OH0300.1 KR OX010WT LL BOX MTB 1X4X6 KR,Oral Care,24.2,1.2736842,0.7,0.0368421
81747478,2.0,2.0,1,BRAUN SHAVER 8410s BLK BOX KR,Appliances,2.0,2.0,0.7,0.7
80809387,1.999,0.0768846,26,BRAUN SHAVER 8667cc SILV BOX KR,Appliances,2.0,0.0769231,0.8,0.0307692
80795754,1.963,0.6543333,3,SK2 AA SP ESS 50ml AKA KR,Skin Care,32.5,10.8333333,0.7,0.2333333
80795753,1.629,0.3258,5,SK2 AA SP ESS 30ml AKA KR,Skin Care,45.0,9.0,0.9,0.18
80711662,1.208,1.208,1,SK2 SKINPOWER ESSENCE DUO SET non-HN,Skin Care,10.0,10.0,0.4,0.4
80770787,0.932,0.466,2,556 GIL SKINGUARD MNL CRT 8CT  8X10,Shave Care,1.7,0.85,0.2,0.1
82323067,0.5,0.5,1,SK2 LXP EYE CRM 15G RM,Skin Care,5.0,5.0,0.1,0.1
81747653,0.333,0.333,1,BRAUN SHAVER 9477cc SILV BOX KR,Appliances,0.3,0.3,0.1,0.1
80826679,0.218,0.218,1,H&S SH 1200MLX6 CM HYPE CP KR,Hair Care,0.5,0.5,0.1,0.1
80843947,0.061,0.061,1,GLT Labs (1up+2ctx3+Stand)X12KR (SON3.0),Shave Care,0.1,0.1,0.0,0.0
80748973,0.059,0.0295,2,OB STAGES 2 1X12X8,Oral Care,2.1,1.05,0.0,0.0
80833707,0.025,0.025,1,SK-II FY2425 30G prepack,Skin Care,250.0,250.0,12.5,12.5
80847850,0.02,0.0005556,36,DOWNY LFE 4LX4 BTL BM S KR COSTCO R3,Fabric Care,0.0,0.0,0.0,0.0
80692353,0.007,0.0005833,12,SCARE SENSITIVE 373 SHVP 195G 1X6,Shave Care,0.0,0.0,0.0,0.0
80836448,0.003,0.003,1,DOWNY LAU LIQ 450MLX24 PCH IDD J2 KR,Fabric Care,0.0,0.0,0.0,0.0
80774144,0.001,0.001,1,DOWNY LAU LIQ 200MLX48 PCH GRN IDD CP KR,Fabric Care,0.0,0.0,0.0,0.0
80700031,0.001,0.0005,2,OX030WT 2 KR Box Brush set 1X6X4 KR,Oral Care,0.0,0.0,0.0,0.0
80706743,0.001,0.0002,5,POC Pro1 PACK(Pro1 White+EB20-2)x6 ET,Oral Care,0.0,0.0,0.0,0.0
80751748,0.001,0.001,1,610 FIG CARTS 3CT KR 3X10X4,Shave Care,0.0,0.0,0.0,0.0
80690468,0.0,0.0,104,FUS PRGLIDE MNL RZR FLEX FRR 1X6X6,Shave Care,0.0,0.0,0.0,0.0
80689630,0.0,0.0,1,PROGLIDE SENS GEL SHVP170G PURESPT 1X6,Shave Care,0.0,0.0,0.0,0.0
80690229,0.0,0.0,5,ORAL B EB20 2 MULTI FFS 1X12 (ANZ),Oral Care,0.0,0.0,0.0,0.0
80354461,0.0,0.0,46,557 PG PWR SYS w HOC SFWIP NORTN KR,Shave Care,0.0,0.0,0.0,0.0
80343493,0.0,0.0,46,EU 436-5 PG PWR 3CT SFWIP NORTRN,Shave Care,0.0,0.0,0.0,0.0
82327470,0.0,0.0,31,FBRZ AE SPRAY 275GX6 DOWNY REG KR,Home Care,0.0,0.0,0.0,0.0
80375474,0.0,0.0,19,D505.523.3X KR CR WT BOX PTHBR,Oral Care,0.0,0.0,0.0,0.0
80375473,0.0,0.0,19,D505.513.3 KR CR PK BOX PTHBR,Oral Care,0.0,0.0,0.0,0.0
82332187,0.0,0.0,120,FEBREZE FR 370MLX12 CLN SCNT BTL SILGAN,Home Care,0.0,0.0,0.0,0.0
80831291,0.0,0.0,5,DOWNY LFE 1.35LX6 RFL BM R3 KR,Fabric Care,0.0,0.0,0.0,0.0
80831290,0.0,0.0,61,DOWNY LFE 4LX3 BTL BM R3 KR,Fabric Care,0.0,0.0,0.0,0.0
80784124,0.0,0.0,61,DOWNY FE(1.35LX2)X3 AB RFL EM23,Fabric Care,0.0,0.0,0.0,0.0
80813048,0.0,0.0,36,SK2 HR FT ESS 230ML JP PP VC,Skin Care,0.0,0.0,0.0,0.0
80813055,0.0,0.0,42,SK2 HR FT MSK 10P JP EXP VC,Skin Care,0.0,0.0,0.0,0.0
82326084,0.0,0.0,120,FEBREZE FR 370MLX12 CLNSC BTL REG,Home Care,0.0,0.0,0.0,0.0
82327466,0.0,0.0,31,FBRZ AE SPRY 275GX6 L&S REG KR,Home Care,0.0,0.0,0.0,0.0
80779924,0.0,0.0,82,DOWNY LFE 1LX12 SBTL FRE M1 KR,Fabric Care,0.0,0.0,0.0,0.0
80729981,0.0,0.0,61,DOWNY LFE 2LX4 BTL AB KR W3,Fabric Care,0.0,0.0,0.0,0.0
80779931,0.0,0.0,82,DOWNY LFE 2.6LX4  RFL FRE M1 KR,Fabric Care,0.0,0.0,0.0,0.0
80729895,0.0,0.0,120,FEBREZE FR 320MLX12 REFSC RF BB,Home Care,0.0,0.0,0.0,0.0
80729898,0.0,0.0,68,FEBREZE FR 920MLX6 CLNSC BTL BB CC,Home Care,0.0,0.0,0.0,0.0
80729976,0.0,0.0,61,DOWNY LFE 2.6LX4 RFL AB KR W3,Fabric Care,0.0,0.0,0.0,0.0
80843946,0.0,0.0,1,GLT Labs (1up+gel+Stand)X6KROY (SON3.0),Shave Care,0.0,0.0,0.0,0.0
80843755,0.0,0.0,1,DOWNY LFE 1.35LX6 RFL MYS M2A KR,Fabric Care,0.0,0.0,0.0,0.0
80843945,0.0,0.0,1,GILLETTE (PS PWR 1UP+11CT+GEL170G)X6KREM,Shave Care,0.0,0.0,0.0,0.0
80770786,0.0,0.0,10,556 GIL SKINGUARD MNL CRT 4CT 4X10,Shave Care,0.0,0.0,0.0,0.0
80770299,0.0,0.0,95,D700.524.5XP KR SU BL BOX PTHBR,Oral Care,0.0,0.0,0.0,0.0
80753469,0.0,0.0,2,STAND 601 MATTE BLACK,Shave Care,0.0,0.0,0.0,0.0
80753471,0.0,0.0,1,FWIP Son7 White Razor,Shave Care,0.0,0.0,0.0,0.0
80692332,0.0,0.0,120,FEBREZE FR 370MLX12 CLEANSC BTL 3in1,Home Care,0.0,0.0,0.0,0.0
80691991,0.0,0.0,92,GILLETTE SKIN FOAM SHVP 245G 1X6 KR,Shave Care,0.0,0.0,0.0,0.0
80691989,0.0,0.0,94,GIL FUSPG ACTIVE SPORT FOAM 245G 1X6 KR,Shave Care,0.0,0.0,0.0,0.0
81633467,0.0,0.0,14,OM108 OB PEXP CL ORTHO APNE/ZA/NWA/SSA,Oral Care,0.0,0.0,0.0,0.0
81751963,0.0,0.0,31,PA PT SPN4 S5 4X20 VP FBNL TPB FSC,Baby Care,0.0,0.0,0.0,0.0
81751962,0.0,0.0,31,PA PT SPN4 S4 4X24 VP FBNL TPB FSC,Baby Care,0.0,0.0,0.0,0.0
82247414,0.0,0.0,82,3D WHITE BOX S 4X12X4 KR,Oral Care,0.0,0.0,0.0,0.0
82247351,0.0,0.0,8,SK2 HR FT ESS 230ML HA,Skin Care,0.0,0.0,0.0,0.0
82247350,0.0,0.0,2,SK2 HR FT ESS 75ML HA,Skin Care,0.0,0.0,0.0,0.0
82243460,0.0,0.0,82,OB PROEXPT CLCL ADT38SFT 1CTBCD KR1X12X8,Oral Care,0.0,0.0,0.0,0.0
80690925,0.0,0.0,82,DOWNY LFE 2.6LX4  RFL Freesia KR TF,Fabric Care,0.0,0.0,0.0,0.0
80781485,0.0,0.0,46,FEBREZE FR 320MLX12 REFSC RF BB AB REG,Home Care,0.0,0.0,0.0,0.0
80781059,0.0,0.0,120,FEBREZE FR 320MLX12 REFSC RF WS,Home Care,0.0,0.0,0.0,0.0
80781058,0.0,0.0,120,FEBREZE FR 370MLX12 CLNSC BTL WS,Home Care,0.0,0.0,0.0,0.0
80779937,0.0,0.0,82,DOWNY LFE 2LX4 SBTL FRE M1 KR,Fabric Care,0.0,0.0,0.0,0.0
80779936,0.0,0.0,72,DOWNY LFE (1.05LX3)X4 BTL FRE M1 KR,Fabric Care,0.0,0.0,0.0,0.0
80693757,0.0,0.0,61,DOWNY LFE 1LX12 BTL AB KR W2,Fabric Care,0.0,0.0,0.0,0.0
80693756,0.0,0.0,61,DOWNY LFE 2.6LX4 RFL AB KR W2,Fabric Care,0.0,0.0,0.0,0.0
80730683,0.0,0.0,1,BRAUN SHAVER 94PS  SILV  BOX MN1,Appliances,0.0,0.0,0.0,0.0
80729984,0.0,0.0,61,DOWNY LFE 1LX12 BTL AB KR W3,Fabric Care,0.0,0.0,0.0,0.0
80784934,0.0,0.0,5,Gillette ACC RAZOR STAND PWR X 80,Shave Care,0.0,0.0,0.0,0.0
80784933,0.0,0.0,64,Gillette ACC RAZOR STAND X 105,Shave Care,0.0,0.0,0.0,0.0
80691931,0.0,0.0,68,FEBREZE FR 920MLX6 CLN SCNT BTL,Home Care,0.0,0.0,0.0,0.0
80691930,0.0,0.0,120,FEBREZE FR 320MLX12 REF SCNT RF,Home Care,0.0,0.0,0.0,0.0
82212365,0.0,0.0,77,OB ULTRATHIN PRO GUM CARE 1X12X8,Oral Care,0.0,0.0,0.0,0.0
82212362,0.0,0.0,77,OB ULTRATHIN PRO DEEP CLEAN 1X12X8,Oral Care,0.0,0.0,0.0,0.0
82207161,0.0,0.0,95,ORAL ALL ROUNDER 40SFT BCD 1X12X8,Oral Care,0.0,0.0,0.0,0.0
80733705,0.0,0.0,120,FEBREZE FR 370MLX12 CLN SC BTL REG,Home Care,0.0,0.0,0.0,0.0
80733479,0.0,0.0,82,DOWNY LFE (1.35LLX6)x1 RFL LOT FRE KR,Fabric Care,0.0,0.0,0.0,0.0
80813046,0.0,0.0,36,,,0.0,,0.0,
80813043,0.0,0.0,42,SK2 HR FT ESS 75ML JP PP VC,Skin Care,0.0,0.0,0.0,0.0
80812533,0.0,0.0,1,OB ESS F WXD 50 M MNT BCD 3CT KR,Oral Care,0.0,0.0,0.0,0.0
81770221,0.0,0.0,37,BRAUN SHAVER 61-B1200s BLU KR,Appliances,0.0,0.0,0.0,0.0
80776159,0.0,0.0,42,SK2 AA SP RE-NEW CREAM 100G JP,Skin Care,0.0,0.0,0.0,0.0
80766009,0.0,0.0,72,DOWNY FBEN LIQ 2LX2 BTL Freesia 2023,Fabric Care,0.0,0.0,0.0,0.0
80696673,0.0,0.0,2,SK2 SKINPOWER ADV CREAM 15G,Skin Care,0.0,0.0,0.0,0.0
80850523,0.0,0.0,1,557.1 Gillette Fusion 4ct (PX),Shave Care,0.0,0.0,0.0,0.0
80729893,0.0,0.0,120,FEBREZE FR 370MLX12 CLNSC BTL BB,Home Care,0.0,0.0,0.0,0.0
80729888,0.0,0.0,46,FEBREZE FR 920MLX6 DWNY BTL BB CC,Home Care,0.0,0.0,0.0,0.0
80738685,0.0,0.0,16,FBRZ CAR(SKY2.2MLX4+SP2.2MLX2)X12CC ZIS,Home Care,0.0,0.0,0.0,0.0
80824978,0.0,0.0,82,DOWNY LFE 2.6LX6 RFL Freesia KR M1,Fabric Care,0.0,0.0,0.0,0.0
80770790,0.0,0.0,9,FUSION POWER CRT 8 8X10,Shave Care,0.0,0.0,0.0,0.0
82333390,0.0,0.0,68,FBRZ FR(920MLX2)X10 AB CLN SCNT KR CCO,Home Care,0.0,0.0,0.0,0.0
82329123,0.0,0.0,1,SK2 HR FT CL 230ML RM 1X2X12,Skin Care,0.0,0.0,0.0,0.0
80763798,0.0,0.0,61,DOWNY LFE 4LX3 BTL BM S KR R2,Fabric Care,0.0,0.0,0.0,0.0
80763796,0.0,0.0,61,DOWNY LFE 2.6LX4 RFL BM KR R2,Fabric Care,0.0,0.0,0.0,0.0
80733708,0.0,0.0,120,FEBREZE FR 320MLX12 REF SCN RF REG,Home Care,0.0,0.0,0.0,0.0
80734771,0.0,0.0,2,SK2 WH GENOPTICS ULTRA ESS 10ML 1*10*24,Skin Care,0.0,0.0,0.0,0.0
80815697,0.0,0.0,42,SK2 HR FT ESS 250ML JP VC,Skin Care,0.0,0.0,0.0,0.0
80816238,0.0,0.0,72,DOWNY LFE (1.05LX3)X4 BTL FRE M1 KR V2,Fabric Care,0.0,0.0,0.0,0.0
80824977,0.0,0.0,61,DOWNY LFE 2.6LX6 RFL BM KR R2,Fabric Care,0.0,0.0,0.0,0.0
80776842,0.0,0.0,95,557 PG PWR SYS w HOC SFWIP NORTN KR,Shave Care,0.0,0.0,0.0,0.0
82264912,0.0,0.0,78,OB HYGEIA IND GNTEA BCD XS 1X6X16 KR,Oral Care,0.0,0.0,0.0,0.0
80776843,0.0,0.0,95,557 PS PWR SYS w HOC SFWIP NORTN KR,Shave Care,0.0,0.0,0.0,0.0
80756349,0.0,0.0,92,387-1 PG PLUS 4CT SFWIP 557.1,Shave Care,0.0,0.0,0.0,0.0
80755228,0.0,0.0,68,FBRZ FR(920MLX2)X10 AB CLNSC KR CC BB,Home Care,0.0,0.0,0.0,0.0
80704088,0.0,0.0,120,FEBREZE FR 320MLX12 REF SCN RF GYUJE,Home Care,0.0,0.0,0.0,0.0
82251121,0.0,0.0,44,SK2 HR FT MSK 1P SP HA,Skin Care,0.0,0.0,0.0,0.0
82251042,0.0,0.0,82,HYGEIA IND GUMCARE BCD XS 1X6X16 KR,Oral Care,0.0,0.0,0.0,0.0
80693886,0.0,0.0,82,DOWNY LFE 1.05LX12 BTL Freesia KR TF,Fabric Care,0.0,0.0,0.0,0.0
80776656,0.0,0.0,44,SK2 AA SP RE-NEW ESS 50ML CN,Skin Care,0.0,0.0,0.0,0.0
82269392,0.0,0.0,95,OB ULTRATHIN COMPACT SOFT 1X12X8 KR,Oral Care,0.0,0.0,0.0,0.0
82247494,0.0,0.0,5,SK2 HR FT MSK 6P HA,Skin Care,0.0,0.0,0.0,0.0
82289712,0.0,0.0,92,OB INTERDENTAL BCD SZ1 10X6X8 KR,Oral Care,0.0,0.0,0.0,0.0
82288716,0.0,0.0,1,SK-II SKINPOWER ESSENCE 50ML,Skin Care,0.0,0.0,0.0,0.0
82288712,0.0,0.0,1,SK-II SKINPOWER EYE CREAM 15G,Skin Care,0.0,0.0,0.0,0.0
82283150,0.0,0.0,16,FEBRZ CARVCLIP (2MLX2)X6 DOWNY LIMO KR,Home Care,0.0,0.0,0.0,0.0
82283149,0.0,0.0,16,FEBRZ CARVCLIP (2MLX2)X6 LAVDR LIMO KR,Home Care,0.0,0.0,0.0,0.0
82283148,0.0,0.0,16,FEBRZ CARVCLIP (2MLX2)X6 SKY LIN LIMO KR,Home Care,0.0,0.0,0.0,0.0
80817508,0.0,0.0,72,DOWNY LFE (1.05LX3)X4 BTL FRE M1 KR V3,Fabric Care,0.0,0.0,0.0,0.0
80841648,0.0,0.0,93,DOWNY LFE 4LX3 BTL IDD gre SHP H1 KR,Fabric Care,0.0,0.0,0.0,0.0
80840588,0.0,0.0,59,GIL PS PWR 4UP 1X12X2 KRCP,Shave Care,0.0,0.0,0.0,0.0
82273996,0.0,0.0,16,FEBRZ CARVCLIP (2MLX2)X6 DOWNY CTAH KR,Home Care,0.0,0.0,0.0,0.0
82273994,0.0,0.0,16,FEBRZ CARVCLIP (2MLX2)X6 SKY LIN CTAH KR,Home Care,0.0,0.0,0.0,0.0
82272806,0.0,0.0,15,SK2 WH DERM RVVL MSK 6P KT,Skin Care,0.0,0.0,0.0,0.0
82249908,0.0,0.0,1,SK2 HR FT OIL 50ML HA,Skin Care,0.0,0.0,0.0,0.0
80693763,0.0,0.0,55,DOWNY LFE 1.05LX12 BTL AB KR W2,Fabric Care,0.0,0.0,0.0,0.0
80693759,0.0,0.0,61,DOWNY LFE 2LX4 BTL AB KR W2,Fabric Care,0.0,0.0,0.0,0.0
80789979,0.0,0.0,44,SK2 SPX LXP CRM 80G SFG,Skin Care,0.0,0.0,0.0,0.0
80789980,0.0,0.0,44,SK2 SPX LXP EYE CRM 15G SFG,Skin Care,0.0,0.0,0.0,0.0
80791795,0.0,0.0,1,DOWNY LFE 4LX3 BTL IDD gre KR Shp,Fabric Care,0.0,0.0,0.0,0.0
80724040,0.0,0.0,92,OB STG4 AVENGER IRON MAN 2CT KR,Oral Care,0.0,0.0,0.0,0.0
80694640,0.0,0.0,55,DOWNY LFE 1.05LX12 BTL AB KR TESLA BCP,Fabric Care,0.0,0.0,0.0,0.0
80694381,0.0,0.0,30,SK2 HR FT ESS 230ML GSPL CN CML,Skin Care,0.0,0.0,0.0,0.0
80703238,0.0,0.0,1,SK2 HR FT ESS 230ML GSPL KR 1*2*12,Skin Care,0.0,0.0,0.0,0.0
80724039,0.0,0.0,92,OB STG3 AVENGER IRON MAN 2CT KR,Oral Care,0.0,0.0,0.0,0.0
82297990,0.0,0.0,5,OB ESS F WXD 50 M MNT BCD 1X6X8,Oral Care,0.0,0.0,0.0,0.0
80742191,0.0,0.0,2,DOWNY LFE 4LX3 BTL IDD gre S KR R1,Fabric Care,0.0,0.0,0.0,0.0
80826207,0.0,0.0,4,,,0.0,,0.0,
80826487,0.0,0.0,1,681 Gillette Labs 2CT SFWIP,Shave Care,0.0,0.0,0.0,0.0
80825385,0.0,0.0,82,DOWNY LFE 2.6LX6 RFL Freesia M2 KR,Fabric Care,0.0,0.0,0.0,0.0
82289957,0.0,0.0,16,FEBRZ CARVCLIP (2.2MLX2)X6 DOWNY GEN KR,Home Care,0.0,0.0,0.0,0.0
82272799,0.0,0.0,5,SK2 WH DERM RVVL MSK 10P KT,Skin Care,0.0,0.0,0.0,0.0
80703237,0.0,0.0,3,SK2 HR FT ESS 75ML GSPL KR 1*2*24,Skin Care,0.0,0.0,0.0,0.0
80700032,0.0,0.0,1,OX010WT 2 KR Box Brush set 1X6X4 KR,Oral Care,0.0,0.0,0.0,0.0
82289953,0.0,0.0,16,FEBRZ CARVCLIP (2.2MLX2)X6 LAVDR GEN KR,Home Care,0.0,0.0,0.0,0.0
80698701,0.0,0.0,104,FUSION PROGLIDE BASE 4CT 4X6X12,Shave Care,0.0,0.0,0.0,0.0
80858628,0.0,0.0,36,,,0.0,,0.0,
80717517,0.0,0.0,44,SK2 HR FT GENTL CLEANSER 20G RM,Skin Care,0.0,0.0,0.0,0.0
80704083,0.0,0.0,120,FEBREZE FR 370MLX12 CLN SC BTL GYUJE,Home Care,0.0,0.0,0.0,0.0
80856908,0.0,0.0,49,PTN ROT 400MLX12 SSC H231.5 ET KR,Hair Care,0.0,0.0,0.0,0.0
80718627,0.0,0.0,72,DOWNY LFE(1.05LX3)X4 BTL Freesia KR T1.3,Fabric Care,0.0,0.0,0.0,0.0
82289918,0.0,0.0,16,FEBRZ CARVCLIP(2.2MLX2)X6 SKY LIN GEN KR,Home Care,0.0,0.0,0.0,0.0
80792631,0.0,0.0,8,SK2 HR FT ESS 230ML GSPL PP3 JP,Skin Care,0.0,0.0,0.0,0.0
80774143,0.0,0.0,3,DOWNY LAU LIQ 2.7LX4 BTL PK IDD CP KR,Fabric Care,0.0,0.0,0.0,0.0
82301024,0.0,0.0,2,SK2 HR FT ESS 250ML SLEEVE,Skin Care,0.0,0.0,0.0,0.0
80773917,0.0,0.0,44,SK2 BR GIE 50ML BR25 CN,Skin Care,0.0,0.0,0.0,0.0
80839386,0.0,0.0,16,FEBREZE FR 920MLX6 DWNY IDD BTL NJ CC,Home Care,0.0,0.0,0.0,0.0
82249230,0.0,0.0,82,HYGEIA IND GUMCARE BCD XS 1X6X16 AU,Oral Care,0.0,0.0,0.0,0.0
82247496,0.0,0.0,2,SK2 HR FT MSK 10P HA,Skin Care,0.0,0.0,0.0,0.0
80738688,0.0,0.0,1,FBRZ CAR(SKY2.2MLX4+DW2.2MLX2)X12CC ZIS,Home Care,0.0,0.0,0.0,0.0
80835820,0.0,0.0,2,FWIP SON 7 601-15 BLACK RAZOR,Shave Care,0.0,0.0,0.0,0.0
80773101,0.0,0.0,1,1H Son Voyager Edition Trial (1up + Gel),Shave Care,0.0,0.0,0.0,0.0
80716959,0.0,0.0,5,OB GLIDE 3DW PLUS SCOPE 35M 1X6X8 KR,Oral Care,0.0,0.0,0.0,0.0
80715991,0.0,0.0,95,EU 388-1 PG PWR 4CT SFWIP NORTRN,Shave Care,0.0,0.0,0.0,0.0
80715990,0.0,0.0,95,EU 388-1 PG PWR 3CT SFWIP NORTRN,Shave Care,0.0,0.0,0.0,0.0
80716507,0.0,0.0,18,EU 387-2 PG MNL 2CT SFWIP NORTRN,Shave Care,0.0,0.0,0.0,0.0
80715993,0.0,0.0,18,EU 387-2 PG MNL 4CT SFWIP NORTRN,Shave Care,0.0,0.0,0.0,0.0
80715985,0.0,0.0,5,EU 388-2 PS CHLL 4CT SFWIP NORTRN,Shave Care,0.0,0.0,0.0,0.0
80716961,0.0,0.0,5,OB GLIDE 48/40M DEEP CLEAN MINT F 1X6X8,Oral Care,0.0,0.0,0.0,0.0
80715976,0.0,0.0,3,EU 619 SG ALOE EVA 1CT HOC SFWIP NORTRN,Shave Care,0.0,0.0,0.0,0.0
80715975,0.0,0.0,3,EU 387-2 PG MNL 1CT HOC SFWIP NORTRN,Shave Care,0.0,0.0,0.0,0.0
80709544,0.0,0.0,82,DOWNY LFE 2.6LX4  RFL Freesia KR T1.2,Fabric Care,0.0,0.0,0.0,0.0
80709542,0.0,0.0,82,DOWNY LFE 2LX4 BTL Freesia KR T1.2,Fabric Care,0.0,0.0,0.0,0.0
80715988,0.0,0.0,3,EU 619 SG ALOE EVA 4CT SFWIP NORTRN,Shave Care,0.0,0.0,0.0,0.0
80715987,0.0,0.0,51,EU 619 SG ALOE EVA 3CT SFWIP NORTRN,Shave Care,0.0,0.0,0.0,0.0
82311205,0.0,0.0,8,SK2 HR FT CL 230ML RM,Skin Care,0.0,0.0,0.0,0.0
80709540,0.0,0.0,82,DOWNY LFE 1LX12 BTL Freesia KR T1.2,Fabric Care,0.0,0.0,0.0,0.0
80833697,0.0,0.0,95,FBRZ FR(360MLX3) AB CLNSC CP BD ABMQ,Home Care,0.0,0.0,0.0,0.0
82307956,0.0,0.0,1,OB ULTRATHIN GREEN TEA 4X12X2 TSC KR NL,Oral Care,0.0,0.0,0.0,0.0
82303800,0.0,0.0,94,OB ULTRATHIN PRO GUMCARE 1X12X8,Oral Care,0.0,0.0,0.0,0.0
82303793,0.0,0.0,93,OB CROSS 35 BCD S 1X12X8 KR,Oral Care,0.0,0.0,0.0,0.0
80706036,0.0,0.0,72,DOWNY LFE (1.05LX3)X4 BTL Freesia KR TF,Fabric Care,0.0,0.0,0.0,0.0
80868119,0.0,0.0,1,557.1 Gillette Proglide 4ct (PX),Shave Care,0.0,0.0,0.0,0.0
80794217,0.0,0.0,92,FUSION POWER CRT 4 4X6X12,Shave Care,0.0,0.0,0.0,0.0
80794214,0.0,0.0,92,FUSION CRT 4 4X6X12,Shave Care,0.0,0.0,0.0,0.0
80794213,0.0,0.0,1,FUSION PROGLIDE BASE CRT 4 4X6X12,Shave Care,0.0,0.0,0.0,0.0
80794958,0.0,0.0,18,SFWIP 1UP 376-2 PG MNL 387-2 CRT,Shave Care,0.0,0.0,0.0,0.0
80794957,0.0,0.0,3,SFWIP 1UP 556-10 SG MNL 619 CRT,Shave Care,0.0,0.0,0.0,0.0
82320244,0.0,0.0,54,OB CA COMPACT BCD S 6X15 KR CP,Oral Care,0.0,0.0,0.0,0.0
82319361,0.0,0.0,5,OB ESS F WAX 50M REG BCD 1X6X8,Oral Care,0.0,0.0,0.0,0.0
82315626,0.0,0.0,95,OB EXPERT 9000  BCD KR 1X6X16,Oral Care,0.0,0.0,0.0,0.0
80832698,0.0,0.0,1,DOWNY LAU LIQ 200MLX48 PCH Perfect J2 KR,Fabric Care,0.0,0.0,0.0,0.0
82324227,0.0,0.0,120,FEBREZE FR 370MLX12 CLN SCNT EASTER P2,Home Care,0.0,0.0,0.0,0.0
80763794,0.0,0.0,61,DOWNY LFE 2LX4 SBTL BM KR R2,Fabric Care,0.0,0.0,0.0,0.0
80763792,0.0,0.0,61,DOWNY LFE 1LX12 SBTL BM KR R2,Fabric Care,0.0,0.0,0.0,0.0
80715984,0.0,0.0,7,EU 388-2 PS CHLL 3CT SFWIP NORTRN,Shave Care,0.0,0.0,0.0,0.0
80715982,0.0,0.0,95,EU 388 PS YELLOW 4CT SFWIP NORTRN,Shave Care,0.0,0.0,0.0,0.0
80715981,0.0,0.0,94,EU 388 PS YELLOW 3CT SFWIP NORTRN,Shave Care,0.0,0.0,0.0,0.0
80715980,0.0,0.0,3,EU 388 PS YELLOW 2CT SFWIP NORTRN,Shave Care,0.0,0.0,0.0,0.0
80794399,0.0,0.0,18,FEBREZE FR 920MLX6 DWNY AF BTL NJ CC,Home Care,0.0,0.0,0.0,0.0
80763669,0.0,0.0,1,H&S SH 1200MLX6 DEEP CLEAN DIT CP KR,Hair Care,0.0,0.0,0.0,0.0
80772627,0.0,0.0,5,FUSION PROGLIDE POWER 4CT 4X10,Shave Care,0.0,0.0,0.0,0.0
80772626,0.0,0.0,5,FUSION PROGLIDE POWER CRT 8 8X10,Shave Care,0.0,0.0,0.0,0.0
80772619,0.0,0.0,9,FUSION PROSHIELD CHILL CART 8CT 8X10,Shave Care,0.0,0.0,0.0,0.0
80343495,0.0,0.0,46,EU 436-5 PG PWR 4CT SFWIP NORTRN,Shave Care,0.0,0.0,0.0,0.0
80344182,0.0,0.0,19,D505.523.3X KR CR WT BOX PTHBR,Oral Care,0.0,0.0,0.0,0.0
80344183,0.0,0.0,19,D505.513.3 KR CR PK BOX PTHBR,Oral Care,0.0,0.0,0.0,0.0
80746628,0.0,0.0,1,FBRZ MTS (6.3MLX3)X6 WT&LLY BP.CP,Home Care,0.0,0.0,0.0,0.0
80833694,0.0,0.0,95,FEBREZE FR 920MLX6 CLNSC BTL CC ABMQ,Home Care,0.0,0.0,0.0,0.0
80771066,0.0,0.0,2,D305.513.3 KR CRB BK BOX PTHBR,Oral Care,0.0,0.0,0.0,0.0
80690923,0.0,0.0,82,DOWNY LFE 2LX4 BTL Freesia KR TF,Fabric Care,0.0,0.0,0.0,0.0
80690921,0.0,0.0,82,DOWNY LFE 1LX12 BTL Freesia KR TF,Fabric Care,0.0,0.0,0.0,0.0
80770793,0.0,0.0,92,FUSION CRT 8 8X10,Shave Care,0.0,0.0,0.0,0.0
80356516,0.0,0.0,2,iOM9.2J2.2AC KR BK PLBox PTHBR,Oral Care,0.0,0.0,0.0,0.0
80356480,0.0,0.0,5,D305.523.3 KR CR WT BOX PTHBR,Oral Care,0.0,0.0,0.0,0.0
82328808,0.0,0.0,56,DOWNY LFE 1.05LX12 BTL AB KR TESLA,Fabric Care,0.0,0.0,0.0,0.0
82328806,0.0,0.0,61,DOWNY LFE 2.6LX4 RFL AB KR TESLA,Fabric Care,0.0,0.0,0.0,0.0
82328805,0.0,0.0,61,DOWNY LFE 2LX4 BTL AB KR TESLA,Fabric Care,0.0,0.0,0.0,0.0
82328803,0.0,0.0,61,DOWNY LFE 1LX12 BTL AB KR TESLA,Fabric Care,0.0,0.0,0.0,0.0
80355681,0.0,0.0,77,iO RB SW-2 KR FFS Brush Set,Oral Care,0.0,0.0,0.0,0.0
80358010,0.0,0.0,7,SFWIP 601 CRT 4,Shave Care,0.0,0.0,0.0,0.0
80356089,0.0,0.0,95,EB10S 2K APAC FFS Brush Set FROZEN,Oral Care,0.0,0.0,0.0,0.0
80344527,0.0,0.0,92,557 PG MNL RZ ASMBLY W HOC SFWIP NONRT,Shave Care,0.0,0.0,0.0,0.0
