GCAS,KR DESC
80207535,팸퍼스 이지업 팬티형 남아 6단계 빅 1/46
80209582,팸퍼스 베이비드라이 2단계 이코노미 박스1/246
80229656,비너스 올레이 면도날 3입
80240344,오랄비 충전식 전동칫솔 D34.525.5X
80263698,오랄비 스테이지스3 프린세스카즈 (스티커부착전)
80269786,퓨전 프로쉴드 옐로우 면도날 3입
80298118,오랄비 구강세정기 노즐 4개입 ED17-4
80349080,오랄-비 iO Test Drive 리필모 25입 (POH)
80355676,오랄비 iO얼티밋클린 화이트 리필4입
80678643,팬틴 콜로서스 컨디셔너 500ML 실키스무드
80683375,헤드앤숄더 시트러스 레몬 샴푸 750ml
80684124,페브리즈 항균플러스 무향 보충형 320ML
80684245,오랄-비 어린이 전동칫솔D12 카즈 콤보 코스트코 팩(NEW)
80684317,오랄비 전동칫솔 D12.513 프로즌
80690938,다우니 생화향기 컬렉션 와일드 라벤더200mlX24
80694535,다우니 베이스 블루 맥퀸 레몬그라스와 라일락  4LX3 (PGP E)
80698403,오랄비 IConX 차콜 1입
80702236,페브리즈비치형 실내용 2개입 (7MLX2) 화이트티앤릴리 (Online)
80705747,오랄-비 전동칫솔 Pro100 3D 화이트 화이트
80708699,헤드앤숄더 발리 샴푸 850ML 쿨멘솔 (DBD)
80710699,다우니 프리미엄 액체형 세제 냄새딥클린 퍼플 3LX4
80715981,(FWIP) 557.1 프로글라이드 옐로우 3ct 
80716568,다우니 생화향기 컬렉션 미스티크 1.6x6
80716957,페브리즈 포맨 용기형 370ml (PX)
80727627,SK-II 피테라™ 동안 세트
80735931,제놉틱스 스팟 에센스 30ml
80740646,NFS ND’22 하이퍼 페스티브 그린 비매품
80743435,브라운 시리즈 7 면도기 72-C7500cc GOLD
80744716,스킨파워 어드밴스드 크림 80g
80746790,브라운 시리즈 6 면도기 62-B1000s BLUE
80750972,다우니 생화향기 컬렉션 와일드 라벤더 2LX2
80753471,질레트랩스 손흥민 레이저 FWIP
80753884,질레트 비너스 스월 기 + 날 6입(코스트코)
80754291,팸퍼스 2024 베이비드라이 팬티 3단계(중형) 46X4
80759692,오랄-비 전동칫솔 Genius9000 화이트 (NEW)
80760870,오랄비 배터리 전동칫솔 크로스액션 파워
80772621,질레트 프쉴 칠 면도날 4입
80773454,질레트랩스 딥클렌징바 5UP TIN
80781484,페브리즈 항균 깨끗한향 리필 320ml
80784933,질레트 퓨전 면도기 스탠드
80787154,페브리즈 에어화장실용 프레시스카이 165g
80793508,팬틴 엑스트라 볼륨 케어 샴푸 750ml
80797746,다우니 퍼플 화이트티와 릴리 1.05Lx3 P1
80816633,질레트 프글 파워 기1+날12
80818381,제놉틱스 인피니트오라 에센스 0.7ml*3
80825346,다우니 코튼 퓨어 러브2LX4 M2
80831289,다우니 실내건조 플러스 (핑크) 1LX12 P2
80832700,다우니 세제 퍼플 3.2Lx4 J2
80838171,(T)질레트 퓨전 파워 면도날 4입
80839410,오랄-비 왁스 치실 50m 4개입
80839452,스킨파워 어드밴스드 크림 50g
80842301,헤숄 가려운 두피 케어 샴푸850mlx2 팩
80849689,오랄비 C자형 치실 30개X5개입 팩
80863601,다우니 화이트머스크 4.1Lx4 D1
80866758,스킨파워 리-뉴 에센스 50ml
80869235,팬틴 극손상 케어 샴푸 1800ml
80875726,질레트랩스 핸들 + 면도날 4입 + 스탠드
80975339,프링글스와일드콘소메맛미디엄184G&14
81127202,SB 140ML 테이밍 스무딩크림
81151444,AS 리퀴드 아이 칼라 G050 테스터
81153630,SP 30ml 스무든 샴푸
81154445,디앤지 18 LA LUNE EDT 1.5 SOFI
81154457,디앤지 18 라 륜 오 드 뚜왈렛 1.5ml 럭스 소필룩스
81187984,구찌 플로라 바이 구찌 휴대용 스프레이 오 드 뚜왈렛 60ML 테스터
81188045,보스보틀 나이트 오 드 뚜왈렛 100ml
81210036,SP 100 밸런스스캘프 에너지세럼
81216397,염색바울
81238477,WS 6ml펄 스타일러
81274881,SP 오프닝 250 패키지 판촉물
81286007,SB 200 패키지 판촉물
81300054,브라운 시리즈1 면도기망 11B
81329923,SP스타일링 매뉴얼
81340966,웰라 소비자 브러셔
81342265,스캘프 브러시 세트
81342271,SP 헤어캡
81347466,신데렐라 250만원 팩키지
81372100,브라운 믹서기 MX2050
81387979,브라운 펄소닉 교체용 카세트 70S
81395035,팸퍼스 GEM액티브핏 3단계 1X204 이커머스
81479579,브라운 시리즈 3 면도기 3040S WD
81577459,브라운 시리즈7 면도기 7899WD gift
81581110,브라운 시리즈5 PP5 5050s_LSD
81686450,브라운 시리즈 9 면도기 9345s GRAPHITE
81726929,브라운 시리즈 6 면도기 60-N1200s BLACK
81726934,브라운 시리즈 6 면도기 60-N4320cs BLACK
81770207,브라운 시리즈 5 면도기 51-B1000s BLUE
82010756,비달사순 딥살롱 마스크
82014892,헤드앤숄더 센서티브알로에 컨디 375ML
82015462,헤드앤숄더 1420팩-실키모이스춰
82015939,집안 먼지 제거용 페브리즈 (보충)
82028325,팬틴시스템트리트먼트200G 1*24
82031906,큐티　사각원터치80매1*12
82032826,큐티물티슈원통100*12
82038426,비달사순샘플팩2*200
82043029,SK2 ADV WHITENING PAN-CAKE 43 BC
82043235,SK2화이트닝리퀴드FND 41
82043256,SK2 FT클리어로션11ML
82043948,SK2 CLEAR PRESSED POWDER BC
82044026,위스퍼울트라후레쉬날개대16*24
82046381,페브리즈플러스보너스(370+200)*10
82046838,WHISPER LNG 36SX24 SLIM WING TPR PROM
82047151,팬틴샴푸모이스춰10ML*576
82047602,위스퍼100일기념번들4*12
82051429,비달1000바겐세일팩스트레이트
82052189,WHISPER REG FL 20SX24 CDU WING WHITEBULL
82052681,팬틴볼륨케어린스375ML
82052830,SK-II에센스파운데이션21
82054642,큐티코끼리인형남여 0210
82057011,팬틴볼륨1435팩MAR 03
82061580,팬틴9월750팩볼륨
82061751,위스퍼그린3날개중형40P
82065132,큐티드림골드중형144피FALL03 EMART
82065583,팬틴1200온팩볼륨
82065914,싸인즈 업 리프터 5G
82065926,큐티드림골드대형 60S*4 SPRING04
82067239,SK-II F.C 트리트먼트 블러셔 UV SK-3N
82067320,코디알로에소프트45M24롤프로모션팩
82068386,위스퍼중형+소프트라이트시스템프로모션팩
82068914,팬틴 1500팩-집중손상
82069441,SK-II페이셜트리트먼트클렌징젤
82070043,프링글스 트레이 6 팩
82070812,딥 리페어 트리트먼트 크림 100ml
82071408,비달사순 컬러케어 컨디셔닝 린스 960
82073227,비달사순 760팩-컬러케어
82073874,프링글스 믹스 케이스
82074216,팬틴 2500팩-모이스춰
82074629,후레쉬라이너 향 40*2
82075978,위스퍼 소프트클린중형 40개입 번들팩-폴리
82076888,팬틴 엑스트라 스트레이트 트리트먼트200ML
82078497,팬틴 선물세트형 1650팩 2호
82079201,위스퍼소프트클린 중형 40입 번들팩-폴리
82079972,팬틴 2960팩-집중손상
82080283,팬틴밀키모이스춰샴푸100ML
82081959,헤드앤숄더 770팩-레몬그라스
82082615,페브리즈 에어 비치형 리프레시 그린 리필
82082848,팬틴 1750 샴푸팩-모이스춰
82083614,팬틴 바운시 볼륨 케어 컨디 500ML_SW
82085137,위스퍼 그린 울트라 시스템팩
82085731,위스퍼 허브라이너 80개입 번들팩
82085788,큐티 편안한 아기 대형 88 이마트
82085799,웰라 트리트먼트칼라 인텐시브 6B
82086733,헤드앤숄더 샴푸 레몬그라스 200ml_STKR
82087248,팬틴 1300 이마트 팩-엑스트라 스트레이트
82087361,비달사순 1920 이마트팩-프로페셔널
82087563,헤드앤숄더 2320팩-멘솔
82088184,팬틴 2100팩-바운시볼륨
82088236,위스퍼 소프트클린 트윈윙 울날대 16개입
82088423,MJ'06 (900ML+320ML) 프로모션팩(은은한향)
82089508,비달사순 크리미내추럴 왁스 60G
82089818,비달사순 2550 팩-컬러케어
82092206,비달사순 컬러케어 컨디셔너 850ML
82093085,웰라톤트리트먼트칼라내츄럴 6N (DA)
82095325,큐티 편안한아기 골드 대형 44P
82096475,헤드앤숄더 2270팩- 프레쉬 레몬그라스
82096550,위스퍼 소프트클린 슬림 날개 중형 36
82096741,페브리즈 베이스+에어 프로모션팩-플러스
82096977,에어터치 FND OP-3(트라이얼)
82100157,비달사순 컬러케어 샴푸 850ML
82102173,헤드앤숄더 딥클린 850 샴푸 스티커
82104313,페브리즈 카사이즈 프로모션 팩 은은한 향
82104948,싸인즈 링클 세럼 30G
82107076,WSTF 420 미니샘플
82107766,헤드앤숄더 770샴푸팩-헤어 폴 클리닉
82112785,비달사순 롱래스팅 스프레이 300ml
82112815,위스퍼 여름 할인 울날중 40P
82112927,위스퍼 칼라드코어 ML 94P_롯데
82117822,헤드앤숄더 실키모이스춰 샴푸 850ML
82118802,헤드&숄더 헤어폴 클리닉 컨디셔너 550ML
82118985,헤드&숄더 수딩두피케어 컨디 375ML
82120826,위스퍼 세이프티존 ML 시스템팩_코스트코
82123069,헤드앤숄더 스완 1775팩-쿨멘솔
82125887,SGNS퍼펙트래디앙스 LIQFND105
82126253,팬틴샴푸90집중손상IR
82126562,헤드앤숄더 쿨멘솔 컨디 550ML
82126915,팬틴코스트코 밀키모이스쳐컨디셔너 번들팩
82131103,퓨전 MAMJ'10 팬텀 파워
82131614,페브리즈 비치형 스타터킷 (비내린초원)
82133064,헤드앤숄더 스완 2550 DM팩-헤어 폴 클리닉
82133630,크로스액션 컴플리트 7 35S 3+1
82133647,크로스액션 항균모 35S 3+1
82133753,AMJ'10 페브리즈 370ml+320ml 팩 은은한 향
82135012,페이셜 트리트먼트 에센스 250ml
82135435,페이셜 트리트먼트 마스크 6p
82137935,듀라셀 디럭스 알카 AAA 4개입
82137999,썬파워 망간 C  2개입 슈링크팩
82138579,WHISPER PAD LN 20SX12 SO2 ASEAN ISADORA
82138761,헤드앤숄더 로터스 950팩- 가려운 두피
82139008,페브리즈 비치형 스타터킷 (맑은하늘바람)
82139011,페브리즈 비치형 리필 (바닐라라벤더의포근함)
82140713,팬틴 모근강화케어 1850팩
82140835,팬틴 바운시볼륨케어 1000팩
82141146,페브리즈 플러스 보충형 320ML
82141427,셀루미네이션 팬케익 310
82143022,헤드앤숄더 샴푸850 건조한 두피 케어 슬리브
82144227,오랄비 칫솔모세트 EB20-7 (코스트코)
82145310,위스퍼 클린라이너 무향 36개입 RRP
82146307,팬틴 풀앤씨크 삼푸 550
82146686,헤드앤숄더 750_겸용
82146730,오랄-비 전동칫솔 D20 (PROFESSIONAL)
82147084,아쿠아액션 롱-라스팅 하이드레이션 젤
82147271,셀루미네이션 딥 서지 2.5G 샘플
82152084,팬틴 집중 손상 컨디셔닝 린스 850ML
82152314,화이트닝 소스 덤 리바이벌 마스크 6p
82153832,LXP 얼티미트 퍼펙팅 크림 50G
82157383,셀루미네이션 팬케익 320
82157957,오랄비 크로스액션 프로엑스퍼트 주니어 1입(Star)
82159700,팬틴 트리트먼트 15MLX5 인텐시브 트리트먼트 스티커
82159901,팬틴샴푸850집중수분케어STK
82163663,"화이트 래디언스 울트라 유브이 블록커 (SPF 50+, PA+++ )"
82163704,헤드앤숄더 쿨멘솔 샴푸 850ml
82163823,위스퍼 코스모 인피니티 울트라 날개형 오버나이트
82164117,화이트 래디언스 프로텍티브 로션 (SPF20 PA++)
82164249,퓨전 파워 면도기 1UP
82169736,헤드앤숄더 1700팩- 헤어 폴 클리닉
82171553,위스퍼 보송보송케어 울날대 슈퍼롱 팩
82171901,위스퍼 리프레쉬클린 케어 울날중 90개입
82172134,듀라셀 디럭스 알카 AAA 20개입
82172436,다우니 블루 4LX3 튤립과 달콤한 라일락 향_PGP
82173454,팬틴 아이리스 850 집중손상 샴푸_이마트
82174773,오랄비 인디케이터 항균모 4입
82176764,마하3 면도기 2UP(테스코)
82176897,크리스탈 클리어 앤 스팟 에센스 세트
82179346,팬틴 집중수분케어 2200팩
82180493,팬틴 실키스무드케어 1500팩
82181456,마하3 매뉴얼 12입날
82181921,다우니 블루 2L+2L 팩 튤립과 달콤한 라일락 향_Sep'12
82182126,화이트닝 소스 덤 리바이벌 마스크 1p 샘플
82183252,페브리즈 에어 다우니향
82183324,LXP 얼티미트 퍼펙팅 세럼 50ml
82185013,다우니 퍼퓸 블랙 200ml 샘플 미스티크 향
82185849,위스퍼 리프레쉬케어 번들팩 20개입
82191028,마하3 센서티브 파워 면도날 8입
82191336,오랄비 마이크로씬 클린 7팩
82191750,신규 듀라셀 디럭스 알카라인 9V 1개입
82192150,페브리즈 900+320ML 허브향 이마트팩
82192641,위스퍼 보송보송케어 중형 4개입 CVS 팩
82192676,퓨전 팬텀 파워 면도기 TMR 1CSX36IT*1X6X6
82195731,페브리즈 370ml+320ml 팩 상쾌한향 DJF'13
82196834,다우니 퍼퓸 블랙 1L+1L 미스티크 향
82198216,페브리즈 에어 봄의소생 4개입 코스트코팩
82198599,페브리즈 에어 뉴질랜드 계곡의 향기 275G
82198604,페브리즈 에어 태국의 열대과일 향기 275G
82200888,볼드3 리퀴드 900GX9 바틀
82201373,후레쉬라이너 무향 40*2
82201477,팸퍼스 BB 크루저 3단계 1/174
82201515,팸퍼스 BB 베이비드라이 3단계 이코노미 박스1/204
82201526,팸퍼스 BB 베이비드라이 6단계 이코노미 박스1/128
82201543,팸퍼스 BB 스와들러 1단계 수퍼 1/84
82203524,셀루미네이션 오라 에센스 50ml
82204043,페브리즈 차량용 2개입(2mlX2 (다우니향기)
82205606,퓨전 프로글라이드 파워 실버터치
82205759,싸인즈 퍼펙트 래디앙스 리퀴드 파데 105
82205783,셀루미네이션 팬케이크 440
82205910,링클 스페셜리스트 25g
82207350,질레트 퓨전 매뉴얼 8 입 날 (LT)
82207895,Tesco 다우니 퍼퓸 블랙 1L 미스티크 향
82208055,로케트 망간 랜턴용 4R25A 1개입
82209704,스템파워 에센스 30ml
82210285,스팀파워 크림인 파운데이션 미니420 (비매품)
82212355,다우니 핑크 1.8L 베리베리와 바닐라크림 향
82213156,듀라셀 알카 9V 4개입 - 코스트코
82214269,질레트 일회용 면도기 DR5 - Sauna channel
82215392,오랄비 어드벤티지 4웨이 후레쉬 3입
82215448,타이드 플러스 페브리즈 액체 세제 2.72L
82217532,위스퍼 피부애 울트라 프로모션팩 50P( 이마트)
82218107,다우니 아로마쥬얼 블루 에메랄드 브리즈 375G*2EA
82219587,페브리즈 차량용 프리미엄 숲속의 콘체르토 리필 7ml
82219859,다우니 김치 퍼플 1L+1L 팩 화이트티와 릴리 향
82221402,화이트닝 파워 스팟 스페셜리스트50ml
82221417,페브리즈 370ml+320ml 팩 은은한향 OND'14
82221919,위스퍼 리프레쉬클린케어 울날중 36>
82223031,팬틴 엑스트라볼륨 1500팩X6
82223911,팸퍼스 베트남 베이비드라이 밴드 5단계(특대형) 50X3
82224284,에스케이-투 페이셜 리프트 이멀전 2g(비매품)
82225034,에스케이-투 스템파워 크림 2g (비매품)
82225080,마하3 면도날8입
82225625,시리즈 젤 모이스쳐라이징 200ml
82225678,프로글라이드 매뉴얼 면도기 2업 (플렉스볼_EM/TSC)
82227400,다우니 퍼퓸 그린 보타닉가든 700MLX8
82228896,듀라셀 울트라 AA 12팩 롯데마트
82230626,다우니 아로마쥬얼 화이트 펄 클래식 375G+퍼퓸 화이트 클래식 200M
82230816,피테라 에센스 세트 - 레드 버터플라이 LTD
82230824, 페브리즈 깨끗한 햇살 보충형 320ML
82230982,페브리즈 (900+320) 팩 다우니향
82232252,위스퍼 피부애 코스트코 시스템팩
82232629,오랄비 고탄력 초미세모 틈새 케어 4입 롯데 Natl
82232810,오랄비 프로-엑스퍼트 클리니컬 프로-플렉스 3+1입
82233176,팸퍼스 크루저 4단계 1/152
82234665,헤드앤숄더 Bahamas샴푸 850 센서티브 알로에
82236191,듀라셀 C 12PK_블리스터_코스트코
82237534,피테라 에센스 230ML 레드 버터플라이 LTD
82238564,아티산 브러쉬 파운데이션 420 (모이스트)
82239727,헤드앤숄더 발리 컨디셔너 550 쿨멘솔
82240862,페브리즈 비치형 바닐라라벤더 3개입 코스트코팩
82241875,T 맨 에이지 리바이탈라이즈 모이스처라이저 2.5g(비매품)
82242075,T 셀루미네이션 리퀴드 FND 310
82242722,팬틴 퀀텀 트리트먼트 200X2 실키스무드 ROT
82242943,팬틴 퀀텀 트리트먼트 실키스무드 200 LT_TE
82243376,스킨 퍼펙팅 파운데이션 105
82243509,오랄-비 어드밴티지 컴플리트 4웨이 35모
82244495,에스케이-투 제놉틱스 오라 트라이얼 키트 15ml
82245028,페브리즈 포맨 용기형 370ml
82246217,위스퍼 후레쉬라이너 무향 40*2개입 RRP
82246400,아티산 브러쉬 파운데이션 420 (유브이/라이트)
82247394,팬틴 아쿠아 퓨어 트라이얼 팩 6입
82249304,페브리즈 차량용 2ml (상쾌한 아침)
82250924,위스퍼 보송보송케어 중형 보너스팩 36P+18P
82251846,제놉틱스 오라 에센스50ml
82252206,퓨전 매뉴얼 2UP 면도기
82252233,다우니 퍼플 1L 화이트티와 릴리 향
82253361,팬틴 3분 미라클 앰퓰 트리트먼트 (15GX5)
82253919,페브리즈 포맨 쿨아쿠아향 용기형 370ML
82254303,콤펙트 케이스(레드 원형)
82255743,오랄-비 어린이 전동칫솔 카즈프로즌 리필모 코스트코 팩
82255973,페이셜 트리트먼트 젠틀 클렌징크림 15g(비매품)
82256064,셀루미네이션 리퀴드 파운데이션320
82257267,오랄비 컴팩트 잇몸케어 4입 (이마트)
82257507,오랄비 컴팩트 잇몸케어 10입 (트레이더스)
82258075,다우니 퍼퓸 샤인 2L
82259441,알엔에이 파워 아이크림 & 피테라 키트
82260516,페브리즈 차량용 2MLX6 (상큼한 라임 오렌지) - TESCO (LEG
82261183,페브리즈 섬유탈취제 상쾌한 향 320ml (Harmony)
82262407,팬틴 콜로서스 트리트먼트 220X2 실키스무드 ROT
82265523,다우니 퍼플 1.6L 화이트티와 릴리 향
82266308,OLAY GA 소플 크림 에어 50g
82266724,페브리즈 에어 비내린초원 275G (Kreach2)
82267170,페브리즈(MO) 370ML 용기형 은은한 향 - PGP
82267769,다우니 블루 1L+1L 팩 레몬그라스와 달콤한라일락 향
82269873,마스터피스 피테라 아이크림15g
82272083,다우니 퍼퓸 골드 샤인 1L+1L (Chanel)
82272370,퓨전 프로쉴드 칠 9+1 BBGR팩
82274132,퓨전 프로쉴드 칠 면도기 1up+4입팩 (e-Comm)
82275344,마스터피스 피테라 서플니스 세럼50ml
82275901,헤드앤숄더 Bali 샴푸 850 딥클린
82276062,오랄비 스테이지스4 프로즌스타워즈 2pX4입 (코스트코)
82276392,제놉틱스 오라 에센스75ml
82276400,맨 모이스쳐라이징 클렌저120g
82277146,다우니 스포츠 1L+1.6L 액티브 시트러스 향 (Agri)
82278804,다우니 퍼플 1.6LX2+700ml 화이트티와 릴리 향 (Olympic)
82279922,퓨전 프로글라이드 매뉴얼 4입날 쉐이브클럽 팩
82280181,다우니 퍼퓸 그린 보타닉가든 2L+700ML (Chanel) - poly
82280243,다우니 스포츠 700ml 액티브 시트러스향
82281938,다우니 블루 1.6LX2 레몬그라스와 달콤한 라일락 향
82282226,다우니 스포츠 2L+1.6L 홈플러스 창립팩
82282573,페브리즈 차량용 (맑은하늘바람)_PX
82283469,페브리즈 370mlX2 팩 포맨 쿨 아쿠아 향 (쿠팡)
82283768,헤드앤숄더 슈프림 모이스쳐 컨디셔너 320ML (STK)
82283908,다우니 퍼플 화이트티와 릴리 향 1LX3+200ML (쿠팡)
82283955,프로쉴드 매뉴얼 8+1팩
82284715,헤드앤숄더 2550팩- 가려운 두피 (바르셀로나)
82284896,퓨전 하이드라 센서티브 젤 200ml
82285098,다우니 핑크 4LX4 베리베리와 바닐라크림 향_PGP (Kreach2)
82285290,다우니 퍼퓸 컬렉션 윈터데이트 200ML
82286808,퓨전 매뉴얼 면도날 10입 (ECOM)
82289557,팸퍼스 베이비드라이 2단계 이노머스 박스 1/186
82291360,다우니 블루 4LX4 레몬그라스와 달콤한 라일락 향_PGP (EXP)
82291640,크로스액션 프로-엑스퍼트 7 토탈케어
82291720,질레트 퓨전 프로글라이드 파워 면도날 10입팩 (COUPANG)
82291728,질레트 퓨전 파워 면도날 16입팩
82292283,페브리즈 섬유탈취제 허브 향 320ml (Elixir)
82292793,다우니 퍼퓸 그린 보타닉가든 200ML
82295903,피테라 에센스 도쿄 걸 핑크 리미티드 230ml(AM20)
82297438,프로글라이드 파워 면도기 1up (플렉스볼)
82297970,페브리즈 섬유탈취제 상쾌한향 360ml 3입 쿠팡 팩
82298120,팸퍼스 스와들러 2단계 29X4
82298171,팸퍼스 스와들러 6단계 16X4
82298230,팬틴 콜로서스 엑스트라볼륨 샴푸 쿠팡팩
82298436,다우니 퍼퓸컬렉션 스노우 화이트 200ml
82299791,비너스 컴포트 글라이드 화이트티 면도기 2UP
82301735,신라 면세점 단독 기프트 셀렉션 세트(Nov19)
82302040,다우니 퍼퓸컬렉션 어도러블 1LX2 팩 (롯데마트)
82303033,질레트 퓨전 프로글라이드 센서티브 면도젤_3입 (코스트코)
82304189,헤어레시피 키위&무화과 볼륨 트리트먼트 530ml
82304618,질레트 마하3 면도날 4입
82305145,질레트 퓨전 파워 면도날 4입
82305377,질레트 벌크 퓨전 프로글라이드 파워 2입
82305454,팸퍼스 크루저 4단계 박스 1/104_S7
82305478,팸퍼스 스와들러 6단계 16X4
82305639,페브리즈 차량용 내추리스 2개입 (2.2mlx2) (민트 블라썸)
82308337,오랄비 초미세모 벨벳 잇몸케어 7입
82309185,질레트 퓨전 매뉴얼 면도날 10입 팩 (COUPANG)
82309205,다우니 퍼퓸 쥬얼 루비 피오니 480g
82309735,헤드앤숄더 2550팩- 가려운 두피(Bali)
82309853,질레트 시리즈젤 센서티브 스킨 200ML 듀오팩
82310593,다우니 엑스퍼트 스포츠 2Lx4
82310710,다우니 핑크 베리베리와 바닐라크림 4Lx3
82311072,오랄비 스테이지스3 프로즌II 1입
82311525,페브리즈 섬유탈취제 다우니 향 370ml
82312305,질레트 홈플러스 2020 프로글라이드 창립 기프트 팩
82312957,오랄비 스테이지스4 프로엑스퍼트 주니어 6입 쿠팡팩 인아웃
82313564,오랄비 클릭 핸들+리필 키트 (크롬 화이트)
82313999,에스케이-투 스킨파워 에어리 밀키 로션 15g
82314440,다우니 엑스퍼트 2L+1.6L 스포츠 향 (홈플러스)
82315112,오랄-비 크로스액션 7베네핏 35모 온라인 싱글
82315128,페브리즈 차량용 맑은하늘바람2.2ML 4입+라벤더2.2ML 2입
82315264,다우니 PGP 블루 3.8X2 레몬그라스와 달콤한 라일락 향
82316191,다우니 퍼퓸  코튼 퓨어러브 향 1L (구버전)
82316219,다우니 스프링 가든 러브 1L
82316743,페브리즈 섬유탈취제 다우니향 대용량리필 650ml
82317137,오랄비 크로스액션 35모 2입+베네핏35모 2입+항균모35모 2입 팩
82318920,제놉틱스 스팟 에센스 50ml 듀오 세트
82321163,오랄비어린이칫솔모EB10-4 Frozen
82321955,SK-II 피테라 탄력 세트 (RNA)
82322572,다우니 핑크 4LX3 베리베리와 바닐라크림 향_PGP
82322573,다우니 PGP 핑크 3.8X3 베리베리와 바닐라크림 향
82323576,오랄비 스테이지스4 프로엑스퍼트 프로즌 6입 쿠팡팩
82323714,퓨전 하이드라 젤 울트라 프로텍션 195g
82324010,다우니 섬유유연제 블루2L+세제 블루2.7L 팩 (LT)
82324897,브라운 시리즈 8 면도기 8325s BLACK
82325452,다우니 엑스퍼트 센서티브 1LX3
82327406,다우니 프리미엄 액체형 세제 실내건조 1L
82328105,페브리즈 섬유탈취제 640ml 다우니 에이프릴 향
82331042,질레트 프로쉴드 옐로우 1up+7ct 팩 (ECOM)
82331369,오랄-비 DB5 배터리 전동칫솔 화이트
82331610,팸퍼스 스와들러 3단계 26X4
82332923,제놉틱스 오라 에센스 30ml
82333053,"질레트 캡틴아메리카팩 프로쉴드 칠 핸들+6ct, 거치대 (빅)"
82333772,브라운 세정액 CCR4
82333839,오랄-비 어린이용 배터리 전동칫솔 카즈 DB4
82333933,오랄-비 크로스액션 화이트 리필모 10입 (EB50-10)
82334017,다우니 베이스 퍼플 맥퀸 화이트티와 릴리  4L (PGP)
82408685,AS 오일 컨트롤 페이퍼 (리필)
82409044,AS 메이크 업 리무버 WP 샘플
82410124,AS 네일 칼라 N 200 - 테스터
82410310,AS 네일 칼라 N 307
82410313,AS 네일 칼라 N 401
82412314,AS 아이브로우 라이너 500
82412586,AS 화이트닝 밀크 테스터
82415139,안나수이 헤어 밴드
82416777,네일 칼라 N 318
82416824,안나수이 립 루즈 G 303 T
82416826,안나수이 립 루즈 G 305 T
82416895,돌체앤가바나 더 원 젠틀맨 애프터쉐이브로션 100ml
82418214,AS 프로텍티브 PF 엘 B00 테스터
82420577,AS 네일 칼라 N 504 - 테스터
82420596,AS 아이 칼라 (팬 필드 테스터) 004
82420641,AS 아이 칼라 듀오 04
82420649,AS 아이 칼라 100
82420683,AS 네일 칼라 N 320
82421598,안나수이 아이 칼라 크레용 001 - 테스터
84846124,질레트 시리즈 써말 페이스 스크럽
84846551,퓨전 프로글라이드 매뉴얼 면도기
84855989,퓨전 프로글라이드 파워 면도날 14입 (코스트코)
84958490,페브리즈에어(비내린초원)
80209585,팸퍼스 베이비드라이 5단계 이코노미 박스1/172
80214587,트라이존 칫솔모 4개입
80230639,팸퍼스 BB 크루저 5단계 1/132
80236818,팸퍼스 BB 이지업 팬티형 남아 6단계 수퍼 1/60
80238424,오랄비D16 핑크
80253483,오랄비스테이지스 1단계
80269777,프로쉴드 옐로우 4입 FWIP
80282727,팸퍼스 M5 베이비드라이 2단계 이코노미 박스1X222
80317977,오랄-비 DB4 배터리 전동칫솔 화이트
80323847,오랄비 전동칫솔모 2입 EB20-2
80358224,오랄비 전동칫솔 D12.513 카즈
80684314,오랄비 전동칫솔 D12.513 스타워즈 (트레이더스)
80690907,다우니 생화향기 컬렉션 클린 솝  2Lx4
80690919,다우니 생화향기 컬렉션 미스티크 1LX12 (DBD)
80693882,다우니 생화향기 컬렉션 미스티크1.05x12
80693951,다우니 베이스 핑크 맥퀸 베리베리와 바닐라  200ml
80693956,다우니 엑스퍼트 실내 건조 오메가 (그린) 200mlx24
80693966,다우니 베이스 퍼플 맥퀸 화이트티와릴리 200ml
80697758,헤드앤숄더 샴푸 850 쿨멘솔 레거시
80697772,헤드앤숄더 샴푸 쿨멘솔  80ml 레거시
80698695,질레트 스킨텍 파워 면도날 8입 (557)
80705279,다우니 항균 파워 플러스 1L+1.6Lx2 홈플러스팩
80705744,오랄-비 전동칫솔 D12 바이탈리티 초미세모
80707077,팬틴 콜라겐 미라클 트리트먼트 220ml x3 + 샴푸 90ml
80707594,헤드앤숄더 발리 샴푸 850ML 애플프레쉬 (DBD)
80709342,다우니 생화향기 컬렉션 블랙 미스티크 2LX2 팩 (TF)
80709554,다우니 생화향기 컬렉션 블랙 미스티크 1L+1L
80710701,다우니 프리미엄 액체형 세제 냄새딥클린 퍼플 1.40L X 6
80711922,질레트 프로글라이드 매뉴얼 믹스드케이스
80720710,팬틴 프로-브이 극손상케어 샴푸 1130ml KR ET
80723317,SK-II FY2223 45G KCP 샘플키트
80725352,다우니 고농축 아로마 플로럴 8.5LX2
80725410,다우니 고농축 아로마 플로럴 8.5LX2
80726593,팸퍼스 아르모니 에어차차 썸머팬티 6단계 32X2
80726814,다우니 베이스 블루 레몬그라스와 라일락1.6LX6 PX (2022형)
80729880,페브리즈 섬유탈취제 다우니 향 370ml
80729893,페브리즈 향균플러스 깨끗한향 370ml
80736212,질레트랩스 딥클렌징바 7UP
80740664,페브리즈 차량용 맑하바2+다우니2 쿠팡
80744712,스킨파워 어드밴스드 크림 2.5g
80746628,페브리즈 비치형 6.3mlX3 화이트쿠팡
80748968,오랄비 스테이지스2 2입(홈플)
80763795,다우니 삶음탈취 플러스 1.35LX6
80765676,페브리즈 퀵 드라이 젯 클린 코든 솝 320ML
80770295,오랄비 D100 크로스액션 블랙(쿠팡)
80774841,페브리즈 섬유탈취제 다우니 370ml
80774955,다우니 세제 추가헹굼제로 2.2Lx4 BD
80777746,스킨파워 리-뉴 에어리 크림 50g
80793499,팬틴 실키 스무드 케어 샴푸 1200ml
80793500,팬틴 극손상 케어 컨디셔너 1200ml
80794397,페브리즈 섬유탈취제 다우니 900ml
80795769,질레트 프글 울트라 기1+날12
80796483,질레트 프쉴 칠 면도날 11입
80797939,오랄-비 전동칫솔 iO2s 화이트
80807863,팸퍼스 5.0 통잠팬티 5 단계 26 X 4
80816509,제놉틱스 스팟 에센스 50ml
80819695,페브리즈 항균플러스 깨끗한 향 360ml 3입
80820846,다우니 블루레몬그라스와 라일락3.8LX3P3
80825393,다우니 미스티크2LX4 M2
80826695, 헤드앤숄더 샴푸 가려운 두피 케어 520ml
80826937,제놉틱스 씨씨 프라이머 베이지 0.7g
80828642,(557.1 ) 질레트 스킨텍 매뉴얼 면도날 4입
80830233,팸퍼스 2025 에어차차 썸머팬티 6단계 42X3
80831295,다우니 실내건조 프레시클린200mlx48 R3
80833696,페브리즈 향균플러스 산뜻한향 370ml
80834003,다우니 퍼퓸 에메랄드 브리즈 480g v3
80835264,다우니 세탁세제 퍼펙트클린 4.1Lx4 J2
80838175,(557.1 ) 질레트 프로글라이드 매뉴얼 면도날 8입
80839840,헤숄 hydro 오일컨트롤 300mlx2 + 90ml
80842254,질레트 퓨전 프글 센서티브 젤 170GX3X12
80843087,페브리즈 차량용 방향제 다우니 클린코튼 (2.2MLX3)X8 
80843757,다우니 코튼퓨어러브 2.6LX6 MW2C
80852467,질레트 601 매트블랙 스탠드
80862830,브라운 시리즈 9 면도기 9667cc+PC SILVER
80871146,에스케이-투 스킨파워 리-뉴 크림 15g
80883975,다우니 화이트머스크 1Lx12 D2
80889240,오랄비 고탄력 초미세모 그린티 1입
80921626,프링글스리니지캔양파
81017331,AS 아이 브로우 브러쉬 1 테스터
81019266,AS 아이 칼라 액센트 801 테스터
81042409,프링글스 독일풍 나쵸치즈맛 (치즈향 함유)
81056947,프링글스 양파맛 (양파향 함유) 170G
81102168,SP 3.5 에너지 데이세럼 100ML
81126752,SB 250ML 패네트레이트 샴푸
81127096,SB 300 셀로페인 레드레드
81130394,SB 50G 크래프트 클레이
81131501,AS 딥 클렌징 오일
81141779,디앤지 18 LA LUNE EDT 5 MINI
81153784,SP 1L 클리어스캘프 샴푸
81154442,디앤지 03 LIMPERATRICE EDT 1.5 SOFI
81188959,구찌 길티 럭스 휴대용 스프레이 7.4 ml
81211685,살롱 스페셜리스트 인텐시브 트리트
81230037,KP 66/75 로즈브라운
81259224,브라운 면도기 150-1
81271012,WC 1000ml브릴리언스 샴푸
81282043,브라운 시리즈 1 면도기 150S
81296109,Perm cape 1월 퍼머보
81296667,브라운 시리즈3 교체용 카세트 32S
81329919,SP 고객 가운
81339150,WC25ml브릴리언스 마스크
81372102,브라운 물주전자 화이트
81384829,브라운 시리즈5 PP5 날과 망 52B
81427765,브라운 면도기 쿨텍 CT2s
81441931,GEM 액티브핏 5단계 1X74
81474060,브라운 시리즈9 날망 90B 은색
81479850,브라운 시리즈 3 면도기 3080S
81483730,브라운 시리즈3 날과망 32B
81548631,브라운 쿨텍 CT2S_LSD
81576245,브라운 시리즈7 면도기 799-7WD
81634628,퓨전5 프로글라이드 파워 면도날 6입
81651196,브라운 시리즈 9 면도기 9280cc BLK/ELBLU
81686112,브라운 시리즈8 날과망 83M
81697114,"브라운 시리즈 5,6,7용 딥클렌징 브러쉬"
81726682,브라운 시리즈3 날과망 31S
81731109,브라운 시리즈 8 면도기 8385cc BLACK
82001051,이마트 팩 대형 104
82001092,비달사순 딥 살롱 마스크 150g
82003252,팬틴 헤어 폴 컨트롤 샴푸 400ML
82006197,팬틴 2550샴푸 DM팩-집중손상
82007256,어드밴스드 화이트닝 소스 리퀴드 FND 320
82008907,팬틴 2200팩-바운시볼륨
82010768,비달사순 컬러케어 샴푸 550ML
82011019,페브리즈 녹차 320ML 리필형
82011122,팬틴ET비듬샴푸600GM 1SX12
82011637,PRINGLES PCHP 190GM 1SX14 CZUM
82012292,OLAY SGEL 400ML 1SX8 2IN1 W/PUFF (RPAK)
82012631,프링글스　오리지날1*12
82014882,헤드앤숄더 센서티브알로에 샴푸 850ML
82018957,립리페어2g
82024784,큐티수퍼프리미엄중형96*3
82028344,팬틴시스템샴푸정상400ML 1*12
82030092,에스케이 투 싸인즈 트리트먼트 토탈리티
82031716,비달프로샴푸손상1000ML1*6
82031908,큐티　사각리필80 1*18
82031978,에스케이 투 싸인즈 트리트먼트 토탈리티 2
82031992,팬틴 집중손상 딥리페어 크림 100ML
82033447,큐티베이비조이대형72*3
82033525,네모난물 리필번들80 3*8
82037997,팬틴 1600팩-엑스트라스트레이트
82038246,비달프로린스정상500ML1*9
82038320,큐티중형40S*4
82038424,조이리필500ML 1S*18
82039063,향기나는페브리즈보충용320ML 1S*24
82039369,아텐드중형15개입
82039424,샤민BASE 50M 18R
82040193,조이레귤러300ML프리미엄팩
82041609,위)울트라후레쉬날개소34*24
82041619,위스퍼슬림일반중형10*48
82043080,PRINGLES PCHP 195GM 1SX14 ORG
82043222,SK2리페어C파우더FND 31
82043239,SK2 FT크림30G
82043700,팬틴샴푸손상400MLG (BC96)
82044583,팬틴린스일반960ML1*6
82044633,SK-II SKIN MSK WHITENING
82044669,팬틴바겐세일팩일반1275ML
82045043,비달프리미엄STRT3S*6
82045124,프링글스 클럽팩184G 4S*6
82045808,코디50M 24R
82045856,PANTENE TRMT 200MLX24 VOL-DOWN BC27
82045886,SK2 TRMT ESNC 4색테스터
82046065,SK2콤팩트FOR CLR PRS PWD BC SAMP
82046396,SK2 WHT듀오세트
82046541,위스퍼슬림날개대18*24
82046888,팬틴샴푸일반575ML1*6
82046931,비달샴푸스트레이트575ML*6
82046947,비달린스웨이브960ML*6
82046966,PANTENE COND 10MLX576 VOLUME UP
82047008,팬틴린스모이스춰960ML*6
82047140,팬틴샴푸볼륨400ML*12
82047156,팬틴트리트먼트모이스춰10ML*576
82049099,프링글스오리지날100G증정품
82049522,SK-II FACE LOT 100ML CLEAR SOLUTION
82050469,큐티중형64S 2*1 EDLP
82050622,비달익사이팅스트레이트린스960ML
82050701,프링글스매콤한맛50G DBD PRM
82050738,비달바겐세일팩960스트레이트2*6
82051389,팬틴모이스쳐케어린스960ML
82052573,위스퍼슬림날중10*48
82053259,페이셜트리트먼트에센스30ml(유소)
82053290,팬틴프로모션팩1500ML볼륨
82054501,조이번들팩500ML
82054910,팬틴집중손상케어샴푸550ML
82055277,은은한향페브리즈용기형370ML
82055428,에스케이투 디링클 액티브 25G
82055666,비달사순설날선물세트1호
82056315,팬틴MAR 03 1435ML모이스쳐
82056599,팬틴DA1250집중손상케어
82058348,팬틴CPG기획상품1
82059600,페브리즈플러스용기형 370ml
82059772,팬틴7/8월1600 -모이스춰
82063424,큐티압소바T-SHIRT
82063538,위스퍼그린날개오버나이트14P
82063688,코디프리미엄알로에오렌지플라워130X4X8
82065052,팬틴볼륨케어샴푸550
82065305,코스트코 헤드앤숄더 컨디 딥 960ML
82065544,헤드앤숄더 570/375팩딥
82067071,큐티다용도상자1sX16
82067398,SK-II 더블유 소스 브라이트 팬케이크 OB-4
82067459,팬틴 집중손상케어 컨디셔너 100ML
82067931,헤드앤숄더1715팩모이스트
82068196,화이트닝 소스 인텐시브 마스크 10P
82068701,코스트코용팬틴트리트먼트집중손상팩
82068919,팬틴 1800팩-집중손상
82069954,팬틴아미노Pro-V샴푸10ml샘플
82070646,위스퍼소프트클린시스템프로모션팩-L
82071462,위스퍼소프트클린슬림날개중형36개입
82071465,위스퍼소프트클린슬림날개오버나이트10개입
82071781,비달사순1400Pack스트레이트
82072262,위스퍼 슬림 일반 중형 10개입
82073340,PAMPERS DPR MD 68SX4 FIT & DRY JMB BOH
82073371,LXP 모이스트 소프트닝 세럼 11ML
82073945,팬틴 2250팩-모이스춰
82074584,에어터치 FND OC-1(리필)BC
82074809,비달사순 200ML 컨디셔너-프로페셔널
82075120,팬틴 1500 코스트코 팩-모이스춰
82075988,위스퍼 그린 중형 40개입 번들팩-폴리
82076277,비달사순 컬러케어 샴푸 960_넥행어
82076687,헤드앤숄더 샴푸 레몬그라스 960ML
82077214,큐티 수퍼스타 업그레이드 중형 60P
82077432,팬틴 집중손상케어 샴푸 100ML
82078241,H&S 멘솔 960ML (스티커)
82078280,H&S 모이스트 클린 케어 570ML (스티커)
82078930,웰라 믹스드케이스 P
82079263,SK-II 화이트닝소스 클리어로션 비씨샘플
82079982,M-1 큐티 편안한 아기 대형 4P CP용
82080195,헤드앤숄더 코스트코 1360팩-멘솔
82080282,팬틴 집중손상 샴푸 100ML
82081653,비달사순 솔리드 스타일 왁스 60g
82082380,소프트클린 대형 2개입 샘플
82082465,팬틴 1500팩-엑스트라 스트레이트
82083202,웰라 트리트먼트칼라 인텐시브 8B
82083461,팬틴 2050팩-밀키 모이스춰
82084474,팬틴 2510팩-밀키 모이스춰
82085529,위스퍼 슈퍼롱 오버나이트 출시 기념팩
82087842,위스퍼 그린 중형 40개입 번들팩
82088024,듀얼 마스크
82088422,MJ'06 (900ML+320ML) 프로모션팩(플러스)
82088775,페브리즈(MO) 370ML 용기형 은은한 향
82089106,조이 프로모션팩 - 500ML X 2 (AM06)
82089357,큐티 편안한 아기 골드 대형 60P
82089440,위스퍼 소프트라이트 2 날개형 28개입
82089571,팬틴밀키모이스춰샴푸850ML
82089726,팬틴 1500 이마트 팩 집중손상
82094805,팬틴 1050팩-집중손상
82095051,팬틴EXTRA스트레이트컨디200ML
82095366,헤드앤숄더 실키모이스춰 컨디 40ML
82095450,큐티 편안한 아기 대형 76 롯데마트
82095902,헤드앤숄더 딥클린샴푸 400ML
82096513,헤드앤숄더 770팩-프레쉬 레몬그라스
82096553,위스퍼 소프트클린 커브 대형 20
82097218,팬틴 1450팩-집중손상
82097661,팬틴 나이트 미라클 오일 30ml
82099842,페브리즈(MO) 320ML 리필형 은은한 향
82099911,헤드앤숄더 2550 DM팩-딥클린
82100160,비달사순 살롱 모이스춰 샴푸 550ML
82100184,싸인즈 트랜스폼 FND 440 파인 베이지
82101802,위스퍼 트윈윙 이랜드전용 82P
82102792,화이트 소스 트랜스폼 FND 310
82103455,위스퍼 슬림 슈퍼롱 오버나이트 10p
82104339,팬틴밀키모이스춰샴푸850ML
82104686,WHISPER PAD 26SX24 S01 EWS & SIZE RDC
82104892,페브리즈 화장실용프로모션팩상쾌한초원
82106524,위스퍼 GR 40P번들팩
82106641,팬틴 1350팩-실키스무드
82108771,헤드앤숄더 알로에 코스트코 850 샴푸
82110573,헤드앤숄더쿨멘솔컨디375ML
82110780,헤드앤숄더프레쉬레몬샴푸400ML
82111008,팬틴밀키모이스춰트리트200ML
82111361,팬틴 선물세트 6호
82111508,위스퍼 소프트클린 슬림 날개 대형 18P
82112110,팬틴 풀앤씨크 컨디셔너240
82112948,SK2 FT클리어로션150ML
82112956,SK2트리트먼트클리어로션215ML
82113733,팬틴 헤어타임리뉴얼 트리트먼트150_스티커
82117766,헤드앤숄더 쿨멘솔 컨디 570ML
82117814,헤드앤숄더 쿨멘솔 샴푸 850ML
82118520,SGNS퍼펙트래디앙스 LIQFND105
82119059,프링글스 미디엄 바베큐 140g (address sti
82123014,헤드앤숄더 스완 2250샴푸팩- 레몬그라스
82123049,헤드앤숄더 스완 2550팩-수딩두피케어
82124295,팬틴 트리트먼트 트라이얼팩 600ML
82126506,웰라 리퀴드 헤어 100ML_스티커
82126548,헤드앤숄더 딥클린 샴푸 550ML
82126736,헤드앤숄더 실키 모이스처 스페셜 1700 팩
82129084,나이트 미라클 크림 샘플 5ML*2
82129168,헤드앤숄더 컨디550 민감한 두피 케어
82129696,팬틴 샴푸15MLX480풀앤씨크JP 96*70
82129971,사인즈 너리싱 크림 50G
82131531,팬틴 풀앤씨크 에센스 150
82134515,헤드&숄더 프레쉬 레몬그라스 삼푸 850ML 슬리브
82135390,질레트 콘투어 플러스 면도날 10입
82135494,질레트벡터플러스면도기1UP
82137967,화이트 래디언스 포밍 클렌저
82138181,질레트 벡터면도날 4개입
82138428,마하3 2UP+8입PACK
82138745,헤드앤숄더 로터스 2550팩- 헤어 폴 클리닉
82138962,클리니케어 프리즈디팬스 520ML 팩
82139003,오랄-비 비전35부드러운모
82140711,팬틴 바운시볼륨케어 1850팩
82140717,팬틴 실키스무드케어 1700팩
82140838,팬틴 실키스무드케어 2550팩
82141515,코스트코 퓨전 하이드라젤 트윈
82141519,퓨전 JAS'10 프라이드 파워
82141885,프링글스 파이오니어 110G 믹스드 케이스 - (JULY '10)
82142270,팬틴 집중수분케어 2550팩
82142323,헤드앤숄더 로터스 1950샴푸팩- 쿨 멘솔
82142772,시리즈젤 센서티브
82143235,헤드앤숄더 007 800팩- 포맨헤어폴클리닉
82143415,싸인즈 퍼펙트 래디언스 LIQ FND 420
82144581,팬틴 아이리스 미스터리 샘플 삼푸 40ML
82145074,위스퍼 센서티브 중형 30개입
82145105,페브리즈 비치형 리필 (봄의소생)
82145299,오랄비어린이칫솔모EB10-4 (Emart)
82145309,위스퍼 클린라이너 향취 36개입 RRP
82145563,페이셜 리프트 이멀젼 30g 트라이얼 샘플
82147584,오랄비 검 프로텍트 40모 4입
82147952,듀라셀 울트라 파워체크 알카 AAA 16개입 코스트코
82148992,셀루미네이션 에센스 인 FND 330
82149191,질레트 일회용 면도기 블루투플러스 1개입
82149795,FT 젠틀 클렌져 20G TRI 샘플
82150641,팬틴 트리트먼트 200 내추럴 케어
82150983,프링글스 멀티그레인 클래식
82152310,LXP 액티베이팅 마사지 플루이드 200g
82152804,콤보 퓨전 매뉴얼 8 면도날 맨스챌린지 스티커
82152827,HE 데인저러슬리 실키 앤 스트레이트 샴푸
82153839,셀루미네이션 에센스 EX 30ML
82154631,퓨전 매뉴얼 8입날
82155445,토탈이펙트 클렌징 클로스
82156131,듀라셀 울트라 AA 18개입 파워체크
82156815,팬틴 실키 샤인 에센스 200ml
82157182,페브리즈 370ML+370ML 팩 은은한 향
82157390,화이트닝 스팟 스페셜리스트 30ML
82159702,팬틴 트리트먼트 90ML 나이트 미라클  스티커
82161758,화이트닝 스팟 스페셜리스트 75ml (OTO)
82163604,헤드앤숄더 007 RRP 800팩- 포맨헤어폴클닉
82164115,화이트 래디언스 아이 세럼
82164127,토탈이펙트 7 인 1 안티에이징 크림 노말
82164165,팬틴 아틀라스 집중손상케어 컨디셔너 500ml
82166589,헤드앤숄더 샴푸400 건조한 두피 케어
82166603,헤드앤숄더 750_겸용
82169203,비달사순 컨디셔너 프리미엄 베이스_JP
82169512,마하3 면도날8입
82169864,로케트 파워 알카 AA 16개입
82170715,다우니 퍼플 1L+700ml 팩 화이트티와 릴리 향
82171175,위스퍼 리프레쉬클린케어 중형50RRP
82172403,스템파워 2.5g
82172446,퓨전 하이드라젤 센서티브 스킨 (올림픽)
82173434,팬틴 바운시볼륨케어 1900팩_NEW
82174993,퓨전 프로글라이드 클리어 쉐이빙 젤
82176590,헤드앤숄더 MtDew 2550팩- 헤어 폴 클리닉
82176856,헤드앤숄더 MtDew 1700팩- 쿨 멘솔
82176863,헤드앤숄더 2800팩- 애플 프레쉬
82176938,스템파워 크림 컴팩트 파운데이션 320
82176998,위스퍼핑크세스 울날중 이마트 90개입
82178973,셀루미네이션 에센스 인 파운데이션 440
82179741,프링글스 멀티그레인 양파맛 102G X 12
82180788,페브리즈 비치형 스타터킷 바닐라라벤더의포근함
82180790,페브리즈 비치형 스타터킷 봄의 소생
82181121,페브리즈 FR 다우니 900*2팩_롯데클럽
82181540,퓨전 파워 4입날 + 퓨전 하이드라젤 200ML 기획팩
82181911,다우니 퍼플 1L+1L 팩 화이트티와 릴리 향_Sep'12
82181945,위스퍼 보송보송케어 78개입
82182028,헤드앤숄더 가려운 두피케어 컨디셔너 850ml
82182103,스킨 리부스터 75g
82182589,아이보리 클린 앤 심플 오리지널 센티드 바디워시 709ml
82183313,화이트닝 스팟 스페셜리스트 75ml
82183688,Olay 올레이토탈이펙트7인1데이크림노멀
82183866,팬틴 아틀라스 모발강화 케어 샴푸 500ml
82184121,팬틴 실키스무드케어 컨디셔너 500
82185206,헤드앤숄더 헤어폴클리닉 컨디셔너 850ml
82185209,헤드앤숄더 쿨멘솔 샴푸 550ml
82185834,P&G 팬틴 선물세트 E1호
82185848,위스퍼 보송보송케어 70개입
82186893,위스퍼 리프레쉬케어 울날중 90p
82187989,페브리즈(MO) 900ML 실속형 은은한 향
82189434,팬틴 바운시볼륨 850*4팩
82189493,듀라셀 디럭스 알카라인 AA 4팩_Tesco
82189736,시리즈젤 모이스처라이징
82190582,에스케이-투 셀루미네이션 딥서지 이엑스 50G
82191224,헤드앤숄더 Bahamas 컨디셔너 850 가려운 두피케어
82192148,비너스 임브레이스 면도기
82192635,위스퍼 리프레쉬 케어 70개입
82192639,위스퍼 대리점 보송보송 시스템 팩 46개입
82193213,헤드앤숄더 2250팩 헤어폴 리미티드에디션
82193978,오랄-비 크로스액션 젠틀케어 35모
82195587,마하3 센서티브 매뉴얼 8입날
82195737,페브리즈 370ml+370ml 팩 상쾌한향 DJF'13
82196240,페이셜 트리트먼트 에센스 75ml
82196869,트라이존 D12 기획팩
82198573,페브리즈 차량용 2ML (태국의 열대과일)
82198601,페브리즈에어(바람속의꽃향기) B&B
82198769,듀라셀 디럭스 알카 AA 8팩_TESCO
82200800,탐팩스 펄 레귤러
82200889,볼드 리퀴드 850GX9 레귤러 바틀
82201243,질레트 퓨전 매뉴얼 면도날 16입
82201476,팸퍼스 BB 크루저 3단계 1/174
82201670,위스퍼 보송보송케어 벌키 중형 56개입
82202103,위스퍼 보송보송케어 울트라 날개중형36>
82202117,위스퍼 보송보송케어 울트라 날개 대형30>
82203529,화이트닝 파워 스팟 스페셜리스트 75ml
82204602,팬틴 모발강화케어 트리트먼트 200ml
82204860,페브리즈 차량용 뉴질랜드향+상큼한라임오렌지향 4개입
82205671,마하 3 센서티브 매뉴얼 면도기
82206444,퓨전 하이드라젤 퓨어&센서티브 TESCO
82207573,듀라셀 디럭스 알카 AAA 12팩
82207753,오랄-비 어드밴티지 컴플리트 항균모
82207902,로케트 망간 D 2개입 슈링크팩
82208840,썬파워 알카 AAA 2개입 스몰카드
82209712,페이셜 트리트먼트 클리어로션 215ml
82209715,에스케이- 투 셀루미네이션 에센스 이엑스 50ml
82209720,화이트닝 스팟 스페셜리스트 컨센트레이트 28P
82209724,에스케이-투 페이셜 클리어 솔루션 100ml
82209741,화이트닝 소스 덤 리바이벌 마스크1P (비매품)
82210312,맨 페이셜 트리트 에센스 30ml (비매품)
82210401,오랄비 델리케이트 화이트닝
82210693,다우니 김치 블루 1L+1L 팩 튤립과 달콤한 라일락 향
82211345,위스퍼 보송보송케어 중형 5개입 (RRP)
82212486,에스케이-투 페이셜 트리트먼트 에센스 퍼플 플라워 리미티드 에디션
82216140,브라운 크루저 날과망 20S
82216671,블루2 플러스 센서티브 5s (사우나)
82217123,페브리즈 엑스트라 스트랭스 용기형 370ML
82217292,듀라셀 알카라인C&B C 2팩
82217390,팬틴 트리트먼트 15mlx5 3미닛미라클_롯데마트
82217526,페브리즈 투고 85ml 스프레이 타입
82217769,오랄비 배터리 전동칫솔 D2 카즈/프린세스 (DB4.510 Cars/Pr
82218590,컬러 클리어 뷰티 에나멜 크림 컴팩트(비매품)
82220350,페브리즈 에어 화장실용 (상쾌한 하늘향)
82222101,마하3 8입 면도기 무료 팩
82222163,위스퍼 피부애 수퍼롱 오버나이트 10P
82222166,위스퍼 슈퍼롱 오버나이트 20개입
82222835,페브리즈 에어 맑은하늘바람 4개입 코스트코팩
82223074,듀라셀 울트라 AA 12개입_Tesco
82223237,페브리즈 비치형 스타터킷 다우니향
82225748,프로글라이드 파워 면도기 1업 (플렉스볼_EM/TSC)
82226236,페브리즈 포맨 용기형 370ml
82226786,마그네틱 아이케어 키트
82227057,페브리즈 (900+320) 팩 다우니향
82227098,다우니 핑크 1L 베리베리와 바닐라크림 향
82227408,다우니 퍼퓸 로즈골드 럭셔리피오니 700MLX8
82227500,다우니 퍼퓸 블랙 2.7L 미스티크 향
82227656,셀루미네이션 오라 에센스50ml 슬리브
82228544,듀라셀 뉴 울트라 파워체크 AAA 12팩_이마트DR
82228573,프로글라이드 센서티브 젤 퓨어 스포츠 170g
82228829,위스퍼 보송보송케어 울트라 날개 중형36P
82229347,스템파워 리치크림 15g(비매품)
82229825,페브리즈 라벤더의 포근함 비치형 차량용 믹스드케이스
82230284,팬틴 딥리페어 트리트먼트 에센스 100ML 롯데
82230301,팬틴 실키샤인 트리트먼트 에센스 200ML
82230379,다우니 아로마쥬얼 퍼플 자수정 바닐라 375G*2EA
82230434,페이셜 트리트먼트 오일 샘플 50ml
82230608,사인즈 아이 마스크 1p (비매품)
82231398,듀라셀 믹스드 케이스 A (듀라셀 AA4 + AAA4)
82232254,위스퍼 피부애 이트레이더스 88개입
82232773,오랄-비 크로스액션 탁월한 세정력 35모 3입
82233040,페브리즈 부착형 화장실용 스타터킷 (상쾌한 하늘향)
82233798,페이셜 트리트먼트 에센스 포 맨 75ml
82234818,컬러 클리어 뷰티 에나멜 레이디언트 컴팩트 & 브러쉬 세트
82235246,바디 쉐이브 면도날 4입
82236084,프로글라이드 파워 면도날 14입 (플렉스볼)
82236293,비너스 올레이 3입 (RF)
82236690,페브리즈(MO) 370ML 용기형 은은한 향
82236790,팸퍼스 크루저 6단계 1박스 (104매)
82237759,듀라셀 디럭스 알카라인 9V 1개입_E
82237775,페브리즈 차량용 프리미엄 하늘의 오케스트라 스타터킷 7ml
82238560,아티산 브러쉬 파운데이션 105 (모이스트)
82241692,위스퍼 피부애 34P
82241846,T스템파워 아이 크림 15g
82241866,T 페이셜 트리트먼트 리페어 씨 2ml(비매품)
82241879,T 에스케이-투 엘엑스피 얼티미트 퍼펙팅 아이크림 0.5g(비매품)
82241890,T LXP 얼티미트 퍼팩팅 에센스 150ml
82242062,T 싸인즈 퍼펙트 래디언스 LIQ FND 330
82242474,다우니 에이프릴 프레쉬향 3.06L
82242780,팸퍼스 M5 베이비드라이 2단계 이코노미 박스1/222
82243372,스킨 퍼펙팅 파운데이션 320
82243396,허벌 에센스 핑크 로즈 컬렉션 샴푸 490ml
82243457,오랄-비 크로스액션 항균모 35S
82243505,오랄비 후레쉬클린 4개입
82243569,오랄-비 펄사 35모
82243785,페브리즈 차량용 프리미엄 아쿠아왈츠 리필 7ml (K-Reach)
82244982,오랄-비 그린티 크로스액션 콤보팩 (이마트)
82245067,오랄비 스테이지스 치약 미키 75ml
82245096,프로쉴드 트라이얼 팩
82245143,팸퍼스 베이비드라이 5단계 1박스 (144매)
82245549,다우니 퍼플 1L 화이트티와 릴리 향(테스코/롯데)
82245588,다우니 블루 1L 레몬그라스와 달콤한 라일락 향(테스코/롯데)
82247414,오랄-비 프로헬스 3D화이트 3+1입
82247918,오랄비스테이지스 1단계 1입
82248300,허벌 에센스 클래식 릴렉싱 카모마일 컬렉션 샴푸 490ml
82249120,위스퍼 피부애 슈퍼슬림 2개입 (리플렛)
82249253,알엔에이 파워 아이크림 15g 듀오세트
82249306,페브리즈 차량용 2개입(2mlx2 (맑은하늘바람))
82249357,페이셜 트리트먼트 에센스 레드 리미티드 에디션
82249867,페브리즈 차량용 2ML (라벤더의 포근함)
82250369,오랄비 고탄력 초미세모 블랙티 6개입 DBD (기존)
82250524,맨 아이 리바이탈라이징 트리트먼트 15g
82251107,싸인즈퍼펙트 래디언스 파우더파데440
82251131,셀루미네이션 리퀴드 파운데이션440
82252111,알.엔.에이 파워 래디컬 뉴 에이지 15G
82252464,오랄-비 크로스액션 탁월한 세정력 35S 3+2
82252483,싸인즈 퍼펙트 래디앙스 파우더 파데 컴팩트(레드)
82252519,다우니 김치 퍼플 2L+700ML 팩 화이트티와 릴리 향
82252940,팸퍼스 액티브핏(크루저) 5+ 단계 1박스 (124매)
82253767,퓨전 매뉴얼 2UP 면도기
82253931,마이크로 씬 클린 미세모 4입(롯데마트)
82255948,더블유에스 덤 데피니션 UV 로션 30g
82255955,페이셜 트리트먼트 리페어C 2ml(비매품)
82255967,제놉틱스 오라 에센스 0.7ml(비매품)
82256094,오랄비 전동칫솔 D12.513 스타워즈 (트레이더스)
82256162,위스퍼 보송보송케어 대형 30P
82257437,팸퍼스 M6 베이비드라이 6단계 이코노미 박스1/128
82257497,페브리즈 깨끗한 햇살 대용량 900ML
82258539,질레트 블루3 심플 4s
82258600,오랄-비 저자극 3입 + 잇몸전문 2입 (Emart)
82259670,팸퍼스 M6 베이비드라이 3단계 이코노미 박스 1/204
82260004,애트모스피어 씨씨 크림 30g
82260339,위스퍼 보송보송 시스템팩 대리점 38개입
82261393,오랄-비 D12 스타워즈 행사팩
82263083,OLAY 화이트 래디언스 셀싸이언스 크림 50g
82265519,알엔에이 파워 크림 마그네틱 세트
82268534,브라운 면도기 M90
82268748,오랄-비 스테이지스 3단계 행사팩 JAS17
82270736,다우니 스포츠 1L+1L+(200mlX2) 액티브 시트러스 향
82270802,질레트 프로글라이드 발렌타인팩'18
82271454,헤드앤숄더 쿨멘솔 2800팩 RRP(Olympic)
82271659,다우니 퍼퓸 블랙 미스티크 2L+700ml (Poly)
82271994,마하3 클래식 8입+면도기 1up팩 (트레이더스)
82272132,디럭스 샘플 키트 14G
82272742,페브리즈(MO) 320ML 리필형 은은한 향(PGP HM)
82272842,퓨전 프로글라이드 플렉스볼 매뉴얼 면도기 1UP
82272900,퓨전 프로쉴드 칠 면도기 2up
82273729,컬러클리어 뷰티에나멜 크림컴팩트440
82273849,페브리즈 차량용 2개입(2mlx2) (라이트 라임오렌지향) (CT)
82275676,애트모스피어 유브이 에멀젼30g
82275704,페이셜 리프트 이멀젼100g
82275828,페이셜 트리트먼트 에센스-아이15g
82275898,헤드앤숄더 Bali 샴푸 850 애플프레쉬
82275902,헤드앤숄더 실키클린 850ml 샴푸
82275907,헤드앤숄더 Bali 컨디셔너 850 애플프레쉬
82276361,오랄-비 스테이지스 3단계 행사팩 JFM18
82279131,허벌에센스 클린 화이트 스트로베리 & 스윗 민트 샴푸
82279901,퓨전 프로글라이드 매뉴얼 12+1 쉐이브클럽 팩
82280660,디럭스샘플키트 리미티드14GAiry
82281091,페브리즈 에어 다우니 3개입
82281205,클래식 허벌 에센스 리플레니싱 컨디셔너 컬러/펌/드라이/손상모
82281906,다우니 블루 1L+1L 팩 레몬그라스와 달콤한라일락 향
82282697,퓨전 프로쉴드 칠 4+1 쉐이브클럽 팩 (프리미엄)
82283251,팸퍼스 크루저 5단계 1박스 (132매)
82283335,팸퍼스 크루저 5단계 1박스 (132매)
82283935,오랄비 전동칫솔 D12.513 프로즌
82283943,프로글라이드 파워 1UP + 프로쉴드 옐로우 8CT (롯데빅)
82284337,질레트 블루3 심플 2s
82284501,다우니 초고농축 퍼플 화이트티와 릴리향 1LX3+200ml
82286249,오랄-비 D12 크로스액션+EB50-2 팩 (홈플러스)
82286420,다우니 블루 2L+1.6L 홈플러스 팩
82286719,페브리즈(MO) 320ML 리필형 상쾌한 향(PGP)
82286805,퓨전 프로글라이드 파워 면도날 10입 (ECOM)
82287213,허벌에센스 모이스쳐 로즈마리 & 허브 샴푸
82287526,다우니 코튼 퓨어러브 2L+1.6L 팩(홈플러스)
82288319,다우니 보타닉가든 2LX2 팩 (이트레이더스)
82288327,다우니 엑스퍼트 실내 건조 200ml
82288403,페브리즈 투고 85ml 스프레이 타입
82288480,페브리즈 화장실용 1개입(6ml) 상큼한 레몬향
82288750,다우니 퍼퓸 블랙 미스티크 1LX3 (쿠팡)
82289556,팸퍼스 베이비드라이 6단계 이노머스 박스 1/112
82289957,페브리즈 차량용 2개입(2.2mlX2) (다우니향기)
82290007,퓨전 프로글라이드 매뉴얼 1UP + 프로쉴드 칠 8CT (트레이더스)
82290720,다우니 퍼퓸 에메랄드 브리즈 480GX2 이마트 창립 팩
82290766,다우니 윈터 데이트 1 L + 1 L 팩 (DBD)
82291075,페브리즈 비치형 맑은 하늘바람 3개입 (롯데빅)
82291590,페브리즈 섬유탈취제 은은한 향 370mlX2(KREACH)
82292252,페브리즈 370mlX2 팩 포맨 쿨 아쿠아 향 (쿠팡)
82292779,다우니 핑크 2L 베리베리와 바닐라크림 향
82292799,다우니 블루 레몬그라스와 달콤한 라일락 향 200ML
82292810,다우니 코튼 퓨어러브 향 2L
82293387,다우니 퍼퓸 블랙 미스티크 1L+1L (Paper)
82294909,다우니 프리미엄 액체형 세제 핑크 1.5L
82295946,오랄-비 스테이지스4 프로-엑스퍼트 프로즌 올라프 1입
82296280,다우니 프리미엄 폼형 세제 블루 16입
82299184,오랄-비 스테이지스 2단계 2입 롯데
82299239,제놉틱스 오라 에센스30ml
82299249,맨 페이셜 트리트먼트 에센스230ml
82300119,LXP  얼티미트 퍼펙팅 에센스 10ml(비매품)
82300332,프로글라이드 센서티브 엑티브 스포츠 포오미 245g
82300644,오랄-비 프로헬스 3D화이트 1입 온라인 싱글
82301026,페이셜 트리트먼트 마스크 10P
82301333,다우니 리필 코튼 퓨어러브 향 1.6LX2 (paper)
82303180,페브리즈 섬유탈취제 반려동물 냄새용 가벼운 허브향 900ml
82303474,퓨전 매뉴얼 면도기 1UP
82303582,질레트 프로글라이드 매뉴얼 2up+면도날4ct+젤 팩
82303618,FAB 코코넛 워터 크림 50ml(1.7OZ)
82304178,오랄-비 스테이지스 2단계 2입 롯데
82305143,퓨전 프로쉴드 옐로우 면도날 4입
82305295,FAB 울트라 리페어 하이드레이팅 세럼50ml(1.7OZ)
82305376,질레트 벌크 퓨전 프로글라이드 2입
82305466,팸퍼스 스와들러 2단계 29X4
82306082,스위퍼 더스터 먼지떨이 리필 10입
82306199,다우니 프리미엄 폼형 세제 핑크 16입
82307665,페브리즈 섬유탈취제 다우니 에이프릴 향 360ml 3입
82307871,다우니 프리미엄 액체형 세제 블루 2.7L 이마트 창립 팩
82307872,다우니 프리미엄 액체형 세제 핑크 2.7L 이마트 창립 팩
82308521,페브리즈 화장실용 블루6ml*2*2+옐로6ml (Etraders)
82308746,질레트 스킨텍 2up (MQ)
82308810,다우니 퍼퓸 샤인 향 1L+1L (Poly)
82310053,오랄비 초미세모 크로스액션 7입 (E-traders)
82310215,오랄-비 어린이 전동칫솔D12 카즈 콤보 코스트코 팩(NEW)
82310290,질레트 프로글라이드 파워 면도날 12입 코스트코팩
82310612,다우니 엑스퍼트 스포츠1.05L
82310700,다우니 블루 레몬그라스와 라일락 2.6Lx4
82310790,스위퍼 더스터 먼지떨이 스타터킷x2 + 더스터 먼지떨이 리필 10입x2
82311725,질레트 프로글라이드 매뉴얼8ct+파워3ct 팩 (홈플러스)
82311736,OLAY GA 에센셜 세트(ESS40ml+CRM50g)
82312687,마하3 클래식 8입+면도기 1up팩 (트레이더스)
82313168,다우니 블루 1.6L 레몬그라스와 달콤한 라일락 향 (PX)
82313453,팸퍼스 스와들러 마드레 2단계 10입 (샘플)_QR
82313566,오랄비 클릭 리필모 2입 (화이트)
82313808,페브리즈 섬유탈취제 허브 향 320ml (Elixir)
82313994,에스케이-투 스킨파워 크림15g
82314439,다우니 엑스퍼트 2L+1.6L 실내 건조 향 (홈플러스)
82314580,팸퍼스 에어차차 4단계 8입 (샘플)_QR
82314768,질레트 퓨전 파워 면도날 10입팩 (COUPANG)
82314930,질레트 스킨텍 면도날 16입
82315116,오랄비 초미세모 크로스액션  1입 온라인 싱글
82315126,오랄비 컴플리트 5웨이 클린 40모 7개입 (VIC)
82315236,페브리즈 코스트코 내추리스 레몬그라스앤진저 (370MLX3)X7
82315377,오랄비전동칫솔모2입EB20-2
82316201,다우니 퍼퓸 그린 보타닉 가든 향 2L
82316527,다우니 블루 1LX12 DBD 레몬그라스와 달콤한 라일락 향
82318733,페브리즈 차량용 2개입 (2.2mlX2) (쿨 아쿠아향)
82318929,헤드앤숄더 쿨멘솔 2800팩
82319089,페브리즈 섬유탈취제 포맨 상쾌한허브 향 360ml 3입
82319223,질레트 히티드 레이저 면도날 8입
82319460,팬틴 콜로서스 극손상 1500팩
82320722,브라운 8370+CCR2 코스트코 팩
82321908,질레트 퓨전 파워 면도기 1UP (557)
82323125,오랄-비 크로스액션 리필모 EB50-4
82325444,제놉틱스 오라 에센스 50ml
82326769,페브리즈 항균플러스 산뜻한향 360MLX3
82327080,팸퍼스 베이비드라이3단계 이노머스 박스1/168
82327903,페브리즈 차량용 2.2mlx2 맑은하늘바람
82328113,페브리즈 화장실용 1개입(6ml) 상쾌한 비누향 (Lotsell)
82328157,페브리즈 섬유탈취제 허브향 보충형 320ml (Cass)
82328831,페이셜 트리트먼트 클리어로션 230ml
82328990,질레트 프로쉴드 칠 핸들 + 12ct팩 (플렉스볼)
82330424,오랄-비 클래식40부드러운모
82330466,SK-II 피테라 익스클루시브 기프트
82330598,스위퍼 막대걸레 스타터킷 1세트+스위퍼 미세먼지 정전기청소포리필40입X2
82330891,페브리즈 에어 맑하바2+다우니2 쿠팡
82330968,질레트 프로글라이드 매뉴얼 1up+8ct 팩 (코스트코)
82330991,557질레트 프로글라이드 매뉴얼 면도날 4입 (PX)
82331393,다우니 프리미엄 액체형 세제 살균 파워 1.7L
82331833,프로글라이드 센서티브 젤 퓨어스포츠 170g (1X2)X3
82331879,페브리즈 370ml+320ml 팩 무향
82332585,다우니 엑스퍼트 항균파워 플러스 4LX4 (코스트코)
82333637,오랄-비 어린이용 전동칫솔 프로즌 D12K
82333642,오랄비 키즈 리필모 스파이더맨 4입
82333750,다우니 엑스퍼트 실내 건조 1.05Lx3
82333868,페브리즈 370ml+320ml 팩 다우니향
82334010,팬틴 에포트리스 퀵 리페어 캡슐 비타밀크 90g
82334020,다우니 베이스 블루 맥퀸 레몬그라스와 라일락  1L+1L 팩
82334078,질레트 프로쉴드 옐로우 면도날 4입 (PX)
82404562,AS 수이 립 글로스 301
82405465,AS 바디 샴푸
82406577,AS 아이 칼라 액센트 703
82410134,AS 네일 칼라 N 306 테스터
82410230,AS 네일 아트 칼라 N 070 테스터
82410231,AS 네일 아트 칼라 N 071 테스터
82410790,AS 모이스처라이징 밀크테스터
82413632,"안나수이 포비든 어페어 바이얼 샘플 1,2ML"
82414654,AS 스폰지 에프 디 테스터
82416822,안나수이 립 루즈 G 301 T
82416834,안나수이 립 루즈 G 701 T
82418115,AS 아이 칼라 콜렉션 MD V
82418199,AS 프로텍티브 FF 엘 E99 테스터
82420085,AS 프로텍티브 파우. 파운데이션 L 1G
82420287, AS 글리터링 아이 칼라 001
82420586,AS 아이 칼라 듀오 (팬 필드 테스터) - 01
82420658,AS 아이 칼라 302
82420661,AS 아이 칼라 500
82421603,안나수이 아이 칼라 크레용 800 - 테스터
82421607,안나수이 네일 칼라 N 012 - 테스터
82421610,안나수이 네일 칼라 N 505 - 테스터
82422274,안나수이 립 글로스 C 600 -테스터
83008154,프링글스피자맛184G 1*14
84821668,조명용 방향 쉐이드 (건전지형) 크랜베리와 서양배 향
84836617,페브리즈 에어 (상큼한라임오렌지)
84846554,퓨전 프로글라이드 파워 면도기
84902692,PRG PC FE PIZZA 8/100G
84903134,프링글스랜치소스맛
84919846,프링글스치즈맛
84978746,아이보리 3BAR
80203236,프로글라이드 매뉴얼 면도기 (올림픽)
80234919,트라이존 칫솔모 2개입
80237579,타이드 오리지널 액체 세제 3.06ML
80250625,프로글라이드 매뉴얼 면도날 4입 (플렉스볼)
80284300,오랄비 프로엑스퍼트 스테이지스4 프로즌 1입
80333360,오랄비어린이칫솔모 EB10-2 STARWARS
80356087,오랄-비 어린이용 리필모 스파이더맨 2입 (EB10-2)
80375474,오랄-비 전동칫솔 Pro2500 화이트
80686221,CNY 리미티드 피테라 듀오 세트(JF22)
80690908,다우니 생화향기 컬렉션 클린 솝  리필 1.6x6
80690939,다우니 생화향기 컬렉션 와일드 라벤더  2Lx4
80691241,에스케이-투 페이셜 트리트먼트 에센스 앤디워홀 리미티드 비매품(옐로우)
80696563,다우니 프리미엄 액체형 세제 핑크 1.9LX6 (Goldie)
80696565,다우니 프리미엄 액체형 세제 블루 1.9LX6 (Goldie)
80697778,헤드앤숄더 컨디셔너 550 가려운 두피케어 레거시
80698703,질레트 프글 파워 면도날 8입
80702253,페브리즈 화장실용 2개입(6mlx2) 상쾌한 비누향 (Online)
80703650,오랄-비 고탄력초미세모 잇몸선케어 1입 (DBD LS)
80703710,다우니 퍼플 화이트티와 릴리 1.6LX6 F1
80704164,질레트 히티드레이저 부가티에디션 컬렉터
80704620,ND’22 하이퍼 페스티브 그린 공병
80705740,오랄-비 크로스액션 화이트 리필모 4입 (EB50-4)
80705746,오랄-비 전동칫솔 D12 바이탈리티 프리시즌 클린
80707103,질레트 프로쉴드 매뉴얼 홈플러스 추석 기획팩
80709150,HyperFestive 리미티드 피테라 듀오 세트(ND22)
80710696,다우니 프리미엄 액체형 세제 냄새딥클린 퍼플 1.0LX12
80710707,다우니 프리미엄 액체형 세제 냄새딥클린 블루 2.0LX6
80710714,다우니 프리미엄 액체형 세제 실내건조 1.9LX6
80710725,다우니 프리미엄 액체형 세제 실내건조 3LX4
80711660,스킨파워 에어리 밀키 로션 80g 듀오세트
80714603,팸퍼스 베이비드라이 팬티 5단계 쿠팡팩 52P X 3
80714616,팸퍼스 베이비드라이+통잠3.0 샘플팩 5단계 8X30
80715112,질레트 프로쉴드 옐로우 면도날 4입 (557)(CP stk)
80715978,(FWIP) 557.1 프로쉴드 칠 1ct 
80716282,다우니 프리미엄 액체형 세제 실내건조 2.0L PX (Goldie)
80717955,질레트 프로글라이드 매뉴얼 면도날 4입 (557) (CP STK)
80720982,다우니 엑스퍼트 실내건조 플로럴 프레시 (핑크) 1.35LX6 Lotse
80724034,오랄-비 스테이지스 1단계 푸우 2입
80725194,다우니 베이스 퍼플 화이트티와 릴리 1.6LX6 Lotsell (2022
80729881,페브리즈 섬유탈취제 은은 리필 320ml
80733709,페브리즈 항균플러스 산뜻한향 370ml
80736763,헤드앤숄더 울트라 쿨멘솔 샴푸 1800ml
80742180,다우니 실내건조 (핑크)(1.05LX3)X4 R1
80746803,브라운 시리즈 5 면도기 52-M1000s MINT
80748460,오랄비 스테이지스4 프로엑스퍼트 아이언맨 6입 쿠팡팩
80753724,다우니 생화향기 컬렉션 미스티크 2LX2+200MLX2 2023
80755228,페브리즈 항균 깨끗한향 920mlX2팩
80763679,헤숄 샴푸 쿨 멘솔 850ml
80763797,다우니 삶음탈취 플러스 200mlx24
80770357,질레트 스킨텍 파워 면도기 플렉스볼
80776642,스킨파워 리-뉴 크림 80g
80779555,헤드&숄더 두피 토탈 솔루션 샴푸 딥 클린 850ml
80779907,다우니 시트러스 앤 버베나 1LX12 M1
80787160,페브리즈 에어 린넨 스카이 165g
80791890,오랄비 키즈 D103K+EB10s-2 프로즌
80794216,질레트 프쉴 옐로우 면도날 8입
80795551,팸퍼스 2025 베이비드라이 팬티 3단계(중형) 46X4
80795753,스킨파워 에센스 30ml
80804371,제놉틱스 인피니트오라 에센스 50ml
80807864,팸퍼스 5.0 통잠팬티 6 단계 22 X 4
80811793,2024 터치오브네이처 팬티 체험팩 5단계 (8X30)
80811898,다우니 세제 실내건조 2LX6 J1
80812121,제놉틱스 CC 프리마 30g 베이지
80812507,다우니 퍼플 화이트티와 릴리 1LX12 P3
80828633,(557.1 ) 질레트 프로쉴드 칠 면도날 4입
80832712,다우니 세탁세제 퍼펙크클린 2.2Lx6 J2
80833695,페브리즈 향균플러스 깨끗한향 370ml
80833959,다우니 베이스 핑크 목련과 베리 4.1L
80840161,SK-II 피테라 풀라인 세트(리-뉴)
80840739,(557.1 ) 질레트 프로글라이드 울트라 면도날 16입
80842225,오랄비 고탄력 초미세모 틈새4입
80848824,스킨파워 리-뉴 크림 & 아이크림 세트
80856648,피테라 에센스 디럭스 듀오 세트
80869958,팬틴 실키 스무드 케어 트리트먼트 400MLX3 Traders
80873237,엔젤브리즈 소프트팬티 체험팩5단계
80873650,헤드앤숄더 두피 토탈 솔루션 차콜 샴푸 1110mL
80874901,(T)질레트 프쉴 옐로우 면도기 기1+날2
80876993,질레트 프로글라이드 파워 기1+날4+하이드라 젤 70G
80883955,다우니 미스티크 200ml D2
80883964,다우니 시트러스 앤 버베나 2.6LX6 D2
80883969,다우니 화이트티 2.6LX6 D2
80883983,다우니 화이트머스크 4.1Lx4 D2
80893057,레노아 화이트머스크 4Lx3 D2 (원제품)
80925400,프링글스 페타 치즈맛
80996188,프링글스매콤한맛184G*14
81016912,AS 링 루즈 301 테스터
81017302,AS 루즈 쟈 001 테스터
81019226,AS 아이 글리터 002 테스터
81019245,AS 아이 칼라 액센트 101 테스터
81115817,휴고 엘리먼트 맨 ASB 50 샘플
81115838,휴고 엘리먼트  EDT 90ML
81131507,AS 모이스처라이징트리트먼트 미스트
81141789,디앤지 11 라포흐스 오 드 뚜왈렛 100ml 테스터
81150595,SP 1.5 250 에너지 샴푸
81153649,SP 30ml 스무든 마스크
81153671,SP 1L 하이드레이트 샴푸
81153812,SP 125ML 밸런스스캘프 로션
81153835,SP 250ml 컬러 세이브 샴푸
81164302,소프트터치8/2엔
81164311,소프트터치8/44엔
81164496,KP 6/03 엔
81193768,피카소 리페어 샴푸 펌프
81216396,염색빗
81225300,오랄비 스테이지스 치약 카즈&프린세스
81253259,브라운 시리즈3 날과망 31B
81255564,브라운 시리즈7 면도기 790CC 블랙
81269899,피카소 소비자 브로셔
81271002,WC 1000ml발란스 센서티브 샴푸
81271016,WC 1000ml브릴리언스 컨디셔너
81286014,SB 70 패키지 판촉물
81299975,브라운 시리즈1 날과망 11B
81371198,팸퍼스 GEM액티브핏 4단계 플러스 1X105
81455882,팸퍼스 베이비드라이 4단계 1박스 (174매)
81548634,브라운 면도기 M90
81576249,브라운 쿨텍 CT2S_LSD
81600383,브라운 면도기 M30
81607204,브라운 시리즈 3 면도기 3030S
81644859,브라운 쿨텍 CT4CC_LSD
81669168,스위퍼 미세먼지 정전기청소포 리필 40입
81679538,브라운 시리즈7 면도기 7897CC
81694789,브라운 시리즈 5 면도기 50-R1000s RED
81702839,브라운 면도기 충전 스탠드
81726685,브라운 면도기 시리즈 3 300TS RED
81726787,브라운 시리즈 5 면도기 50-B1300s BLUE
81761493,브라운 시리즈 9 면도기 9467cc SILVER
81770230,브라운 시리즈 6 면도기 61-B7200cc BLUE
82001328,위스퍼 센서티브 울트라 일반 중형 36개입
82001538,헤드앤숄더 2075팩-릴랙스 티트리
82002139,페브리즈 비치형 출시기념 팩-은은한향
82007248,어드밴스드 화이트닝 소스 팬케익 440
82007249,어드밴스드 화이트닝 소스 팬케익 510
82007258,어드밴스드 화이트닝 소스 리퀴드 FND 330
82008680,팬틴 1400팩-엑스트라스트레이트
82008903,팬틴 1250팩-집중손상케어
82009462,팬틴ET손상린스550G 1SX12
82012756,WHISPER SWXL IW 10*24
82013762,비달사순샴푸웨이브1000G 1*12
82014888,헤드앤숄더 센서티브알로에 컨디 570ML
82015483,W소스덤리바이벌마스크6P
82026005,F.T 에센스 30ml
82027093,위스퍼 오버나이트 14P 번들
82031727,비달프로린스정상400ML 1*12
82033469,위스퍼슬림일반중10*48
82037457,팬틴플러스케어400ML1*12
82038224,비달사순샴푸파마번들2*12
82038243,팬틴시스템린스일반500ML1*9
82038327,큐티대형 40S*4
82038537,ADV프로텍트에센스UV샘플
82039425,샤민BASE 50M 24R
82039584,팬틴데일리비듬샴푸프로모션팩400ML
82039834,위스퍼울트라후레쉬날개중78*12
82040140,위스퍼울트라후레쉬날개중18*24
82041487,비달시스템웨이브3*6
82041612,위스퍼울트라후레쉬날개소10*24
82043026,SK2 ADV WHITENING PAN-CAKE 33 BC
82043363,위)후레쉬날개중10샘플1*40
82043582,SK2 ADV WHITENING LIQ FND 31 BC
82043871,위) W팬티실키실루엣블랙L
82044370,에스케이투싸인즈트리트먼트
82044483,위벌크팬티실키실루엣모카L
82044849,위스퍼슬림일반중10*48
82045100,팬틴컨디셔너모이스쳐200ML
82045155,위스퍼슬림일반대커브10*30
82045327,SK2 ADV WHT리퀴드파운데이션33
82045328,SK2 ADV WHT리퀴드파운데이션41
82045545,코디라벤더50M 24R*3
82045635,위스퍼울트라날대2*100
82045810,샤민베이스45M 10R
82045912,위스퍼울트라후레쉬날소18*24
82046218,큐티업그레이드케이스36*2+6
82046881,팬틴샴푸손상400ML1*12
82046922,비달샴푸웨이브1000ML1*6
82048089,SK-II FACE CRM 50G TRT UV
82048727,SK2아이트리트먼트필름
82048876,팬틴손상CN500*2+일반SH575*6
82049715,팬틴린스볼륨케어960ML*12
82050615,비달익사이팅스트레이트샴푸400ML
82050619,VS SHM 400MLX12 ULTRA CARE BC96 FMCG
82052551,위스퍼슬림날개오버나이트10*24
82052552,위스퍼울트라후레시날중18*24
82052678,팬틴모이스쳐케어샴푸400ML
82054366,페브리즈ND 02카팩프로모션
82054634,코디미용지280*3 롯데용
82054636,코디미용지300*3 롯데용
82054679,팬틴모이스처1198ML온팩
82054683,팬틴모이스처650ML온팩
82055075,위스퍼라이너트윈팩
82055413,PAMPERS DPR MD 80SX4 SPRING 03 TAPED
82055490,위스퍼UF 날개중(40+6)X24
82055820,크레스트SPBR유스파란리필
82055861,팬틴1448ML직거래모이스춰
82055945,SK2 FC CRM SIGNS TRMT ESS OB-4 RF
82055967,CUTIE DPR MD 72SX4 GOLD TEMPORARY BOX
82057554,비달스타일스트레이트샴푸560
82057591,VS PNK COND 200MLX24 CRL VIVID
82057597,큐티드림골드신생아용72*4
82057992,FEBREZE휴대용팩PROMO-FRISK
82059439,위스퍼그린중형40P+6P
82059595,상쾌한향페브리즈용기형 370ml
82063459,클렌징 오일 11ML
82063535,위스퍼그린날개대형18P
82064788,페이셜트리트먼트클렌져
82065137,큐티 중형 72SX4
82065303,코스트코 헤드앤숄더 컨디 모이스트 960ML
82066272,코디라벤더50미터10롤
82066319,비달사순12월2960팩웨이브
82066964,팬틴볼륨케어컨디셔너960
82067352,위스퍼후레쉬향라이너40P번들팩
82067377,SK-II 더블유 소스 브라이트 리퀴드 OC-1
82067658,위스퍼소프트라이트2개입CVS용 샘플
82069387,비달1260팩웨이브
82069471,페이셜 하이드레이팅 유브이 크림 50G 샘플
82069836,큐티드림골드중대형Spring04 8P샘플
82069909,위스퍼소프트클린2P샘플
82070087,위스퍼소프트클린중형40개입번들팩
82070420,프링글스컵팩오리지날
82070939,듀얼마스크 14P
82071464,위스퍼소프트클린슬림날개대형18개입
82071775,PAMPERS DPR LG 68SX3 BSOD SPRING05 SJMB
82071779,PAMPERS DPR LG 46SX4 BSOD SPRING05 JMB
82071792,위스퍼소프트클린3단계실속시스템팩
82073154,페브리즈실속형 900ML 플러스(스티커)
82074337,위스퍼 소프트클린 알뜰기획팩 -T-2
82075608,팬틴 1880 선물세트 프로모션팩-집중손상
82075795,웰라칼라엑스트라케어 8/2 미디움브라운
82077148,팬틴 엑스트라 스트레이트샴푸1000ML
82077287,M-1 큐티 편안한 아기 대형 38P
82077415,팬틴 집중손상케어 샴푸 750ML
82078223,헤드앤숄더 945팩-레몬그라스
82078279,H&S 모이스트 클린 케어 960ML (스티커)
82078530,팬틴 집중손상케어 100ML 샴푸
82078764,헤드앤숄더 1335팩-딥
82079827,헤드앤숄더컨디셔너570모이스트-래핑(5사인
82079870,페브리즈 370ML 은은한 향(S)
82082598,위스퍼 소프트클린 실속기획팩-E
82082613,위스퍼 후레쉬라이너 무향 트리플팩
82082657,헤드앤숄더 2490팩-멘솔
82082849,팬틴 1750 샴푸팩-볼륨
82083336,비달사순 컬러케어 린스 560ML_STKR
82083842,헤드앤숄더 샴푸 레몬그라스 960ML_SW
82083856,비달사순 1520샴푸팩-컬러케어
82085432,싸인즈 트랜스폼 FND 510 크리스탈아이보리
82087181,헤드앤숄더샴푸 멘솔570ML
82089320,페브리즈(MO) 900ML 실속형 은은한 향
82089341,큐티 편안한아기 골드 대형 38P
82089542,팬틴바운시볼륨컨디500ML
82089812,비달사순 1400 샴푸팩-컬러케어
82092941,위스퍼 소프트클린 울트라 실속코스트코팩
82093004,웰라톤트리트먼트칼라 7B (DBD)
82093086,웰라톤트리트먼트칼라내츄럴 7N (DA)
82093096,웰라칼라엑스트라케어 7/0 (DA)
82095851,비달사순 살롱 모이스춰 샴푸 850ML
82096552,위스퍼 소프트클린 슬림 날개 중형 10
82097388,위스퍼 트윈윙 까르프 전용팩
82097795,팬틴 실키스무드 200ML 컨디셔너
82100117,팬틴 헤어타임리뉴얼 에센스150
82101797,위스퍼 트윈윙 테스코전용 72P
82102038,클리니케어 곱슬거리는 모발용 트라이얼 팩
82103957,페이셜트리트먼트 UV 프로텍션 샘플
82104035,허벌 에센스 모이스춰 컨디셔너 50ml스티커
82104389,팬틴EXTRA스트레이트샴푸850ML
82105898,SGNS퍼펙트래디앙스 PWDFND330
82106227,위스퍼 그린 세이프티존 오버나이트 14P
82110058,페브리즈 비치형팩 블루
82110342,팬틴 실키 스무드 케어 컨디 500ML
82110391,헤드앤숄더 프레쉬 레몬그라스 샴푸 570ML
82110597,헤드앤숄더실키모이컨디375ML
82110940,위스퍼 그린 울날중 30P
82111503,위스퍼소프트클린 슬림날개 오버나이트10P
82111688,위스퍼 소프트클린 S 오버번들 28p
82112044,팬틴 선물세트 1호
82113106,화이트닝 소스 인텐시브 마스크 6P
82113176,팬틴 풀앤씨크 에센스150
82113533,웰라_인텐시브_5B_추석한정할인팩
82113658,W소스덤리바이벌프로그램10P
82113743,팬틴 풀앤씨크 샴푸280_스티커
82113908,허벌 에센스 머메이드 모이스쳐 샴푸
82114077,위스퍼 소프트클린 S 연아응원 34P
82114779,헤드앤숄더 헤어폴 570 린스 슈링크
82116676,팬틴집중손상트리트먼트200ML
82117065,위스퍼 소프트클린 슬림 날개 대형 10P
82117568,팬틴바운시볼륨컨디850ML
82117616,비달사순 컬러케어 컨디셔너 550ML
82118360,비달사순소프트웨이브왁스60G
82119151,팬틴 트리플 비타민 수분팩 150g
82119952,스킨시그니처 크림인 파운데이션 510
82120352,AMJ'09 페브리즈 370ML+210ML 팩 허브향
82123814,JAS'09 페브리즈 370ML+320ML 팩 은은한 향
82124013,페이셜 트리트먼트 젠틀 클렌저 120G
82124324,SK-II 셀루미네이션 에센스-인 FND 310 크리스탈 오크
82125501,팬틴트리트먼트200집중손상IR
82125738,팬틴컨디500실키스무드IR
82125961,위스퍼 보송보송케어 울트라 날개 중형 36개입
82126505,웰라 트리트먼트 칼라 내추럴 8N_스티커
82126567,헤드앤숄더 딥클린 컨디 850ML
82127524,위스퍼 슈퍼롱오버나이트 시스템팩 80P
82129233,셀루미네이션 리퀴드 FND 310
82129237,셀루미네이션 리퀴드 FND 440
82129932,위스퍼 슈퍼롱 오버나이트(무지폴리)10개입
82129951,스킨 시그니처 멜팅리치크림 50G
82131017,듀라셀 울트라 AA 2개입 파워체크
82131159,퓨전 디스트리뷰션 팩 with F10
82131299,코스트코 퓨전 매뉴얼 6+1
82131445,마하3 면도기 2up_헤라클레스
82132893,대리점 전용팩 1_듀라셀 울트라 + 디럭스
82132917,헤드앤숄더 코스트코 1700린스팩- 수딩두피케어
82133635,DISTRIBUTOR 전용팩 B (GB+TRAD)
82133649,크로스액션 항균모 40S 3+1
82134737,위스퍼 보송보송케어 벌키 중형 58개입
82135122,페이셜 트리트먼트 에센스 75ml
82135434,페이셜 트리트먼트 마스크 10p
82135437,페이셜 트리트먼트 마스크 1p(비매품)
82137944,로케트 알카 AA 2개입
82137945,로케트 망간 9V 1개입
82137954,로케트 망간 9V 1개입 슈링크팩
82138026,로케트 파워 알카 AAA 2개입
82138508,브라운 760CC CCR2 프로모션
82138751,헤드앤숄더 로터스 2114팩- 가려운 두피
82138922,클리니케어 헤어타임리뉴얼 1100ML 팩
82138930,클리니케어 풀앤씨크 800ML 팩
82139075,오랄-비 크로스액션 7베네핏 35모
82140706,팬틴 집중수분케어 2200팩
82141118,페브리즈(MO) 900ML 실속형 플러스
82141149,페브리즈(MO) 320ML 리필형 허브 향
82143166,프링글스 양파150GX12
82143420,싸인즈 퍼펙트 래디언스 LIQ FND 310
82143932,팬틴 클리니케어 트리트먼트 100MLX3X4 프리즈 디파이어 원제품
82144529,오랄비 믹스 케이스 B
82144851,퓨전 매뉴얼 면도날 12 입_이마트
82144893,팬틴 데이타임 리페어 에센스 30ML
82145251,오랄-비 스테이지스 3 단계 2개입
82145679,프링글스 파이오니어110g 4팩_오리지날
82146994,SK-II 화이트닝 소스 클리어 로션 미니어처 H
82147068,화이트 래디언스 인텐시브 브라이트닝 세럼
82147071,화이트 래디언스 프로텍티브 로션 (SPF20 PA++)
82147949,듀라셀 울트라 파워체크 알카 AA 16개입 코스트코
82148161,싸인즈 퍼펙트 래디언스 PWD FND 320
82150197,아이보리 10바
82152313,LXP 얼티미트 리바이벌 크림50g
82152398,싸인즈 퍼펙트 래디언스 PWD FND 310
82152828,HE데인저러슬리 실키앤스트레이트컨디
82156743,페브리즈 비치형 스타터킷 맑은하늘바람
82157387,셀루미네이션 팬케익 105
82157980,오랄-비 크로스액션 프로엑스퍼트 항균모 40모 3개입
82159906,팬틴컨디850모발강화STK
82160537,스템파워 크림 컴팩트 파운데이션 310
82160738,팬틴 내츄럴 케어 샴푸 200ml
82163990,위스퍼 리프레쉬클린케어 트라이얼팩 32개입
82164025,페브리즈 비치형 코스트코팩 바람속의 꽃향기 (S)
82164121,화이트 래디언스 크리스탈 클리어 로션
82164164,팬틴 집중손상케어 샴푸 850
82164266,퓨전 매뉴얼 2UP 면도기
82165043,팬틴 클리니케어 트리트먼트 5mlX10X24 앱솔루트 퓨전 크림
82165445,프링글스 와일드 스파이스 110G X 12
82165469,퓨전 프로글라이드 매뉴얼 12입날 + 면도기 무료증정 기획팩
82165839,오랄비 배터리 전동칫솔 D2 프린세스 (DB4.510 Princess)
82166593,헤드 샴푸400 헤어폴
82166606,헤드앤숄더 샴푸850 가려운 두피 케어
82169734,헤드앤숄더 2800팩- 헤어 폴 클리닉
82171026,위스퍼 리프레쉬클린케어 울날대 30>
82171164,위스퍼 리프레쉬클린케어 울날대 30RRP
82172864,페브리즈 370ml+320ml 팩 허브향 올림픽
82173437,팬틴 샴푸 1200MLX9 토탈 모이스쳐 케어
82173669,헤드앤숄더 로터스 2114팩- 건조한 두피
82173928,퓨전 프로글라이드 파워 면도날 14입
82174426,위스퍼 리프레쉬 클린 케어 울트라 날개형 중형-비 30개포장 x 3개입
82174749,오랄비 크로스액션 컴플리트7 35모 5입 (코스트코)
82175155,오랄비 크로스액션 항균모 3+1입
82176152,페브리즈 에어 맑은하늘바람 275G 올림픽
82176876,헤드앤숄더 샴푸850 MtDew 쿨멘솔 이마트 RRP
82179028,P&G 팬틴 선물세트 E1호
82179786,듀라셀 울트라 D 2입
82180242,팬틴 모발강화케어 1500팩
82180512,프링글스 양파맛 Xmas 110G X 12
82180598,비달사순 프리미엄 베이스 케어 컨디셔너 485g
82182557,오랄비 크로스액션 탁월한세정력3입+컴플리트7 1입
82182758,다우니 퍼플 1L 화이트티와 릴리 향
82183623,오랄비 프로-엑스퍼트 클리니컬 프로-플렉스 3+1입
82184648,헤드앤숄더 포맨 헤어폴클리닉 샴푸 400ml
82186232,다우니 베리베리와 바닐라크림 향 1LT_스티커
82186255,다우니 튤립과 달콤한 라일락 향 1LT_스티커
82187386,팬틴 트리트먼트 100ml 딥 리페어 크림 케이스
82187437,팬틴 트리트먼트 150x12 딥리페어 헤어 마스크팩
82188003,페브리즈(MO) 320ML 리필형 은은한 향
82189077,페브리즈 순 향료무첨가 용기형 370ML
82189468,듀라셀 울트라  D 2개입_RRP
82189884,비달사순 프리미엄 컬러 케어 샴푸 475ml
82190899,듀라셀 울트라 9V
82191227,헤드앤숄더 Bahamas 샴푸 850 헤어폴 클리닉
82191371,팸퍼스 크루저 5단계 1/116
82191735,듀라셀 울트라 4개입 파워체크
82192144,페브리즈 370+320ML 은은한향 롯데마트팩
82194578,팬틴 집중손상케어 1850팩_new
82194745,헤드앤숄더 MtDew 2250팩- 애플프레쉬_new
82195301,위스퍼 피부애 기분이 좋아지는 향 중형 5개입 (RRP)
82195721,팬틴 2000팩 집중손상
82195736,페브리즈 (900+320) 팩 허브향 DJF'13
82195986,팬틴 트리트먼트 100mlX6 내츄럴 케어 미스트
82196057,오랄비 트라이존 3000
82196243,페이셜 트리트먼트 콘센트레이트 30g
82196254,에스케이투 스템파워 에센스 50ml
82197239,오랄비 스테이지스1 트윈팩
82198565,페브리즈 차량용 2ML (뉴질랜드 계곡)
82200068,페이셜 트리트먼트 에센스 215ml LtdNov13
82201341,위스퍼 팬티라이너 후레쉬 무향 40개입
82201512,팸퍼스 BB 베이비드라이 1단계 이코노미 박스1/252
82201668,위스퍼보송보송케어 중형50RRP
82202108,위스퍼 보송보송케어 울트라 날개 대형16>
82203303,오랄비 전동칫솔 D20. 3모드
82203407,위스퍼 리프레쉬클린케어 중형50개입 (RRP)
82203858,페브리즈 차량용 2ML (다우니향기)
82204650,팬틴 모발강화케어 트리트먼트 200ml
82205022,다우니 블루  200ML 튤립과 달콤한 라일락 향_Oct’12
82205206,위스퍼 피부애 하이퍼 42개입
82205673,마하3 면도기 2UP
82205770,셀루미네이션 리퀴드 파운데이션 420
82206508,오랄-비 스테이지스 1단계 2입(롯데마트)
82206532,스템파워 크림인 파운데이션 320
82206589,오랄비 크로스액션 항균 35모 4팩
82207161,오랄-비 후레쉬 클린 40모
82207169,오랄-비 검 프로텍트 40모
82207705,듀라셀 디럭스 알카 AAA 16팩
82207761,오랄-비 크로스액션 7베네핏 40모
82208595,위스퍼 피부애 울트라 날개중형 30P
82208917,듀라셀 디럭스 알카라인 AAA 4팩
82208924,듀라셀 디럭스 알카라인 AA 2팩 스몰카드
82209714,셀루미네이션 에센스 EX 30ml
82209726,화이트닝 소스 덤 리바이벌 프로그램 10P
82209825,브라운 시리즈1 날과 망 10BN
82210703,다우니 김치 핑크 2L+700ML팩 베리베리와 바닐라크림 향
82211046,오랄-비 스테이지스 3단계 2입(Emart)
82212510,에스케이-투 엘엑스피 얼티미트 퍼펙팅 에센스 215ML
82212525,페브리즈 320ML 리필형 은은한 향
82213155,오랄비 스테이지스4 BTS팩
82215182,페브리즈 다우니 아로마쥬얼 에메랄드 브리즈향 용기형 370ML
82215450,타이드 HE 프리엔젠틀 리퀴드 2.95L
82217286,듀라셀 C 12PK_블리스터_코스트코
82218716,맨 페이셜 트리트먼트 에센스 215ml 블랙Dec14
82219379,페브리즈 차량용 2ML (상큼한 라임 오렌지)
82220351,페브리즈 에어 화장실용 (산뜻한 정원향)
82221236,듀라셀 디럭스 테스코 AA 8팩
82221414,페브리즈 370ml+370ml 팩 상쾌한향 OND'14
82221477,듀라셀 디럭스 알카 AA 6+2 보너스팩 신규
82221483,로케트 파워 알카 AAA 6+2개입
82221807,센서 엑셀 5입 1CSX72IT*5X12X6
82223076,듀라셀 알카 9V 8개입 - 코스트코
82223637,SK-II 마그네틱 아이스틱
82224458,헤드앤숄더 Bahamas 딥클린 샴푸 850
82224674,GEM 액티브핏 4단계 1X82
82225268,컬러 클리어 뷰티 파우더 파데 330
82226549,스템파워 아이 크림 2.5G (비매품)
82227119,다우니 퍼퓸 화이트 2L 클래식 향
82227691,위스퍼 보송보송케어 시스템 기획 74P( VIC Market)
82228865,위스퍼 피부애 울트라  날개 중형 5p
82229237,싸인즈 업 리프터 40g
82229307,싸인즈 퍼펙트 래디앙스 파우더 파데440
82229463,스템파워 리치크림 50g
82230053,스킨 퍼펙팅 파운데이션 미니420(비매품)
82230381,다우니 아로마쥬얼 블루 에메랄드브리즈 375G*2EA
82230603,페이셜 트리트먼트 에센스 230ml
82230838,페브리즈(MO) 900ML 실속형 상쾌한 향
82231137,위스퍼 피부애 울트라  날개 소형 18P
82232767,오랄-비 크로스액션 항균케어 40모 3입
82232808,오랄비 프로-엑스퍼트 클리니컬 프로-플렉스 3입 (롯데마트)
82233177,팸퍼스 크루저 4단계 1/152
82233308,질레트 퓨전 파워 면도날 8입
82233780,페이셜 트리트먼트 에센스 160ml
82234230,다우니 페브릭 데오도라이저 블루 375g
82234621,헤드앤숄더 Bahamas샴푸 550 애플프레쉬
82234719,팬틴 딥리페어 트리트먼트 에센스 100ML 롯데
82235138,퓨전 하이드라젤 센서티브스킨 200ML
82235185,퓨전 프로글라이드젤 쿨링 200ML
82235264,덤 데피니션 UV 로션 30g
82235550,다우니 김치 블루 1L+1L 팩 레몬그라스와 달콤한라일락 향
82235698,프로글라이드 센서티브 젤 퓨어스포츠 170g
82236221,질레트 마하3 8입 면도기 무료 팩_이마트
82237899,페브리즈 차량용 2ML (상큼한 라임 오렌지)
82237908,페브리즈 차량용 2개입(2mlX2 (라벤더의 포근함)
82238042,위스퍼 리프레쉬클린케어 슈퍼롱 오버나이트 날개형 20P
82238690,페브리즈 370ml+320ml 팩 다우니향(PP)
82240912,다우니 퍼퓸 블랙 1.7L 미스티크 향
82240913,다우니 퍼퓸 블랙 2.7L 미스티크 향
82240949,다우니 클래식 1+1 번들팩
82241852,T 스팟케어 & 브라이튼 데이크림 25g
82241999,질레트 마하3 면도날8입
82242601,제놉틱스 오라 에센스 30ML
82242689,페브리즈 섬유탈취제  이마트팩 허브 370mlX2 + 다우니 210ml
82242703,T맨 아이 리바이탈라이징 트리트먼트 15g
82242760,팬틴 퀀텀 엑스트라볼륨 1500팩X6
82242810,팬틴 퀀텀 실키스무드 1500팩 X6
82243119,오랄-비 D20 플럼핑크
82243506,마이크로 씬 클린 미세모 4입 (national)
82243578,오랄비스테이지스 3단계 카즈
82243796,페브리즈 에어 다우니향 275G (K-Reach)
82243827,페브리즈 에어 물빛 맑은 계곡 275G (K-Reach)
82243837,페브리즈 비치형 스타터킷 (바람속의꽃향기) (K-Reach)
82244372,오랄비 컴팩트 잇몸케어 4입
82244721,오랄비 고탄력 초미세모 잇몸전문 케어 4입 테스코
82244779,페브리즈 에어 맑은하늘바람 4개입 코스트코팩
82244790,오랄비 고탄력 초극세모 그린티 1입(Hyper)
82245097,프로쉴드 스타워즈 기프트팩
82245559,다우니 퍼퓸 화이트 700ml 클래식 향
82245569,다우니 퍼퓸 보타닉 가든 200ml (카트리)
82247437,페이셜 트리트먼트 에센스-아이 15g
82247829,팬틴 프로브이 아이스 샤인 트리트먼트 200ml
82248674,마그네틱 아이스틱
82249269,페브리즈 차량용 2ML (뉴질랜드 계곡)
82249310,페브리즈 차량용 2개입(2mlX2 (라벤더의 포근함))
82249361,페이셜 트리트먼트 에센스 그린 리미티드 에디션
82250056,오라액티베이터 씨씨 크림 0.8g(비매품)
82250061,셀루미네이션 딥 서지 EX 2g(비매품)
82250243,질레트 마하3터보 면도날8입
82250493,페이셜 트리트먼트 에센스 75ml
82250532,화이트닝 스팟 스페셜리스트 컨센트레이트 28p
82250553,컬러 클리어 뷰티 에나멜 크림 컴팩트420
82251008,페브리즈 차량용 2MLX6 (바닐라의 달콤함)_TESCO
82252214,더블유에스 덤 리바이벌 프로그램 6P
82252634,오랄비스테이지스 2단계 미키 (스티커)
82253780,질레트 마하3 터보 매뉴얼 면도기
82253932,마이크로 씬 클린 미세모 4입 (national)
82255908,싸인즈 퍼펙트 래디앙스 파우더 파데420
82255980,LXP 엘티미트 퍼펙팅 에센스 30ml(비매품)
82255987,알엔에이 파워 크림 2.5g(비매품)
82257496,페브리즈 깨끗한 햇살 보충형 320ML
82259625,팬틴 콜로서스 샴푸 500ML 실키스무드
82259911,헤드앤숄더Summer Iconic컨디셔너850애플프레쉬
82260054,엘엑스피 얼티미트 퍼펙팅 크림 15g(비매품)
82260371,페브리즈 섬유탈취제 포맨 370ml+320ml팩
82263110,오랄비 스테이지스3 6입 – 카즈
82266108,프로글라이드 파워 4+1 팩 (플렉스볼) RECY
82266722,페브리즈 에어 맑은하늘바람 275G (Kreach2)
82269088,퓨전 프로쉴드 칠 8+1 BBGR팩
82272240,브라운 시리즈 3 면도기 3020S Giftset (코스트코)
82272838,프로글라이드 파워 면도날 8입 (플렉스볼)
82272850,프로글라이드 파워 면도기 1up (플렉스볼)
82274135,오랄-비 저자극 3입 + 잇몸전문 2입 (이마트)
82274406,롯데 리미티드 세트
82275355,(샘플) 팸퍼스 M5 베이비드라이 1단계 샘플 2P 2X176
82275708,페이셜 트리트먼트 젠틀 클렌저120g
82276532,화이트닝소스 덤 리바이벌 마스크6p
82276697,뷰티 트래블 샘플키트 TR
82278193,헤드앤숄더 슈프림 모이스쳐 두피 토탈솔루션 컨디셔너 320ML
82278470,페브리즈 에어 다우니 3개입 (K-reach2)
82278620,퓨전 프로쉴드 칠 2018 추석 기프트팩 (코스트코)
82279171,에스케이투 페이셜 트리트먼트 에센스 퍼플 카란 리미티드 에디션
82280251,다우니 베이스 핑크 200ml (Calvin)
82280635,다우니 퍼퓸 블랙 미스티크 향 1.6L (Bigbang)
82281213,팬틴 딥리페어 트리트먼트 에센스 100ML
82281275,아이보리 3바
82281451,허벌 에센스 클래식 릴렉싱 카모마일 트라이얼 980팩
82281479,페브리즈 섬유탈취제 상쾌한 향 320ml (Harmony)
82281894,팬틴 콜로서스 샴푸 500mlX3 + 트리트먼트 220ml팩(트레이더스)
82281919,위스퍼 보송보송케어 울트라 날개 대형 32P
82282248,팸퍼스 스와들러 1단계 1박스 (84매)
82283159,페브리즈 차량용 2ML (상큼한 라임 오렌지)(CT)
82283958,퓨전 파워 면도기 무료 팩
82284607,에스케이-투 알.엔.에이 파워 래디컬 뉴 에이지 에어리 밀키 로션80g
82284721,페브리즈 370ml+320ml 팩 다우니향(Harmony)
82284985,오랄-비 SS4000C 코스트코팩
82285033,에스케이투 페이셜 트리트먼트 에센스 레드 카란 리미티드 에디션
82285488,다우니 블루 2.6LX4 레몬그라스와 달콤한 라일락 향
82285541,페브리즈 에어 (맑은하늘바람)
82286697,퓨전 프로쉴드 옐로우 면도날 14입 (홈플러스)
82287818,다우니 스포츠 1.6LX2 스포츠 쿨프레시 향 (이마트)
82288118,알엔에이 파워 래디컬 뉴 에이지 80G
82288326,다우니 엑스퍼트 실내 건조 2L
82288477,페브리즈 화장실용 1개입(6ml) 상쾌한 비누향
82288599,질레트 프로쉴드 칠 핸들 + 12ct팩 (플렉스볼)
82289123,페브리즈 에어 바닐라 라벤더의 포근함 3개입 (Hybrid)
82289573,팸퍼스 베이비드라이 6단계 이노머스 박스 1/112
82289829,페이셜 트리트먼트 에센스 2019 뉴 이어 리미티드 에디션 공병
82289871,다우니 퍼플 4LX3 화이트티와 릴리 향_PGP E
82289958,페브리즈 차량용 2.2ml (향긋한 봄꽃향)
82291592,페브리즈370MLX2 팩 용기형 은은한 향(쿠팡)(Fall'18)
82292251,페브리즈 포맨 370mlX2+320ml 코스트코팩
82292286,페브리즈 섬유탈취제 다우니 향 320ml (Elixir)
82292808,다우니 리필 코튼 퓨어러브 향 1.6L
82293346,다우니 코튼 퓨어러브 1L+1L 팩 (Paper)
82293428,오랄비 컴팩트 잇몸케어 4입(Homeplus)
82293554,페브리즈 맨 섬유탈취제 리필 320ml*2 + 페브리즈 휴대용 85ml
82294001,(샘플) 팸퍼스 스와들러 밴드 2단계 4P
82295203,질레트 프로글라이드 매뉴얼 핸들 + 12ct팩 (플렉스볼)
82296059,오랄-비 스테이지스 4단계 프로-엑스퍼트 겨울왕국 2입
82296740,피테라™ 첫만남 키트
82296998,페브리즈 비치형 스타터킷 (바닐라라벤더의 포근함)
82297212,다우니 퍼플 1.6LX2 화이트티와 릴리 향 (Paper)
82297534,프로글라이드 파워 6+1 팩 (플렉스볼)
82297603,헤드앤숄더 발리 샴푸 850 애플프레쉬 (Summer)
82298094,팸퍼스 베이비드라이 4단계 이노머스 박스 1/150
82298119,팸퍼스 스와들러 1단계 32X4
82298163,팸퍼스 스와들러 4단계 22X4
82298229,헤드앤숄더 울트라맨 헤어 컨트롤 샴푸 기획팩
82298509,팬틴 프로-브이 컬러 케어 컨디셔너 500ml
82298706,질레트 스킨텍 파워 면도기 1up 1x6x6
82300092,페이셜 트리트먼트 오일50ml
82300098,맨 페이셜 트리트먼트 에센스 75ML
82300534,퓨전 매뉴얼 면도날 16입 (ECOM)
82300858,팬틴 프로브이 미셀라 퓨어 & 모이스트 샴푸
82301024,페이셜 트리트먼트 에센스 250ml
82301365,페브리즈 차량용 프리미엄 플라워 멜로디 스타터킷 7ml*2 (쿠팡)
82301767,다우니 엑스퍼트 1.6LX2 실내 건조 향
82302032,다우니 퍼퓸컬렉션 스노우 화이트 1LX2 팩
82302038,다우니 퍼퓸컬렉션 어도러블 1LX2 팩 (이마트)
82302498,오랄-비 D12 바이탈리티 프리시즌 클린 (May'16)
82303183,다우니 엑스퍼트1LX3 스포츠 향 (이트레이더스)
82303796,오랄-비 크로스액션 항균모 35S
82303808,오랄비 치간 칫솔 10개입 이너케이스
82304353,다우니 스프링 가든 러브 200L
82305433,페브리즈 섬유탈취제 은은한 향 370ml (Elixir P2)
82305457,팸퍼스 크루저 5단계 박스 1/90_S7
82305469,팸퍼스 스와들러 3단계 26X4
82306808,헤드앤숄더 딥클린 샴푸 90ml
82308142,오랄-비 크로스액션 35모 탁월한 세정력 온라인 싱글
82309503,팸퍼스 스와들러 6단계 16X4
82310294,질레트 퓨전 매뉴얼 12+1 팩 (롯데 VIC 마켓)
82310547,질레트 퓨전 매뉴얼 2up+8ct 팩 (이트레이더스)
82310690,다우니 오션코랄 퓨어러브 향 200ML
82311386,페브리즈 차량용 맑은하늘바람 3개입+라벤더 2개입 팩
82311451,다우니 코튼 퓨어러브 2.6LX4
82311787,프로글라이드 파워 6+1 팩 (플렉스볼)
82311792,질레트 퓨전 파워 면도날 8입
82313122,스위퍼 막대걸레 스타터킷 1세트+스위퍼 미세먼지 정전기청소포리필40입X2
82313750,허벌에센스 리바이터라이즈 블루 진저 & 미셀라 샴푸
82313992,에스케이-투 스킨파워 크림 80g
82314199,다우니 프리미엄 폼형 세제 블루 16입X2 코스트코 팩
82315111,오랄비 세정 베스트 컬렉션 3입 팩 (롯데마트)
82315125,오랄-비 초미세모 벨벳 잇몸케어 그린티 1입 온라인 싱글
82315370,오랄-비 어린이 전동칫솔D12 프로즌 콤보 코스트코 팩(NEW)
82315378,오랄비 D12+EB20-2 Club pack
82315706,페브리즈 320ML 리필형 상쾌한 향(PGP)
82316131,다우니 엑스퍼트 스포츠 200ml
82316203,다우니 퍼퓸 보타닉 가든 2.6LX4
82316217,다우니 퍼퓸 오션코랄퓨어러브  2.6LX4 (구버전)
82316996,애트모스피어 씨씨 크림30g
82317128,오랄비 어드벤티지5웨이 후레쉬 3입 + 크로스액션 탁월한 세정력 2
82317523,오랄비 고탄력 초미세모 잇몸선 6입
82319470,헤드앤숄더 1950팩-쿨멘솔(Barcelona)
82320543,오랄비 치간 칫솔 20개입
82320723,헤드앤숄더 2250팩 쿨멘솔 EDTC
82321161,오랄비전동칫솔모8입EB20-8 (FFS)
82321185,오랄비어린이칫솔모 EB10-4 FROZEN (트레이더스)
82322008,오랄비 고탄력 초미세모 틈새케어4입+왁스치실50M1입
82322026,브라운 시리즈 3 면도기 3080S
82322960,다우니 PGP 블루 3.8X2 레몬그라스와 라일락
82323216,질레트 면도기 파워 여행용 케이스
82325113,다우니 퍼퓸 그린 보타닉가든 1.05LX3
82325445,페이셜 트리트먼트 에센스 75ml
82326084,페브리즈 항균플러스 깨끗한향 370ml
82326737,비너스 올레이 컴포트 글라이드 면도날 3입
82326759,다우니 퍼퓸 핫핑크 블룸 1L+1L (CHP)
82326985,페브리즈 섬유탈취제 내추리스 레몬그라스 앤 진저향 용기형 370ml
82326988,페브리즈 섬유탈취제 내추리스 로즈 앤 제라늄 리필형 320ml
82327222,질레트 스킨텍 1up+2ct 올리브영 기프트 팩
82327316,오랄비 저자극케어 그린티 8입
82327410,다우니 프리미엄 액체형 세제 핑크 1.7L
82327426,다우니 프리미엄 액체형 세제 실내건조 2L
82327435,다우니 프리미엄 액체형 세제 실내건조 1.7L
82327731,브라운 시리즈5 PP5 날과 망 52S
82327892,페브리즈 향균플러스 무향 360ml
82327910,페브리즈 차량용 2.2mlx2 라벤더
82327914,페브리즈 차량용 맑은하늘바람 2.2ml
82327965,다우니 PGP 블루 3.8X3 레몬그라스와 라일락 stk
82328533,페브리즈 370ml+320ml 팩 다우니향
82328945,다우니 블루 1.6Lx2+200mlx4 이마트 팩 2021
82329655,스위퍼 미세먼지 정전기청소포 리필 40입
82329994,페브리즈 섬유탈취제 은은한향 보충용 320ml
82330802,페브리즈 섬유탈취제 다우니 에이프릴 향 880ml 2입 쿠팡 팩
82330825,제놉틱스 스팟 에센스 30ml
82330897,페브리즈 에어 맑은하늘바람 4개입 코스트코팩
82330911,오랄비 치간 칫솔(고무 타입) 20개입 RRP
82330940,페브리즈 섬유탈취제 다우니향 코스트코 (920MLX2)X10
82331046,질레트 프로쉴드 옐로우 1up+3ct 팩 (ECOM)
82331773,질레트 스킨텍 2up+4ct 이트레이더스팩
82333327,페브리즈 섬유탈취제 상쾌한 향 360ml 3입
82333352,다우니 프리미엄 액체형 세제 실내건조 2.7LX2 코스트코 팩
82333396,페브리즈 향균플러스 산뜻한향 370m+640ml (트레이더스)
82334089,질레트 프로쉴드 매뉴얼 이트레더스 설날 기획팩
82401453,AS 페이스 칼라 액센트 300 테스터
82404573,AS 수이 립 글로스 603
82404631,AS 수이 립 글로스 304 테스터
82405284,AS 아이 메이크업 리무버 WP 테스터
82407062,AS 미니 루즈 200 테스터
82408164,AS 뷰티 미러 M 테스터
82410122,AS 네일 칼라 N 101 - 테스터
82410150,AS 네일 칼라 N 703 - 테스터
82410339,AS 네일 아트 칼라 엔 470
82410344,AS 탑 코트 엔
82412727,AS 마스카라 베이스
82416749,립 루즈 G 304
82416837,안나수이 립 루즈 D 371 T
82418219,AS 프로텍티브 PF 엘 P05 테스터
82418230,AS 아이 칼라 컬렉션 MD V - 테스터
82420293,AS 수퍼 마스카라 롱래쉬 V 01
82420566,AS 스팟 컨실러 03 - 테스터
82420617,AS 아이 칼라 (팬 필드 테스터) 901
82422293,안나수이 더블 치크 칼라 03 -테스터
82422348,안나수이 립 글로스 C 601
83038450,프링글스양파맛스몰50G*12
84809046,프링글스 양파맛 140G
84839771,비너스 핑크 면도기
84865114,팸퍼스 크루저 3단계 점보1/186
84907892,올레이바디워시
84939111,프링글스양파맛190g
80209155,팸퍼스 크루저 5단계 1/116
80209587,팸퍼스 베이비드라이 6단계 이코노미 박스1/140
80219586,컴플리트 5웨이 클린 40모 1개입
80222233,팸퍼스 이지업 팬티형 남아 5단계 수퍼 1/72
80227691,퓨전 프로글라이드 매뉴얼 4입날
80230484,팸퍼스 BB 베이비드라이 3단계 메가팩
80250631,프로글라이드 파워 면도날 8입 (플렉스볼)
80256102,타이드 오리지널 액체 세제 2.95L
80275000,2016년형 팸퍼스 크루저 4단계 1박스 (152매)
80295421,오랄-비 펄사 35모
80337923,오랄-비 크로스액션 파워 화이트닝 리필모
80337962,오랄비 스마트시리즈 7000미세모(메탈릭블루)
80690465,질레트 스킨텍 매뉴얼 면도기 2UP (557)
80690470,질레트 프쉴 옐로우 파워 면도기 1UP
80691987,퓨전 하이드라 젤 울트라 프로텍션 195g
80692510,다우니 고농축 로맨스 8.5L
80693944,다우니 베이스 블루 맥퀸 레몬그라스와 라일락 700ml
80693959,다우니 베이스 블루 맥퀸 레몬그라스와 라일락 1L
80695920,다우니 프리미엄 액체형 세제 살균파워 910MLX12
80698199,다우니 엑스퍼트 실내건조 톰포드 (핑크) 1LX12 Lotsell
80702694,페브리즈 에어 바닐라 라벤더의 포근함 2개입 + 다우니 향기 2개입
80707014,헤드앤숄더 딥클린 샴푸 850ml (PX)
80708390,다우니 엑스퍼트 항균파워 플러스 1.6LX6 DBD
80708700,헤드앤숄더 발리 샴푸 850ML 가려운 두피케어 (DBD)
80709738,비너스 엑스트라 스무스 면도날 4입 (657)
80710728,다우니 세제 블루 1.0LX12 AV
80711847,페브리즈 화장실용 1개입(6ml) 향긋한 꽃향기 (Retail)
80716507,(FWIP) 557.1 프로글라이드 매뉴얼 2ct 
80716961,오랄-비 치실 글라이드 딥클린 40m
80718461,페이셜 트리트먼트 에센스 ND22 하이퍼 리미티드 에디션 (그린)
80719119,브라운 시리즈 9 면도기 9567cc SILVER
80720698,팬틴 프로-브이 데일리 모이스처 케어 컨디셔너 1200ml
80725486,다우니 핑크(2LX2+200MLX2) 이마트팩
80725962,질레트 프로글라이드매뉴얼 5BBGR +스킨텍젤 (이마트추석)
80727394,페브리즈 화장실용 3개입(6.3ml) 은은한 라벤더향
80729902,페브리즈 섬유탈취제 허브향 보충용 320ml
80733151,질레트랩스 면도날 6입+질레트랩스 래피드 포밍 쉐이브 젤
80742174,다우니 실내건조 플러스 (핑크) 1LX12 Lotsell(DBD)
80742189,다우니 실내건조 플러스 (그린) 1Lx12 Lotsell(DBD)
80742364,팸퍼스 아르모니 터치오브네이쳐 6단계 기획팩 40X2
80743268,질레트랩스 딥 클렌징 바 B&G 2UP 기프트 팩
80745845,페브리즈 포맨 시트러스앤우드향 370ML
80746666,페브리즈 비치형 6.3ML 화이트릴리
80763685,헤숄  애플 프레쉬 컨디셔닝 린스 850ml
80767218,SK-II FY2324 헤리티지 세트
80767261,SK-II FY2324 50G 프리팩
80770181,팸퍼스 2023 아르모니 밴드형 1단계 4X24
80771062,오랄-비 전동칫솔 Pro1000 블루
80772627,질레트 프글 파워 면도날 4입
80774838,페브리즈 섬유탈취제 상쾌한향 880mlx2
80774963,다우니 세제 실내건조 1.4LX6 BD
80777750,스킨파워 아이 앤 라인 필러 크림 15g
80778332,공병 페이셜 트리트먼트 에센스 JF'24 메종키츠네(핑크)
80778458,다우니 세제 퍼플 2LX6 BD
80779373,헤숄 울트라 쿨멘솔 샴푸 1800ml
80779904,다우니 시트러스 앤 버베나 2.6LX4 M1
80780381,페브리즈 차량용 맑하바4+다우니2 CC
80780733,질레트 랩스 샤프 화이트 에디션 1up
80781063,다우니 퀵 드라이 실내건조 프리미엄1Lx3
80786393,다우니 실내건조 플러스 (그린) 1L+2.6L 이마트창립팩 2023
80787155,페브리즈 에어 스위트 블러썸 165g
80791887,오랄비 키즈 D100K+EB10s-2 프로즌
80793496,팬틴 엑스트라 볼륨 케어 샴푸 1200ml
80794211,질레트 스킨텍 매뉴얼 면도날 8입
80794219,질레트 스킨텍 매뉴얼 면도날 4입
80797761,다우니 블루 레몬그라스1LX12 P1
80798470,프로글라이드 센서티브 젤 170GX3X12 (CP)
80807665,오랄-비 전동칫솔 iO9 아쿠아 마린
80807861,팸퍼스 2025 낮밤패키지 체험팩 5단계
80808124,SK-II SPX LXP세럼 50ml
80817508,다우니 프리지아 앤 페어 1.05LX3 V3
80818382,제놉틱스 씨씨 프라이머 로지 30g
80825357,다우니 프리지아 200ml M2
80831269,다우니 실내건조플러스(핑크)2.6LX4 R3
80833960,다우니 실내건조 플러스 (그린) 4.1L
80836214,페브리즈 섬유탈취제 상쾌한 향 900mlX2 팩
80838168,(T)질레트 퓨전 파워 8입
80841648,다우니 실내건조 프레시클린 4Lx3 원제품 H1
80842298, 헤드앤숄더 딥클린 샴푸 850mlx2 세트
80844858,다우니 화이트머스크 200mlx48 M3
80845471,제놉틱스 스팟 에센스 50ML
80845596,에스케이-투 페이셜 트리트먼트 오일 50ML
80849852,오랄-비 리필모 스파이더맨 8개입 (EB10S 8)
80853681,SK-II FY2425 70G KCP 프리팩(GIE)
80854508,오랄비 엑스퍼트9000 6입 쿠팡
80854627,다우니 실내건조 프레시클린 4Lx3 (CM) H1
80865703,질레트랩스 딥클렌징바 면도날 12입
80868096,오랄비 부드러운세정 아이콘엑스 6입
80871959,레노아 비즈 화이트머스크 205GX6
80873036,헤드앤숄더 두피 토탈 솔루션 차콜 샴푸 800ml
80876019,질레트 프글 매뉴얼 믹스드케이스
80878113,페이셜 트리트먼트 에센스 250ml
80891773,(SWFIP)699매트블랙 스탠드
80892406,제놉틱스 인피니트오라 에센스 50ml 듀오 세트
81010404,AS 돌리 걸 EDT 75 T
81027644,스페인풍 샐러드맛
81078780,휴고 엑스 엑스 BL 50 샘플
81127104,SB 300 셀로페인 골든브루넷
81127114,SB 300 셀로페인 레드브루넷
81131504,AS 인텐시브 MOIST. 세럼
81153709,SP 1L 리페어 컨디셔너
81153773,SP 150 클리어스캘프 샴필링
81153938,SP 5ml 볼류마이즈 인퓨전
81154459,디앤지 11라  포흐스 오 드 뚜왈렛 1.5ml 럭스 소필룩스
81159916,안나수이 클래식 오 드 뚜왈렛 50ml
81164726,페데 비바체 400
81187631,구찌바이구찌뿌르 옴므 트레블 스프레이 오 드 뚜왈렛 30ml 테스터
81188951,구찌 길티 쉬머링 파우더 브러쉬 샘플
81189136,BT 150ml 스트레이트 리브인 크림
81192166,바이오 터치 500ml 엑스트라 리치 린스
81216597,SB 쇼핑백 (2009. 07)
81223299,SP 1L 딥 클렌저 샴푸
81262964,브라운 핸드블랜더 MR4050 RCA
81270975,WS 75ml서비스 스킨 프로텍션 크림
81277539,브라운면도기 크루저4 페이스
81329924,SP 스타일링 소비자브로셔
81370193,브라운 시리즈 7 면도기 790CC 보스
81548625,브라운 시리즈5 PP5 5030s_LSD
81554429,팸퍼스 액티브핏(크루저) 4단계 1박스 (168매)
81651394,브라운 시리즈5 면도기 5190cc BLK/BLK
81697130,"브라운 시리즈 5,6,7 면도기용 세척&충전 스테이션"
81726921,브라운 시리즈 7 면도기 70-N1200s BLACK
81727166,브라운 펄소닉 교체용 카세트 70S
81728519,브라운 시리즈 3 면도기 310BT BLUE
81770210,브라운 시리즈 5 면도기 51-M1000s MINT
82001054,이랜드 중형 104
82002454,까르푸실속찬스팩
82002558,헤드앤숄더 딥클린 샴푸 850ML
82002570,헤드앤숄더 쿨멘솔샴푸 200ML
82003183,웰라 트리트먼트칼라 인텐시브 5B_STKR
82004912,비달샴푸스트레이트600 1X12
82007242,어드밴스드 화이트닝 소스 팬케익 105
82007252,어드밴스드 화이트닝 소스 리퀴드 FND 220
82010383,페브리즈 녹차 900ML 실속형
82011031,플로랄향(투명) 페브리즈 보충형 320ML
82012191,비달울트라케어샴푸600G 1*12
82013862,위스퍼NEW 커브대형10*30
82013866,위스퍼NEW 날개형소형36*24
82015724,팬틴 2150팩-집중손상
82024510,SK2화이트닝리퀴드FND 31
82024769,큐티프리미엄특대28*6
82026051,F.T 클리어 로션 11ml
82029866,WHISPER PAD UTUBE 20SX24 22CM DIANA'07
82031731,WHISPER SLIM WING LONG 8*60 MULTI
82031785,코디　행커치10번들10*36
82033441,큐티베이비조이중형52*4
82033475,위스퍼슬림날개대10*24
82034262,팬틴시스템세럼100ML 1*6
82035250,팬틴 트리플 비타민 수분팩 185G
82037867,코디리본과장미300매3*8
82037989,팬틴 1600팩-밀키모이스춰
82039133,SK2 ADV WHITENING LIQ FND 31
82039370,아텐드대형26개입
82040241,위스퍼 슬림 슈퍼롱 오버나이트 10P
82040880,큐티골드중형48*4
82042820,큐티업그레이드80+6 MD TESCO
82042832,샤민ROSE 30M*2R*24
82043218,SK2리페어C리퀴드FND 41
82043234,SK2화이트닝리퀴드FND 33
82043245,SK2 FT리페어C 30ML
82043615,SK2 ADV WHITENING LIQ FND 33 BC
82044212,SK2 WHITENING DUO SET
82044776,SK-II FACE CRM SIGNS TRMT ESS RFL E-42
82044995,TTF아이보리3*30
82045182,큐티증정품-아이보리10
82045337,SK-II SKIN CRM 2.5G FT UV JAR 10P SP
82045845,PANTENE SHP 1000MLX6 UP BC96AG
82045852,PANTENE COND 375MLX12 UP BC27
82046334,코디10+1롤*8
82046521,VS시스템팩스트레이트6PACK
82046924,팬틴린스손상960ML1*6
82047087,SK-II FACE LOT 6G SIGNS CONC TUBE SP
82047143,네모난물리필80매1*18
82047192,팬틴모이스쳐케어샴푸200ML
82047596,대리점프리미엄코디50M24R*3
82048687,이지(뉴오픈매장)50M*24R*3
82048883,팬틴95ml샴푸볼륨
82049681,코디일반50M18R BEAR*3
82050623,비달익사이팅웨이브린스400ML
82051019,비달바겐세일팩1000스트레이트
82051387,팬틴모이스쳐케어샴푸550ML
82052194,WHISPER XLN 18SX24 CDU WING WHITE BULL
82052687,위스퍼그린트윈팩(코스트코)
82052881,비달컨디셔너퍼펙트스타일200G
82054681,팬틴모이스쳐1375ML직거래
82054691,비달시스템팩WAVY 1260ML
82055414,PAMPERS DPR LG 68SX4 SPRING 03 TAPED
82055974,CUTIE DPR LG 52SX4 TEMPORARY BOX
82056111,위스퍼후레시라이너5P*300샘플
82057700,팬틴모이스춰샴푸200ML
82057955,크레스트스핀브러쉬트레이
82058472,VS MAY 1448웨이브
82058793,SK2 PW싸인트리트파운데이션OB-2
82058826,위스퍼중형32P(3+1)세트
82063437,팬틴프리미엄백1*12
82064039,팬틴10월1100온팩집중손상
82065148,위스퍼소프트라이트 2개입샘플
82065543,헤드앤숄더570/375팩모이스트
82065681,프링글스스프라이트프리미엄 250ML
82066318,비달사순12월2960팩스트레이트
82066439,코디미용지프리미엄알로에8번들
82066965,팬틴집중손상케어컨디셔너960
82069388,비달1260팩컬러케어
82070554,페브리즈(MO) 320ML 리필형 은은한 향
82071461,위스퍼소프트클린슬림날개중형24개입
82072642,팬틴코스트코1200팩모이스춰
82073155,페브리즈실속형 900ML 상쾌한향(스티커)
82073225,위스퍼 LN+SL (40X2+28)SX12 다이아나 프로
82073848,팬틴 2250팩-집중손상
82075167,클레어롤허벌에센스내츄럴모이스춰컨디셔너
82075604,팬틴 1880 선물세트 프로모션팩-모이스춰
82075793,웰라칼라엑스트라케어 9/3 골드브론드
82075990,헤드앤숄더 1740팩-모이스트
82076686,헤드앤숄더 샴푸 레몬그라스 570ML
82076708,페브리즈 210ml (MEGA) (JF'05)
82078294,H&S 겸용 570ML (스티커)
82079708,팬틴 1600팩-집중손상
82079973,팬틴 2960팩-엑스트라 스트레이트
82080280,비달사순 50주년린스500-프로페셔널
82080345,페브리즈 실속형카팩프로모션팩 상쾌한향(A
82080568,SK-II AST 리퀴드 파운데이션 BE-2
82081558,큐티 증정품 - 수유패드
82081605,SK-II AST 파우더 파운데이션 OB-2
82081651,비달사순 크리미내추럴 왁스 60G
82082458,페브리즈 에어 비치형 마일드 핑크 본체
82082778,비달사순 수퍼 화이버 왁스 42G_테스터
82082972,팬틴 엑스트라 스트레이트 100ml트리트먼트
82083334,비달사순 컬러케어 샴푸 960ML_STKR
82083602,팬틴 엑스트라 스트레이트 컨디 500ML_SW
82084608,비달사순 샤이니 룩 에센스 30ML
82084919,싸인즈 너리싱 크림 미니어쳐
82085789,큐티 편안한 아기 대형 82 테스코
82086096,큐티 유아용 동화책
82086985,SK-II 화이트닝 소스 클리어 로션
82087245,팬틴 1300 이마트 팩-바운시볼륨
82088243,위스퍼 소프트클린 트윈윙 울날중 18개입
82088441,페브리즈에어 코스트코트리플팩 비내린초원
82088617,에스케이투브라이트닝펄피니셔컴팩트(정품)
82088777,페브리즈(MO) 370ML 용기형 상쾌한 향
82093018,웰라톤트리트먼트칼라내츄럴 7N (DBD)
82093069,웰라톤트리트먼트칼라 4N (DA)
82094804,팬틴 1050팩-바운시볼륨
82094823,팬틴 1700팩-엑스트라 스트레이트
82095908,헤드앤숄더프레쉬레몬샴푸200ML
82096422,팬틴 950팩-엑스트라 스트레이트
82096556,위스퍼 소프트클린 슬림 오버나이트 10
82096674,싸인즈 인텐시브 세트
82097211,팬틴 1550팩-밀키모이스춰
82097586,팬틴클리니케어-타임리뉴얼TR15gX10
82097689,에어터치 파운데이션 뉘앙스 쉬폰 핑크
82097980,팬틴 집중손상 컨디850ML-코스트코
82097988,비달사순 소프트 웨이브 무스 150G
82100116,팬틴 헤어타임리뉴얼 트리트먼트150
82100375,팬틴 헤어타임리뉴얼 컨디셔너40
82100961,비달 아시아 스페셜 에디션 컨디1000ML
82101127,에어터치 파운데이션 뉘앙스 쉬폰 핑크
82102498,크리스마스 코프레 피테라 페이보리츠
82104811,페브리즈에어비치형프로모션팩마일드핑크
82105903,SGNS퍼펙트래디앙스 PWDFND440
82106114,페이셜트리트먼트 UV 프로텍션
82109854,위스퍼 트윈윙 이마트전용 104P
82110346,팬틴밀키모이스춰샴푸550ML
82110392,헤드앤숄더 겸용샴푸 570ML
82110531,헤드앤숄더프레쉬레몬컨디375ML
82110592,헤드앤숄더실키모이컨디850ML
82110771,팬틴밀키모이스춰컨디375ML
82110779,헤드앤숄더 센서티브알로에 샴푸 400ML
82110939,위스퍼 소프트클린 울날중 30P
82111855,페브리즈 에어 팩 바람속의 꽃향기
82112297,팬틴 풀앤씨크 트리트먼트150
82113112,화이트닝소스 덤브라이트너
82113538,웰라_내추럴_6N_추석한정할인팩
82115165,SK-II 셀루미네이션 딥 서지 50G
82115452,페브리즈 (370+210) 팩 상쾌한향
82116021,SK-II 스킨시그니처 80G KAL
82116491,SK-II 셀루미네이션 에센스-인 FND 440 파인 베이지
82116622,헤드&숄더 수딩 두피 케어 샴푸 850ML
82117072,후레쉬라이너 무향 40
82117552,팬틴EXTRA스트레이트샴푸550ML
82117613,비달사순 컬러케어 샴푸 550ML
82117618,비달사순 살롱 모이스춰 트리트먼트 180G
82117757,헤드앤숄더 실키모이스춰 컨디 570ML
82117782,헤드&숄더 딥클린 샴푸 850ML
82118226,헤드&숄더 헤어폴 클리닉 샴푸 850ML
82118230,헤드&숄더 쿨멘솔 컨디셔너 850ML
82118303,헤드앤숄더 코스트코 1700팩- 레몬그라스
82118621,팬틴 프리즈디펜스 컨디셔너240
82120334,클리니케어 헤어타임리뉴얼 트리트먼트150_
82120346,팬틴 프리즈디펜스 샴푸280_스티커
82121277,프링글스 미니번들팩 40g*2
82123059,헤드앤숄더 스완 1250팩-쿨멘솔
82123404,2010 설 GS1호
82123510,위스퍼 소프트클린 세이프티존 60P
82124333,페이셜 트리트먼트 젠틀 클렌저 6G
82126125,팬틴컨디850모발강화IR
82127278,위스퍼 슈퍼롱 오버나이트 특별 한정팩
82131539,페이셜 트리트먼트 마사지크림 80g
82131847,팬틴컨디90모발강화IR
82132448,듀라셀 디럭스 알카 AAA 10개입
82132685,오랄비충전식전동칫솔D12.023P
82133161,링클 스페셜리스트 25g 정품샘플
82133564,헤드앤숄더 수딩 샴푸 850ML 스티커
82133648,크로스액션 항균모 40S 3+1 (HYPER)
82133754,AMJ'10 페브리즈 370ml+320ml 팩 허브 향
82133822,후레쉬클린 8개입 (40모)
82133829,마하3 헤라클레스 면도기 1UP
82133972,헤드앤숄더 컨디550쿨 멘솔
82134430,헤드&숄더 쿨멘솔 샴푸400ml
82135022,페이셜 트리트먼트 에센스 215ml
82135331,오랄비전동칫솔세트D12.023W+EB18-2
82135469,질레트 마하3 면도날 8개입
82137908,듀라셀 디럭스 알카 AAA 24개입 코스트코
82137961,화이트 래디언스 인텐시브 브라이트닝 세럼
82138030,로케트 망간 D 2개입 슈링크팩
82138034,로케트 알카 AAA 4개입
82138058,화이트 래디언스 프로텍티브 크림 (SPF20 PA++)
82139018,페브리즈 비치형 리필 (비내린초원)  
82139118,토탈이펙트 7 인 1 안티에이징 인헨싱 클리어 로션
82140377,다우니 블루 30ML 튤립과 달콤한 라일락 향
82140799,LXP 퍼펙팅 세럼 10ml 샘플
82140839,팬틴 모근강화케어 2550팩
82141039,위스퍼 팬티라이너 후레쉬 향 40개입 *2
82141144,페브리즈 엑스트라 스트랭스 용기형 370ML
82141196,퓨전 매뉴얼 8+1 면도기 무료 팩_뉴
82141422,셀루미네이션 리퀴드 FND 320
82142729,위스퍼 소프트라이트 2 날개형 28개입
82143404,LXP 액티베이팅 마사지 플루이드 200G
82143561,오랄비전동칫솔모 SR18-2
82143986,팬틴컨디 850 모발강화_IR_슬리브
82144848,마하3 8입 면도기 무료 팩_이마트
82145103,페브리즈 비치형 스타터킷 (바닐라라벤더의포근함) STK
82145106,페브리즈 비치형 리필 (비내린초원) STK
82145539,마하3 8입 면도기 무료 팩_이마트
82146103,페브리즈 에어 하와이안 플로랄 275G
82146246,오랄-비 후레쉬 클린 40모 6개입
82147131,페이셜 클리어 솔루션 100ml
82149606,후레쉬클린 5개입 (40모)
82151442,링클 스페셜리스트 25g
82152079,팬틴 집중 수분 트리트먼트 샴푸 850ML
82152343,듀라셀 디럭스 AA 40입
82152619,HE 헬로우 하이드레이션 샴푸
82152931,헤드앤숄더 샴푸750 헤어폴클리닉
82153828,토탈이펙트 포밍 클렌저
82154311,페브리즈비치형 스타터킷X2 맑은하늘바람
82155343,맨 에센스 스타터 키트
82156635,토탈이펙트 7 인 1 안티에이징 나이트 크림 샘플 15g
82156746,페브리즈 비치형 스타터킷 태국의 열대과일 향기
82157067,브라운 760CC-4 CCR2 프로모션
82157126,위스퍼 리프레쉬클린케어 울날오14p
82157394,FT 클렌징 젤 80G
82159296,질레트 마하3 클래식 1up (F14_브라질 ver.)
82159358,팬틴 트리트먼트 200MLX2 극손상케어
82159455,질레트 콘투어 플러스 면도날 5입
82159685,LXP 얼티미트 리바이벌 마스크 7P
82160847,SK-II 피테라 디럭스 듀오세트
82161019,듀라셀 울트라 파워체크 AAA 4+2 프로모션 팩
82162857,화이트닝 스팟 스페셜리스트 프로그램
82163986,위스퍼 리프레쉬클린 케어 시스템 74개입
82164323,토탈이펙트 세트6 (TE크림젠틀50g + TE세럼10g + TE마스크1P
82165005,듀라셀 디럭스 AA 30팩
82165284,듀라셀 울트라 AAA 12팩 올림픽 버전
82171243,질레트 프로글라이드 매뉴얼 면도날8입
82171245,질레트 퓨전 매뉴얼 면도날8입
82171310,에이지리스 뷰티 리치 크림 & 아이 세트
82171465,팬틴 프리즈디펜스 샴푸550
82171560,위스퍼 핑크세스 라이너 무향 트라이얼팩 72개입
82174745,오랄비 펄사 40모 2입
82176054,페브리즈 에어 바닐라라벤더의포근함 275G 올림픽
82176161,위스퍼 코스모 인피니티 울트라 날개형 오버나이트
82176996,위스퍼 핑크세스 중형10pX24
82179537,페브리즈 에어 하와이안 플로랄 275G
82180137,팬틴 극손상케어 1000팩
82181937,위스퍼 보송보송케어 울날대 슈퍼롱 팩
82183876,페브리즈 370ml+320ml 팩 허브향 OND'12
82185207,헤드앤숄더 딥클린 샴푸 400ml
82187232,팬틴 실키샤인에센스
82187240,다우니 에이프럴 후레쉬 1.53L
82187596,마하3터보센서티브 8입날 + 면도기 무료증정
82188549,팬틴 집중손상케어 850*4팩
82189070,다우니 블루 4L 튤립과 달콤한 라일락 향_PGP
82191193,헤드앤숄더 Bahamas 컨디셔너 550 가려운 두피케어
82191223,헤드앤숄더 Bahamas 샴푸 850 가려운 두피케어
82191339,오랄비 프로-엑스퍼트 클리니컬 프로플렉스 3입 (이마트)
82192979,위스퍼 보송보송 시스템팩 100P
82193783,퓨전 프로글라이드 파워 6+1 팩 (코스트코)
82193979,오랄-비 크로스액션 40모
82194582,팬틴 내츄럴케어 1500팩_new
82194670,헤드앤숄더 MtDew 1500팩- 딥 클린_new
82194675,헤드앤숄더 MtDew 2114팩- 가려운 두피_new
82194743,헤드앤숄더 MtDew 2250샴푸팩- 쿨 멘솔_new
82194747,헤드앤숄더 MtDew 2550팩- 헤어 폴 클리닉_new
82195729,페브리즈에어 하와이향 4개입 코스트코팩
82196247,FT 젠틀 클렌져 120g
82198342,페브리즈 (900+320) 팩 은은한향 Jun'13
82198991,위스퍼 소프트 라이트 번들 - 코스트코
82199519,GEM 액티브핏 4단계 1X168 이커머스 WE
82200480,에스케이-투 스템파워 아이 크림 2.5G (비매품)
82201165,비너스 핑크 면도날 2입
82201286,팬틴 아틀라스 내츄럴 케어 컨디셔너 500ML
82201510,팸퍼스 BB 이지업 팬티형 남아 5단계 수퍼 1/72
82201531,팸퍼스 BB 베이비드라이 4단계 메가팩
82201544,팸퍼스 BB 스와들러 2단계 수퍼 1/76
82203118,오랄비 인디케이터 항균모 3+1입
82203170,질레트 마하3 면도날 4개입
82203400,위스퍼 핑크세스 중형 50pX6
82204596,팬틴 모발강화케어 트리트먼트 200ml
82204872,페브리즈 370ml+320ml 팩 상쾌한향 OND'13
82205193,헤드앤숄더 BAHAMAS 쿨 멘솔 샴푸 550
82205681,DBD 프로글라이드 실버터치 믹스드 케이스
82205714,프로글라이드 매뉴얼 F14 스페인
82205775,싸인즈 퍼펙트 래디앙스 파우더 파데 420
82205905,페이셜 하이드레이팅 UV 크림 50g
82205918,맨 페이셜 트리트먼트 에센스 215ml
82205975,에스케이-투 화이트닝 파워 스팟 스페셜리스트30ml
82206190,컬러 클리어 뷰티 파우더 파데330
82206369,오랄비 스테이지스 치약 카즈&프린세스
82206453,마하3 수딩젤 TESCO
82206506,마이크로 씬 클린 미세모 4입(롯데마트)
82206735,오랄비 전동칫솔 D12 프리시즌 클린
82206848,팬틴 프로브이 아이스 샤인 컨디셔너 728ml
82207163,오랄비 마이크로씬 클린 3+3팩
82207903,로케트 망간 D 2개입
82208276,페이셜 트리트먼트 마사지 크림 80g
82208800,듀라셀 디럭스 알카라인 AA 15팩
82209018,듀라셀 디럭스 알카 AAA 12팩
82209947,다우니아로마쥬얼블루에메랄드브리즈375g+퍼퓸블랙200ml
82209972,위스퍼 피부애 팬티라이너 무향 36개입
82210326,화이트닝 스팟 스페셜리스트 0.7ml (비매품)
82212073,오랄비 스테이지스 치약 2개입
82213435,바운티 듀라타월 프린트 2롤
82214426,퓨전 하이드라 젤 퓨어엔센서티브 195g
82216458,미드-나이트 미라클 에센스 50ML
82216884,비너스 스월 면도날 4입
82218106,다우니 아로마쥬얼 레드 루비 플로럴 375G*2EA
82218701,컬러 클리어 뷰티 에나멜 레이디언트 컴팩트 & 브러쉬 세트
82219388,페브리즈 차량용 2개입(2mlX2 (다우니향기)
82219584,페브리즈 차량용 프리미엄 후레시 하모니 리필 7ml
82219716,팸퍼스 BB 스와들러 2단계 수퍼 1/76
82220526,오랄-비 크로스액션 프로엑스퍼트 주니어 행사팩
82221240,듀라셀 디럭스 알카 AA 10개입 신규
82221479,로케트 파워 알카 AA 7+7개입
82225266,컬러 클리어 뷰티 파우더 파데 310
82225623,퓨전 프로글라이드젤 쿨링 200ML
82227100,다우니 퍼플 1L 화이트티와 릴리 향
82227404,다우니 퍼퓸 그린 보타닉가든 2LX4
82227522,이마트 듀라셀 KCP RRP AAA 40입
82229016,퓨전 프로쉴드 칠 면도날 8입
82229221,페이셜 리프트 이멀젼 100g
82229254,맨 페이셜 트리트먼트 에센스 30ml(비매품)
82229306,싸인즈 퍼펙트 래디앙스 파우더 파데420
82229447,LXP 얼티미트 퍼펙팅 아이크림 15g
82230605,페이셜 트리트먼트 에센스 75ml
82232576,오랄-비 크로스액션 7베네핏 5입 코스트코 NEW
82232761,오랄-비 크로스액션 컴플리트7 40모 3입
82233805,페이셜 트리트먼트 클리어 로션 230ml
82235545,다우니 핑크 1L+700ml 팩 베리베리와 바닐라크림 향
82235641,위스퍼 보송보송 시스템팩 대리점 38개입
82236649,팸퍼스 스와들러 1단계 1박스 (84매)
82237533,센서엑셀2up 면도기
82238040,위스퍼 리프레쉬클린케어 슈퍼롱 오버나이트 날개형 10P
82239736,팬틴 실키 샤인 에센스 200ml
82240469,헤드앤숄더 발리 샴푸 850 딥클린
82241493,오랄비 고탄력 초극세모 블랙티 4개입(테스코)
82241847,T스템파워 아이 크림 2.5g (비매품)
82241885,T화이트닝 소스 덤 리바이벌 마스크 10P
82241918,T 페이셜 트리트 에센스 30ml (비매품)
82241922,페이셜 트리트 에센스 아이 0.5g (비매품)
82242948,팬틴 퀀텀 엑스트라볼륨 컨디셔너 500X9_LT
82243829,페브리즈 에어 화장실용 (산뜻한 정원향) (K-Reach)
82243897,페브리즈 대용량 다우니 용기형 900ML
82243903,페브리즈 엑스트라 스트랭스 보충형 320ML
82244754,오랄비 크로스액션 젠틀케어 5입(롯데마트)
82245544,다우니 블루 700ml 레몬그라스와 달콤한 라일락 향
82245554,다우니 퍼퓸 블랙 1L 미스티크 향
82245832,페브리즈 섬유탈취제 370+320 허브향 (PP)
82248673,스킨시그니처 3D리디파이닝 마스크6p
82249240,알엔에이 파워 아이크림 15G
82249291,페브리즈 차량용 2ML (다우니향기)
82249312,페브리즈 차량용 2개입(2mlX2) (뉴질랜드 계곡)
82249352,페이셜 트리트먼트 에센스 레드 리미티드 에디션
82250698,제놉틱스 스팟 에센스75ml
82251122,싸인즈퍼펙트 래디언스 리퀴드파데310
82251350,페브리즈 섬유탈취제 상쾌한 향 370mlX2 (PP)
82252305,마스터피스 피테라 서플니스 세럼50ml
82252465,오랄비 인디케이터 항균모 3+1입
82252520,다우니 퍼플 1L+700ml 팩 화이트티와 릴리 향
82252878,비너스 스월 면도날 4입
82253935,펄사 진동 치석 전문케어 2입
82254470,오버나이트 미라클 마스크
82255308,엘엑스피 얼티미트 퍼펙팅 크림 50g
82255895,스킨 퍼펙팅 파운데이션330
82255932,페이셜 트리트먼트 에센스 2ml(비매품)
82255940,페이셜 트리트먼트 클렌징 젤 2.5g(비매품)
82255956,화이트닝 소스 덤 리바이벌 마스크 6p
82256067,아티산 화이트케이스 & 브러쉬 세트
82256907,브라운 여성용 페이스 SE830
82257417,오랄-비 스테이지스 3단계 어벤져스 1입
82257976,오랄-비 DNA PRO3000 Bluetooth
82258569,마스터피스 피테라 레이디언스 세럼 50ml
82258825,퓨전 프로쉴드 아이레이저 반란군
82259274,퓨전 프로쉴드 옐로우 이마트 창립팩
82260867,다우니 퍼퓸 로즈골드 럭셔리 피오니 1+1 번들팩
82262408,팬틴 콜로서스 트리트먼트220X24 극손상
82265482,퓨전 프로쉴드 어버이날 기프트팩
82267736,위스퍼 보송보송케어 울트라 날개 중형 72개입 CP
82268940,페브리즈 섬유탈취제 허브 향 320ml (Harmony)
82270796,질레트 프로쉴드 칠 이마트 설날 기프트팩'18
82273501,페이셜트리트먼트에센스리미티드230ml
82273819,페브리즈 차량용 2ML (담배냄새제거용)(CT)
82273884,스킨 퍼펙팅 파운데이션440
82273994,페브리즈 차량용 2개입(2mlx2) (맑은하늘바람)(CT)
82274134,오랄비 고탄력 초미세모 잇몸선 케어 6입 DBD
82275672,맨 페이셜 트리트먼트 에센스75ml
82276360,오랄-비 스테이지스 2단계 행사팩 JFM18
82277791,브라운 세정액 CCR8 코스트코팩
82277976,페브리즈 차량용 3개입(2mlx3) 부산의 맑은하늘바람 (CT)
82279916,퓨전 프로글라이드 파워 4+1 쉐이브클럽 팩
82280214,다우니 블루 레몬그라스와 달콤한라일락 향 200ml
82280218,다우니 블루 1L 레몬그라스와 달콤한 라일락 향
82281473,페브리즈 섬유탈취제 허브 향 900ml (Harmony)
82281781,다우니 PGP 핑크 3.8X3 베리베리와 바닐라크림 향
82281893,다우니 퍼퓸 핫핑크 블룸 1L+1L (Chanel) - poly
82283169,페브리즈 차량용 프리미엄 숲속의 콘체르토 스타터킷 7ml (NMR)
82283470,페브리즈 포맨 쿨 아쿠아 향 370ml+320ml 팩
82286325,다우니 스포츠 2L+700MLX2 액티브 시트러스향 (롯데마트)
82287208,허벌에센스 리페어 아르간 오일 오브 모로코 컨디셔너
82287589,팸퍼스 스와들러 1단계 32X4
82288334,다우니 엑스퍼트 스포츠 200ml
82288709,에스케이-투 스킨파워 에어리 밀키 로션 2.5g
82289366,헤드앤숄더 컨디셔너 850 헤어컨트롤
82289542,팸퍼스 베이비드라이 2단계 이노머스 박스 1/186
82290456,다우니 디올 벚꽃 데이트2.0 1.6L
82291594,페브리즈 370ml+370ml 팩 다우니향(KREACH)
82291601,페브리즈 370ml+320ml 팩 다우니향(Fall'18)
82291719,질레트 퓨전 프로쉴드 칠 면도날 10입팩
82292250,페브리즈 포맨 용기형 370ml (PX)
82292777,다우니 퍼플 1L 화이트티와 릴리 향
82292788,다우니 핑크 1.6L 베리베리와 바닐라크림 향
82292817,다우니 코튼 퓨어러브 200ML
82293400,다우니 퍼퓸 핫핑크 블룸 1L+1.6L (Paper)
82293575,페브리즈 에어 맑은하늘바람 2개입 + 페브리즈 에어 라벤더 2개입
82294112,다우니 퍼플 1LX12 DBD 화이트티와 릴리 향
82296565,팸퍼스 베이비드라이 S4 5P (샘플)
82296922,페브리즈 섬유탈취제 내추리스 레몬그라스 앤 진저 향 370ml
82296994,페브리즈 에어 바닐라라벤더의포근함 275G
82297219,다우니 퍼퓸 블랙 미스티크 1L+1.6L (Paper)
82297225,다우니 퍼퓸 핫핑크 블룸 1L+1L (Paper)
82297239,팬틴 콜로서스 엑스트라볼륨 트리트먼트 쿠팡팩
82297344,다우니 엑스퍼트 실내 건조 1L+1L
82297347,다우니 엑스퍼트 실내 건조 1.6LX2
82297925,헤드앤숄더 쿨멘솔 샴푸 쿠팡팩
82299190,다우니 퍼플 4LX3 화이트티와 릴리 향 (홈플러스)
82299235,애트모스피어 유브이 에멀젼30g
82299251,컬러클리어 뷰티에나멜 크림컴팩트105
82299744,헤드앤숄더 슈프림 모이스쳐 두피 토탈솔루션 컨디셔너 750ML
82300525,퓨전 프로쉴드 옐로우 면도날 10입 (ECOM)
82300533,퓨전 파워 면도날 16입 (ECOM)
82301008,에스케이투 페이셜 트리트먼트 에센스 블루판타지스타유타마로리미티드에에디션
82301096,오랄-비 크로스액션 초소형헤드 6입 (쿠팡)
82302257,질레트 스킨텍 면도젤 195G 1x6
82302663,다우니 초고농축 블루 레몬그라스와 달콤한 라일락향 1.05LX3
82303179,페브리즈 포맨 시원한 멘솔향 보충형 320ml
82303492,퓨전 매뉴얼 2UP 면도기
82303794,오랄-비 크로스액션 7베네핏 35모
82303802,오랄비 초소형헤드 벨벳 1p
82303809,오랄비 치간 칫솔 20개입 이너케이스
82306123,페브리즈 에어 다우니향 2개입 (hyper)
82306198,다우니 프리미엄 폼형 세제 블루 24입
82307195,질레트 비너스 엑스트라 스무스 면도기 2UP
82308613,페브리즈 섬유탈취제 상쾌한향 640MLX2
82308877,질레트 스킨텍 매뉴얼 면도기 2up (플렉스볼) 1X6X6
82309340,오랄비 치간 칫솔 10개입 이너케이스 이마트
82309739,헤드앤숄더 2250팩- 쿨 멘솔 (일렉트로맨)
82309939,오랄비 스테이지스2 2입(홈플)
82310191,다우니 퍼퓸 샤인 향 1LX12 DBD
82310582,다우니 핑크 베리베리와 바닐라크림 1.6Lx6
82310591,다우니 핑크 베리베리와 바닐라크림  700MLx8
82311621,다우니 프리미엄 액체형 세제 핑크 450mlx24
82312286,질레트 스킨텍 매뉴얼 1up+5ct 팩
82313452,팸퍼스 스와들러 마드레 2단계 10입 (샘플)_QR
82313471,팸퍼스 베이비드라이 4단계 이노머스 1/150_QR
82313743,허벌에센스 노리쉬 패션 플라워 & 라이스 밀크 컨디셔너
82314428,페브리즈 화장실용 상쾌한비누향 6ml*2+산뜻한사과향 6ml*2
82314436,다우니 핑크 2L+1.6L 홈플러스 팩
82315231,페브리즈 포맨 용기형 370ml (PX)
82315358,오랄-비 SS4000C 코스트코팩 (휴대용케이스)
82315368,오랄비 전동칫솔 D12.513 프로즌
82316048,제놉틱스 오라 에센스 30ml
82316529,다우니 엑스퍼트 스포츠 향 1.05LX3
82318029,질레트 프로글라이드 매뉴얼 1up + 3ct 팩
82318037,오랄비 치간 칫솔(고무 타입) 20개입
82318328,팸퍼스 통잠팬티 5단계 26 X 4
82318544,오랄비 프로엑스퍼트 주니어 아이언맨 1입
82318887,오랄-비 <겨울왕국> 스테이지스 4단계 8개입
82318918,제놉틱스 스팟 에센스 30ml
82319366,헤드앤숄더 퍼퓸 프레쉬 750mlx2+딥클린90ml 샴푸세트
82321897,질레트 프로글라이드 매뉴얼 면도날 4입 (557)
82321924,질레트 프로글라이드 파워 면도기 1UP (557)
82322004,오랄비 왁스치실(1x24)
82322843,질레트 프로글라이드 센서티브 엑티브 스포츠 포오미 245G 듀오팩
82323139,오랄-비 프로헬스 3D화이트 3+1입 (롯데마트)
82325316,다우니 초고농축 퍼플 화이트티와 릴리향 1.05LX3
82326754,다우니 엑스퍼트 1L+1L 팩 실내 건조 향 (MQ)
82327061,다우니 코튼 퓨어러브 1L+1L 팩 (CHP)
82327306,페브리즈 화장실용 상쾌한비누향 6ml*2+은은한라벤더향 6ml*2
82327433,다우니 프리미엄 액체형 세제 실내건조 1.8L
82328236,페브리즈 항균플러스 깨끗한향 370mlx2+650ml (Costco)
82328765,오랄비 D12+EB20-2 Club pack
82329031,다우니 퍼퓸 스프링 가든 러브 1LX3 팩 (ET) (구버전)
82329123,페이셜 트리트먼트 클리어 로션 230ml
82330454,Andy Warhol 리미티드 피테라 듀오 세트(ND21)
82330923,페브리즈 에어 바닐라 라벤더의 포근함 2개입 (hyper)
82331387,다우니 프리미엄 액체형 세제 살균 파워 2.7L
82332757,스위퍼 먼지떨이 360 레귤러 리필 4X5입
82333054,"질레트 스파이더맨팩 프로글라이드 파워 핸들+5ct, 거치대 (빅)"
82334099,질레트 프로쉴드 칠 면도날 4입 (557) (CP STK)
82401447,AS 페이스 칼라 액센트 600
82403013,AS 루스 파우더 200
82404371,AS 폴딩 헤어 브러쉬 P
82404567,AS 수이 립 글로스 306
82404630,AS 수이 립 글로스 303 테스터
82410147,AS 네일 칼라 N 700 - 테스터
82410243,AS 네일 아트 칼라 N 870 테스터
82411497,AS 미니 루즈 200 테스터
82414576,안나수이 모.리치 플루이드 F. B00
82416762,립 루즈 D 670
82416814,AS 네일 칼라 N 317 테스터
82416828,안나수이 립 루즈 G 401 T
82416846,안나수이 립 루즈 V 760 T
82417903,디앤지 3 렘프하트리스 오 드 뚜왈렛 50ml
82418080,AS 프로텍티브 파운데이션 프라이머 엘
82418086,AS 프로텍티브 FF 엘 B01
82418100,AS 프로텍티브 PF 엘 B01
82418201,AS 프로텍티브 FF 엘 B01 테스터
82419532,디앤지 11 라포흐스 오 드 뚜왈렛 50ml
82420271, AS 리퀴드 아이 라이너 WP 500
82420534,AS 아이 칼라 듀오 04 - 테스터
82421628,안나수이 아이 칼라 크레용 001
82421639,안나수이 아이 칼라 크레용 700
82422342,안나수이 립 글로스 C 304
83036244,프링글스양파맛100G*8
83046414,프링글스펑키소이미디엄184G
83066232,PRG PC CHZM 12/56 G CAN
84821674,조명용 방향 쉐이드 (리필) 그린티 시트러스 향
84849347,질레트 포오미 멘솔 175G
84902691,프링글스콘소메맛100G 1*8
85000472,BUCKEYE FOLEY FLUFF PULP  250MM
80227692,퓨전 프로글라이드 파워 면도기
80229660,비너스 올레이 면도기 1up
80232225,팸퍼스 BB 스와들러 0단계 수퍼 1/80
80249308,비너스 1업
80256089,오랄-비 크로스액션 리필모 EB50-4
80256426,오랄-비 D16 비비드그린
80288012,팸퍼스 M6 베이비드라이 6단계 이코노미 박스1/128
80289211,오랄-비 프로엑스퍼트 스타워즈 2입(원제품)
80316778,오랄비 PRO100 크로스액션 (블랙)
80337953,오랄비 GENIUS 9000 화이트
80372555,오랄-비 전동칫솔 iO5 매트 블랙
80684248,오랄-비 D12 크로스액션+EB50-2 팩 (홈플러스)
80684355,팸퍼스 베이비드라이 팬티 6단계(점보형) 28X4
80690464,질레트 스킨텍 파워 면도기 플렉스볼 1UP
80690913,다우니 생화향기 컬렉션 미스티크1Lx12
80690931,다우니 생화향기 컬렉션 코튼 퓨어 러브200mlX24
80690947,다우니 생화향기 컬렉션 스프링 가든 러브  2Lx4
80690953,다우니 생화향기 컬렉션 오션코랄 퓨어러브 1.05LX3
80692331,페브리즈 향균플러스 무향 370ml 3in1
80695914,다우니 프리미엄 액체형 세제 살균 450mlx24
80696669,스킨파워 어드밴스드 크림 80g
80702238,페브리즈 화장실용 2개입(6mlx2) 은은한 라벤더향 (Online)
80703696,다우니 베이스 핑크 베리베리와 바닐라크림 1LX12 DBD (2022형)
80704083,페브리즈 항균플러스 깨끗한향 370ml 3in1
80709679,질레트랩스 래피드 포밍 쉐이브 젤 198ML
80710720,다우니 프리미엄 액체형 세제 실내건조 2.20L X 3
80710726,다우니 프리미엄 액체형 세제 실내건조 1.0LX12
80711425,다우니 베이스 탈취파워 퍼플 4Lx4화이트티와 릴리
80711447,페브리즈 화장실용 1개입(6ml) 산뜻한 사과향 (Online)
80712148,페브리즈 화장실용 상쾌한비누향 6ml*2+상큼한레몬향 6ml*2
80715117,질레트 스킨텍 매뉴얼 면도날 4입 (557)(CP stk)
80715982,(FWIP) 557.1 프로글라이드 옐로우 4ct 
80717958,질레트 스킨텍 매뉴얼 면도날 8입 (557) (CP STK)
80720527,다우니 프리미엄 액체형 세제 실내건조 2.0LX6 (PX)
80720696,팬틴 프로-브이 극손상케어 컨디셔너 1200ml
80723339,다우니 엑스퍼트 실내건조 울트라 4LX4
80724042,오랄비 프로엑스퍼트 프로즌II 1입
80726152,스킨파워 아이크림 15g 듀오세트
80733468,다우니 생화향기 컬렉션 와일드 라벤더 리필 2.6Lx4 (2023년형)
80734079,오랄비 EB20RX화이트 리필 2입
80735935,페이셜 트리트먼트 젠틀 클렌져 20g(비매품)
80740890,피테라 디럭스 세트
80741065,오랄비 비니 12입
80742191,다우니 실내건조 플러스 (그린)  4LX3
80748368,페브리즈 화장실용 상쾌한비누향3입+은은한라벤더향3입 코스트코팩
80748972,오랄-비스테이지스3단계2입 프로즌
80752451,다우니 세제 추가헹굼제로 본품 1.9Lx6
80753493,비너스 슈가베리 2UP 올영 써머팩
80763664,헤숄 샴푸 가려운 두피 케어 850ml
80765992,헤숄 샴푸 쿨 멘솔 500ml (OY)
80770355,질레트 퓨전 매뉴얼 면도기 기1+날2
80770793,질레트 퓨전 매뉴얼 면도날 8입
80771981,브라운 시리즈 8 면도기 8560cc (Costco)
80774847,페브리즈 섬유탈취제 미스티크 370ml
80778456,다우니 세제 추가헹굼제로  1.9Lx6 BD
80779905,다우니 코튼 퓨어 러브2.6LX4 M1
80779906,다우니 시트러스앤버베나 200mlX24 M1
80779932,다우니 미스티크2.6LX4 M1
80784031,브라운 시리즈 9 면도기 9457cc SILVER
80784519,LXP 얼티미트 퍼펙팅 세럼 10ml
80792795,팬틴 엑스트라 볼륨 케어 트리트먼트 220ml
80794295,질레트 프쉴 칠 면도날 16입
80795863,질레트 프쉴 옐로우 기1+날8
80797156,브라운 세정액 CCR8 (Costco)
80797756,다우니 블루 레몬그라스2LX4 P1
80807676,오랄-비 전동칫솔 iO8 화이트 알라바스터
80809383,브라운 시리즈 9 면도기 9667cc SILVER
80811794,2024 터치오브네이처 팬티 체험팩 6단계 (8X30)
80812509,다우니 퍼플 화이트티 (1.05Lx3)x4 P3
80813050,페이셜 트리트먼트 클리어로션 230ml
80816629,질레트 프글 파워 기1+날5
80824978,다우니 프리지아 앤 페어2.6LX6 v2 M1
80825390,다우니 미스티크 1.05LX3 M2
80826674,헤숄 2in1 쿨멘솔
80830241,팸퍼스 2025 여름낮밤패키지 체험팩 6단계
80831297,다우니 실내건조 플러스 (그린) 1.35LX6 P2
80832695,다우니 세제 실내건조 1Lx12 J2
80834795,페브리즈 섬유탈취제 미스티크370mlX3ET
80838170,(T)질레트 프로쉴드 옐로우 면도날 8입
80840587,(557.1 ) 질레트 프로글라이드 매뉴얼 면도날 14입 (코스트코)
80841647,다우니 실내건조 플로럴블로썸 1Lx12 H1
80843759,다우니 스프링 가든 러브 2.6LX6 MW2C
80850521,질레트 프쉴 옐로우 면도기 기1+날2 PX
80854872,팸퍼스 2025 엔젤브리즈 팬티형 기저귀 4단계 (46X3)
80859572,페브리즈 포맨 용기형 370ml (PX)
80873031,헤드앤숄더 두피 토탈 솔루션 2in1 가려운두피케어 샴푸 1200mL
80876308,질레트 프로쉴드 파워 1up+3입 (군)
80883950,다우니 시트러스 (1.05Lx3)X4 D2
80883959,다우니 시트러스 앤 버베나 2LX4 D2
80883970,다우니 미스티크2LX4 D2
80883979,다우니 화이트머스크 2Lx4 D2
80886834,페브리즈 섬유탈취제 상쾌한향 880ML x2
80997905,프링글스매콤한맛미디움184G*14
81017498,안나수이 링 루즈 400
81076365,라코스테 터치오브핑크 오 드 뚜왈렛 30ml
81082075,프링글스 매콤한 맛 43G
81127150,SB 150ML 텍스처라이저 리퀴
81141784,디앤지 03 LIMPERATRICE EDT 100 T
81153724,SP 400ml 리페어 마스크
81164336,KP 8/17 엔
81164471,컬러후레시 네이쳐컨트롤00
81164490,KP 3/0 엔
81193775,피카소 스무든 컨디셔너 펌프
81210030,SP 6 밸런스스캘프 에너지세럼
81211831,SB 250ml 패네트레이트 컨디셔너
81213917,KP 6/44 캐럿 오렌지 80G
81216395,비닐장갑
81216956,이어캡
81271036,WC 250ml 퓨어 퓨리파잉 샴푸
81271062,WC 150ml에이지 인슈어 리바이빙 트리트먼트
81271089,WC 150ml브릴리언스 칼라 리페어 리치
81274841,SP 트라이얼 70 패키지 판촉물
81300119,브라운 시리즈 3 면도기 340S-4 WD
81338384,브라운면도기 크루저5 비어드
81387933,브라운 시리즈 1 날과망 11B
81487069,브라운 Waterflex2_Black(LSD)
81548632,브라운 쿨텍 CT5CC_LSD
81633059,브라운 시리즈7 면도기 7899WD gift
81697102,브라운 시리즈 5와 6 날망 53B (007)
81726683,브라운 시리즈 7 면도기 7899cc SILV/BLK(Ellida3.0)
81730878,브라운 시리즈 9 면도기 9380cc NOIR
81731107,브라운 시리즈 9 면도기 9395cc CHROME
81739020,브라운 시리즈 8 면도기 8370cc Silver
81744545,브라운 시리즈 9 면도기 9465cc GRAPHITE
81756183,브라운 IPL Design Edition 5124 WHITE
82001296,화이트닝소스 덤 데피니션 50ML
82002526,헤드앤숄더프레쉬레몬그라스컨디셔너570ML
82006802,페브리즈(900+320ML)프로모션팩-상쾌한향
82007171,STF 버프
82009461,팬틴ET손상린스365G 1X24
82010367,페브리즈(MO) 370ML 용기형 플러스
82011120,팬틴ET정상린스550G 1SX12
82014841,위스퍼 코스트코 트윈윙 86P시스템
82014847,이마트 팩 중형 124 AMJ
82015516,화이트닝소스 덤데피니션 50ML
82015615,화이트닝소스 덤데피니션 30ML
82015888,페브리즈 화장실용 릴렉스 아로마
82019140,SK2 FT ES215N
82026131,비달사순 2250 스페셜팩-살롱모이스춰
82031910,큐티　리필덕용1*8
82032124,팬틴시스템린스정상375ML 1*12
82032450,비달프로올인원샴푸575ML 1*6
82034139,위스퍼그린울트라일반소20*24
82035108,위스퍼 센서티브 울트라 날개 중형 18P
82035111,팬틴 1400선물세트 1호
82037459,비달사순샴푸비듬400ML1*12
82037820,비달사순딥클렌징샴푸400ML 1*12
82037994,헤드앤숄더1795팩-센서티브알로에
82038547,페브리즈 차량용
82038947,WHISPER SAPD RLN 19SX24 BLT CDU IW+ (HK)
82039282,NEW큐티대형36S*4
82039364,WHISPER SAPD RLN 13SX24 CDU/BLT IW+
82040478,WHISPER PAD 26SX12 S01 AEON CC REDUCTION
82041375,비달사순울트라케어400ML1*12
82041596,리페어 C 2ml
82041618,위스퍼슬림일반소24*24
82041651,위스퍼슬림날개대18*24
82042113,SK-II SKIN CRM 80G SIGNS TREATMENT TBD
82042462,비달사순샴프스트레이트575ML1*6
82043216,SK2리페어C리퀴드FND 31
82043236,SK2화이트닝리퀴드FND 42
82043598,SK2 WHITENING SPOT ERASE SK-1(BC)
82043877,위 W팬티소프트업코튼모카L
82044430,FEBREZE FARF 10L 1S ANBT BIZ RFL (KR)
82044905,비달스타일링프리미엄팩STRT3*12
82045853,PANTENE COND 960MLX6 VOL-DOWN BC27
82045879,PANTENE SHP 400MLX12 2IN1 (BC96AG)
82045913,위스퍼울트라후레쉬날소32*24
82045998,SGNS퍼펙트래디앙스 PWDFND420
82046192,큐티증정품-IVORY 3
82046538,위스퍼슬림날개중10*48
82046928,위스퍼르린UL40*24
82046942,VS비듬샴푸400ML1*12
82046956,팬틴린스손상500MLCOST
82047262,SK2 FT에센스30ML샘플
82047770,큐티골드용7월사은품*40
82048714,VS폼실크스프레이194ML
82050026,위스퍼슬림날개중10*48
82050313,큐티드림골드대형120*1
82050574,팬틴구정감사선물세트정상3*6
82050606,모이스춰워터
82050703,프링글스카레맛50G DBD PRM
82051461,SK-II FACE GEL 30ML WHT SOURCE
82052010,코디60M*24R 테스코
82053292,팬틴추석선물세트1호-A
82053458,SK-II콤팩트에센스파운데이션
82054325,SK-II FACE CRM 30G ADV PRT ESS UV SP
82054861,코디미용지280*4 롯데용
82055601,SK-II에센스UV 업그레이드
82055667,비달사순 설날선물세트2호
82057704,팬틴모이스춰린스200ML
82057952,크레스트스탠드3단양면
82058015,코스트코위스퍼슬림커브대20P*2*12
82059543,코디네모난물베이비파우더향70매리필
82060378,헤드앤숄더570/375딥
82063476,큐티아기모자0208
82064007,위스퍼슬림날개대형10P
82065133,큐티 드림골드대형120피FALL03 E-MART
82065304,코스트코 헤드앤숄더 샴푸 모이스트 960ML
82065586,팬틴645온팩올인원
82065675,큐티드림골드토이박스 1*10
82065699,PAMPERS DPR NB (64+2)SX6 SPR04 BONUS PK
82065930,코디양초프리미엄
82067245,위스퍼그린날개소형20개입
82067396,SK-II 더블유 소스 브라이트 팬케이크 OB-2
82067687,팬틴집중손상케어트리트먼트200
82067789,비달760팩스트레이트
82067965,팬틴1250팩집중손상
82068630,PAMPERS DPR LG 68SX3 FALL 04 SP-J AWCG
82069192,프링글스5*4 PAD 2
82069434,SK-II페이셜트리트먼트클렌징오일
82069737,H&S센서티브알로에 스티커링 컨디850ml
82070603,위스퍼골든스토아트라이얼팩
82071794,위스퍼소프트클린중형40개입번들팩폴리
82073809,H&S 코스트코1530팩-모이스트
82073882,싸인즈 아이 마스크 14P
82073944,비달사순 2880팩-프로패셔널스타일
82074341,AST 파우더 파운데이션 OB-2 미니샘플
82074411,팬틴 2000팩-볼륨
82074490,큐티 코코 Fall04 선물팩
82075840,팬틴 딥리페어트리트먼트크림 100ml_패키징
82076832,소프트라이트 꽃무늬 날개 28p 샘플
82077143,슈퍼스타 큐티 대형 50P
82077340,페브리즈(투명) 370ML 은은한 향
82077430,헤드앤숄더 컨디 레몬그라스200ML
82077485,위스퍼 소프트클린 슬림 날개 중형 10개입
82078498,팬틴 선물세트형 600팩 1호
82080432,SK-II 페이셜 트리트먼트 마사지 크림
82080566,SK-II AST 리퀴드 파운데이션 OB-2
82081092,SK-II LXP 얼티미트 리바이벌 크림 50G
82081555,웰라 트리트먼트칼라 믹스드 케이스
82082611,위스퍼 보송보송 대형특별기획팩
82082762,비달사순 딥 살롱 마스크 185G
82082844,비달사순 딥살롱 에센스
82083198,웰라 트리트먼트칼라 인텐시브 5B
82083418,웰라 트리트먼트칼라 내츄럴 6
82083608,팬틴 밀키 모이스춰 케어 컨디 500ML_SW
82084607,비달사순 솔리드 스타일 왁스60G
82084709,큐티 편안한 아기 대형82 테스코 전용팩
82086097,위스퍼 슈퍼롱 오버나이트 출시기념팩
82087143,조이병 260ML
82087793,헤드앤숄더 770샴푸팩-모이스트
82088001,헤드앤숄더 쿨멘솔 컨디 850ML
82088220,페브리즈 플로어 디스플레이 키트용 박스
82088421,페브리즈 MA'06 카팩프로모션 녹차향
82089815,비달사순 730 팩-살롱 모이스춰
82093001,WB 퍼펙트케어 리페어 에센스 120 (DBD)
82093063,웰라칼라엑스트라케어 11/3 (DBD)
82093091,웰라칼라엑스트라케어 2/8(10개입)
82095161,큐티 편안한아기 골드 신생아용 72P
82095996,팬틴 1650팩-바운시볼륨
82096413,헤드앤숄더 2880팩-멘솔
82096501,헤드앤숄더 1225팩-실키 모이스춰
82096986,에어터치 FND OP-1(리필)
82097216,팬틴 1450팩-밀키모이스춰
82097220,팬틴 1450팩-엑스트라스트레이트
82098921,팬틴딥리페어트리트먼트크림
82099583,팬틴 400팩-밀키 모이스춰 코스트코
82099922,팬틴 1900팩-집중손상
82100156,비달사순 살롱 모이스춰 샴푸 850ML
82100757,페브리즈 에어 팩275GX2- 비내린 초원
82102171,헤드앤숄더 실키 티트리 570 샴푸
82102914,WSDD UV로션 미니샘플
82102925,화이트닝소스 베이직 세트 08
82103648,팬틴 선물세트 3호
82103654,팬틴 2075팩-바운시볼륨
82105775,SGNS퍼펙트래디앙스 LIQFND310
82106590,비달사순 프로페셔널 트리트먼트
82106635,팬틴 1900팩-실키스무드
82107832,헤드앤숄더 센서티브알로에 570샴푸 스티커
82108004,팸퍼스 특대형 24개입
82110593,헤드앤숄더 딥클린 컨디 850ML
82110611,헤드앤숄더 맨솔 850 샴푸 슈링크
82110705,비달사순 살롱 모이스춰 트리트먼트 180G
82110975,헤드앤숄더 쿨멘솔샴푸 200ML
82111021,스킨시그니처 크림인 파운데이션 220
82111246,스킨시그니처 크림인 FND 420 미니
82111377,팬틴 선물세트 8호
82113665,WSDD UV로션 샘플
82113738,팬틴 프리즈디펜스 컨디셔너240_스티커
82113829,팬틴 헤어타임리뉴얼 컨디셔너40_스티커
82115161,SK-II 셀루미네이션 딥 서지 15G
82115490,팬틴 나이트 미라클 오일
82116710,어드밴스드WS팬케익EX 105
82117024,팬틴 실키스무드케어 컨디셔너 200ML
82117079,위스퍼 센서티브 울트라 날개 대형 36개입
82117755,헤드앤숄더 헤어 폴 클리닉 샴푸 570ML
82118834,헤드&숄더 수딩 두피 케어 컨디셔너 550ML
82118987,헤드&숄더 프레쉬레몬그라스 컨디 375ML
82119951,스킨시그니처 크림인 파운데이션 440
82120829,위스퍼 세이프티존 그린 80P
82121159,페브리즈 에어 비 내린 초원
82122046,팬틴샴푸850집중손상IR
82123029,헤드앤숄더 스완 2250팩- 쿨멘솔
82125726,팬틴샴푸850집중수분케어IR
82126563,헤드&숄더 프레쉬 레몬그라스 컨디550ml
82128972,헤드앤숄더 컨디414 쿨멘솔
82129216,셀루미네이션 팬케익 420
82129268,팬틴클리니케어샴푸550헤어타임리뉴얼CA
82129699,팬틴 트리트먼트15GX480프리즈디펜스JP 96*70
82129735,클리니케어원워시트리트먼트150헤어타임리뉴얼CA
82129810,2010 설 코스트코 1호
82131626,JFM'10페브리즈 370ML+320ML팩 은은한향
82133565,헤드앤숄더 딥 클린 샴푸 850 스티커
82134098,마하3 Distribution pack
82135007,페이셜 트리트먼트 클리어로션 215ml
82135458,페브리즈 플러스 보충형 320ML
82137953,로케트 망간 AA 2개입 슈링크팩
82137964,화이트 래디언스 프로텍티브 로션 (SPF20 PA++)
82137979,듀라셀 리튬 DL123 3V 1개입 JAPAN
82138011,썬파워 알카 AA 2개입 스몰카드
82138061,토탈이펙트 7 인 1 안티에이징 아이 세럼
82138314,오랄비음파전동칫솔전용모2입SR18-2 (FFS)
82138682,다우니 퍼플 리필 700ML 화이트티와 릴리 향
82138752,헤드앤숄더 로터스 2114팩- 건조한 두피
82138920,다우니 핑크 200ML 베리베리와 바닐라크림 향
82140156,오랄비 어린이칫솔 기획팩 (2단계)
82140699,팬틴 집중손상케어 2400팩
82140718,팬틴 모근강화케어 1700팩
82141040,위스퍼 팬티라이너 클린 향 36개입*2
82141426,셀루미네이션 팬케익 105
82142671,헤드앤숄더 로터스2100샴푸팩-쿨멘솔
82143644,팬틴 샴푸 500 내추럴 케어
82144229,오랄비전동칫솔모8입EB20-8 (FFS)
82144556,OND'10 페브리즈 (900+320) 팩 상쾌한향
82144857,셀루미네이션 에센스 EX 7ML
82145247,오랄-비 스테이지스 1단계 2개입
82145549,페이셜 트리트먼트 ADV 프로텍트 루스 PWD UV
82145626,헤드앤숄더 건조한 두피 샴푸 550 슬리브
82145821,위스퍼 보송보송케어 이마트 트라이얼팩
82146442,셀루미네이션 팬케익 420
82146685,헤드앤숄더 750_딥클린
82146937,퓨전 매뉴얼 면도날 12 입_이마트
82147052,토탈이펙트 7 인 1 안티에이징 세럼
82147078,아쿠아액션 라이트 듀
82147107,아쿠아액션 딥 하이드레이션 듀
82147261,위스퍼 소프트라이트2일반형32_테스코
82147733,오랄비어린이충전식전동칫솔D12.513K 코스트코
82149791,FT 젠틀 클렌져 120G
82150205,아이보리 3바
82152807,마하3터보_맨스챌린지 스티커
82153820,LXP 퍼펙팅 세럼 10ML 샘플
82154572,헤드앤숄더 건조한 두피케어 1500ML 팩
82155093,화이트 래디언스 선물세트
82157114,WHISPER PAD 16SX12 S5 SPR11 CHONAN
82157382,셀루미네이션 팬케익 310
82157589,위스퍼 보송보송케어 72개입
82157940,오랄-비 크로스액션 7베네핏 40모
82159668,팬틴 컨디 200 극손상케어 세트
82165680,헤드앤숄더 750_헤어폴
82165748,팬틴 트리트먼트 90ML 나이트 미라클  케이스
82168769,다우니 핑크 1L+1L 팩 베리베리와 바닐라크림 향
82169198,비달사순 프리미엄 컬러 케어 샴푸 475ML
82169281,비달사순 프리미엄 베이스 케어 컨디셔너 485g
82169524,브라운 커피메이커 KF570
82169528,브라운 커피용기 KFK500 MN BK
82169679,"화이트 래디언스 울트라 유브이 블록커 (SPF 50+, PA+++ )"
82170849,컬러 클리어 뷰티 모이스처 시어 립스틱 - 221
82171312,에이지리스 뷰티 페이스 & 아이 세트
82171466,팬틴 풀앤씨크 샴푸550
82174032,SK-II 맨 페이셜 트리트먼트 에센스 215ml
82174757,오랄비 크로스액션 젠틀케어 5입
82178662,질레트 센서 4+1
82178714,마이크로씬 클린 3+1입
82178964,페브리즈 엑스트라 스트랭스 대용량 900ML
82181198,팬틴 트리트먼트 100MLX12 내츄럴 케어 미스트
82181338,팬틴 아틀라스 850 집중손상 컨디_트레이더스 RRP
82182039,헤드앤숄더 헤어폴클리닉 컨디셔너 550ml
82182555,오랄비 스테이지스 어린이치약 푸우 75ml*2입 (이마트)
82183209,다우니 핑크 200ML 베리베리와 바닐라크림_Oct’12
82183242,올라운더 부드러운모 4개입
82183902,페브리즈 370ml+370ml 팩 허브 향 OND'12
82184453,위스퍼 보송보송케어 울날중 2개입
82185689,페브리즈 차량용 2ML (바닐라의 달콤함)
82185954,위스퍼 피부애 슬림 향 대형 20P
82186223,다우니 블루 1L+700ml 팩 튤립과 달콤한 라일락 향_Sep'12_스
82186767,팬틴 트리트먼트 30mlX12 나이트 에스테 세럼
82187586,에스케이-투 엘엑스피 얼티미트 퍼펙팅 아이크림 0.5g(비매품)
82188551,팬틴 프리미엄 극손상케어 500*4팩
82189732,퓨전 하이드라젤 퓨어 앤 센서티브
82191368,팸퍼스 크루저 4단계 점보1/160
82191734,듀라셀 울트라 2개입 파워체크
82192033,팸퍼스 이지업 팬티형 여아 6단계 수퍼 1/60
82192146,페브리즈 900+320ML 상쾌한향 이마트팩
82193303,헤드앤숄더 애플프레쉬 850*4팩
82194570,팬틴 바운시볼륨케어 2550팩_new
82194669,헤드앤숄더 MtDew 1500팩- 포맨 헤어폴_new
82195639,마하3 센서티브 면도기 1up
82195830,브라운 면도기 765cc 프로모션 (CCR2+70s)
82196215,다우니 퍼플 2L+700ml 팩 화이트 티와 릴리 향
82200190,헤드앤숄더 BAHAMAS 2250팩- 가려운 두피
82200477,에스케이-투 스템파워 아이 크림15G
82200809,리프레쉬슈퍼롱오버나이트20개입
82201108,비너스 핑크 1회용 면도기
82201638,팸퍼스 BB 이지업 팬티형 여아 5단계 수퍼 1/72
82202083,위스퍼 소프트라이트 2 날개형 28개입
82202958,팬틴 프리미엄 500 내추럴케어 믹스드케이스
82202984,페이셜 트리트먼트 에센스 30ml 샘플
82203372,위스퍼 보송보송케어 울트라 날개 중형 36개입 (RRP)
82203385,위스퍼 리프레쉬클린케어 울날대 30> (RRP)
82203672,위스퍼 코스모 인피니티 대형 10개입
82204053,헤드앤숄더 BAHAMAS 1500팩- 포맨 헤어폴
82204604,팬틴 모발강화케어 트리트먼트 200ml
82205668,듀라셀 리튬 2032 2X6X12
82205763,싸인즈 퍼펙트 래디앙스 리퀴드 파데 420
82205772,싸인즈 퍼펙트 래디앙스 파우더 파데 310
82206501,오랄-비 크로스액션 7 베네핏 35모 3입(롯데마트)
82206511,오랄-비 프로엑스퍼트 주니어 2입(롯데마트)
82207159,오랄-비 클래식40부드러운모
82207555,듀라셀 디럭스 알카라인 AA 2팩
82207757,오랄-비 크로스액션 항균모 40S
82208162,에스케이-투 오라액티베이터 씨씨 크림 30G
82208476,에스케이-투 컬러 클리어 뷰티 파우더 파운데이션 220 (클리어 핑크)
82208632,블루2 플러스 센서티브 2S
82208722,질레트 일회용 면도기 블루투플러스 10+1
82208938,로케트 알카 AAA 2개입
82209721,스킨 시그니처 3D 리디파이닝 마스크 6P
82209744,LXP 얼티미트 퍼펙팅 세럼 10ml (비매품)
82209965,위스퍼 피부애 수퍼롱 오버나이트 10P
82209999,프로글라이드 센서티브 엑티브 스포츠 포오미 245g
82210264,브라이트닝 펄 피니셔 컴팩트
82210272,빅버프(타원형)
82210290,페이셜 트리트 클리어로션 10ml (비매품)
82210701,다우니 김치 퍼플  2L+1.8L팩 화이트티와 릴리 향
82211321,퓨전 파워 8입날 (테스코)
82211385,페브리즈 허브향 용기형 370ML
82211479,위스퍼 보송보송 시스템팩 대리점 38개입
82211880,듀라셀 디럭스 알카 AA 6+2 보너스팩 신규
82212269,시리즈젤 센서티브 스킨 200ML
82212492,에스케이-투 맨 페이셜 트리트먼트 에센스 블랙 리미티드 에디션
82212493,페이셜 트리트먼트 에센스 2ml(비매품)
82212501,페이셜 트리트먼트 리페어 씨 2ml(비매품)
82212509,맨 에이지 리바이탈라이즈 모이스처라이저 2.5g(비매품)
82212698,프로글라이드 파워 프로모션 팩 (면도기 + 면도날 13개)
82212729,SK-II x Hugo Boss 에센셜 기프트 세트 베이직
82213691,오랄비 스테이지스 치약 카즈&프린세스
82215664,비너스 핑크 수딩케어 팩
82215695,페브리즈 370ml+320ml 팩 은은한향 AMJ'14 Uniform
82215727,질레트 마하3터보 면도날8입
82216651,알엔에이 파워 에센스 30ml
82216748,스템파워 아이 크림 2.5g (비매품)
82217120,페브리즈 다우니향 리필형 320ML
82217137,페브리즈 하와이안 용기형 370ML
82217247,다우니 퍼퓸 화이트 700ml 클래식 향
82217590,에스케이-투 컬러 클리어 뷰티 케어 앤 컨트롤 크림
82218211,퓨전 프로글라이드 파워 면도기
82218440,퓨전 파워 면도기 무료 팩
82218873,프로글라이드 파워 4+1 팩 (플렉스볼)
82219091,위스퍼 피부애 10개입
82219882,다우니 핑크 1L+700ml 팩 베리베리와 바닐라크림 향
82220509,프로글라이드 파워 면도날 14입 (플렉스볼)
82221484,로케트 파워 알카 AAA 4개입
82223890,오라액티베이터 씨씨 크림(비매품)
82224368,제놉틱스 오라 에센스 0.7ml(비매품)
82227685,페브리즈 엑스트라 스트렝스 900X2 ES
82227899,팸퍼스 크루저 6단계 1/104
82228847,위스퍼 리프레쉬클린케어 울트라 날개 오버나이트14P
82230361,페이셜 트리트먼트 오일 50ml
82230376,오랄비 고탄력 초미세모 블랙티 1개입
82230839,페브리즈(MO) 900ML 대용량 허브 향
82231045,페브리즈 섬유탈취제 파워 370ml+370ml 테스코
82232763,오랄-비 크로스액션 컴플리트 7 35모 3입
82233314,질레트 퓨전 파워 면도날 4입
82234614,헤드앤숄더 Bahamas샴푸 850 애플 프레쉬
82234808,다우니 에이프릴 프레쉬향 1.53L
82236693,페브리즈 깨끗한 햇살 대용량 900ML
82237066,아티산 브러쉬 파운데이션 (유브이/라이트) 310
82238044,위스퍼 피부애 슈퍼롱 오버나이트 10P
82238650,페브리즈 차량용 2ml (상쾌한 아침)
82238841,팬틴 퀀텀 샴푸 90X48 극손상
82239722,헤드앤숄더 발리 컨디셔너 850 헤어폴 클리닉
82240580,헤드앤숄더 발리 컨디셔너 550 가려운 두피케어
82240863,페브리즈 비치형 비내리는초원 3개입 코스트코팩
82240911,다우니MQ 1L+1L 미스티크 번들팩-영문명삭제버전
82243422,마하3 센서티브 파워 1UP TESCO
82243944,페브리즈 부착형 화장실용 스타터킷 (상쾌한 하늘향) (K-Reach)
82244370,오랄비 슬림탑 잇몸케어 6입 DBD
82244616,페이셜 트리트먼트 에센스 그린 리미티드 에디션
82244737,오랄-비 크로스액션 항균모 35S
82244749,오랄비 검프로텍터 4입
82244767,오랄-비 크로스액션 35모 탁월한 세정력 3입(롯데마트)
82245577,다우니 퍼퓸 로즈골드 럭셔리피오니 2LX4
82246801,T 페이셜 트리트 젠틀 클렌져 20g (비매품)
82247395,팬틴 아이스 샤인 트라이얼 팩 6입
82247411,오랄-비 프로헬스 3D화이트 1입
82247919,오랄비스테이지스 2단계 미키 1입
82248447,페이셜 트리트먼트 에센스 330ml(슬리브)
82248590,페이셜 트리트먼트 젠틀 클렌져 6g(비매품)
82249036,팬틴 퀀텀 트리트먼트 (200X2)X12 극손상
82249247,마그네틱 아이케어 세트
82249552,오랄비 스테이지스3 6입
82249907,LXP얼티미트 퍼펙팅 아이크림15g
82250368,오랄비 고탄력 초미세모 그린티 4개입(National)
82250440,페브리즈 차량용 다우니 2mlX2 + 투고 85ml 이마트팩
82250523,알엔에이 파워 에센스 30ml
82250998,PGP 페브리즈 에어 맑은하늘바람 275g 특판용 6개입
82251054,오랄비 NEW 스테이지스 믹스드케이스 (대리점)
82251615,팬틴 프로브이 아이스 샤인 샴푸 400ml
82252482,다우니 스포츠 2L+700ml 팩 액티브 시트러스 향
82252511,콤펙트 케이스(화이트 타원형)
82252517,다우니 핑크 1L+700ml 팩 베리베리와 바닐라크림 향
82252801,스킨 퍼펙팅 파운데이션420
82252816,컬러클리어 뷰티에나멜 크림컴팩트420
82253344,페브리즈 포맨 용기형 370ml X 2 (테스코)
82253783,질레트 마하 3 면도기 1up
82256082,376 프로글라이드 매뉴얼 9+1 (이트레이더스)
82257482,페브리즈(MO) 900ML 실속형 상쾌한 향
82257994,오랄-비 검 프로텍트 40모
82258374,위스퍼 보송보송케어 울트라 날개 중형 50P
82259093,다우니 블루 700ml 레몬그라스와 달콤한 라일락 향(롯데)
82260059,엘엑스피 얼티미트 퍼펙팅 세럼 50ml
82261190,페브리즈 섬유탈취제 허브 향 900ml (Harmony)
82263334,페브리즈 900ml+900ml 팩 다우니향
82263498,팸퍼스 스와들러 센서티브 1단계 샘플 4P(4X21)
82264357,다우니 퍼퓸 쥬얼 자수정 베리 480g
82265315,헤어레시피 꿀&살구 수분 샴푸 530ml
82265384,페브리즈 차량용 2ML (라벤더의 포근함)(LEGO)
82266162,페브리즈 포맨 370mlX2+320ml 코스트코팩
82266340,페브리즈 섬유탈취제 상쾌한 향 370mlX2(Harmony)
82266698,페브리즈 에어 다우니향 275G (Kreach2)
82267052,다우니 퍼퓸 핫핑크 블룸 2L
82267169,페브리즈(MO) 320ML 리필형 은은한 향 - PGP
82268942,페브리즈 섬유탈취제 허브 향 900ml (Harmony)
82270719,오랄비전동칫솔모8입EB20-8 Blister (E-traders)
82272914,퓨전 프로쉴드 옐로우 면도날 8입
82273179,페브리즈 차량용 맑은 하늘 바람 2개입 + 다우니향 2개입_코스트코
82275692,마스터피스 피테라 아이크림15g
82276220,페브리즈 차량용 라벤더의 포근함 2ML+(2MLX2) 팩 (이마트)
82276390,LXP 얼티미트 퍼펙팅 세럼50ml
82277164,비너스 엑스트라 스무스 면도날4입
82278192,헤드앤숄더 슈프림 모이스쳐 두피 토탈솔루션 샴푸 480ML
82278878,애트모스피어 유브이 크림30g
82279291,다우니  코튼 퓨어러브 향 1L
82280228,다우니 퍼퓸 그린 보타닉 가든 향 1L (Chanel)
82281129,오랄비 초미세모 크로스액션 3입
82281483,페브리즈 섬유탈취제상쾌한 향 370ml (HarmonyKreach2)
82281897,다우니 퍼플 화이트티와 릴리 향 1LX3
82281957,위스퍼 보송보송케어 슈퍼롱 40P (E-traders)
82282375,질레트 퓨전 프로쉴드 CHIN-UP 팩
82283083,다우니 퍼퓸 헬로 스프링 1L+700mlX3 쿠팡팩
82283227,질레트 퓨전 매뉴얼 믹스드케이스
82283366,브라운 IPL BD5001 화이트 (코스트코)
82284208,오랄-비 어린이 전동칫솔D12 프로즌 콤보 코스트코 팩
82285636,팸퍼스 크루저 6단계 박스 1/72_S7
82285878,다우니 핑크 2.6L 베리베리와 바닐라크림 향 (ECOM)
82286184,페브리즈 에어 다우니향 275G (Kreach2)
82286408,페브리즈 비치형 리필 (다우니향) (Kreach2)
82286415,다우니 PGP 블루 3.8X2 레몬그라스와 달콤한 라일락 향
82286723,페브리즈(MO) 320ML 리필형 은은한 향(PGP
82287003,오랄비 스테이지스3 어벤져스 6입 이마트팩
82287004,오랄비 크로스액션 주니어 6입 프로즌/스타워즈 이마트팩
82287209,허벌에센스 볼륨 화이트 그레이프 프루트 & 모사 민트 샴푸
82288121,RNA파워 에어리 밀키 로션80g
82288526,허벌에센스 리쥬버네이트 버번 & 마누카 허니 샴푸 400ML
82288712,에스케이-투 스킨파워 아이 크림 15g
82288716,에스케이-투 스킨파워 에센스 50ml
82288865,다우니 블루 1L+1L 팩 레몬그라스와 달콤한라일락 향
82289273,다우니 퍼플 1L+1.6L 화이트티와 릴리 향 (Agri)
82289548,팸퍼스 베이비드라이 4단계 이노머스 박스 1/150
82289579,팸퍼스 베이비드라이 6단계 이노머스 박스 1/112
82292221,오랄비 베스트 컬렉션 6입 이마트 창립 팩
82292775,다우니 퍼퓸 블랙 미스티크 향 1L
82292786,다우니 퍼플 700ml 화이트티와 릴리 향
82292806,다우니 퍼퓸 샤인 향 2L
82292830,다우니 퍼플 4LX3 화이트티와 릴리 향 (홈플러스)
82294722,페브리즈 섬유탈취제 은은한 향 360ml (쿠팡)
82295639,질레트 2019 홈플러스 프로글라이드 매뉴얼 창립 팩
82295939,오랄-비 스테이지스 2단계 미키 1입
82296039,SK-II 페이셜 트리트먼트 에센스 스프링 레드 리미티드 에디션
82297216,다우니 블루 2L+700MLX2 레몬그라스와 달콤한 라일락 향 (LT)
82297273,스위퍼 더스터 먼지떨이 스타터킷 (핸들1입+청소포3입)
82297973,페브리즈 포맨 쿨아쿠아 향 360ml 3입 쿠팡 팩
82298434,다우니 퍼퓸컬렉션 스노우 화이트 1L
82298610,질레트 블루3 심플 1s
82299000,오랄비 크로스액션 화이트닝 차콜 12입(CP)
82299185,다우니 엑스퍼트1LX3 실내 건조 향 (이트레이더스)
82300038,헤드앤숄더 발리 컨디셔너 550 가려운 두피케어
82300116,페이셜 트리트먼트 클리어 로션 10ml(비매품)
82300516,질레트 히티드 레이저 스타터 키트
82301033,다우니 엑스퍼트 실내 건조 1.05L
82305369,질레트 퓨전 프로쉴드 칠 SFWIP 4입
82305437,페브리즈 포맨 쿨아쿠아향 용기형 370ML (Elixir P2)
82307641,질레트 스킨텍 1up+8ct 팩 (코스트코)
82308229,페브리즈 화장실용 퍼플6ml*2+퍼플6ml (Emart)
82308782,스위퍼 미세먼지 정전기청소포 리필 40입X4
82309492,팸퍼스 스와들러 4단계 22X4
82310477,시리즈젤 센서티브 폼 245G
82310725,다우니 퍼퓸 오션코랄퓨어러브 1.6Lx6
82311071,오랄비 프로엑스퍼트 주니어 아이언맨 2입
82311205,페이셜 트리트먼트 클리어로션230ml
82312945,오랄-비 스테이지스 3단계 2입 Cars
82313439,질레트 퓨전 하이드라젤 센서티브 70g
82313842,다우니 스프링 가든 러브 1L+1.6L 팩 (Emart)
82314435,다우니 엑스퍼트 1.6LX2 스포츠 향
82316188,다우니 퍼퓸 핫핑크 블룸 1.6L
82316523,다우니 초고농축 핑크 베리베리와 바닐라크림향 1.05LX3
82317497,다우니 세탁세제 2.8L+섬유유연제 1L 핑크 팩
82317888,다우니 프리미엄 액체형 세제 핑크 3L
82318466,페브리즈 항균플러스 깨끗한향 대용량리필 650ml
82318468,페브리즈 향균플러스 깨끗한향 대용량리필 640ml
82318930,헤드앤숄더 1950팩- 쿨멘솔
82318940,오랄-비 크로스액션 항균 6입 (쿠팡)
82319133,페브리즈 화장실용 상쾌한비누향 6ml*2+은은한라벤더향 6ml*2
82319464,헤드앤숄더 2550팩- 가려운 두피(Bali)
82321903,질레트 프로쉴드 칠 면도날 8입 (557)
82321905,질레트 프로글라이드 매뉴얼 면도기 2UP (557)
82322021,브라운 시리즈3 날과망 31B
82322494,다우니 퍼퓸 그린 보타닉 가든 향 1LX12 DBD
82322556,페브리즈 화장실용 2개입(6mlx2) 상쾌한 비누향 (Online)
82323057,비너스 올레이 슈가베리 면도기 2UP (657)
82324007,다우니 섬유유연제 퍼플 2LX2 이마트 팩
82324619,질레트 프글 매뉴얼 면도날 2입 557
82325709,브라운 8370 코스트코 팩
82326761,다우니 퍼퓸 블랙 미스티크 1L+1L (CHP)
82327915,페브리즈 차량용 2.2mlX3 맑은하늘바람
82327958,팸퍼스 베이비드라이 팬티 4단계 쿠팡팩 60P X 3
82328164,페브리즈 포맨 상쾌한허브향 보충형 320ml (Cass)
82328755,헤드앤숄더 샴푸 1200ML 가려운 두피케어
82329997,페브리즈 섬유탈취제 은은한 향 370ml
82330505,비너스 엑스트라 스무스 면도날 4입 (657)
82330799,페브리즈 항균플러스 깨끗한 향 640MLX2
82330804,페브리즈 포맨 용기형 370ml (PX)
82331019,질레트 프로글라이드 파워 면도날 10입 팩 (COUPANG)
82331024,질레트 프로쉴드 옐로우 면도날 16입 (ECOM)
82331034,질레트 퓨전 프로쉴드 칠 면도날 11입 팩
82331870,다우니 퍼플 1L+1L 팩 화이트티와 릴리
82332182,팸퍼스 아르모니 팬티형 5단계 4X20
82332581,오랄비 프로-엑스퍼트 클리니컬 프로플렉스 7입
82333052,"질레트 아이언맨팩 프로쉴드 파워 1up+2ct, 거치대 (빅)"
82333261,스위퍼 더스터 먼지떨이 스타터킷 360 X1+리필5입X3
82333329,페브리즈 섬유탈취제 다우니 에이프릴 향 360ml 3입 쿠팡 팩
82333876,다우니 프리미엄 액체형 세제 블루 3L Lotsell (av)
82333928,닌자마스 S8 핑크 4X11
82333944,오랄-비 초미세모 리필모 6입 (EB60-6)
82334021,다우니 베이스 퍼플 맥퀸 화이트티와 릴리  1L+1L 팩
82334114,질레트 퓨전 매뉴얼 면도날 4입 (557) (CP STK)
82403030,AS 프레스드 파우더 002
82405231,AS 컨디셔닝 바디 로션 테스터
82408702,AS 오일 컨트롤 페이퍼 (리필) T
82410120,AS 네일 칼라 N 005 테스터
82410236,AS 네일 아트 칼라 N 170 - 테스터
82410300,AS 네일 칼라 엔 201
82410328,AS 네일 칼라 엔 901
82410336,AS 네일 아트 칼라 N 270
82410343,AS 네일 아트 칼라 N 980
82410781,AS 딥 클렌징 오일 싸쎄
82410793,AS 코튼 N (2008) 테스터
82411503,AS 미니 루즈 601 테스터
82412339,AS 페이스 칼라 액센트 G 050 테스터
82412341,AS 페이스 칼라 액센트 G 750 테스터
82414633,AS 모이스처 리치 PF B03 T
82415864,안나수이 미니 루즈 303 T
82416847,립 루즈 티 테스터 350
82416849,립 루즈 티 테스터 850
82416912,돌체앤가바나 더 원 젠틀맨 샤워젤 50ml 샘플
82418089,AS 프로텍티브 FF 엘 P04
82420616,AS 아이 칼라 (팬 필드 테스터) 900
82420647,AS 아이 칼라 003
82420657,AS 아이 칼라 301
82421600,안나수이 아이 칼라 크레용 100 - 테스터
82422262,안나수이 립 글로스 C 001 -테스터
82422267,안나수이 립 글로스 C 303 -테스터
82422268,안나수이 립 글로스 C 304 -테스터
83046584,PRG PC FE W CNSME 8/100G JAPAN
84817676,다우니 심플플레져 라벤더향 1.23L
84850994,질레트 시리즈젤 쿨클렌징 200ml
84852695,오랄비 음파전동칫솔 S26
84854377,팸퍼스 이지업 팬티형 여아 6단계 메가 3/33
84953604,프링글스오리지날50G
80227141,D16 핑크
80230638,팸퍼스 BB 크루저 4단계 1/152
80249305,PC7000 화이트
80263455, 다우니 페브릭 데오도라이저 블루 375g
80289220,오랄비 PRO500 3D화이트
80297336,오랄비 구강세정기 MD 20
80337894,오랄-비 D16 플럼핑크
80344522,557 프로쉴드옐로우 매뉴얼 1up FWIP
80358186,오랄-비 어린이용 전동칫솔 스타워즈 D12K
80371863,오랄비 EB60X화이트 리필모 2입
80374480,질레트랩스 B&G 블랙핸들
80679912,팬틴 콜라겐 미라클 트리트먼트220ml
80684319,오랄-비 전동칫솔 Pro500 크로스액션 (+여행용케이스)
80685006,JF22 CNY Tiger 공병
80686223,CNY 리미티드 에디션 에센셜 케어 세트(JF22)
80690390,스위퍼 더스터 먼지떨이 리필 10입x4
80690630,신라 면세점 단독 기프트 셀렉션 세트 2021
80690941,다우니 생화향기 컬렉션 와일드 라벤더 리필 2.6Lx4
80693699,질레트 일회용 면도기 블루투플러스 10+1
80693881,다우니 생화향기 컬렉션 코튼 퓨어 러브1.05x12
80693884,다우니 생화향기 컬렉션 스프링 가든 러브1.05x12
80693945,다우니 베이스 퍼플 맥퀸 화이트티와 릴리  1.6L
80697757,헤드앤숄더 쿨멘솔 샴푸 550ml 레거시
80698694,질레트 스킨텍 파워 면도날 4입 (557)
80707593,헤드앤숄더 발리 샴푸 850ML 가려운 두피케어 (DBD)
80708303,질레트 퓨전 프글 센서티브 면도젤_4입
80709544,다우니 생화향기 컬렉션 프리지아 앤 페어 리필 2.6Lx4
80709751,비너스 올레이 슈가베리 면도기 2UP (657)
80711632,질레트 프로글라이드 폼 245G 3입 + 질레트 하이드라 젤 70G
80712151,페브리즈 화장실용 1개입(6ml) 상쾌한 비누향 (Lotsell)
80714602,팸퍼스 베이비드라이 팬티 4단계 쿠팡팩 60P X 3
80714607,팸퍼스 베이비드라이 팬티 5단계(특대형) 36X4
80715983,(FWIP) 557.1 프로쉴드 칠 2ct 
80716411,페브리즈 섬유탈취제 포맨 쿨아쿠아 향 360ml 3입
80718459,헤드앤숄더 가려운 두피케어 샴푸 750ML (OY)
80718627,다우니 생화향기 컬렉션 프리지아 앤 페어 1.05LX3
80719120,브라운 시리즈 9 면도기 9580cc BLACK
80720699,팬틴 프로-브이 극손상케어 샴푸 500ml
80720701,팬틴 프로-브이 실키 스무드 케어 샴푸 500ml
80723065,질레트 스킨텍 파워 1up+3ct 팩
80724041,오랄비스테이지스3단계2입 프로즌II
80724043,오랄비 프로엑스퍼트 프로즌II 2입
80725961,질레트 프로글라이드 파워 12BBGR+프로글라이드 폼(홈플러스 추석팩)
80725996,오랄비 전동칫솔 D103 크로스액션 블랙
80726591,팸퍼스 2023아르모니 에어차차 팬티 체험팩 5단계 (8X30)
80726763,다우니 생화향기 컬렉션 핫핑크 블룸 1.05LX3
80729885,페브리즈 섬유탈취제 상쾌한향 보충용 320ml
80730698,오랄비 클릭 민트 키트(핸들1개+리필1개)+멀티베네핏 리필모 2개
80733162,팬틴 콜라겐 극손상케어 트리트먼트 220mlX3 + 샴푸 90ml 세트
80735074,오랄비 크로스액션 플라그 가드 35모 4입
80737235,스킨파워 어드밴스드 에어리 듀오 세트
80741143,LXP 얼티미트 퍼펙팅 크림 50g
80742362,팸퍼스 2023터치 오브 네이처 팬티 체험팩5단계(8x30)
80742378,팸퍼스 4.0 통잠팬티 4단계 30 X 4
80748183,페브리즈 섬유탈취제 다우니 실내건조 프레시클린 향 370ml 3입
80763474,다우니 실내건조 플러스 (그린)  4LX2 R1
80763658,헤숄 두피 앤 헤어 테라피 샴푸 1200ml
80763662,헤숄 가려운 두피 컨디셔닝 린스 850ml
80763675,헤숄 샴푸 쿨 멘솔 1200ml
80763798,다우니 섬유유연제 삶음 탈취 4L R2
80765991,헤숄 샴푸 가려운 두피 케어 500ml (OY)
80767809,질레트 프로글라이드 파워 면도날 12입 (이트레이더스)
80770356,질레트 퓨전 파워 면도기 기1+날1
80772390,팸퍼스 2024 터치오브네이처 썸머팬티 5단계  38x3
80772899,질레트 스킨텍 매뉴얼 면도기 기1+날1
80778198,SK-II SPX LXP에센스 150ml
80779923,다우니 미스티크 1LX12 M1
80785244,오랄비 치간 칫솔 10개입 이너케이스
80787158,페브리즈 에어 다우니 향 165g
80788966,오랄비 EB18RX화이트 리필 2입
80799058,페브리즈 섬유탈취제 미스티크370mlX3ET
80807860,팸퍼스 2025 낮밤패키지 체험팩 4단계
80811857,다우니 세제 블루 2LX6 J1
80816635,질레트 프글 파워 기1+날8 이
80818377,제놉틱스 인피니트오라 에센스 30ml
80822880,2025팸퍼스100일하트박스3종 샘플팩(8X3)X4
80823702,오랄-비 비니 어린이 칫솔 10개입
80832694,다우니 세탁세제 퍼펙트클린 2.9Lx4 J2
80833698,페브리즈 향균플러스 깨끗한향 320ml 리필
80839411,오랄-비 민트향 왁스 치실 50m 6개입
80840738,(557.1 ) 질레트 스킨텍 면도날 16입 (ECOM)
80841660,다우니 실내건조 플로럴블로썸 1.35Lx10 H1
80841880,제놉틱스 인피니트오라 젤 크림 50ml
80844859,다우니 화이트머스크 2.6Lx6 M3
80848825,스킨파워 리-뉴 크림 듀오 세트
80854871,팸퍼스 2025 엔젤브리즈 팬티형 기저귀 6단계 (36X3)
80863031,오랄비 깊은세정 어드밴티지 5웨이 클린 3개입 + DC5 2입
80864066,헤드앤숄더 두피 토탈 솔루션 두피 트리트먼트 딥클린 850ml
80864074,헤드앤숄더 두피 토탈 솔루션 샴푸 딥클린 1.2L
80868093,오랄비 부드러운세정 엑스퍼트9000 6입
80872658,(T)질레트 프로쉴드 옐로우 12입
80875718,질레트랩스 핸들 + 면도날 2입 + 행어
80903044,프링글스매콤한맛미디엄184G
80903763,프링글스오리지날225G
80974446,프링글스펑키소이미디엄184G*14
80979754,프링글스매콤한맛스몰50G*12
80997910,프링글스양파맛스몰50G*12
81010406,안나수이 씨크릿 위시 EDT 75ML
81019210,AS 아이 칼라 액센트 700
81042408,프링글스 독일풍 소시지맛 (소시지향 함유)
81127131,SB 150ML 패네트레이트 마스
81138863,BT 150ML 리지스트 폼에멀젼
81150596,SP 1.5 1000 에너지 샴푸
81153752,SP 50ml 볼류마이즈 에멀젼
81153792,SP 30ML 클리어스캘프 마스크
81157482,휴고 엘리먼트 애프터 쉐이브 밤 50ML 샘플
81164296,소프트터치6/74엔
81164340,KP 10/2 엔
81164377,KP 6/44 엔
81164402,웰록손퍼펙트 3%
81165056,소프트터치6/03엔
81183787,구찌 길티 뿌르 옴므 오 드 뚜왈렛 90ml
81192168,BT 200ML 엑스트라리치 무스컨디셔너
81229929,SP 1L 볼류마이즈 샴푸
81230041,KP 77/75 로즈브라운
81254475,브라운 시리즈3 면도기망 31B
81259232,브라운 면도기 380-3
81269905,피카소 쇼핑백
81271051,WC 150ml발란스 트리트 포 센서티브 스칼프
81286025,WC 165만원 package
81304893,브라운 시리즈 3 면도기 350CC-4 Blue
81307741,리치 염색보
81347479,신데렐라 100만원 팩키지
81408551,동안 두피 매뉴얼
81540333,브라운 시리즈7 면도기 799-7WD B3CM
81615081,브라운 Waterflex2_Blue(005)
81634625,퓨전5 프로글라이드 매뉴얼 면도날 6입
81634673,퓨전5 프로쉴드 면도날 6입
81665492,브라운 시리즈9 날과망 92M
81726691,브라운 세정액 CCR 5+1
81747494,브라운 시리즈 8 면도기 8450cc BLACK
81747595,브라운 시리즈 9 면도기 9419s GOLD
81747643,브라운 시리즈 9 면도기 9476cc PC CHROME
81778495,브라운 시리즈 9 면도기 9486cc CHROME
81780847,"브라운 시리즈 8,9 면도기용 파워 케이스"
82002529,SK2 FT에센스150ML
82002586,헤드앤숄더RELAX티트리컨디375ML
82006803,페브리즈(900+320ML)프로모션팩-녹차 향
82010382,페브리즈 플러스 대용량 900ml
82010787,아쿠아 피직스 50G
82012212,OLAY SBAR 100GM 1SX48 (B7-U)
82013121,WHISPER SLIM WING LONG 16*12 AUS
82013865,위스퍼NEW 날개중형36*24
82015463,헤드앤숄더 1420팩-딥클린
82015464,헤드앤숄더 1420팩-쿨멘솔
82026123,비달사순 1950팩-살롱모이스춰
82028337,팬틴시스템샴푸손상400ML 1*12
82029503,헤드앤숄더 1795팩-쿨멘솔
82030059,헤드앤숄더 1650팩-딥클린
82033496,위스퍼울트라롱BLT 20*12
82037986,페브리즈(MO) 900ML 대용량 허브 향
82038955,WHISPER SAPD RLN 19Sx24 BLT CDU IW+ (TW)
82038958,WHISPER SAPD LN 18SX24 BLT CDU IW+ (TW)
82039128,SK2 TRMT ESNC LIP 551C
82039137,SK2 ADV WHITENING LIQ FND 43
82039278,NEW큐티중형40S*4
82040883,큐티골드대형40S*4
82041270,큐티수퍼프리미엄대형60S*4
82041334,WHISPER PAD 26SX12 S01 CCR WITH STICKER
82041620,위스퍼슬림커브대형10*30
82043001,모이스춰라이징 워터1*12
82043025,SK2 ADV WHITENING PAN-CAK 31 BC
82043220,SK2리페어C파우더FND 21
82043443,WHISPER ST1-E/C SLIM EXTRA LONG 28*12 B
82043698,팬틴샴푸일반1000ML (BC96)
82044487,위벌크팬티소프트업코튼모카M
82044688,팬틴린스손상960ML1*6
82047002,팬틴린스비듬375ML*12
82047035,위스퍼울트라후레쉬날대16*24
82047856,SK2트리트먼트에센스립551C*1
82048301,SK-II FACE CRM 2.5G-JAR 10P TRT UV SP
82048850,큐티중형샘플2*50
82049244,팬틴샘플모이스춰케어10ML3*100
82050618,비달익사이팅웨이브샴푸1000ML
82053170,팬틴프로모션팩1200ML볼륨
82055154,WHISPER REG (32+4)SX24 S01 BONUS PACK
82055968,CUTIE DPR LG 60SX4 GOLD TEMPORARY BOX
82056429,위스퍼그린시스템팩(40+18+40)
82057587,비달스타일스트레이트린스200
82057932,VS STRT 2960팩 APR 03
82058129,페브리즈10L리필업소용
82058735,WHISPER REG 32SX24 NEO SLIM S01 AWCG SQ
82059338,팬틴선물세트6호
82059661,위스퍼후레쉬라이너향20X24
82059727,PAMPERS DPR MD 80SX4 SPR03 TP PDC ICON
82061886,위스퍼후레쉬라이너향번들팩
82063470,큐티드림골드용아기목도리
82065017,팬틴모이스춰케어샴푸550
82065142,큐티드림골드대형80머천다이징-롯데마트용
82066337,위스퍼그린날개중형18개입
82066351,팬틴2700팩모이스춰
82067235,SK-II F.C 트리트먼트 블러셔 UV SK-2N
82067351,위스퍼후레쉬라이너40P번들팩
82067962,팬틴1500팩집중손상
82068145,위스퍼오버나이트+중형이마트프로모션팩
82068736,팬틴1900팩볼륨
82068905,팬틴 2960팩-모이스춰
82069496,PAMPERS DPR NB 58SX6 TAPE F04 JMB
82070841,큐티토이박스6월 2004
82072976,팬틴 750 샴푸-모이스춰
82074544,에어터치 FND OC-1(리필)
82074856,팬틴 2700팩-볼륨
82075918,웰라 트리트먼트칼라 내츄럴 5
82075992,헤드앤숄더 1740팩-딥
82076689,헤드앤숄더 컨디 레몬그라스 570ML
82077279,M-1 큐티 편안한 아기 CP 중형 104P
82077363,페브리즈(투명) 320ML 리필형 플러스
82077471,비달사순 1320팩-프로페셔널스타일
82077898,비달사순 모이스춰워터 교체형 대용량 리필
82078092,팬틴 트레블팩-집중손상
82080014,팬틴 1500팩_코스트코-모이스춰
82080069,코스트코 엑스트라케어 6/074 번들팩
82081649,비달 모이스춰 스무드 왁스 60G
82081765,헤드앤숄더 2880팩-레몬그라스
82082459,페브리즈 210ML  카 사이즈 (한국어)
82082609,위스퍼 소프트클린 시스템 롯데마트팩
82082658,헤드앤숄더 2490팩-레몬그라스
82082975,팬틴 1500팩-밀키 모이스춰
82083178,팬틴 1100팩-엑스트라 스트레이트
82083617,팬틴 집중손상케어 샴푸 1000ML_SW
82083843,헤드앤숄더 컨디 레몬그라스 570ML_SW
82085323,위스퍼 소프트클린 울트라 실속 기획팩
82085430,싸인즈 트랜스폼 FND 320 클리어 오크
82087833,위스퍼 소프트클린 테스코전용 특별기획팩
82088825,어드밴스드 화이트닝 소스 리퀴드 FND 320
82089531,어드밴스드 화이트닝 소스 팬케익 330
82089533,어드밴스드 화이트닝 소스 팬케익 440
82089566,팬틴바운시볼륨샴푸550ML
82089954,싸인즈 너리싱 크림
82093054,WB 퍼펙트케어 리퀴드헤어 100ml (DBD)
82094291,프링글스 2+1 보너스팩 -A
82094521,위스퍼 그린 트윈윙 울날중 32개입
82094808,팬틴 2550팩-바운시볼륨
82095853,비달사순 컬러케어 샴푸 850ML
82095912,헤드앤숄더실키모이스춰컨디200ML
82096473,헤드앤숄더 2270팩- 딥클린
82096498,헤드앤숄더 1250팩-딥클린
82096908,페브리즈 베이스 항균 프로모션팩-상쾌한향
82096981,에어터치 FND OB-4(트라이얼)
82099390,비달사순 2550 DM 팩-컬러케어
82099841,페브리즈(MO) 370ML 용기형 상쾌한 향
82102177,헤드앤숄더 딥클린 570 컨디 슈링크
82102794,화이트 소스 트랜스폼 FND 320
82102931,헤드앤숄더 1795팩-내추럴허브
82103652,팬틴 선물세트 5호
82105793,SGNS퍼펙트래디앙스 PWDFND320
82105906,SK-II 컴팩트 파우더 레드
82106652,위스퍼 ML 트윈윙 이마트전용 TEMP 96P
82107456,집중 손상 케어 샴푸 100 (스티커)
82109853,위스퍼 GR 40P번들팩
82110313,팬틴집중손상케어샴푸850ML
82110329,팬틴EXTRA스트레이트컨디850ML
82110707,팬틴EXTRA스트레이트 트리트200ML
82110748,팬틴 트리트먼트 100ml
82110768,팬틴 인텐시브케어 삼푸 200ML 프로모
82111020,스킨시그니처 크림인 파운데이션 440
82111486,위스퍼 팬티라이너 클린라이너 무향 36*2P
82111703,위스퍼 소프트클린 S 이마트 100p
82111933,위스퍼 칼라드 코어 ML 2P 샘플
82112943,SK2 FT에센스75ML
82113531,웰라_인텐시브_3B_추석한정할인팩
82115352,페브리즈 (370+320) 팩 은은한향
82115720,팬틴 2450팩-바운시볼륨
82116681,팬틴 밀키 모이스춰 컨디 200_프로모
82116712,어드밴스드WS팬케익EX 310
82117074,위스퍼 팬티라이너 클린라이너 향취 36P
82117561,페이셜트리트먼트에센스 250ML
82117750,팬틴 워터 스프레이 200ML
82117759,헤드앤숄더 센서티브알로에 컨디 570ML
82117826,헤드앤숄더 헤어 폴 클리닉 컨디 850ML
82118050,팬틴 프리즈디펜스 샴푸280
82118359,비달사순 소프트 웨이브 무스
82118934,위스퍼 그린 세이프티존 울날중 18p+2
82121505,탐팩스 코스트코전용 레귤러팩
82121931,팬틴 트리플 비타민 수분팩 150g
82123323,헤드앤숄더 코스트코 1700팩- 쿨 멘솔
82123827,20주년 기념 대리점용 PAD
82124018,위스퍼 세이프티존 이마트 슈퍼롱 365팩
82124089,프링글스 양파맛 110G 파이오니어
82124320,SK-II 셀루미네이션 에센스-인 FND 320 클리어 오크
82124723,페브리즈 (370*2) 팩 상쾌한향
82125756,팬틴컨디850실키스무드IR
82126568,헤드앤숄더 쿨멘솔 컨디 850ML
82128974,헤드앤숄더 컨디414 건조한 두피 케어
82129160,헤드앤숄더 컨디850헤어 폴 클리닉
82129164,헤드앤숄더 컨디850 가려운 두피 케어
82131470,프링글스 코스트코 6팩 (파이오니어 110g - Jan. '10)
82131549,위스퍼후레쉬라이너향 40p*3번들
82131615,페브리즈 비치형 리필 (바닐라라벤더의포근함)
82131618,페브리즈 비치형 리필 (맑은하늘바람)   
82131627,JFM'10페브리즈 370ML+320ML팩 허브향
82131810,팬틴샴푸90모발강화IR
82131999,헤드앤숄더 샴푸400겸용 샴푸
82132715,팬틴 오버나이트 모이스춰 세럼
82133636,어드벤티지 AMB 4 + 어드벤티지 4WAY
82134741,오랄비 크로스액션 프로엑스퍼트 항균모 35
82137929,듀라셀 알카 AA 2개입 스몰카드
82138062,토탈이펙트 7 인 1 안티에이징 세럼
82138169,오랄비D12KIDS 기획팩
82138200,싸인즈 너리싱 크림 30g
82138685,다우니 블루 1L 튤립과 달콤한 라일락 향
82138741,헤드앤숄더 로터스 2250팩- 헤어 폴 클리닉
82138919,다우니 블루 200ML 튤립과 달콤한 라일락 향
82139012,페브리즈 비치형 리필 (바람속의꽃향기)
82139132,화이트 래디언스  리스토어링 로션
82139272,아쿠아액션 딥 하이드레이션 듀
82140707,팬틴 바운시볼륨케어 2200팩
82140809,탐팩스 펄 수퍼 18P
82140843,프링글스 미니캔 2 팩(오리지날+양파맛) - AUG'10
82142330,헤드앤숄더 로터스 950팩- 가려운 두피
82142841,위스퍼 보송보송케어 122개입
82143160,프링글스 비비큐110GX12
82143880,팬틴 모근강화케어 1900팩
82144246,오랄비구강세정기OC20(치과전용)
82144704,모이스처라이징 클렌저 120g
82145024,페브리즈 비치형 스타터킷 (비내린초원) STK
82145545,페이셜 트리트먼트 마스크 6p
82147076,화이트 래디언스 수딩 화이트닝 스트레치 마스크
82147507,프링글스 110G 4팩_오리지날 (구성점)
82150826,듀라셀 울트라 AAA 4개입 파워체크
82150828,듀라셀 울트라 AAA 2개입 파워체크
82152077,팬틴 모발 강화 트리트먼트 샴푸 850ML
82152404,싸인즈 퍼펙트 래디언스 PWD FND 105
82153018,위스퍼 슈퍼롱 오버나이트 40개입
82153699,링클 스페셜리스트 25g
82154714,팬틴 삼푸 500 내추럴 케어 슈링크
82155009,오랄비 전동칫솔모 EB20-4
82155134,팬틴 선물세트 T3호
82155234,프링글스 양파110GX12
82155239,페브리즈 차량용 2ml (상큼한 라임 오렌지)
82155577,오랄비 프로-엑스퍼트 클리니컬 프로플렉스 3입 (전거래처-이마트제외)
82157379,FT 젠틀 클렌져 6G 샘플
82157590,위스퍼 보송보송케어 시스템 90개입
82157923,팬틴 트리트먼트 150ml 트리플 영양 팩
82158254,듀라셀 울트라 파워체크 AAA 18팩
82158631,페브리즈 허브향 용기형 370M 올림픽
82159913,팬틴컨디500집중손상STK
82160551,스템파워 크림 컴팩트 파운데이션 420
82162844,팬틴 샴푸 1200MLX9 토탈 모이스쳐 케어
82163876,　로케트 알카 AAA 16팩 RBU 팩
82164265,다우니 에이프릴프레쉬향 3.96L/155Load
82164318,토탈이펙트 7 인 1 안티에이징 크림 플러스 터치 오브 파운데이션 (SP
82164963,아이보리 10바
82166858,마하3 파워 8입날
82167967,듀라셀 울트라 AAA 12팩
82171806,퓨전 파워 프라이드 면도기 (올림픽)
82173185,인디케이터 미세모
82173443,질레트 프로글라이드 파워 면도날8입
82173660,헤드앤숄더 로터스 2550팩- 건조한 두피
82174428,위스퍼 리프레쉬클린케어 중형50RRP
82176592,헤드앤숄더 MtDew 2550샴푸팩- 쿨 멘솔
82176770,마하3 터보 4입날
82176865,헤드앤숄더 MtDew 1950팩- 애플 프레쉬
82176941,스템파워 크림 컴팩트 파운데이션 420
82178638,퓨전 프로글라이드 클리어 쉐이빙 젤
82179035,셀루미네이션 에센스 인 파운데이션 310
82179127,에스케이- 투 컬러 클리어 뷰티 모이스처 립스틱 -432
82179329,팬틴 집중수분케어 2550팩
82179528,팬틴 아쿠아 퓨어 트리트먼트 194ml
82179541,페브리즈에어(바람속의꽃향기) B&B
82179798,페브리즈 에어 태국의 열대과일 향기 275G
82180240,팬틴 극손상케어 1500팩
82181164,다우니 블루 4L 튤립과 달콤한 라일락 향_PGP
82181337,팬틴 아틀라스 850 집중손상 샴푸_트레이더스 RRP
82181425,마하3 파워 면도기
82181613,SK-II 맨 유브이 프로텍트 모이쳐라이져 50g
82181973,페브리즈 비치형 뉴질랜드 리필 5.5ML
82182021,헤드앤숄더 헤어폴클리닉 샴푸 850ml
82182045,헤드앤숄더 007 딥클린 샴푸 400ml
82182116,페이셜 트리트먼트 클렌징 오일 34ml TRI 샘플
82182128,WS 덤 리바이벌 프로그램 6p
82184631,헤드앤숄더 샴푸 1200MLX9 아이스 프레쉬_마운틴듀
82184788,오랄비 스테이지스 치약 (푸우)
82186231,다우니 베리베리와 바닐라크림 향 2LT_스티커
82187593,550 CCR 프로모션 팩
82189469,듀라셀 울트라 9V 1개입_RRP
82189572,듀라셀 디럭스 알카 AA 2개입_Tesco
82189740,퓨전 프로글라이드 젤 쿨링200ML
82190577,에스케이-투 싸인즈 너리싱 크림 50G
82191215,헤드앤숄더 Bahamas 샴푸 850 애플프레쉬
82192024,팸퍼스 이지업 팬티형 남아 4단계 수퍼 1/80
82192039,팸퍼스 베이비드라이 5단계 메가팩
82192188,오랄-비 크로스액션 젠틀케어 35모
82192618,위스퍼 보송보송케어 울날중 90P
82195518,위스퍼 피부애 팬티라이너 기분이좋아지는향 36개입
82195722,팬틴 2000팩 집중수분
82196203,질레트 퓨전 매뉴얼 12+1 팩 (롯데 VIC 마켓)
82196712,퓨전 프로글라이드 파워 면도기 AMJ'13
82199514,GEM 액티브핏 3단계 1X136 GB
82200890,볼드 리퀴드 750GX12 레귤러 리필
82201011,위스퍼 보송보송 시스템팩 DBD 38P
82201118,퓨전파워 면도날 4개입
82201227,위스퍼 핑크세스 중형 50pX8
82201343,위스퍼 피부애 울트라  날개중형 30P
82201483,팸퍼스 BB 크루저 4단계 1/152
82201509,팸퍼스 BB 이지업 팬티형 남아 5단계 수퍼 1/72
82204654,팬틴 모발강화케어 트리트먼트 200ml
82204871,페브리즈 차량용 2MLX6 (태국의 열대과일)_TESCO
82205191,헤드앤숄더BAHAMAS 쿨 멘솔 샴푸 850
82205675,프로글라이드 매뉴얼 BBGR_TESCO
82205903,페이셜 트리트먼트 젠틀 클렌징크림 100g
82205976,에스케이-투 화이트닝 파워 스팟 스페셜리스트50ml
82206445,퓨전 시리즈젤 센서티브 TESCO
82206778,다우니MQ 1L+1L 이노센스 번들팩-영문명삭제버전
82207451,팬틴 프로브이 아이스 샤인 트리트먼트 200ml
82207704,듀라셀 디럭스 알카 AA 16팩
82207748,오랄-비 크로스액션 7베네핏 35모
82207760,클리니컬 프로엑스퍼트
82208200,페브리즈 부착형 화장실용 스타터킷 (상쾌한 하늘향)
82210033,팬틴 집중손상케어 컨디셔너 500
82210263,셀루미네이션 팬케이크 컴팩트(화이트)
82210445,듀라셀 리튬코인2032 X 2팩
82210775,파워 스팟 화이트닝 키트
82211319,퓨전 매뉴얼 8입날 (테스코)
82211932,듀라셀 충전지 AAA 750mah 4개입
82214291,프로글라이드 파워 9+1 BBGR (TESCO)
82215690,페브리즈 (900+320) 팩 상쾌한향 AMJ'14 - Uniform
82215794,오랄비 트라이존 500
82217403,페브리즈 (900+320) 팩 은은한향 JAS'14 - Sundry
82218576,컬러 클리어 뷰티 에나멜 크림 컴팩트320
82218712,에스케이-투 피테라 에센스 세트 레드 플라워 리미티드 에디션
82219544,페브리즈 차량용 프리미엄 플라워 멜로디 스타터킷 7ml
82219863,오랄-비 치실 글라이드 딥클린 40m
82221481,로케트 파워 알카 AA 6+2개입
82221607,페브리즈 900ml+900ml 팩 다우니향
82222099,마하3 8입 면도기 무료 팩_이마트
82222354,팬틴 딥리페어 트리트먼트 에센스 100ML
82223045,프로글라이드 매뉴얼 2up
82223133,듀라셀 울트라 AAA 8개입_Tesco
82223579,페브리즈 차량용 창립기념 3팩 다우니
82224069,페이셜 트리트먼트 에센스 2ml(비매품)
82224366,제놉틱스 오라 에센스 75ml
82224466,듀라셀 울트라 AAA 12입_이마트DR
82224520,제놉틱스 스팟 에센스 75ml
82225038,에스케이-투 셀루미네이션 데이서지 유브이 2g(비매품)
82227405,다우니 퍼퓸 그린 보타닉가든 200MLX24
82228640,알엔에이 파워 에센스 50ml
82229197,T 싸인즈 퍼펙트 래디앙스 파우더 파데 버프
82229247,T LXP 얼티미트 퍼펙팅 크림 2.5g 샘플
82229415,싸인즈 퍼펙트 래디앙스 파우더 파데 컴팩트(레드)
82229770,위스퍼 리프레쉬케어 울날중 72P
82229772,팸퍼스 크루저 6단계 1/104
82230336,다우니 퍼퓸 핑크 2.7L 이노센스 향
82232146,페브리즈 다우니 아로마쥬얼 자수정 바닐라향 용기형 370ML
82232636,오랄비 고탄력 초미세모 클래식 케어 4입
82232796,오랄비 어드벤티지4웨이 후레쉬 3+1입
82232804,오랄-비 펄사 35모 2입
82233273,질레트 일회용 면도기 DR5 - Sauna channel NEW
82234296,T LXP 얼티미트 퍼펙팅 세럼 50ml
82234613,헤드앤숄더 Bahamas샴푸 850 가려운두피케어
82234803,컬러 클리어 뷰티 에나멜 레이디언트 크림 컴팩트 (비매품)
82235202,위스퍼 팬티라이너 클린 향 36개입
82235544,다우니 김치 핑크 1L+1L 팩 베리베리와 바닐라크림 향
82237045,미드-나이트 미라클 에센스 50ML
82238491,페이셜 트리트먼트 클렌징 젤 2.5g(비매품)
82238565,아티산 브러쉬 파운데이션 440 (모이스트)
82238691,페브리즈 370ml+320ml 팩 상쾌한향(PP)
82240767,오랄비 스테이지스 치약 어벤져스
82241495,오랄비 고탄력 초극세모 블랙티 4개입
82241697,위스퍼 보송보송 울트라날개 대형 32P X 2(이마트)
82241856,T 에스케이-투 오라액티베이터 씨씨 크림(비매품)
82242100,T 셀루미네이션 리퀴드 FND 330
82242121,T 싸인즈 퍼펙트 래디언스 LIQ FND 310
82242686,팬틴 QT 트리트먼트 200 엑스트라볼륨
82242695,T페이셜 트리트먼트 리페어C 30ml
82242733,T 덤 데피니션 UV 로션 30g
82243513,오랄-비 인디케이터항균 40모
82243561,트래블 익스클루시브 – 윙스 오브 체인지 세트
82245030,위스퍼 리프레쉬케어 울날대 32px2 (이마트)
82245597,다우니 핑크 700ml 베리베리와 바닐라크림 향(롯데)
82247351,페이셜 트리트먼트 에센스230ml
82247496,페이셜 트리트먼트 마스크10p
82248541,알엔에이 파워 아이크림 15g
82250266,위스퍼 보송보송 104P (이트레이더스)
82250364,오랄비 고탄력 초미세모 블랙티 4개입(테스코)
82250415,오랄비 크로스액션 탁월한 세정력 3+2입
82251355,페브리즈 370ml+320ml 팩 상쾌한향(PP)
82251746,마스터피스 피테라 아이크림 15g
82252098,오랄비 치실 글라이드 딥 클린 40m 6입 (코스트코)
82252301,마스터피스 피테라 에센스150ml
82252463,오랄비 크로스액션 TAJ Lite 4입(Emart)
82252553,제놉틱스 오라 에센스 50ml 듀오 세트
82253020,오랄-비 스테이지스 3단계 어벤져스 2입(이마트)
82253374,컬러 클리어 뷰티 파우더 파데420
82253383,브라이트닝 펄 피니셔 컴팩트
82253430,센서 엑셀 5입
82253620,퓨전 프로쉴드 옐로우 면도날 14입
82255595,페브리즈 차량용 프리미엄 플라워 멜로디 리필 7ml (LEGO)
82255671,페브리즈 차량용 2ML (맑은하늘바람) (LEGO)
82255910,LXP 얼티미트 퍼펙팅 아이크림 15g
82255942,페이셜 트리트먼트 에센스 포 맨 230ml
82256059,브라이트닝 펄 피니셔 컴팩트
82256157,위스퍼 보송보송케어 대형 보너스팩 32P+16P
82257312,오랄비스테이지스 1단계
82257494,페브리즈 엑스트라 스트랭스 대용량 900ML
82259702,센서3 일회용 스포츠 4팩
82261416,위스퍼 보송보송케어 슈퍼롱 30P (이트레이더스)
82261624,다우니 퍼플 1.6L 화이트티와 릴리 향
82263521,피테라 에센스 230ml 데스티니I
82263799,위스퍼 코스모 울트라 날개 대형 2개입 (E-comm)
82264380,오랄비 크로스액션 TAJ Lite 1입
82265248,페브리즈 차량용 2ml (상쾌한 아침)(LEGO)
82265253,페브리즈 차량용 2ML (상큼한 라임 오렌지)(LEGO)
82265323,팬틴 3분 미라클 앰퓰 트리트먼트 (15GX5)
82265386,페브리즈 차량용 2ML (상큼한 라임 오렌지)(LEGO)
82265425,페브리즈 차량용 2개입(2mlX2) (다우니향기)(LEGO)
82265681,오랄-비 스테이지스 1단계 2입(홈플러스RRP)
82267194,오랄비 스테이지스2 6입 쿠팡팩
82268703,페이셜트리트먼트에센스리미티드230ml
82268747,오랄-비 스테이지스 2단계 행사팩 JAS17
82268860,페브리즈 370mlX2 팩 상쾌한 향 (쿠팡)
82269361,헤드앤숄더 BALI 1500팩- 쿨블라스트
82271455,퓨전 하이드라 젤 울트라 프로텍션 195g
82272015,페브리즈 섬유탈취제 상쾌한향 370ml+320mlX2 (이마트)
82272260,RNA파워 에어리 밀키 로션80g
82272263,RNA파워 에어리 밀키 로션15g
82272374,오랄비 스테이지스3 카즈 8입 (코스트코)
82273822,페브리즈 차량용 2ml (아늑한 숲속향) (CT)
82275359,스킨시그니처 3D리디파이닝 마스크6p
82276402,싸인즈퍼펙트 래디언스 리퀴드파데310
82276533,화이트닝소스 덤 리바이벌 마스크10p
82278471,페브리즈 에어 바닐라 라벤더의 포근함 4개입 코스트코팩(K-reach2)
82278811,다우니 퍼플 1L+1L+(200mlX2) 화이트티와릴리향(Olympic)
82279163,질레트일회용면도기24개입
82281378,팬틴 프로브이 아쿠아 퓨어 트리트먼트 200ml
82281777,다우니 PGP 블루 3.8X3 레몬그라스와 달콤한 라일락 향
82283462,다우니 핑크 2L+700MLX2 베리베리와 바닐라크림 향 (롯데마트)
82283467,페브리즈 포맨 용기형 370ml
82286715,페브리즈(MO) 370ML 용기형 은은한 향(PGP)
82286722,페브리즈 370mlX2 팩 다우니 향(쿠팡)(KREACH)
82287247,25G 샘플키트
82287528,다우니 오션코랄 퓨어러브 2L+1.6L 팩(홈플러스)
82288339,오랄비 일렉트로마트 크로스액션2입 초미세모4입 팩
82288495,롯데마트 질레트 프로글라이드 추석팩
82288527,허벌에센스 리쥬버네이트 버번 & 마누카 허니 컨디셔너 400ML
82288751,다우니 퍼퓸 그린 보타닉가든1LX3 (쿠팡)
82288829,팬틴 극손상케어 트리트먼트 쿠팡팩
82289181,페브리즈 포맨 쿨아쿠아향 보충형 320ml
82289709,질레트 프로글라이드 파워 8+1 쇼미더머니 에디션
82289970,오랄비 초미세모 크로스액션 7입 (코스트코)
82291359,다우니 블랙 4LX4 미스티크 향 리넨케어_PGP (EXP)
82291726,질레트 퓨전 프로글라이드 파워 면도날 16입팩 (COUPANG)
82292219,브라운 시리즈7 7865CC+CCR+70S 코스트코 팩
82292239,오랄-비 초미세모 벨벳 잇몸케어 3입
82292282,페브리즈 섬유탈취제 허브향370ml (Elixir)
82293246,스킨파워 에센스 50ml 듀오세트
82293375,다우니 퍼플 2L+1.6L 홈플러스 팩
82295103,팸퍼스 스와들러 6단계 16X4
82296173,오랄-비 초미세모 벨벳 5입+그린티 2입 팩 (홈플러스)
82296366,페브리즈 섬유탈취제 스포츠 후레시 라임향 370mlX3입 (Costco)
82296479,질레트퓨전프로글라이드센서티브2in1액티브스포츠쉐이빙폼245g3입 + 타월
82296999,페브리즈 에어 맑은하늘바람 275G
82297237,다우니 퍼플 화이트티와 릴리 향 1LX3+200ML
82297972,페브리즈 섬유탈취제 다우니 에이프릴 향 360ml 3입 쿠팡 팩
82298085,팸퍼스 크루저 6단계 박스 1/72_S7
82298116,팸퍼스 스와들러 2단계 29X4
82299180,다우니 퍼퓸 블랙 미스티크 1LX3+200ML (쿠팡)
82299228,페이셜 트리트먼트 에센스330ml
82300103,맨 페이셜 트리트먼트 에센스 160ML
82300763,다우니 오션코랄 퓨어러브 1L+1L 팩 (Poly)
82301122,셀루미네이션 데이서지 UV50g
82302093,팸퍼스 크루저 5단계 박스 1/90_S7
82303498,질레트 마하3터보 면도날8입
82305446,팸퍼스 베이비드라이 4단계 이노머스 박스 1/150
82305500,(샘플) 팸퍼스 스와들러 밴드 1단계 10P
82308139,헤드앤숄더 가려운 두피케어 샴푸 200ML
82308338,오랄비 컴플리트 5웨이 클린 40모 7개입 (VIC)
82309204,다우니 퍼퓸 쥬얼 자수정 베리 480g
82309498,팸퍼스 스와들러 5단계 19X4
82309734,헤드앤숄더 1950팩- 애플 프레쉬(Bali)
82309745,헤드앤숄더 발리 샴푸 850ML 쿨멘솔 (DBD)
82309987,다우니 프리미엄 액체형 세제 실내건조 1L
82310692,다우니 스프링 가든 러브 1.6L
82312338,질레트 스킨텍 매뉴얼 1up+7ct 팩
82312690,질레트 마하3 클래식 4 입 날 (LT)
82313198,프로글라이드 매뉴얼 면도날 4입 (PX)
82313475,팸퍼스 베이비드라이 5단계 이노머스 1/132_QR
82313747,허벌에센스 클린 화이트 스트로베리 & 스윗 민트 컨디셔너
82314114,팸퍼스 베이비드라이 5단계 이노머스 박스 1/132
82314453,다우니 퍼퓸 핫핑크 블룸 1LX12 DBD
82314598,오랄비 프로-엑스퍼트 클리니컬 프로플렉스 6입
82315110,오랄비 어드벤티지5웨이 후레쉬 3입 + 크로스액션 탁월한 세정력 2
82315235,페브리즈 포맨 상쾌한허브향 용기형 370mlX3입 (E-traders)
82315384,오랄-비 크로스액션® 리필모 6개입
82315447,다우니 프리미엄 액체형 세제 블루 2.7L (2.7L STK)
82316199,다우니 퍼퓸 그린 보타닉 가든 향 1L
82316225,다우니 퍼퓸 샤인 1.05x3 CHP (구버전)
82316230,다우니 퍼퓸 샤인 향 1.6L
82316661,퓨전 프로글라이드 매뉴얼 면도날 10입 (ECOM)
82318716,페브리즈 차량용 2.2ML (다우니향기)
82318732,페브리즈 차량용 2.2ML (라벤더의 포근함)
82318735,페브리즈 차량용 2.2ML (맑은하늘바람)
82319096,페브리즈 섬유탈취제 은은한 향 360ml 3입
82321181,오랄-비 어린이용 리필모 카즈 2입 (EB10-2)
82321898,질레트 프로글라이드 매뉴얼 면도날 8입 (557)
82321912,질레트 스킨텍 파워 면도날 4입 (557)
82321917,질레트 스킨텍 매뉴얼 면도날 8입 (557)
82322499,다우니 퍼퓸 블랙 미스티크 향 1.6L (PX) (구버전)
82322959,다우니 PGP 핑크 3.8X2 베리베리와 바닐라
82323716,시리즈 젤 모이스쳐라이징 200ml
82324822,오랄비 프로-엑스퍼트 클리니컬 프로플렉스 6입
82326476,질레트 스킨텍 매뉴얼 1up+7ct 팩 (플렉스볼)
82326734,비너스 컴포트 글라이드 화이트티 4입날
82327466,페브리즈 에어 맑은하늘바람 275g
82327894,페브리즈 향균플러스 무향 대용량리필 640ml
82327904,페브리즈 차량용 산뜻한 허브향 2.2ml
82328024,오라 케어 에센셜 컬렉션 세트
82328115,페브리즈 화장실용 1개입(6ml) 상큼한 레몬향 (Lotsell)
82328329,페브리즈 섬유탈취제 내추리스 민트 앤 주니퍼베리향 용기형 370ml
82328806,다우니 엑스퍼트 항균파워 플러스 2.6LX4
82329125,페이셜 트리트먼트 클리어 로션 30ml(비매품)
82330009,페브리즈 섬유탈취제 포맨 쿨 아쿠아향 용기형 370ml
82331029,질레트 프로글라이드 파워 면도날 10입 (ECOM)
82331864,질레트 퓨전 프로글라이드 센서티브 면도젤_4입 (코스트코)
82331873,다우니 엑스퍼트 1L+1L 팩 실내 건조 향
82332772,SK2 FTE 230ML CNY22
82333293,질레트 프로쉴드 옐로우 면도날 6입 + 질레트 하이드라 젤 70g
82333341,페브리즈 섬유탈취제 상쾌한 향 900mlX2 팩
82333391,페브리즈 370ml+320ml 팩 산뜻한향
82333446,오랄-비 크로스액션 초소형헤드 6입 (쿠팡)
82333452,오랄-비 크로스액션® 컴플리트7 6개입
82334022,다우니 베이스 핑크 맥퀸 베리베리와 바닐라크림 1L+1L 팩
82334052,다우니 블루 레몬그라스와 달콤한 라일락 향 1.05Lx3
82404569,AS 수이 립 글로스 400
82404626,AS 수이 립 글로스 002 테스터
82407069,AS 미니 루즈 700 테스터
82407842,AS 모이스처 트리트먼트 젤 테스터
82408136,AS 뷰티 미러 엠
82410293,AS 네일 칼라 N 003
82410335,AS 네일 아트 칼라 N 170
82410787,AS 포밍 모이스쳐 와시테스터
82412627,안나수이 락 미 투 BL 200ML
82412725,AS 수퍼 블랙 VU 마스카라 001
82414622,AS 모이스처 리치 FF B00 테스터
82414624,AS 모이스처 리치 FF B02 테스터
82414717,AS 모이스처 리치 FF B02 싸쎄
82420535,AS 아이 칼라 듀오 05 - 테스터
82420574,AS 네일 칼라 N 108 - 테스터
82420648,AS 아이 칼라 004
82420669,AS 아이 칼라 901
82420709,안나수이 뷰티 박스 - 테스터
82421636,안나수이 아이 칼라 크레용 100
82421645,안나수이 네일 칼라 N 109
82422337,안나수이 립 글로스 C 200
83020595,프링글스오리지날미니50G 1*12
83037194,폼실크내추럴스프레이1*12
83042138,프링글스피자맛스몰50G*12
83066233,프링글스마일드미니56G 1*12
84852885,비너스 임브레이스 4입
84865156,팸퍼스 크루저 6단계 점보 1/112
84957541,프링글스양파맛50G
84968509,팬틴 오버나이트 모이스춰 세럼 50ML
84978558,다우니 에이프럴 후레쉬 리필 1.53L
80256085,오랄-비 크로스액션 리필모 EB50-2
80257723,팸퍼스 크루저 5단계 1/132
80281990,오랄-비 D12 바이탈리티 화이트 (PRO)
80301491,오랄비 GENIUS 9000 블랙 (V3)
80301689,오랄비 Pro 500 미세모
80333363,오랄비 어린이칫솔모EB10-2 Cars
80343505,557 프로쉴드 옐로우 1ct FWIP
80343963,557 프로글라이드 매뉴얼 3ct FWIP
80354278,오랄-비 전동칫솔 Genius9000 블랙
80372556,오랄-비 전동칫솔 iO5 콰이어트 화이트
80684981,질레트 히티드레이저 부가티에디션 XL키트
80690175,오랄-비 전동칫솔 D12 바이탈리티 기획팩 (클럽)
80690918,다우니 생화향기 컬렉션  블랙 미스티크 1.05LX3
80690937,다우니 생화향기 컬렉션 와일드 라벤더1Lx12
80692511,다우니 엑스퍼트 센서티브 1LX3 2차
80694644,다우니 퍼퓸 미스티크 1.05x3 BCP (구버전)
80697705,페브리즈 포맨 시트러스앤우드향 보충형 320ML
80697764,헤드앤숄더 샴푸 850 딥클린 레거시
80698288,오랄비 고탄력 초미세모 잇몸전문 케어 4입(National)
80702256,페브리즈비치형 실내용 2개입 (7MLX2) 화이트티앤릴리
80703712,다우니 베이스 퍼플 화이트티와 릴리 1LX12 DBD (2022형)
80706031,다우니 생화향기 컬렉션  블랙 미스티크 1.05LX3
80706972,질레트 프로쉴드 옐로우 면도날 16입+면도기 거치대 (빅)
80708701,헤드앤숄더 발리 샴푸 850ML 딥클린 (DBD)
80709551,질레트랩스 딥클렌징바 5UP TIN
80709664,오랄비 IConX 코랄 1입
80710232,피테라 에센스 230ml 디럭스 듀오 세트
80710729,다우니 엑스퍼트 실내 건조 2LX2 이트레이더스 (TOMFORD)
80714220,다우니 엑스퍼트 실내 건조 오메가 (그린) 2L+1.6L+200MLX8
80715198,페브리즈 에어 맑하바 4개입 CC
80715209,질레트 스킨텍 파워 면도날 8입 (557)(CP stk)
80717950,질레트 퓨전 파워 면도날 4입 (557) (CP STK)
80717957,질레트 퓨전 매뉴얼 면도날 4입 (557) (CP STK)
80720981,다우니 엑스퍼트 실내건조 프레시 클린 (그린) 1.35LX6 Lotsel
80724059,신라 면세점 단독 기프트 셀렉션 세트 2024
80725195,다우니 퍼플 화이트티(700mLX8)x1 F1
80726594,팸퍼스 아르모니 에어차차 썸머팬티 5단계 38X2
80729900,페브리즈 섬유탈취제 라벤더 리필 320ml
80734089,오랄비 키즈 리필모 스파이더맨 2입
80739347,베스트셀러 트라이얼 키트
80742186,다우니 실내건조 플러스 (그린) 1.35LX6
80746788,브라운 시리즈 6 면도기 62-B7000cc BLUE
80748040,브라운 시리즈 5 날망 54B
80748971,오랄비 프로엑스퍼트 프로즌 2입
80754285,팸퍼스 2024 베이비드라이 팬티 6단계 쿠팡팩 44P X 3
80754549,오랄-비 <아이언맨> 스테이지스 3단계 8개입
80756272,페브리즈 섬유탈취제 은은한 향 900mlX2 팩
80763794,다우니 삶음탈취 플러스 2L
80767989,오랄비 어드벤티지5웨이 3입+탁세2
80770182,팸퍼스 2023아르모니 밴드형 2단계 3X48
80774143,다우니 세제 엑스트라 프레쉬 2.7LX4
80774846,페브리즈 섬유탈취제 미스티크 리필 320ml
80779909,다우니 코튼 퓨어 러브 1.05LX3 M1
80781216,팸퍼스 2024 아르모니 터치오브네이처 4단계 48X3
80786395,질레트랩스 면도날 10입
80788990,오랄-비 프로 엑스퍼트 크로스액션 화이트 리필모 6입 (EB50RX 6)
80793501,팬틴 극손상 케어 샴푸 1200ml
80794407,페브리즈 섬유탈취제 실내건조 370ml
80794410,페브리즈 섬유탈취제 다우니 370mlX3
80796538,질레트 프글 울트라 면도기 기1+날2
80796957,오랄비 Pro1듀얼(블랙&화이트/코코)
80797697,SK-II SPX LXP아트 오브 킨츄기 컬렉션 세트
80809374,브라운 시리즈 9 면도기 9669cc GOLD
80811418,다우니 미스티크 200ml M1
80811864,다우니 세제 2X 딥클린 2.7LX4
80812512,다우니 핑크 목련과 베리 1.05Lx3 P3
80817221,오랄비 스마트7000+EB20RX-2
80817356,제놉틱스 스팟 에센스 30ML
80826680,헤숄 컨디셔닝 린스 딥클린 850ml
80828639,(557.1 ) 질레트 퓨전 파워 면도날 4입
80831270,다우니 실내건조 플러스 (핑크) 1.35LX6 P2
80831273,다우니 블루레몬그라스와라일락1.6LX6 P2
80832697,다우니 세탁세제 퍼펙트클린 1.8Lx6 J2
80832702,다우니 세제 실내건조 1.4Lx10 J2
80833220,페브리즈 에어 다우니 향 165g
80834005,다우니 퍼퓸 쥬얼 루비 피오니 480g v3
80835680,팬틴 케라틴 노워시 트리트먼트140mL
80837437,팬틴 노워시 트리트먼트 극손상 140mlx2 코스트코
80840582,(557.1 ) 질레트 프로쉴드 옐로우 (기1+날12) (CP)
80842233,다우니 실내건조 플로럴블로썸 4.1Lx4 H1
80843946,질레트 랩스 손흥민 3.0 에디션 (1up+젤)
80845340,다우니 미스티크2LX2 M2
80845465,제놉틱스 스팟 에센스 30ML
80850520,질레트 프글 매뉴얼 면도기 기1+날2 PX
80856907,헤드앤숄더 두피 토탈 솔루션 트리트먼트 가려운 두피 케어 1.8L
80858800,인피니트오라 케어 에센셜 컬렉션 세트
80862841,헤드앤숄더 프로페셔널 오일컨트롤 샴푸 2개입 번들팩 (80ml 증정 기획
80863028,오랄비 깊은세정 고탄력 초미세모 틈새 케어 4입
80872657,(T)질레트 프쉴 면도날 옐로우8입+칠3입
80872935,오랄비 부드러운세정 아이콘엑스 3개입
80873033,헤드앤숄더 두피 토탈 솔루션 가려운두피케어 트리트먼트 1110mL
80873346,(T)질레트 프쉴 파워 기1+날7
80875727,질레트랩스 화이트핸들+면도날5입+케이스
80883967,다우니 화이트머스크 200mlx48 D2
80903051,프링글스매콤한맛50G
80978564,프링글스크리스피카레50G*12
81010124,구찌 엔비 EDT 100 T
81010401,안나수이 돌리 걸 EDT 75ML
81017104,AS 핸드 앤 네일 크림
81017204,AS 아이 라이너 브러쉬
81017279,AS 핸드 앤 네일 크림 테스터
81141777,디앤지 06 LAMOUREUX EDT 5 MINI
81141781,디앤지 11 라포흐스 오 드 뚜왈렛 5ml 미니어처
81153694,SP 125ml 하이드로피니쉬 에센스
81153747,SP 150ml 볼류마이즈 컨디셔너
81153761,SP 200ml 볼류마이즈 마스크
81153799,SP 400ML 클리어스캘프 마스크
81153874,SP 125ml 샤인디파인 컨디셔너
81164399,KP 6/45 엔
81164435,KP 4/07 엔
81164495,KP 5/07 엔
81183423,구찌 길티 팜므 오 드 뚜왈렛 30ML
81187201,보스 오렌지 맨 애프터 쉐이브 로션 60ML
81187982,구찌 바이 구찌 휴대용 스프레이 오 드 퍼퓸 60ML 테스터
81189099,BT 150ML밸런스센시티브마스크
81193772,피카소 컬러세이브 샴푸 펌프
81216427,핀치롤러(낱개재고용)
81229923,SP 30ML 볼류마이즈 샴푸
81230040,KP 77/74 오렌지브라운
81259228,브라운 면도기 330-3
81260789,브라운 믹서 MX2000 R
81271085,WC150ml서비스 칼라 스테인 리무버
81271090,WC 1000ml엔리치 모이스쳐라이징 샴푸
81286012,SB 130 패키지 판촉물
81286018,버레스크 100 사셰 세트
81307407,리치쿠션
81332803,2011 썸머 고객가운
81340962,웰라 케어 스타일링 통합가격표
81387000,쉐이프잇/엑스트라(S-BOM)
81395040,팸퍼스 GEM액티브핏 4단계 플러스 1X140 이커머스
81495963,브라운 시리즈9 9050 CC _LSD
81576251,브라운 Waterflex2_Blue(LSD)
81644860,브라운 시리즈 3 면도기 3050CC
81726694,브라운 시리즈 3 날망 31B
81747653,브라운 시리즈 9 면도기 9477cc PC SILVER
82002554,헤드앤숄더 딥클린 샴푸 570ML
82002569,헤드앤숄더 딥클린샴푸 200ML
82002770,헤드앤숄더 770팩-릴랙스 티트리
82004167,화이트닝 소스 인텐시브 마스크 10P
82004920,비달샴푸웨이브600 1X12
82006207,팬틴 1535 선물세트팩 2호-집중손상
82007245,어드밴스드 화이트닝 소스 팬케익 320
82007247,어드밴스드 화이트닝 소스 팬케익 420
82009945,집안 먼지 제거용 페브리즈 (용기)
82010207,위스퍼 소프트클린 일반 중형 42개입
82011047,프링글스　오리지날1X14
82011603,비달　트리트먼트200G 1*12
82015441,페브리즈 에어 비치형 프레쉬 블루 130G 본
82015722,팬틴 2150팩-밀키모이스춰
82024333,VS HSTY 150ML 1SX6X2 NTRL/HOLD BC75
82024413,비달사순　젤스프레이150ML 1*12
82033470,위스퍼슬림커브대10*30
82033473,위스퍼슬림날개중10*48
82035116,팬틴 1500선물세트 6호
82037454,팬틴비듬클리닉400ML 1*12
82037460,비달사순샴푸비듬575ML1*6
82038948,WHISPER SAPD RLN 38SX24 BLT CDU IW+ (HK)
82039121,SK2 TRMT ESNC LIP 251C
82039279,NEW큐티증형48S*4
82039283,NEW큐티대형40S*4
82040239,위스퍼 소프트클린 슬림 날개 대형 10P
82041148,페브리즈에어비치형리필팩(블루+핑크)
82041272,큐티수퍼프리미엄중형40S*4
82041470,페브리즈플러스실속팩1*10
82041591,SK2밀레니엄세트
82042789,SGNS퍼펙트래디앙스 LIQFND440
82042856,SGNS퍼펙트래디앙스 LIQFND105
82043223,SK2리페어C파우더FND 33
82043733,비달사순샴푸웨이브1000ML
82043765,비달사순트리트먼트200ML 1*12
82044064,COMPACT FOR SK2 PRESSED POWDER(BC)
82044570,올데이즈팬티라이너울트라40S*24
82044584,비달린스960ML1Sx6 STRT
82044982,SK2싸인즈트리트먼트
82045333,SK2 ADV WHT팬케이크33
82045356,팬틴바겐세일손상3S*6
82045406,팬틴컨디셔너샘플 4*200
82045507,위)코디여행용70/150
82045854,PANTENE COND 375MLX12 VOL-DOWN BC27
82045881,PANTENE COND 960MLX6 UP (BC27)
82045979,프링글스피크닉팩184G*5*4
82046288,위스퍼울후날개오버나이트14*24
82046364,ALLDAYS PNTL REG 40SX24 RPW 76734 LE
82046563,팬틴960ML린스프로팩일반
82046891,팬틴비듬린스375ML1*12
82046948,비달린스스트레이트400ML*12
82047095,위스퍼그린UWR34*24
82047279,페브리즈400ML업소용1*15
82047841,위스퍼울트라날개소32*24
82048851,큐티대형샘플2*50
82049646,SK-II FACE MASK WHITENING SAC SP
82050421,큐티드림골드샘플중형20+대형30
82050466,비달익사이팅스트레이트린스500ML
82051346,팬틴볼륨케어샴푸1000ML
82052108,SK-II페이셜트리트먼트에센스215ML
82052162,PAMPERS DPR MD (96+4)SX3 FALL02 BONUS PK
82053293,팬틴추석선물세트1호-B
82053999,팬틴모이스쳐1000ML A타입
82054206,페브리즈셀프트레이믹스케어
82054339,팬틴볼륨1000ML B타입
82054587,SK-II FACE MASK 10P WHITENING N
82055491,위스퍼UF날중(40+6)X24
82055978,CUTIE DPR LG 36SX4 TEMPORARY BOX
82056991,SK-II페이셜리프트이멀전
82057555,비달스타일스트레이트샴푸1000
82057592,비달스타일웨이브린스960
82057699,팬틴볼륨케어샴푸200ML
82057953,크레스트스탠드2단단면
82059337,팬틴선물세트1호
82059813,프링글스썸머펀팩2-오리지날
82060948,위스퍼그린3일반중형40P
82061126,코스코팬틴집중손상샴푸1000
82063532,VS스타일리쉬웨이브컨디셔닝린스500
82063663,조이500ML번들팩프로모션
82063737,위스퍼울트라후레쉬날개중형18P
82065053,팬틴볼륨케어샴푸1000
82065144,큐티 드림골드 L100 FALL03 TESCO
82065467,팬틴500ml집중손상케어린스
82065678,코디락앤락하이싱글
82065917,큐티드림골드대형 80S*4 SPRING04
82066401,조이번들팩프로모션 270MLX3X12 FEB04
82066776,헤드앤숄더샴푸맨솔 40ml
82066954,위스퍼소프트클린날개중형32개입번들팩
82066975,위스퍼소프트클린날개중형32개입
82067375,SK-II 더블유 소스 브라이트 리퀴드 OP-1
82068384,팬틴2760팩코스트코용볼륨
82070089,이지스페셜50미터10롤
82074218,팬틴 2500팩-집중손상
82074554,에어터치 FND OP-1(트라이얼)
82074585,에어터치 FND OB-2(리필)BC
82075748,팬틴 1800팩 어워드-모이스춰
82076206,위스퍼 소프트클린 3단계 실속 시스템팩
82076690,헤드앤숄더 컨디 레몬그라스960ML
82076753,코스트코 웰라톤 4B  번들팩
82076786,위스퍼 그린 프로모션팩 -T-GR
82076836,위스퍼 시스템 샘플 3개입
82077412,팬틴 집중손상케어 샴푸 550ML
82077420,비달사순 소프트 웨이브 무스 150G
82078479,팬틴 엑스트라 스트레이트 컨디 750ML
82078766,비달사순 모이스춰 워터 200ML
82079106,에스케이투브라이트닝펄피니셔컴팩트(정품)
82079264,SK-II 화이트닝 소스 클리어 로션 미니어처
82080197,헤드앤숄더 코스트코 1335팩-멘솔
82080342,페브리즈 실속형카팩프로모션팩 플러스(AS'
82081390,팬틴 엑스트라 스트레이트 린스 샘플 10ML
82081515,팬틴 트리플 집중 영양팩 185G
82082596,위스퍼 파우더샤워 특별기획팩-T-ML
82082776,크리미 체다치즈 맛
82083177,팬틴 1100팩-집중손상
82083610,팬틴 밀키 모이스춰 케어 컨디 960ML_SW
82083626,페브리즈 녹차 370ml 용기형
82083669,페브리즈 녹차 900ml 실속형
82085324,위스퍼 소프트클린 대형 알뜰 기획팩
82085428,싸인즈 트랜스폼 FND 220 클리어 핑크
82085463,싸인즈 트랜스폼 FND 105 스노우 스킨
82086903,비달사순 트리트먼트 100g-프로페셔널
82086916,비달사순 컬러케어 컨디셔너 550ML
82087185,헤드앤숄더샴푸 멘솔 400ML
82087999,헤드앤숄더실키모이컨디850ML
82088002,헤드앤숄더프레쉬레몬컨디850ML
82088416,비달사순 스타일링 DBD 믹스드
82088890,위스퍼 그린 울트라 날개 중형 32P
82092208,비달사순 컬러케어 트리트먼트 180G
82092236,비달사순 컬러케어 컨디셔너 550ML
82093007,웰라폼헤어로션 250 (DBD)
82093013,WB 스프레이젤 150 (DBD)
82093016,웰라톤트리트먼트칼라내츄럴 5N (DBD)
82093067,WB 퍼펙트케어 수퍼 리퀴드 헤어 150ml DBD
82095047,팬틴EXTRA스트레이트샴푸200ML
82095134,아쿠아 피직스 세럼 미니샘플 4.5ML
82095138,큐티 물티슈 24매
82095987,팬틴 950 샴푸팩 - 바운시볼륨
82096196,헤드앤숄더RELAX티트리샴푸850ML
82096421,팬틴 950팩-집중손상
82096747,페브리즈 베이스+에어 프로모션팩-녹차향
82097214,팬틴 선물세트형 1호 -밀키+엑스트라
82097459,위스퍼 수퍼롱오버나이트 1P 샘플
82099802,헤드앤숄더 1920팩-겸용
82099843,페브리즈(MO) 320ML 리필형 상쾌한 향
82099920,팬틴 1900팩-밀키모이스춰
82099968,비달사순 살롱 모이스춰 트리트먼트 180g
82100002,팬틴바운시볼륨트리트먼트 200ML
82100062,웰라트리트먼트칼라내츄럴 5
82100064,웰라트리트먼트칼라내츄럴7N
82100357,위스퍼 센서티브 16+2p free
82100761,페브리즈 에어 팩275GX2- 오렌지 빛 햇살
82101790,비달사순 2250 팩-컬러 케어
82102193,헤드앤숄더 겸용 850 스티커
82102874,비달사순 컨디셔닝 린스 190ML
82103886,다우니 에이프릴 프레쉬향 3.06L
82103915,헤드앤숄더 실키모이스쳐 믹스드 케이스
82103954,페이셜트리트먼트 UV 프로텍션
82105792,SGNS퍼펙트래디앙스 PWDFND310
82106634,팬틴 2250팩-실키스무드
82107100,헤드앤숄더 헤어폴 클리닉 샴푸 400ML
82107584,팬틴 3400팩-바운시볼륨
82108264,위스퍼 소프트 클린 2P 샘플
82110612,헤드앤숄더 레몬 850 샴푸 슈링크
82110989,스킨시그니처 트라이얼샘플 15G
82111019,스킨시그니처 크림인 파운데이션 420
82111693,위스퍼 소프트클린 세이프티존 84p
82111701,위스퍼 그린 S 이마트 64p
82112104,팬틴 헤어타임리뉴얼 샴푸280
82113047,탐팩스 펄 수퍼 18P
82113144,위스퍼 슈퍼롱 S 이마트 365
82113906,허벌 에센스 엔젤 스무드 컨디셔너
82116502,SK-II 셀루미네이션 에센스-인 FND 320 클리어 오크
82116684,팬틴 인텐시브케어 삼푸 200ML 프로모
82117261,HE데인저러슬리 실키앤스트레이트컨디
82117762,헤드앤숄더 레몬그라스 컨디 570ML
82118386,다우니 심플플레져 수연&자스민향1.23LX6
82118515,SGNS퍼펙트래디앙스 LIQFND440
82119264,헤드&숄더 쿨멘솔 샴푸 550ML
82119606,싸인즈 링클 세럼 50G
82119944,스킨시그니처 크림인 파운데이션 105
82120362,AMJ'09 페브리즈 370ML+320ML 팩 은은한 향
82122417,HE 데인저러슬리 실키 앤 스트레이트 샴푸
82123324,헤드앤숄더 코스트코 1700팩- 센서티브 알
82123403,2010 설 이마트4호
82124086,프링글스 바베큐맛 110G 파이오니어
82124159,프레쉬 레몬그라스 850 린스
82124166,센서티브 알로에 코스트코 850 린스
82124334,페이셜 트리트먼트 젠틀 클렌저 20G
82125891,SGNS퍼펙트래디앙스 LIQFND420
82126201,팬틴샴푸500집중수분케어IR
82126551,헤드앤숄더 쿨멘솔 샴푸 550ML
82128983,헤어 폴 클리닉 코스트코 850 린스
82129158,헤드앤숄더 컨디850프레쉬 레몬그라스
82130769,SKII 피테라 세트
82131349,위스퍼 슈퍼롱 오버나이트 10개입 SH
82131498,클리니케어 풀앤씨크 800ML 팩
82131554,팬틴 풀앤씨크 트리트먼트 150
82131685,비너스 핑크 수딩케어 팩
82132916,헤드앤숄더 코스트코 1700린스팩- 쿨 멘솔
82133765,프링글스 파이오니어110G 4팩-오리지날 (APRIL. '10)
82133808,APR'10 페브리즈 370ML+320ML  JOBBER PACK
82133821,오랄비 어드플러스 4입 + 어드123 2입 35모
82134342,헤드두피마사지크림185
82135025,페이셜 트리트먼트 에센스 30ml 샘플
82135295,페이셜 리프트 이멀젼 100g
82137887,듀라셀 알카 9V 1개입
82138177,조이병 260ML
82139126,아쿠아액션 롱-라스팅 하이드레이션 젤
82140192,듀라셀 디럭스 AA 40입_코스트코
82140677,스테이지스3 카즈 / 프린세스 6입 코스트코
82140832,팬틴 모근강화케어 1350팩
82140931,어드밴 4웨이 프레쉬 이마트 기획팩
82141147,페브리즈(MO) 320ML 리필형 상쾌한 향
82141151,페브리즈 엑스트라 스트랭스 보충형 320ML
82142326,헤드앤숄더 로터스 1950팩- 건조한 두피
82142786,마하3 터보 센서티브 8입날
82143012,위스퍼 슈퍼롱 오버나이트 10개입 SH
82143073,헤드앤숄더 로터스 1950팩-가려운 두피OB
82143327,페이셜 트리트먼트 에센스 포 맨 75ml
82143985,팬틴컨디 850 집중수분케어_IR_슬리브
82144230,오랄비전동칫솔모2입EB17-2ES
82144243,오랄비 음파전동칫솔 S26팩 치과전용
82144706,모이스처라이징 클렌저 20g
82144768,스킨 리부스터 75g
82145025,스킨시그니처 크림 인 FND 440
82145363,팬틴 아이리스 집중수분케어 트리트먼트 번들팩_코스트코
82146386,팬틴 헤어타임리뉴얼 컨디셔너 240
82146417,팬틴 프리즈디펜스 트리트먼트 150
82146424,팬틴 헤어타임리뉴얼 원워시트리트먼트 150
82146852,셀루미네이션 리퀴드 FND 440
82147070,화이트 래디언스 프로텍티브 크림 (SPF20 PA++)
82147644,비너스 새틴케어 센서티브 젤 200ML
82148158,싸인즈 퍼펙트 래디언스 PWD FND 105
82148608,헤드앤숄더 스완 특별 1950팩- 겸용
82148959,마하3 매뉴얼 12입날_롯데마트
82148993,셀루미네이션 에센스 인 FND 420
82149911,페이셜 트리트먼트 콘센트레이트 30g
82150230,질레트 마하3 헤라클레스 면도기 1UP_SLEEVE
82151987,오랄비충전식전동칫솔 D27.526.4X
82152099,팬틴 컨디 500 극손상케어
82152320,싸인즈 퍼펙트 래디언스 LIQ FND 320
82152811,페브리즈 다우니향 대용량 900ml
82156047,스킨 시그니처 크림 세트
82156123,스팟스페셜리스트 콘센트레이트 0.5G
82157583,위스퍼 보송보송케어 트라이얼팩 60개입
82157955,오랄비스테이지스 3단계 카즈
82158737,LXP 얼티미트 퍼펙팅 에센스 30ML 트라이얼
82159470,다우니 핑크 2LT베리베리와 바닐라크림 향_런치 베네핏 스티커
82159558,듀라셀 디럭스 AA 4+ 2팩 홀리데이 버전
82159561,듀라셀 울트라 AAA 4+2팩 CM 버전
82160578,스템파워 크림 컴팩트 파운데이션 440
82163038,퓨전 프로글라이드 매뉴얼 8입날 + 면도기 무료증정
82164089,화이트 래디언스 포밍 클렌저
82164313,토탈이펙트 7 인 1 안티에이징 아이 세럼
82164697,페브리즈 비치형 하와이 스타터킷 5.5ML 온팩
82165044,오랄비 스테이지스 치약 (카즈+프린세스)
82165283,듀라셀 울트라 AA 12팩 올림픽 버전
82165416,오랄비 마이크로씬 클린/클래식 믹스 케이스
82165443,프링글스 치즈맛 110G X 12
82165833,오랄비전동칫솔 D29.525.4X
82166611,헤드앤숄더 컨디850헤어 폴 클리닉
82167973,듀라셀 울트라 AAA 24개입 파워체크
82168828,오랄-비 왁스 치실
82171452,위스퍼 팬티라이너 허브 40개입*2 RRP
82173224,스템파워 크림 컴팩트 파운데이션 320
82173662,헤드앤숄더 MMS 2114팩- 헤어 폴 클리닉
82174425,위스퍼 보송보송 케어 울트라 날개형 중형-씨 36개포장 x 2개입
82174760,위스퍼 리프레쉬클린 케어 중형 30개입
82176939,스템파워 크림 컴팩트 파운데이션 330
82180149,팬틴 모발강화케어 1000팩
82181610,LXP 얼티미트 퍼펙팅 에센스 10ML 미니
82181912,다우니 블루 1L+1L 팩 튤립과 달콤한 라일락 향_Sep'12
82181975,페브리즈 비치형 하와이 스타터킷 5.5ML
82182131,셀루미네이션 마스크인로션 100ml
82183687,프로글라이드 매뉴얼 면도기 1up + 4입날 + 하이드라젤 70g 무료증
82184113,헤드앤숄더 가려운 두피케어 컨디셔너 850ml
82184641,헤드앤숄더 가려운 두피케어 컨디셔너 850ml
82185014,다우니 퍼퓸 핑크 700ml 이노센스 향
82185210,헤드앤숄더 쿨멘솔 컨디셔너 550ml
82186224,다우니 퍼플 1L+700ml 팩 화이트티와 릴리 향_Sep'12_스티커
82186253,다우니 베리베리와 바닐라크림 향 700ml_스티커
82186888,팬틴 극 손상 케어 인텐시브 트리트먼트 프로그램
82187994,페브리즈 엑스트라 스트랭스 대용량 900ML
82189656,듀라셀 디럭스 알카라인 AA 2팩
82190554,에스케이-투 스템파워 리치 크림 50G
82191187,헤드앤숄더 Bahamas 컨디셔너 550 애플프레쉬
82191372,팸퍼스 크루저 6단계 점보 1/112
82191951,팸퍼스 스와들러 2단계 수퍼 1/80
82192029,팸퍼스 이지업 팬티형 여아 5단계 수퍼 1/72
82193245,페브리즈 차량용 벨트스트립 2ml*6 (Tesco)
82193373,헤드앤숄더 가려운두피케어 850*4팩
82193977,오랄-비 크로스액션 35모
82194580,팬틴 아틀라스 집중수분케어 1000팩_new
82195298,위스퍼 피부애 슬림 무향 중형 32P
82196359,팸퍼스 크루저 3단계 점보1/186
82196483,팸퍼스 베이비드라이 4단계 이코노미 박스1/192
82200069,페이셜 트리트먼트 에센스 75ml 키트 레드
82200267,시리즈젤 쿨 클렌징 200ML
82201287,팬틴 실키스무드케어 샴푸 500
82201353,질레트 일회용 면도기 블루투플러스 1개입
82201520,팸퍼스 BB 베이비드라이 4단계 이코노미 박스1/180
82201529,팸퍼스 BB 베이비드라이 5단계 메가팩2/44
82201748,트라이존 3000
82201814,페브리즈 에어 다우니 3개입
82202093,위스퍼 리프레쉬클린케어 울날소 32>
82202111,위스퍼 리프레쉬클린케어 울날대 18p
82204652,팬틴 모발강화케어 트리트먼트 200ml
82204866,페브리즈 차량용 2MLX6 (뉴질랜드 계곡)_TESCO
82204875,페브리즈 (900+320) 팩 은은한향 OND'13
82205060,다우니 퍼퓸 블랙 200ml 미스티크 향
82205063,다우니 퍼플  200ML화이트티와 릴리 향_Oc>
82205071,다우니 핑크 2LT 베리베리와 바닐라크림 향_Oct’12
82205208,위스퍼 피부애 대리점 40개입
82205395,다우니 김치 퍼플 1L+1L 팩 화이트티와 릴리 향
82205674,퓨전 매뉴얼 BBGR _TESCO
82205768,셀루미네이션 리퀴드 파운데이션 330
82206446,비너스 임브레이스 면도날 4입 TESCO
82206777,다우니MQ 1L+1L 미스티크 번들팩-영문명삭제버전
82206852,허벌 에센스 클래식 릴렉싱 카모마일컬렉션 컨디셔너 490ml
82206961,프로글라이드 파워 면도날 8입
82207170, 오랄-비 델리케이트 화이트 40모
82207277,프로글라이드 실버터치 파워 BBGR 믹스드케이스 (온라인용)
82208482,페이셜 트리트먼트 에센스 215ml LtdApr14
82208953,헤드앤숄더 Bahamas 1950 RRP팩- 쿨멘솔
82209746,LXP 얼티미트 퍼펙팅 에센스 10ml (비매품)
82209834,브라운 크루저 날과망 20S
82210147,크로스액션 항균케어4입
82210697,다우니 김치 핑크 2L+1.8L팩 베리베리와 바닐라크림 향
82210705,다우니 김치 퍼플 2L+700ML 팩 화이트티와 릴리 향
82211314,마하3 클래식 4입날 (테스코)
82212356,다우니 퍼플 700ml 화이트티와 릴리 향
82212499,페이셜 트리트먼트 클렌징 젤 2.5g(비매품)
82212514,질레트 마하3 클래식 4 입 날 (LT)
82213157,듀라셀 알카 D 6개입 - 코스트코
82214559,프로글라이드 매뉴얼 F14 9+1 BBGR (Large)
82214717,위스퍼 피부애 롯데마트 52개입
82215452,타이드 오리지널 액체 세제 2.95L
82217633,퓨전 매뉴얼 면도날 12 입_이마트
82218181,다우니 아로마쥬얼 퍼플 자수정 바닐라 375G+퍼퓸핑크이노센스200ML
82219541,페브리즈 차량용 프리미엄 후레시 하모니 스타터킷 7ml
82221367,질레트 포오미 레몬라임 175G 1X6 NEW
82224002,듀라셀 알카라인 디럭스 AAA 벌크 1x72X18
82225265,컬러 클리어 뷰티 파우더 파데 220
82225552,위스퍼 피부애 슬림 이마트 창립 기념 70p 행사팩
82225619,컬러 클리어 뷰티 아이 쉐도우 -81
82226793,리프레쉬 클린 슈퍼롱 오버나이트 10개입
82227114,다우니 퍼퓸 화이트 200ml 클래식 향
82227523,마하3 터보 2UP_BB3  (롯데마트)
82228178,셀루미네이션 오라 에센스50ml
82228405,듀라셀 뉴 울트라 파워체크 AA 12팩_이마트DR
82228814,위스퍼 보송보송케어 울트라 날개 소형32P
82228822,위스퍼 리프레쉬클린케어 울트라 날개 소형 18P
82229043,헤드앤숄더 애플프레쉬 2800팩 RRP
82229216,페이셜 트리트먼트 에센스 30ml(비매품)
82229256,화이트닝 소스 덤 리바이벌 마스크 10p
82230581,T스템파워 아이 크림 2.5g (비매품)
82230823,페브리즈 엑스트라 스트랭스 보충형 320ML
82230840,페브리즈 엑스트라 스트랭스 대용량 900ML
82230974,페브리즈 섬유탈취제 은은한 향 370mlX2
82232628,오랄비 고탄력 초미세모 잇몸전문 케어 4입 이마트
82233568,듀라셀 C&B AA 40PK_코스트코
82233662,다우니 아로마쥬얼 화이트 클래식 375G
82234815,컬러 클리어 뷰티 에나멜 크림 컴팩트 105
82236501,페브리즈 370ml+370ml 팩 은은한향 OND'14
82236688,페브리즈 허브향 용기형 370ML
82236791,팸퍼스 크루저 3단계 1박스 1X174
82236948,위스퍼 보송보송케어 울트라 날개 중형 66P (CLSM)
82237532,피테라 에센스 230ML 핑루 허밍버드 LTD
82238043,위스퍼 보송보송케어 슈퍼롱 오버나이트 날개형 5P
82238046,위스퍼 피부애 슈퍼롱 오버나이트 1P
82238826,팬틴 퀀텀 트리트먼트200X24 엑스트라볼륨
82239720,헤드앤숄더 발리 컨디셔너 550 헤어폴 클리닉
82241492,오랄비 고탄력 초극세모 블랙티 4개입(이마트)
82241688,위스퍼 피부애 52P(롯데마트)
82241859,T 알엔에이 파워 에센스 1ml (비매품)
82241861,T페이셜 트리트먼트 클리어 로션 2ml (비매품)
82241917,T 페이셜 트리트먼트 에센스 10ml 샘플
82242063,T LXP 퍼펙팅 세럼 10ml 샘플
82242122,T 싸인즈 퍼펙트 래디언스 LIQ FND 420
82242663,페브리즈 차량용 4개입 (2mlX4) (다우니)
82243795,페브리즈 차량용 프리미엄 하늘의 오케스트라 리필 7ml (K-Reach)
82243931,페브리즈 비치형 스타터킷 (맑은하늘바람) (K-Reach)
82243942,페브리즈 비치형 스타터킷 (다우니향) (K-Reach)
82244689,위스퍼 보송보송케어 슈퍼롱 30P (이트레이더스)
82244718,오랄-비 크로스액션 7 베네핏 35모 3입(롯데마트)
82244765,오랄비 프로-엑스퍼트 클리니컬 프로-플렉스 3+1입
82244981,오랄-비 블랙티 크로스액션 콤보팩 (이마트)
82245539,다우니 퍼플 2L 화이트티와 릴리 향
82245598,다우니 퍼플 700ml 화이트티와 릴리 향(롯데)
82245817,다우니 베이스 엑티브 프레시 200ml (Calvin)
82245819,다우니 스포츠 1L 액티브 시트러스향
82246407,아티산 브러쉬 파운데이션 105 (유브이/라이트)
82247219,오랄비 어린이 전동칫솔 리필모(남아용) 코스트코 팩
82247711,퓨전 하이드라 센서티브 젤 200ml
82248224,오랄-비 스테이지스 3단계 행사팩
82248451, 페이셜 트리트먼트 클리어 로션 2ml(비매품)
82249255,플렉스볼 어버이날 선물팩
82249272,페브리즈 차량용 2ML (바닐라의 달콤함)
82249554,오랄비 스테이지스3 어벤져스 6입
82249603,페브리즈 차량용 다우니 4개입_코스트코
82250361,오랄-비 블랙티 크로스액션 콤보팩 (이마트)
82251727,팸퍼스 BB 베이비드라이 6단계 이코노미 박스1/128
82252521,다우니 김치 퍼플 1L+1L 팩 화이트티와 릴리 향
82252811,컬러클리어 뷰티에나멜 크림컴팩트310
82253019,오랄-비 스테이지스 3단계 행사팩(어벤져스)
82253354,팬틴 딥리페어 트리트먼트 에센스 100ML
82253908,비너스 스월 면도날 4입
82255900,스킨 퍼펙팅 파운데이션105
82255922,더블유에스 덤 리바이벌 프로그램 10P
82255934,페이셜 트리트먼트 클리어 로션 2ml(비매품)
82255984,스템파워 리치크림 2g 샘플 (비매품)
82257275,오랄비어린이칫솔모 EB10-2 FROZEN
82257987,오랄비 스테이지스 어벤져스 1입
82258066,다우니 퍼퓸 샤인 700ML
82259626,팬틴 콜로서스 컨디셔너 500ML 극손상
82261623,다우니 핑크 1.6L 베리베리와 바닐라크림 향
82265251,페브리즈 차량용 2ML (라벤더의 포근함)(LEGO)
82265540,위스퍼 코스모 울트라 날개 대형 2개입 (Hyper)
82267027,다우니 퍼퓸 블랙 미스티크 향 2L (Chanel)
82267743,페브리즈 차량용 프리미엄 플라워 멜로디 스타터킷 7ml (NMR)
82268950,페브리즈 섬유탈취제 가벼운 허브 향 370ml
82269050,페브리즈 섬유탈취제 상쾌한 향 320ml (Harmony)
82270107,위스퍼 코스모 울트라 날개 중형72입+대형32입(Coupang)
82270856,질레트 프로쉴드 이마트 창립팩'17
82271305,퓨전 프로쉴드 옐로우 면도기 1up+4입팩 (e-Comm)
82271433,질레트 포오미 센서티브 175g 1X6
82271460,프로글라이드 센서티브 젤 오션쿨 170g
82272077,다우니 퍼퓸 블랙 미스티크 2L+700ML (Chanel)
82272135,얼티미트 샘플 키트 40G
82272548,오랄비 스테이지스4 프로즌스타워즈 8입 (코스트코)
82272630,질레트 마하 3 면도기 1up
82273737,싸인즈퍼펙트 래디언스 파우더파데320
82273806,페브리즈 차량용 2ML (라벤더의 포근함)(CT)
82273877,컬러 클리어 뷰티 파우더 파데220
82273889,싸인즈퍼펙트 래디언스 리퀴드파데420
82273995,페브리즈 차량용 2개입(2mlX2) (라벤더의 포근함)(CT)
82274413,알엔에이 파워 크림 뷰티 세트
82274546,팬틴 데일리 모이스처 리뉴얼 샴푸 1200ml
82275178,오랄-비 크로스액션 7베네핏 6입 코스트코
82275181,오랄비 크로스액션 주니어 4입+크로스액션 탁월한 세정력 2입
82275366,브라운 여성용 페이스 SE810 (증정용STK)
82275685,마스터피스 터트니스 세럼50ml
82275701,미드-나이트 미라클 에센스50ml
82275709,페이셜 트리트먼트 클리어로션230ml
82275832,페이셜 트리트먼트 에센스160ml
82275909,헤드앤숄더 Bali 컨디셔너 850 헤어폴 클리닉
82277130,마스터피스 피테라 아이크림15g
82277767,헤드앤숄더 실키클린 850ml 샴푸 (STK)
82279913,퓨전 프로쉴드 칠 12입날 쉐이브클럽 팩
82280634,다우니 퍼퓸 핫핑크 블룸 1.6L (Bigbang)
82281262,오랄비 Pro 500 미세모(하이퍼)
82283171,페브리즈 차량용 2MLX6 (맑은하늘바람) (쿠팡)
82283253,팸퍼스 크루저 6단계 1박스 (104매)
82284368,질레트 프로글라이드 매뉴얼 크롬 핸들 1+3 프리미엄 팩
82285099,다우니 퍼플 4LX4 화이트티와 릴리 향_PGP (Kreach2)
82285115,팸퍼스 크루저 4단계 1박스 (152매)
82285434,오랄비 고탄력 초극세모 그린티 8입 (이트레이더스)
82285493,다우니 블루 3.8LX3 레몬그라스와 달콤한 라일락 향
82285997,다우니 퍼퓸 그린 보타닉가든 1L+1.6L
82286243,오랄-비 스테이지스 2단계 6입팩
82286409,페브리즈 부착형 화장실용 스타터킷 (상쾌한 하늘향) (Kreach2)
82286614,오랄비 크로스액션 TAJ 컴플리트7 3+1입
82286997,오랄비 스테이지스2 6입 이마트팩
82287103,페브리즈 섬유탈취제 다우니향 210ml(NILDDAC)
82288827,헤드앤숄더 애플 프레쉬 샴푸 쿠팡팩
82289271,다우니 블루 1L+1.6L 레몬그라스와 달콤한 라일락 향 (Agri)
82289543,팸퍼스 베이비드라이 2단계 이노머스 박스 1/186
82290350,OLAY WR CS 에센셜 세트(Ess30ml+Cream50g)
82290719,다우니 셀린 1+1.6L 이마트 창립 팩
82291063,팸퍼스 베이비드라이 팬티 4단계(대형) 42X4
82291589,페브리즈 370mlX2 팩 상쾌한 향(쿠팡)(Fall'18)
82292233,오랄비 고탄력 초미세모 블랙티 4개입(National)
82292818,다우니 오션코랄 퓨어러브 200ML
82293382,다우니 핑크2L+700MLX2베리베리와 바닐라크림 향 (롯데마트)
82294138,오랄-비 크로스액션 컴플리트7 그린티 35모 6입 (코스트코)
82294896,다우니 프리미엄 액체형 세제 블루 1.9L
82295339,헤드앤숄더 울트라맨 헤어 컨트롤 샴푸 쿠팡팩
82295704,피테라 에센스 리미티드 그린  230ml(JJA21)
82295947,오랄-비 스테이지스 4단계 프로-엑스퍼트 스타워즈 2입
82296925,페브리즈 섬유탈취제 내추리스 민트 앤 주니퍼베리 향 360ml
82296988,페브리즈 차량용 프리미엄 플라워 멜로디 스타터킷 7ml
82296996,페브리즈 비치형 스타터킷 (다우니향)
82297206,다우니 퍼퓸 블랙 미스티크 2LX2 팩 (이트레이더스)
82297226,다우니 퍼퓸 그린 보타닉가든1L+1L (Paper)
82298676,페브리즈 차량용 맑은하늘바람 2개입 + 페브리즈 차량용 라벤더 2개입
82299183,다우니 퍼퓸 골드 샤인 1LX3+200ML (쿠팡)
82301009,에스케이투 페이셜 트리트먼트 에센스레드판타지스타유타마로리미티드에디션
82301120,제놉틱스 오라 에센스 0.7ml(비매품)
82301338,다우니 퍼퓸 리필 블랙 미스티크 향 1.6LX2 (paper)
82301768,다우니 엑스퍼트 1.6LX2 스포츠 향
82302668,다우니 퍼퓸 블랙 미스티크 1.05LX3
82303878,다우니 엑스퍼트 실내건조 2LX2 (이트레이더스)
82304261,헤어레시피 꿀&살구 수분 헤어마스크 180G
82305471,팸퍼스 스와들러 4단계 22X4
82305641,페브리즈 차량용 내추리스 2개입 (2.2mlx2) (화이트로즈 앤 코튼)
82305662,FAB 울트라 리페어 하이드레이팅 토너 177ml(6OZ)
82306132,페브리즈 에어 다우니 3개입
82306200,다우니 프리미엄 폼형 세제 핑크 24입
82307121,에스케이-투 엘엑스피 얼티미트 퍼펙팅 크림 2.5g (비매품)
82307957,오랄비 고탄력 초극세모 그린티 4개입
82308323,퓨전 프로쉴드 옐로우 면도날 4입
82308809,다우니 퍼퓸 샤인 1.6Lx6
82308856,질레트 스킨텍 매뉴얼 면도날 4CT 4x6x12
82309312,케이 뷰티 세트 2021
82309733,헤드앤숄더 1950팩-가려운 두피 케어(Barcelona)
82309898,팬틴 콜로서스 엑스트라볼륨 트리트먼트 쿠팡팩
82309983,다우니 프리미엄 액체형 세제 실내건조 1.8L
82310187,다우니  코튼 퓨어러브 향 1LX12 DBD
82310419,질레트 프로글라이드 매뉴얼 2up+4ct+폼 새해 기프트팩 (이트레이더스
82310480,오랄-비 크로스액션 항균모 8입 (홈플러스)
82310673,다우니 오션코랄 퓨어러브 향 2L
82310698,다우니 블루 레몬그라스와 라일락 4Lx3
82311450,다우니 퍼퓸 스프링 가든 러브 2.6LX4
82311535,페브리즈 섬유탈취제 내추리스 라벤더 앤 유칼립투스 향370ml
82311663,다우니 프리미엄 액체형 세제 블루 450mlx24
82313474,팸퍼스 베이비드라이 5단계 이노머스 1/132_QR
82314438,다우니 퍼플 2L+1.6L 홈플러스 팩
82314447,다우니 퍼퓸 블랙 미스티크 1L+1.6L(이마트)
82314456,다우니 엑스퍼트 실내 건조 1LX12 DBD
82314770,질레트 퓨전 프로쉴드 칠 면도날 10입 (ECOM)
82315232,페브리즈 섬유탈취제 상쾌한향 370ML+320MLX2 팩
82315376,오랄-비 전동칫솔모 EB20-4 + EB20-2 (Sticker)
82315628,페브리즈 화장실용 1개입(6ml) 향긋한 꽃향기 (Retail)
82316050,제놉틱스 오라 에센스75ml
82316134,다우니 엑스퍼트 스포츠 1.6L
82316209,다우니 퍼퓸 블랙 미스티크 향 1.6L (구버전)
82316740,질레트 프로글라이드 매뉴얼 7+1 이컴팩
82319012,비너스 컴포트 글라이드 화이트티 면도기 2UP
82320301,다우니 블루 1+1.6LX2팩 레몬그라스와 달콤한라일락 향
82321456,페브리즈 320ML 리필형 상쾌한 향(PGP)
82322557,페브리즈 화장실용 2개입(6mlx2) 은은한 라벤더향 (Online)
82323694,오랄-비 프로-헬스 3D 화이트 6개입
82325107,다우니 초고농축 퍼플 화이트티와 릴리향 1.05LX3
82325311,다우니 초고농축 핑크 베리베리와 바닐라크림향 1.05LX3
82326757,다우니 코튼 퓨어러브 1L+1L 팩 (CHP)
82327054,다우니 핑크 1L+1L 팩 베리베리와 바닐라 (MQ)
82327236,페브리즈 차량용 프리미엄숲속의콘체르트 7ml
82327413,다우니 프리미엄 액체형 세제 블루 450mlx24
82327468,페브리즈 에어화장실용 산뜻한정원향 275g
82327905,페브리즈 차량용 곰팡이냄새제거용 2.2ml
82327916,페브리즈 차량용 쿨 아쿠아향 2.2ml
82328597,오라 케어 에센셜 컬렉션 세트
82328764,팬틴 데일리 모이스처 리뉴얼 샴푸 1200ml
82328910,다우니 엑스퍼트 항균파워 플러스 1LX12 (DBD)
82329988,페브리즈 섬유탈취제 다우니 향 370ml
82330778,페브리즈 항균플러스 산뜻한향 360MLX3
82330947,질레트 프로글라이드 파워 1up+7ct 팩 (이트레이더스)
82331011,질레트 프로쉴드 옐로우 파워 1up+3ct 팩
82331389,다우니 프리미엄 액체형 세제 살균 파워 2.9L
82331603,팸퍼스 스와들러 1단계 32X4
82333238,오랄-비 잇몸 케어 딥 클린 7개입
82333739,비너스 수딩케어 팩 (올레이 슈가베리 2UP + 새틴케어 젤)
82333752,다우니 항균 파워 플러스 1.05Lx3
82333767,다우니 항균 파워 플러스 2L+1.6L 이마트 팩
82403014,AS 루스 파우더 700
82403486,AS 퍼프 P
82404208,AS 플라잇 오브 팬시 EDT 1.2 VIAL
82405548,구찌 바이 구찌 SG 200ML
82406762,안나수이 나잇 오브 팬시 EDT 30ML
82408672,AS C. 칼라 프라이머 UV 100
82408690,AS 컨트롤 C 프라이머 200 테스터
82410239,AS 네일 아트 칼라 N 380 - 테스터
82410324,AS 네일 칼라 N 702
82410333,AS 네일 아트 칼라 N 082
82412325,AS 수이 립 글로스 308
82412606,AS 인텐시브 화이트닝 세럼 미니
82412608,AS 화이트닝 트리트먼트 크림 미니
82412637,안나수이 락 미 투 EDT 50ML
82416812,AS 네일 칼라 N 107 테스터
82416820,립 루즈 지 테스터 200
82417905,디앤지 6 라 무호 오드 뚜왈렛 50ml
82418218,AS 프로텍티브 PF 엘 P04 테스터
82420603,AS 아이 칼라 (팬 필드 테스터) 203
82421634,안나수이 아이 칼라 크레용 002
82422289,안나수이 네일 칼라 N 608 -테스터
82422366,안나수이 더블 치크 칼라 03
83036239,프링글스펑키소이미디엄184G*14
83900832,다우니 삶음탈취 4LX3 Cstc H1
84821664,조명용 방향 쉐이드(건전지형)그린티 시트러스 향
84822103,팸퍼스 베이비드라이 3단계 메가팩
84836613,페브리즈에어(봄의소생)
84849051,질레트 비너스 스파 브리즈 2UP
84849328,오랄비 구강세정기MD20
84850997,시리즈젤 퓨어앤 센서티브
84858806,다우니 에이프릴 프레쉬향 1.53L
80208934,팸퍼스 스와들러 2단계 수퍼 1/80
80209428,트라이엄프 D29
80234915,트라이존 D12
80237432,타이드 플러스 페브리즈 액체 세제 2.72L
80237576,타이드 오리지널 액체 세제 2.95L
80245907,팸퍼스 BB 스와들러 1단계 수퍼 1/84
80301687,오랄비 Pro 2000 미세(Dark Blue)
80302950,오랄비 D12 바이탈리티 미세모
80314858,팸퍼스 베이비드라이 4단계 이노머스 박스 1/150
80317968,오랄-비 크로스액션 리필모 EB50-4
80337921,오랄-비 배터리 전동칫솔 크로스액션 파워 화이트닝
80343216,오랄비 전동칫솔 D12.513 카즈
80343499,557 프로글라이드 매뉴얼 4ct FWIP
80354271,오랄비 PRO500 3D화이트
80354274,오랄-비 전동칫솔 Smart5000 초미세모 화이트
80356483,오랄-비 어린이용 전동칫솔 스파이더맨 D12K
80371325,오랄비 전동칫솔 D103 플로스액션 라일락
80690932,다우니 생화향기 컬렉션 코튼 퓨어 러브  2Lx4
80691661,페브리즈 에어 봄의 소생 275g
80692354,시리즈젤 센서티브 스킨 200ML
80693942,다우니 베이스 블루 맥퀸 레몬그라스와 라일락 1.6L
80693971,다우니 베이스 퍼플 맥퀸 화이트티와릴리 4Lx3 (PGP)
80697765,헤드앤숄더 딥클린 샴푸 90ml 레거시
80698038,뷰티 트레블 샘플키트 TR FY2122 CNHN
80698692,질레트 프로쉴드 칠 면도날 8입 (557)
80701409,오랄-비 <아이언맨> 스테이지스 3단계 8개입
80702385,오랄-비 비버 8입 (쿠팡팩)
80704061,오랄비 클릭 민트 키트 (핸들1개+리필1개)
80706743,오랄-비 전동칫솔 Pro1000 화이트 기획팩 (트레이더스)
80709541,다우니 생화향기 컬렉션 프리지아앤페어 200mlx24
80709556,다우니 생화향기 컬렉션 코튼 퓨어러브 1L+1L 팩
80710713,다우니 프리미엄 액체형 세제 냄새딥클린 블루 3.2L X 3
80711446,페브리즈 화장실용2개입(6mlx2) 산뜻한 사과향 (Online)
80719110,브라운 시리즈 9 면도기 9517s SILVER
80720693,팬틴 프로-브이 극손상케어 샴푸 1800ml KR Coupang
80720709,팬틴 프로-브이 콜라겐 미라클 트리트먼트 400ml
80725484,다우니 블루(2LX2+200MLX2) 이마트팩
80726247,다우니 생화향기 컬렉션 시트러스 앤 버베나 1.05Lx3 (2023형)
80726577,헤드앤숄더 가려운 두피케어 샴푸 1800ml (ET)
80729895,페브리즈 항균플러스 산뜻한향 보충형 320ML
80733150,질레트랩스 면도날 10입+질레트랩스 래피드 포밍 쉐이브 젤
80736214,질레트랩스 딥클렌징바 3UP + 쉐이브 폼 240ML
80737762,팸퍼스 베이비드라이 밴드형 기저귀 3단계 1박스 (168매)
80742185,다우니 실내건조 플러스 (그린) 1.35LX6 Lotsell(DBD)
80745902,페브리즈 에어 바닐라라벤더의포근함 275g
80748459,오랄비 스테이지스3 아이언맨 6입 쿠팡팩
80748967,오랄비 스테이지스 3단계 아이언맨 2입
80749886,공병 ND’23 피테라 메종키츠네 레드 230ml
80750133,오랄-비 전동칫솔 GeniusS7500 기획팩 (코스트코)
80752448,다우니 세제 추가헹굼제로 200mlx40
80754233,다우니 생화향기 컬렉션 시트러스 앤 버베나 2Lx2 2023
80763667,헤숄 샴푸 두피 컨트롤 1200ml
80763674,헤숄 샴푸 울트라 쿨 멘솔 1800ml
80769243,질레트 마하 3 면도기 기1+날1
80770293,오랄-비 전동칫솔 D103 바이탈리티 프로 플로스액션 (쿠팡)
80772391,팸퍼스 2024 터치오브네이처 썸머팬티 4단계 46x3
80772618,질레트 프쉴 칠 면도기 기1+날2
80772794,팸퍼스 2024 에어차차 썸머팬티 6단계 42X3
80774956,다우니 세제 퍼플 3.2LX4 BD
80774970,다우니 세제 실내건조 3LX4 BD
80780380,페브리즈 차량용 맑하바4+허브2 CC
80781628,다우니 세제 블루 2.2L X 4 BD
80782132,팸퍼스 2024 여름낮밤패키지 체험팩 4단계 8X30 (에어차차 썸머팬티
80783508,페이셜 트리트먼트 에센스 250ml
80787283,브라운 시리즈 6 면도기 62-S1000s SILVER
80794299,질레트 스킨텍 매뉴얼 기1+날8
80795548,팸퍼스 2025 베이비드라이 팬티 6단계(점보형) 30X4
80796482,질레트 프쉴 면도날 옐로우8입+칠3입
80799063,페브리즈 섬유탈취제 실내건조920mlX2CC
80811419,다우니 실내건조 프레시클린200mlx48 R1
80815714,에스케이-투 페이셜 트리트먼트 오일 50ML
80823704,타이드 세탁세제 파워클린 200ml
80825347,다우니 코튼 퓨어 러브 1LX12 M2
80825367,다우니 미스티크2.6LX4 M2
80825795,브라운 시리즈 9 면도기 9566cc+PC CHROME
80826675,헤숄 샴푸 가려운 두피 케어 1.8L
80826682,헤숄 컨디셔닝 린스 애플 850ml
80826690,헤숄 샴푸 레몬 800ml
80831264,다우니 블루 레몬그라스와라일락 2LX4 P2
80840583,(557.1 ) 질레트 프로쉴드 옐로우 면도날 16입 (ECOM)
80840592,(557.1 ) 질레트 프로글라이드 울트라 (기1+날12)
80841657,다우니 실내건조 프레시클린 200mlx48 H1
80841719,브라운 시리즈 X 면도기 M1012 BLACK (신제품)
80864064,헤드앤숄더 두피 토탈 솔루션 두피 트리트먼트 애플 850ml
80873023,제놉틱스 에어리 유브이 크림 0.7g
80875728,질레트랩스 핸들 + 면도날 5입 + 스탠드
80979751,프링글스매콤한맛184G*14
81010409,AS 씨크릿 위시 EDT 4 MINI
81105618,DG 라이트 블루 PH EDT 75ML
81114269,SP 400ML 루미너스 마스크
81153817,SP 30ML 밸런스스캘프 마스크
81153841,SP 1L 컬러 세이브 컨디셔너
81164297,소프트터치8/71엔
81164335,KP 6/47 엔
81164350,KP 10/6 엔
81164432,KP 4/03 엔
81164501,KP 12/3 엔
81181325,AS 뷰티 트레이 테스터
81183436,구찌 길티 팜므 오 드 뚜왈렛 5ml 미니어처
81185113,구찌 길티 리필 팩 오 드 뚜왈렛 60ml
81187236,보스 오렌지 맨 오 드 뚜왈렛 60ML
81189153,BT 750 칼라프로텍션 인텐시브 마스크
81193777,피카소 리페어 컨디셔너 펌프
81214008,KP 10/45 체리 레드 80G
81223293,SP 30ml 샤인 디파인 샴푸
81230039,KP 77/73 골드브라운
81230044,KP 88/74 오렌지브라운
81269902,피카소 포인트 카드
81270973,WC  6*10ml브릴리언스 칼라 프로텍션 세럼
81340960,웰라 케어 글로리파이어
81342266,스캘프 텐트카드 세트
81399962,브라운 면도기 쿨텍 CT5cc
81455843,팸퍼스 베이비드라이 3단계 1박스 (198매)
81464823,GEM 액티브핏 5단계 1X136 이커머스 WE
81547171,브라운 Bighty 부속품 BT32 BLK
81587290,브라운 시리즈 3 면도기 3030S
81607202,브라운 시리즈 3 면도기 3010S
81628880,퓨전 프로쉴드 아이레이저 제국군
81652512,브라운 시리즈 7 면도기 7899cc SILV/BLK(Ellida3.0)
81667643,브라운 세정액 CCR4
81669175,스위퍼 더스터 먼지떨이 리필 9입
81686801,브라운 시리즈 3 면도기 3040GS (Ellida 4.0)
81700782,브라운 IPL BD5001 화이트
81726786,브라운 시리즈 5 면도기 50-B4200cs BLUE
81741566,브라운 시리즈 X 면도기 M1100 BLACK
81770211,브라운 시리즈 5 면도기 51-W1200s WHITE
81770216,브라운 시리즈 5 면도기 51-B4200cs BLUE
82000333,비달사순 살롱 모이스춰 트리트먼트 180G
82000433,팬틴 트리플 집중 영양팩 150g
82001625,이마트 물티슈 대형팩
82007246,어드밴스드 화이트닝 소스 팬케익 330
82009954,집안 먼지 제거용 페브리즈 (보충)
82010278,롯데마트 대형 82
82013328,올레이포밍페이스워시100G
82013840,SK2리페어C리퀴드FND 41
82013863,위스퍼NEW 날개형소형10*48
82013870,위스퍼NEW 울트라일반중40*24
82014839,위스퍼 코스트코 그린번들
82016008,팬틴 EDC트리트먼트 100ml
82016028,위스퍼 클레오 2P 샘플_AIR
82019119,SK2 FT클리어로션 150ML
82024511,SK2화이트닝리퀴드FND 33
82024513,SK2화이트닝리퀴드FND 42
82024521,SK2화이트닝팬케익31
82025018,큐티베이비조이대형78*4
82030454,위스퍼허브인날개소10P*60
82031721,비달프로올인원샴푸400ML 1*12
82032477,위)울후레쉬날개대34*12
82033808,핸드로션물비누1*12 J1210
82033811,오션브리즈향1*12  B6750
82034624,헤드앤숄더 실키모이스쳐 850 샴푸 스티커
82035073,헤드앤숄더 내추럴  허브 샴푸 400ML
82035083,헤드앤숄더 내추럴  허브 샴푸 200ML
82035087,헤드앤숄더 내추럴  허브 컨디 375ML
82038979,비달사순트리트먼트100G-컬러케어
82039262,SK-II SKIN CRM 15G EYE TRMT FILM
82040884,큐티골드대형60S*4
82040896,SK2 SACHET OF CLEAR WHITENING CLOTH
82041275,큐티슈퍼프리미엄신생36S*8
82041318,큐티SP L72 + 6
82041483,팬틴시스템팩일반3*6
82041706,큐티WOM선물팩LG 2S*2+2S
82042107,위)울트라후레쉬날개중대78*12
82042180,아텐드출시기념실속팩LG 20*4
82042833,샤민ROSE 30M*4R*12PACK
82043215,SK2리페어C리퀴드FND 22
82043247,SK2 FT클리어로션150ML
82043257,SK2포밍마사지클로스리필
82043610,뉴핸드롤타올디스펜서
82043648,비달사순샴푸웨이브575ML 1*6
82043874,위W팬티실키실루엣모카M
82044488,위벌크팬티소프트업코튼모카L
82044775,SK-II FACE CRM SIGNS TRMT ESS RFL E-41N
82045334,SK2 ADV WHT팬케이크41N
82046009,위스퍼SWXL 10S*24(INDIA)
82046380,페브리즈보너스(400+200)*10
82046539,위스퍼슬림날개중24*24
82047080,PAMPERS DPR MID 60SX4 UNS FALL01 JMB
82047138,팬틴린스모이스춰500ML*9
82047297,SK-II FACE CRM 15G TRMT
82047535,프링글스오리지날100G 1*8
82047949,SK2딥화이트닝샤세10P
82048377,큐티용8월사은품*40
82049092,향기나는페브리즈리필320ML*24
82049544,위스퍼프로모션전기난로1*5
82049906,SK-II페이셜화이트닝마스크
82050730,팬틴시스템혼합케이스
82050739,비달바겐세일팩960웨이브2*6
82050808,비달사순컨디셔너200ML
82051758,프링글스2+1프로모션
82052369,WHISPER XXLN 10SX24 CD SLIM WHITE BULL
82053289,팬틴프로모션팩1500ML모이스쳐
82054152,COSTCO날개대형16P 번들
82054639,코디키친타올260*4롯데용
82054692,VS SH+CN 1000(+400)MLX6 STRT SYSPK DEC
82054909,팬틴집중손상케어린스960ML
82055671,팬틴FEB 03 1250ML모이스쳐
82055862,팬틴1448ML직거래볼륨
82057706,헤드앤숄더샴푸딥200ML
82057954,크레스트스탠드2단양면
82059659,코디알로에소프트1롤샘플
82060947,위스퍼그린3일반중형20P
82061122,코스코팬틴모이스춰프로모션팩
82061747,위스퍼슬림커브일반대형20P
82062998,어드밴스드 싸인즈 트리트먼트 3G
82063481,큐티아기겨울모자 WINTER02
82063537,위스퍼슬림일반소형10P
82064468,크레스트스핀브러쉬키즈축구
82064495,비달 10월 560/560 팩-올인원
82065023,이마트 10주년 기념 이플러스 화장지
82065134,큐티 대형 40SX4
82065540,팬틴 12월1100 온팩-볼륨
82065676,누크베이비워시220ML
82065682,코디베어쿠키쟁반
82065994,코디 Less lint 4롤샘플
82066235,코디일반60미터24롤
82066258,코디일반50미터10롤
82067416,WHISPER PAD REG 13SX24 S01 PKGCG FALL04
82067936,헤드앤숄더1740팩딥
82068735,팬틴1900팩모이스춰
82069386,비달1260팩스트레이트
82069740,이플러스뉴오픈70M 24SX3
82070673,SK-II 화이트닝소스인텐시브마스크1P(홀더)
82071863,헤드앤숄더샴푸모이스트570ML
82072261,위스퍼 슬림 일반 소형 10개입
82072263,위스퍼 슬림 커브 일반 대형 10개입
82072864,팬틴샘플팩20ml
82073248,파워 싸인즈 트리트먼트 파운데이션 OP-3
82074052,싸인즈 아이 마스크 1P 샘플
82074413,팬틴 2000팩-집중손상
82075624,팬틴 1130 팩-집중손상케어
82075973,위스퍼 그린 프로모션팩 -T-GR
82076280,비달사순 프로패셔널 린스 960_넥행어
82076707,페브리즈(투명) 900ML 실속형 상쾌한 향
82077407,조이 프로모션팩-500ml*2
82077472,비달사순 1320팩-컬러케어
82078277,H&S 딥 클린 케어 960ML (스티커)
82079294,비달사순 믹스드 케이스 (DBD용)
82079405,싸인즈 컨트롤 베이스 미니어쳐
82079836,헤드앤숄더컨디셔너960멘솔-래핑(5사인즈)
82080564,SK-II AST 리퀴드 파운데이션 OP-3
82081321,팬틴 홈쇼핑 3760팩-집중손상
82081652,비달사순 소프트웨이브 왁스 60G
82081761,헤드앤숄더 1360팩-레몬그라스
82082597,위스퍼 소프트클린중형 40개입 번들팩-폴리
82082852,팬틴 1750 샴푸린스팩-볼륨
82082866,웰라 인텐시브(리퀴드헤어증정)믹스드I
82083440,팬틴 80팩-집중손상
82085283,비달사순 1120팩-프로페셔널 스타일
82085312,위스퍼 코스트코 전용팩-ML 시스템팩
82085317,위스퍼소프트클린 보송보송만족실속기획팩
82087206,아쿠아 피직스 50G
82087828,프링글스 코스트코 전용팩
82088240,위스퍼 소프트클린 트윈윙 울날중 40개입
82089540,팬틴집중손상케어컨디500ML
82089588,팬틴바운시볼륨컨디850ML
82089594,팬틴EXTRA스트레이트샴푸850ML
82089725,팬틴 1500 이마트 팩 바운시볼륨
82094304,비달사순 2880 DM팩-컬러케어
82095050,팬틴바운시볼륨컨디200ML
82095904,헤드앤숄더프레쉬레몬샴푸400ML
82096159,헤드앤숄더RELAX티트리샴푸570ML
82096415,헤드앤숄더 2490팩-모이스트
82097049,에어터치 FND BE-2(리필)
82097546,위스퍼 트윈윙 그린 특별기획팩76P
82098798,위스퍼 소프트클린 트윈윙 미스터리 샘플
82099364,헤드앤숄더 1530팩-모이스트
82099387,헤드앤숄더 1140샴푸팩-레몬그라스
82099716,프링글스 트레이 오리지날맛
82099747,팬틴집중손상케어샴푸200ML
82100380,팬틴 프리즈디펜스 컨디셔너40
82102058,싸인즈 페어 세트
82102790,화이트 소스 트랜스폼 FND 105
82104781,비달 플래티넘 2000 샴푸/컨디셔너 팩
82105907,SGNS퍼펙트래디앙스 PWDFND510
82106233,위스퍼 그린  세이프티존 일반중형 40P
82106633,팬틴 1700팩-실키스무드
82106887,팬틴 레귤러 550SH-실키스무드
82106973,헤드앤숄더 헤어폴 클리닉 샴푸 40ML
82107343,조이 리필 400ML
82110308,팬틴바운시볼륨샴푸850ML
82110379,헤드앤숄더 실키모이스춰 샴푸 570ML
82110776,팬틴집중손상케어샴푸400ML
82111018,스킨시그니처 크림인 파운데이션 330
82111172,비달사순 컬러케어 샴푸 550ML
82111415,팬틴 선물세트 3호
82111544,프링글스 매운맛 미니캔
82111698,위스퍼 칼라드코어 ML 72P_롯데마트
82111856,페브리즈 에어 팩 허브정원속의 산책
82111962,비달사순 클레이왁스 60G
82112105,팬틴 헤어타임리뉴얼 컨디셔너240
82112947,SK-II페이셜트리트먼트에센스215ML
82113470,팬틴 집중손상 딥리페어 크림
82116679,팬틴EXTRA스트레이트 트리트200ML
82116793,SK-II 셀루미네이션 에센스-인 FND 310 크리스탈 오크
82117069,위스퍼 소프트라이트 2 날개형 28개입
82117573,팬틴실키스무드 케어 컨디850ML
82117610,비달사순 컬러케어 컨디셔너 850ML
82117763,헤드앤숄더 레몬그라스 삼푸 570ML
82118225,헤드&숄더 센서티브 알로에 샴푸 850ML
82118369,비달사순 샤이니 룩 에센스
82118986,헤드&숄더 쿨멘솔 컨디 375ML
82119286,페브리즈 따뜻한 햇살 대용량 900ML
82119945,스킨시그니처 크림인 파운데이션 310
82119949,스킨시그니처 크림인 파운데이션 330
82120824,위스퍼 세이프티존 ML 78P_홈에버
82123048,헤드앤숄더 스완 2550팩- 쿨 멘솔
82123070,헤드앤숄더 스완 1775팩-헤어 폴 클리닉
82123811,JAS'09 페브리즈 370ML+210ML 팩 은은한향
82124724,페브리즈(370*2)팩 은은한 향
82125502,팬틴트리트먼트200집중수분케어IR
82126435,팬틴 트리플 비타민 수분팩 샘플 15g
82126539,프링글스 미니 오리지날 40G
82127447,프링글스 바베큐맛 110G 파이오니어
82129151,헤드앤숄더 샴푸400 건조한 두피 케어
82129262,위스퍼 세이프티존 롯데 중대 60P
82131023,듀라셀 울트라 AAA 12개입 파워체크
82131258,프링글스 오리지날 110GX12  (월드컵 AW)
82132894,대리점 전용팩 2_듀라셀 디럭스 + 로케트
82133066,헤드앤숄더 스완 1250팩-센서티브알로에
82133578,헤드앤숄더 딥 클린 컨디 850 스티커
82133637,크로스액션 탁월한 세정력 35S 3+2
82135432,싸인즈 컨트롤 베이스 25g
82135456,페브리즈 따뜻한 햇살 용기형 370ML
82137934,듀라셀 알카 AAA 2개입 스몰카드
82137942,로케트 알카 AA 4개입
82138142,페이셜 트리트먼트 클렌징 오일 34ml TRI 샘플
82138516,2010 추석 롯데3호
82139009,오랄-비 인디케이터 컴플리트 미세모
82139896,페이셜 트리트먼트 리페어 C 30ML
82140360,오랄비 어린이칫솔 기획팩 (3단계)
82140374,다우니 퍼플  30ML 화이트티와 릴리 향
82140684,스테이지스3단계2입(뉴카즈/프린세스)
82141156,JAS'10 페브리즈 (900+320) 팩 허브향
82142315,팬틴 집중손상케어 트리트먼트 번들팩
82142501,팬틴 집중손상케어 삼푸 1850팩
82142673,2010 추석 테스코1호
82143400,LXP 모이스트 소프트닝 세럼 100ML
82143559,오랄비전동칫솔모1입EB20-1 (FFS)
82145562,페이셜 리프트 이멀젼 100g
82145695,프링글스 파이오니어110g 4팩_양파맛
82146310,팬틴 프리즈디펜스 컨디셔너 550
82146849,셀루미네이션 리퀴드 FND 310
82147112,토탈이펙트 셋트 2 (크림젠틀 50g+클리어로션 20ml+크림노말 10g
82147583,오랄비 델리케이트 화이트 40모 4입
82148160,싸인즈 퍼펙트 래디언스 PWD FND 310
82148996,셀루미네이션 에센스 인 FND 320
82150110,질레트 시리즈 모이스춰라이져 알로에 베라
82150765,위스퍼 리프레쉬케어 트라이얼팩 23개입
82151988,오랄비어린이용배터리전동칫솔D2
82152014,AMJ'11 페브리즈 (900+320) 팩 은은한향
82152928,헤드앤숄더 컨디550 헤어폴클리닉
82153816,LXP 얼티미트 퍼펙팅 크림 50G
82155006,오랄비 음파전동칫솔모 SR32-2
82155330,팬틴 집중수분케어 2550팩_샴컨팩
82156129,듀라셀 울트라 AAA 18개입 파워체크
82157989,크로스액션 프로엑스퍼트 탁월한 세정력 40모 3개입
82158630,페브리즈 상쾌한향 용기형 370ML 올림픽
82159359,팬틴 트리트먼트 200MLX2 내추럴케어
82159902,팬틴샴푸850모발강화STK
82165422,오랄-비 델리케이트 화이트 40모 6개입
82165442,프링글스 양파맛 110G X 12
82166095,퓨전 프로글라이드 매뉴얼 1UP
82166137,탐팩스 펄 레귤러18*12
82166300,화이트 래디언스 크리스탈 클리어 로션
82167971,듀라셀 울트라 AAA 2개입 파워체크
82168846,클리어 뷰티 모이스춰 립스틱 트리오 세트
82169827,오랄비전동칫솔 D16.513
82171012,오랄비 크로스액션 탁월한 세정력 3입
82171022,위스퍼 리프레쉬클린케어 울날소 32>
82171468,팬틴 프리즈디펜스 컨디셔너550
82173118,페브리즈 에어 물빛맑은계곡 3개입 이마트팩
82173230,스템파워 크림 컴팩트 파운데이션420 샘플
82174743,오랄비 펄사 35모 2입 (이마트)
82178693,페브리즈(MO) 320ML 리필형 허브 향
82179030,P&G 팬틴 선물세트 E3호
82179723,프링글스 양파맛 110G X 12
82179740,프링글스 멀티그레인 클래식 102G X 12
82179784,듀라셀 울트라 C 2입
82182129,피테라 에센스 세트
82182967,인디케이터 항균모 4 +크로스액션 항균모 2
82183115,다우니 핑크 2LT 베리베리와 바닐라크림 향_Oct’12
82183231,페브리즈 에어 물빛 맑은계곡 3개입 SSC
82183798,위스퍼핑크세스 울날중 테스코 50개입
82184652,헤드앤숄더 건조한 두피케어 컨디셔너 550ml
82185193,헤드앤숄더 가려운 두피케어 컨디셔너 414ml
82185214,헤드앤숄더 애플프레쉬 컨디셔너 550ml
82185850,위스퍼 대리점 보송보송 시스템 팩 46개입
82186221,다우니 퍼플 1L+1L 팩 화이트티와 릴리 향_Sep'12_스티커
82187622,시리즈젤 센서티브 스킨 200ML
82188099,SK-II 셀루미네이션 오라 에센스 75ml
82188282,링클 스페셜리스트 25g
82188728,로케트 알카 AA 스몰카드 20+2
82189571,듀라셀 디럭스 알카라인 AAA 14팩
82190314,다우니 화이트 티와 릴리향 200ml_스티커
82190593,블루투 플러스 일회용 5입
82191230,헤드앤숄더 Bahamas 샴푸 400 쿨블래스트
82191359,팸퍼스 베이비드라이 2단계 이코노미 박스1/246
82191648,컴플리트 4웨이 프레시 3입
82191946,팸퍼스 베이비드라이 3단계 메가팩
82192017,팸퍼스 이지업 팬티형 남아 5단계 메가 3/40
82194661,헤드앤숄더 MtDew 1700팩- 쿨 멘솔_new
82194676,헤드앤숄더 MtDew 2114팩- 애플프레쉬_new
82194748,헤드앤숄더 MtDew 2550샴푸팩- 쿨 멘솔_new
82194779,페브리즈 (900+320) 팩 은은한향 DJF'13
82195300,위스퍼 피부애 슬림 무향 대형 20P
82196058,오랄비 트라이존 500
82196515,페브리즈 차량용 맑은하늘바람 4개입 코스트코
82198267,위스퍼 코스모 인피니티 중형 2개입
82198595,페브리즈 비치형 스타터킷 뉴질랜드 계곡>
82198938,다우니 퍼플 2L+1.8L리필 화이트 티와 릴리 향
82199474,팬틴 프로브이 아쿠아 퓨어 샴푸 400ml
82200070,스템파워 에센스 30ml 키트
82200199,팬틴 트리트먼트 100mlX6 실키 스무드
82200886,아리엘 리퀴드 1KGX9 바틀
82201346,위스퍼 피부애 울트라  날개대형 12P
82201352,질레트 일회용 면도기 블루투플러스 2개입
82201498,팸퍼스 BB 크루저 5단계 1/132
82201511,팸퍼스 BB 베이비드라이 1단계 이코노미 박스1/252
82201539,팸퍼스 BB 크루저 6단계 1/104
82202096,위스퍼 보송보송케어 울트라 날개 소형32>
82202301,페브리즈 에어 화장실용 (상쾌한 하늘향)
82203250,다우니 퍼플 2L+700ML+200ml추가증정팩 화이트 티와 릴리 향
82203397,위스퍼 후레쉬라이너 향 40*2개입 RRP (RRP)
82204466,프로글라이드 매뉴얼 BBGR 믹스드케이스 (온라인용)
82204605,팬틴 모발강화케어 트리트먼트 200ml
82204686,PGP 페브리즈 비치형 스타터킷 맑은하늘바람 특판용 6개입
82205070,다우니 퍼플 1LT 화이트티와 릴리 향_Oct’>
82205183,헤드앤숄더 BAHAMAS 딥클린 샴푸 850
82205893,페브리즈 차량용 2ML (뉴질랜드 계곡)
82206074,다우니 블루 4L 튤립과 달콤한 라일락 향_PGP
82206443,퓨전 하이드라젤 센서티브 TESCO
82206538,셀루미네이션 에센스인 파운데이션 320
82206734,오랄비 스테이지스 믹스드케이스 (대리점)
82207273,질레트 시리즈젤 퓨어앤센서티브 TESCO
82207898,로케트 망간 9V 1개입 슈링크팩
82208389,싸인즈 너리싱 크림 50g
82208479,에스케이-투 컬러 클리어 뷰티 파우더 파운데이션 330 (레이디언트 오크
82209716,셀루미네이션 데이 서지 UV 50g
82209723,화이트닝 소스 덤 리바이벌 마스크 6P
82210038,팬틴 후지 트리트먼트 200X24 엑스트라 NC
82210273,스템파워 크림인 파운데이션 버프
82211047,오랄-비 프로엑스퍼트 주니어 2입(Star)
82211744,오랄비 트라이엄프 5000
82212362,오랄비 고탄력 초미세모 틈새 케어 1입
82212413,다우니 블루 4LX3 레몬그라스와 달콤한 라일락 향_PGP
82214024,비너스 올레이 면도날 3s
82214239,프로글라이드 매뉴얼 9+1 BBGR (TESCO)
82216755,마스터피스 피테라 크림 50g
82218203,비너스 & 올레이 8+1 팩 (코스트코)
82219501,프로글라이드 매뉴얼 4+1 팩 (플렉스볼)
82219887,Tesco 다우니 핑크 1LT 베리베리와 바닐라크림
82221780,질레트 퓨전 매뉴얼 면도날 16입
82222847,퓨젼 팬텀 파워 면도기
82223065,다우니 김치 블루 2L+1.8L팩 레몬그라스와 달콤한라일락 향
82223220,페브리즈 비치형 리필 (바닐라라벤더의포근함)
82225269,컬러 클리어 뷰티 파우더 파데 420
82227110,다우니 퍼퓸 블랙 200ml 미스티크 향
82227155,마하3 클래식 8입날_BB3  (롯데마트)
82228049,오랄비 크로스액션 주니어 6입 Premium
82228823,위스퍼 리프레쉬클린케어 울트라 날개 중형 36P
82228891,위스퍼 피부애 슈퍼롱 오버나이트 20P
82229448,LXP 얼티미트 퍼펙팅 아이크림 0.5g(비매품)
82229490,T 에스케이- 투 스킨 시그니처 멜팅 리치 크림 50g
82230246,퓨전 매뉴얼 기프트 팩
82230604,페이셜 트리트먼트 에센스 160ml
82231142,위스퍼 피부애 울트라  날개 대형 32P
82231223,위스퍼 슈퍼롱 오버나이트 10개입 (RRP)
82231450,오랄비 델리케이트 화이트 4입
82232017,아티산 브러쉬 파운데이션 105
82232075,아티산 브러쉬 파운데이션  420
82232806,펄사 진동 치석 전문케어 2입
82232824,오랄비 D16 오렌지
82233262,센서3 일회용 1팩
82234622,팬틴 실키샤인 트리트먼트 에센스 200ML 테스코
82234765,브라운 5040s
82236395,팬틴 프로브이 아쿠아 퓨어 컨디셔너 388ml
82236795,2016년형 팸퍼스 크루저 4단계 1박스 (152매)
82236861,퓨전 매뉴얼 BBGR_Tesco (1RZR+8CRT)
82237843,듀라셀 디럭스 AAA 4입_E
82238840,팬틴 퀀텀 샴푸 500ml 극손상
82239724,헤드앤숄더 발리 샴푸 550 헤어폴 클리닉
82240136,위스퍼 보송보송케어 슈퍼롱 오버나이트 날개형 20P
82240730,헤드앤숄더 실키클린 850ml 샴푸
82241713,오랄-비 크로스액션 리필모 EB50-2
82241854,T화이트닝 소스 덤 리바이벌 마스크1P (비매품)
82242114,T트리트먼트 어드밴스드 프로텍트 루스파우더UV
82243560,트래블 익스클루시브 - 리바이벌세트
82243570,오랄-비 펄사 40모
82243824,페브리즈 에어 봄의소생 275G (K-Reach)
82243894,페브리즈 허브향 용기형 370ML
82243958,페브리즈 비치형 리필 (맑은하늘바람) (K-Reach)
82244053,페이셜 트리트먼트 에센스 스프링 버터플라이 리미티드 에디션 230ML
82245887,(일본산) 팸퍼스 베이비드라이 1단계 신생아용 (90X4)
82248304,오랄비 스테이지스 미키 치약 1개입
82250513,페이셜 트리트먼트 젠틀 클렌저 120g
82250697,제놉틱스 스팟 에센스50ml
82251056,오랄비 초소형헤드 블랙티1p
82251139,싸인즈퍼펙트 래디언스 파우더파데420
82252300,마스터피스 피테라 크림50g
82252467,오랄-비 후레쉬 클린 40모 6개입
82252496,오랄비스테이지스 2단계
82252546,알엔에이 파워 크림 80g 듀오세트
82253336,팬틴 실키샤인 트리트먼트 에센스 200ML
82253352,팬틴 딥리페어 트리트먼트 에센스 100ML 롯데
82255163,위스퍼 보송보송케어 울트라날개 중형36P+30P(+틴케이스)
82255182,오랄비 어드밴티지 향균모 10입 이트레이더스
82255614,페브리즈 차량용 프리미엄 살사 나이트 스타터킷 7ml (LEGO)
82255966,페이셜 트리트먼트 클렌징 오일 250ml
82255976,페이셜 트리트먼트 에센스 10ml(비매품)
82255981,알엔에이 파워 크림 80g
82256057,스킨 퍼펙팅 파운데이션 미니420(비매품)
82256923,케이뷰티 세트
82257248,오랄-비 프로엑스퍼트 스타워즈 2입(이마트)
82257492,페브리즈 엑스트라 스트랭스 용기형 370ML
82258605,헤드앤숄더 발리 샴푸 850 가려운 두피케어
82259379,헤어레시피 키위&무화과 볼륨 트리트먼트 530ml
82259771,퓨전 프로쉴드 칠 면도날 8입
82260052,팬틴 콜로서스 트리트먼트220X24 극손상
82260338,위스퍼 보송보송케어 70개입(AGRI)
82260399,프로글라이드 파워 1UP + 프로쉴드 옐로우 8CT (트레이더스)
82260859,다우니 퍼퓸 블랙 700ml 미스티크 향(롯데)
82261003,팬틴 퀀텀 실키스무드케어 샴푸 500X9_LT
82261189,페브리즈 섬유탈취제 허브 향 320ml (Harmony)
82261196,RNA파워 에어리 밀키 로션50g
82264069,오랄-비 D12 바이탈리티 화이트 (3D)
82265367,오랄비 GENIUS 9000 화이트 플라워 한정판
82265520,알엔에이 파워 에센스 마그네틱 세트
82266681,페브리즈 에어 바람속의꽃향기 275G(Kreach2)
82267203,오랄-비 크로스액션 TAJ 1입 + 크로스액션 향균 2입 (홈플러스)
82267744,페브리즈 차량용 프리미엄 살사 나이트 스타터킷 7ml (L.NR)
82267773,다우니 핑크 1L+1L 팩 베리베리와 바닐라크림 향
82268204,질레트 마하 3 면도기 1up
82268988,페브리즈 섬유탈취제 상큼한 과일 향 370ml
82272093,페브리즈 섬유탈취제 가벼운 시트러스향 370MLX4 (이트레이더스)
82272208,페이셜 트리트먼트 클렌징 젤 80g
82272368,프로글라이드 파워 1UP + 프로쉴드 옐로우 8CT (롯데빅)
82273875,컬러 클리어 뷰티 파우더 파데330
82273883,스킨 퍼펙팅 파운데이션420
82275353,(샘플) 팸퍼스 베이비드라이 4단계 팬티형 2P 2X84
82275362,알엔에이 파워 에센스30ml
82276060,헤드앤숄더 2550팩- 쿨 멘솔(Bali)
82276251,오랄비 스테이지스4 프로엑스퍼트 주니어 6입 쿠팡팩
82278054,OLAY 리제너리스트 셀싸이언스 아이 크림 15g
82278805,다우니 핑크 1.6LX2+700ml 베리베리와바닐라크림향(Olympic)
82278812,다우니핑크1L+1L+(200mlX2)베리베리와바닐라크림향(Olympic)
82279260,다우니 오션코랄 퓨어러브 향 200ML
82279899,퓨전 프로쉴드 칠 12+1 쉐이브클럽 팩
82280114,다우니 퍼퓸 헬로 스프링 1L+700mlX2 이마트팩
82280217,다우니 핑크 1L 베리베리와 바닐라크림 향
82280220,다우니 퍼퓸 핫핑크 블룸 2L
82280245,다우니 핑크 리필 700ML 베리베리와 바닐라크림 향
82280338,다우니 퍼퓸 쥬얼 루비 피오니 205g
82281785,다우니 블루 2LX4 레몬그라스와 달콤한 라일락 향 (롯데)
82281940,다우니 스포츠 2L+700ml 팩 액티브 시트러스 향
82283150,페브리즈 차량용 2개입(2mlX2) (다우니향기)(CT)　
82283506,다우니 블랙 4LX3 미스티크 향 리넨케어_PGP_KRE
82283906,다우니 블루 레몬그라스와 달콤한 라일락 향 1LX3+200ML (쿠팡)
82283954,질레트 퓨전 매뉴얼 12+1 팩 (롯데 VIC 마켓)
82284070,페브리즈 섬유탈취제 은은한 향 370ml (Harmony)
82284087,페브리즈 섬유탈취제 가벼운 허브 향 370ml
82284529,다우니 초고농축 스포츠 액티브 시트러스 1LX3+200ml
82285174,팸퍼스 크루저 4단계 1박스 (152매)
82285631,팸퍼스 크루저 6단계 박스 1/72_S7
82286776,페브리즈 370ml+320ml 팩 다우니향(KREACH)
82287001,다우니 스포츠 1LX12 DBD 스포츠 쿨프레시 향
82289555,팸퍼스 베이비드라이 6단계 이노머스 박스 1/112
82289560,팸퍼스 베이비드라이3단계 이노머스 박스1/168
82291588,페브리즈 상쾌한향 용기형 370ML(PGP)
82291759,헤드앤숄더 발리 샴푸 850ML 쿨멘솔 (DBD)
82292277,페브리즈 섬유탈취제 상쾌한 향 320ml (Elixir)
82293361,다우니 퍼플 1.6LX2 화이트티와 릴리 향 (Paper)
82293364,다우니 블루 1.6LX2 레몬그라스와 달콤한 라일락 향 (Paper)
82293385,다우니 스포츠2L+700MLX2액티브 시트러스향 (롯데마트)
82293503,질레트 스킨텍 면도기 1up
82294136,오랄비 어드밴티지 향균모 10입 이트레이더스
82295232,팬틴 미셀라 모이스쳐 샴푸 쿠팡 팩
82296172,오랄-비 초미세모 그린티 4입 + 블랙티 4입 (홈플러스)
82296367,페브리즈 포맨 상쾌한허브향 용기형 370mlX3입 (E-traders)
82296826,스위퍼 더스터 먼지떨이 리필 9입
82297193,오랄비 스테이지스 3단계 프로즌 트윈팩
82297233,다우니 코튼 퓨어러브 1L+1L 팩 (Poly)
82297350,다우니 엑스퍼트 스포츠 2L+1.6L (홈플러스)
82298226,허벌에센스 바이오리뉴 아르간오일 샴푸+컨디셔녀 팩
82298675,페브리즈 차량용 라이트 6입 코스트코팩
82299238,제놉틱스 오라 에센스50ml
82300040,헤드앤숄더 발리 컨디셔너 850 딥클린
82300095,화이트닝소스 덤 리바이벌 마스크6p
82300906,PGP 페브리즈 비치형 스타터킷 맑은하늘바람 특판용 6개입
82301119,알엔에이 파워 아이크림 래디컬 뉴 에이지 2.5G (비매품)
82303514,다우니 퍼퓸컬렉션 어도러블 1L
82304352,다우니 스프링 가든 러브 1L
82304964,FAB퓨어스킨페이스클렌저듀오세트(Cleanser142g*2/5OZ*2)
82305241,퓨전 매뉴얼 면도기 1UP
82305439,페브리즈 섬유탈취제 내추리스 레몬그라스 앤 진저 향 370ml
82305479,팸퍼스 스와들러 6단계 16X4
82306027,다우니 엑스퍼트 스포츠 향 1.05LX3
82307662,페브리즈 섬유탈취제 상쾌한 향 360ml 3입
82308282,PGP 페브리즈 비치형 리필 맑은하늘바람 특판용 6개입
82308334,오랄비 어드벤티지5웨이 후레쉬 3입 + 크로스액션 탁월한 세정력 2
82308876,퓨전 프로쉴드 파워 1up 면도기 1x6x6
82309942,오랄-비 프로엑스퍼트 스타워즈 2입(홈플러스RRP
82309978,다우니 프리미엄 액체형 세제 실내건조 3L
82310359,질레트 퓨전 프로쉴드 옐로우 면도날 11입 팩
82310691,다우니 스프링 가든 러브 2L
82311069,오랄-비 스테이지스3단계 아이언맨2입(National)(Carbonit)
82311074,오랄비 프로엑스퍼트 프로즌II 1입 (Carbonite)
82311614,피테라 디럭스 하이드레이팅 세트
82311729,질레트 퓨전 프로쉴드 칠 면도날 11입 팩
82312337,질레트 프로글라이드 매뉴얼 1up+7ct 팩 (플렉스볼)
82313467,팸퍼스 베이비드라이 3단계 이노머스 1/168_QR
82313481,팸퍼스 베이비드라이 6단계 이노머스 1/112_QR
82314060,다우니 핑크 1L+1L 팩 베리베리와 바닐라크림 향
82314457,다우니 엑스퍼트 스포츠 1LX12 DBD
82315101,오랄-비 크로스액션® 탁월한 세정력 35모 12개입
82315228,페브리즈 370ml+320ml 팩 다우니향
82315233,페브리즈 섬유탈취제 은은한향 370ML+320MLX2 팩
82315372,오랄비어린이칫솔모 EB10-4 FROZEN (트레이더스)
82316107,다우니 핑크 2.6L 베리베리와 바닐라크림 향
82318235,피테라 디럭스 하이드레이팅 세트
82318723,페브리즈 차량용 2개입(2.2mlx2)(곰팡이냄새제거용)
82319011,비너스 컴포트 글라이드 화이트티 4입날
82319080,페브리즈 에어 화장실용 상쾌한 하늘향 2개입+산뜻한 정원향 2개입
82319355,질레트 스킨텍 파워 1up+4ct 팩
82319463,팬틴 콜로서스 컬러케어 1500팩
82319468,헤드앤숄더 2250팩- 쿨 멘솔 (일렉트로맨)
82321177,오랄비 전동칫솔 D12.513 스타워즈 (트레이더스)
82321902,질레트 프로쉴드 옐로우 면도날 8입 (557)
82322009,브라운 시리즈8 날과망 83M
82322015,브라운 시리즈5 날과망 51S
82323048,비너스 엑스트라 스무스 면도날 4입 (657)
82325104,다우니 엑스퍼트 실내 건조 향 1.05LX3
82326542,스위퍼 더스터 먼지떨이 스타터킷x2 + 더스터 먼지떨이 리필 10입x2
82326982,페브리즈 섬유탈취제 내추리스 라벤더 앤 유칼립투스 향370ml
82328761,팬틴 프로브이 미셀라 퓨어 & 모이스트 트리트먼트
82329053,팸퍼스 통잠팬티 4단계 30 X 4
82329396,프로글라이드 파워 면도날 8입 (플렉스볼)
82330003,페브리즈 섬유탈취제 상쾌한 향 370ml
82330633,질레트 스킨텍 저자극 면도 세트
82330747,페브리즈 섬유탈취제 다우니 에이프릴 향 900mlX2 팩
82330776,페브리즈 내추리스 민트앤주니퍼베리 360ml 3입 쿠팡 팩
82330896,페브리즈 에어 바닐라 라벤더의 포근함 4개입 코스트코팩
82330922,페브리즈 에어 맑하바2+라벤더2 쿠팡
82330993,557 질레트 프로글라이드 매뉴얼 면도기 2업 (PX)
82331036,질레트 프로글라이드 매뉴얼8입+파워3입 팩
82332953,오랄-비 초미세모 벨벳 잇몸케어 그린티 6입 (쿠팡)
82333049,다우니 퍼플 2LX2 화이트티와 릴리 이마트 팩
82333447,오랄-비 초소형 헤드 벨벳 잇몸케어 12개입
82333591,브라운 시리즈 8 면도기 8450cc BLACK (Costco)
82334111,질레트 퓨전 파워 면도날 8입 (557) (CP STK)
82401444,AS 페이스 칼라 액센트 301
82401816,AS SW 매직 로망스 EDT 75 T
82403055,AS 스틱 컨실러 02 테스터
82404628,AS 수이 립 글로스 301 테스터
82410299,AS 네일 칼라 N 200
82412331,AS 아이브로우 라이너 500 테스터
82414634,AS 모이스처 리치 PF P04 T
82415852,안나수이 미니 루즈 304
82416770,립 루즈 V 760
82416835,안나수이 립 루즈 D 270 T
82418116,AS 립 칼라 콜렉션 MD V
82420663,AS 아이 칼라 600
82421604,안나수이 아이 칼라 크레용 900 - 테스터
82422290,안나수이 네일 칼라 N 802 -테스터
83008288,프링글스매콤한맛스몰50G
83020598,프링글스마일드미니50G 1*12
83044148,프링글스마일드미니 50G*12
84805423,다우니 에이프럴 후레쉬 587ML
84832944,다우니 에이프릴플레시 3.96L/155LD pallet
84849331,오랄비구강세정기OC20
84850832,프링글스 오리지널40GX12
84850996,질레트 시리즈젤 센서티브 200ml
84854354,팸퍼스 이지업 팬티형 여아 4단계 메가 3/44
84856180,비너스 핑크 면도기
84902682,프링글스콘소메맛스몰50G*12
84902694,PRG PC FE SOY 8/100 G
84948597,프링글스순한맛
80206938,질레트 퓨전 프로글라이드 스타일러
80222234,팸퍼스 이지업 팬티형 여아 6단계 수퍼 1/60
80230820,F14 퓨전 프로글라이드 매뉴얼 면도기 1UP
80232227,팸퍼스 BB 스와들러 2단계 수퍼 1/76
80236775,질레트 마하3 터보 매뉴얼 면도기
80236814,팸퍼스 BB 이지업 팬티형 남아 5단계 수퍼 1/72
80239068,바운티 듀라타월 프린트 2롤
80256441,오랄-비 DNA PRO5000
80263699,오랄비 스테이지스3 트윈팩
80264346,팸퍼스 크루저 3단계 1/174
80275095,2016년형 팸퍼스 크루저 4단계 1박스 (152매)
80294837,팸퍼스 M6 베이비드라이 4단계 이코노미 박스 1X180
80309309,오랄비 프로엑스퍼트 주니어 스타워즈 1입
80337974,오랄-비 SS4000C 코스트코팩
80343495,프로글라이드 파워 면도날 4입 (557 FWIP)
80356659,오랄-비 전동칫솔 iO6 화이트 알라바스터
80358191,오랄-비 전동칫솔 Pro500 크로스액션 (+여행용케이스)
80359835,오랄-비 전동칫솔 iO6 그레이 오팔
80371678,오랄비 EB50RX화이트 리필4입
80371858,오랄비 크로스액션 화이트 리필모 6입
80684316,오랄비 전동칫솔 D12.513 프로즌 (트레이더스)
80688781,헤드앤숄더 샴푸 쿨멘솔  80ml
80690381,스위퍼 더스터 먼지떨이 스타터킷x2 + 더스터 먼지떨이 리필 10입x2
80690893,팸퍼스 2022에어차차 팬티형 6단계 (42X3)
80690924,다우니 생화향기 컬렉션 프리지아 앤 페어 리필 1.6x6
80690928,다우니 생화향기 컬렉션 코튼 퓨어러브 향 1LX12 Lotsell
80691931,페브리즈 항균플러스 깨끗한 향 920ML
80693953,다우니 엑스퍼트 실내 건조 오메가 (그린) 1.05Lx3
80693968,다우니 베이스 핑크 맥퀸  베리베리와 바닐라 3.8X3  stk
80697768,헤드앤숄더 샴푸 1200ML 가려운 두피케어 레거시
80697779,헤드앤숄더 컨디셔너 850 가려운 두피케어 레거시
80698189,다우니 엑스퍼트 실내 건조 오메가 (그린) 1.05Lx3
80702244,페브리즈 화장실용 2개입(6mlx2) 은은한 라벤더향 (Retail)
80705743,오랄-비 프리시즌 클린 리필모 2입 (EB20-2)
80706783,프로글라이드 센서티브 젤 퓨어스포츠 170g
80706963,LXP얼티미트 퍼펙팅 크림 50g
80710687,다우니 엑스퍼트 실내 건조 4LX4 코스트코 (TOMFORD)
80711287,브라운 바디 트리머 교체용 헤드 XT20 (원제품)
80715975,(FWIP) 557.1 프로글라이드 매뉴얼 1ct 
80715993,(FWIP) 557.1 프로글라이드 매뉴얼 4ct 
80716956,다우니 생화향기 컬렉션 프리지아 앤 페어 1LX3 팩 (ET)
80720704,팬틴 프로-브이 엑스트라 볼륨 케어 컨디셔너 500ml
80724038,오랄비 스테이지스3 아이언맨 1입
80726246,다우니 생화향기 컬렉션 시트러스 앤 버베나 2.6L (2023형)
80727999,다우니블루레몬그라스(1.05LX3)x4 F2
80729888,페브리즈 섬유탈취제 다우니향 920mlx6
80729976,다우니 엑스퍼트 항균 파워 플러스 2.6L
80730895,오랄-비 크로스액션 탁월한 세정력 35S 3+2
80737231,파워 에센셜 세트
80737239,크리스탈 클리어 에센셜 코리아 세트
80742977,브라운 IPL PL5257
80743438,브라운 시리즈 7 면도기 72-N1200s BLACK
80745839,페브리즈 포맨 머스크 향 360ml
80749888,공병 ND’23 피테라 메종키츠네 블루 230ml
80752453,다우니 세제 추가헹굼제로 리필 2.2Lx4
80763659,헤숄 샴푸 가려운 두피 케어 1800ml
80764294,오랄-비 펄사 화이트닝 35 2개입 (CM팩)
80769598,페이셜 트리트먼트 에센스 ND'23 메종키츠네 리미티드(블루)
80772418,페브리즈 섬유탈취제 다우니 향 640ml
80772634,질레트 프쉴 옐로우 파워 면도기 기1+날
80774144,다우니 세제 실내건조200MLX48
80774842,페브리즈 섬유탈취제 미스티크 370mlX3
80779377,헤드앤숄더 쿨멘솔 샴푸 500ml 2입 기획 OY
80779911,다우니 스프링 가든 러브 1LX12 M1
80794293,질레트 프쉴 칠 면도날 16입 CP
80794303,질레트 스킨텍 매뉴얼 기1+날12 CP
80794403,페브리즈 섬유탈취제 미스티크 370ml
80794958,(FWIP) 557.1 프로글라이드 매뉴얼 1up 
80796241,오랄-비 젠틀 케어 리필모 2입 (iO전용)
80796481,(557.1 엑스트라윤활) 질레트 스킨텍 파워 (기1+날7)  
80797739,다우니 퍼플 화이트티와 릴리 1LX12 P1
80797747,다우니 퍼플 화이트티와 릴리 200ml P1
80797755,다우니 핑크 목련과 베리 1.05Lx3 P1
80797763,다우니 블루 레몬그라스 (1.05Lx3)x4
80807862,팸퍼스 5.0 통잠팬티 4 단계 30 X 4
80808813,다우니 미스티크2LX2 M1
80809378,브라운 시리즈 9 면도기 9619s GOLD
80809381,브라운 시리즈 9 면도기 9665cc GRAPHITE
80812506,다우니 핑크 목련과 베리 1LX12 P2
80813048,페이셜 트리트먼트 에센스 230ML
80821251,다우니 핑크 목련과 베리 2.6LX6 P1.1
80825348,다우니 프리지아 앤 페어 1LX12 M2
80825371,다우니 스프링 가든 러브2.6LX4 M2
80826688,헤숄 샴푸 루트스트렝스 800ml
80827453,오랄-비 배터리 전동칫솔DB5 블랙 (NEW)
80829293,페브리즈 포맨 쿨 아쿠아 370ml
80831284,다우니 삶음탈취 플러스 1L R3
80833218,페브리즈 화장실용 에어 프레시 스카이 165g
80833224,페브리즈 화장실용 에어 프레시 가든 165g
80833957,다우니 베이스 퍼플 화이트티와 릴리 4.1L
80840412,질레트 프로쉴드 옐로우 파워 8up
80840574,(557.1 ) 질레트 프로쉴드 옐로우 면도날 16입(CP)
80844857,다우니 화이트머스크 1Lx12 M3
80845460,질레트 프로쉴드 옐로우 12입
80845912,오랄비 C자형 치실 30개입
80849417,다우니 미스티크 1.35Lx10 H1
80861767,브라운 시리즈 7 면도기72-C1200s+CC
80864073,헤드앤숄더 두피 토탈 솔루션 샴푸 가려운 두피 케어 1.2L
80871147,에스케이-투 스킨파워 리-뉴 에센스 30ml
80880973,레노아 비즈 화이트티 205GX6
80883971,다우니 화이트티 (1.05Lx3)X4 D2
80886833,페브리즈 섬유탈취제 상쾌한향 360ML x3
80940706,프링글스 매콤한 맛 50g
80962402,프링글스오리지날미니50G*12
80997904,프링글스양파맛미디엄190G*14
81076491,DG 더 원 포 맨 EDT 100ML
81153158,프링글스 라이트 양파맛
81153728,SP 150ml 퍼펙트 헤어
81164348,KP 10/5 엔
81164380,KP 3/6 엔
81164395,KP 6/05엔
81164494,KP 10/00 엔
81181345,AS 폴딩 헤어 브러쉬 피 테스터
81189027,프링글스 라이트 오리지날 160G
81211818,SB 250ml 하이드레 샴푸
81230046,KP 88/77 체스넛브라운
81238082,WS 100ml펄 스타일러
81244392,2010트렌드 테크닉북
81269820,SP 진열장 하이라이터
81271001,WC1000ml서비스 펌 포스트 트리트먼트
81271024,WC 500ml 브릴리언스 트리트먼트
81285932,12월 에이프런
81286020,엑스퀴지트글로스 리파인텍스쳐 세트
81370972,팸퍼스 GEM액티브핏 5단계 1X102
81371247,팸퍼스 GEM액티브핏 3단계 1X136
81405115,버블 케이프
81448032,팸퍼스 뉴베이비 센서티브 2단계 (48X3)
81458268,브라운 여성용 페이스 SE830 JP
81460021,브라운 시리즈1 날과 망 11B
81480818,브라운 시리즈9 9050 CC
81610559,브라운 쿨텍 CT2S_LSD
81625457,브라운 펄소닉 교체용 카세트 70S
81726681,브라운 시리즈 5 날망 51S
81726784,브라운 시리즈 5 면도기 50-M1200s MINT
81753864,"브라운 시리즈 8,9 면도기용 파워 케이스"
81770229,브라운 시리즈 6 면도기 61-N4320cs BLACK
82001330,위스퍼 센서티브 울트라 날개 중형 36개입
82002442,팬틴집중손상딥리페어트리트먼트크림100ML
82002450,위스퍼트윈윙그린알뜰기획팩104P이마트전용
82002553,헤드앤숄더 실키모이스춰 샴푸 570ML
82006006,허벌 에센스 엔젤 스무드 샴푸
82007542,화이트닝소스 덤브라이트너
82008673,팬틴 1400팩-밀키모이스춰
82010368,페브리즈 녹차 370ML 용기형
82010715,팬틴 1350팩-엑스트라스트레이트
82011119,팬틴ET정상린스365G 1SX24
82012176,프링글스　마일드195G 1*14
82024779,큐티프리미엄대형52*4
82026181,페브리즈 400ML 1*15
82029549,팬틴 2550샴푸팩-바운시 볼륨
82031142,팬틴 헤어폴 컨트롤 컨디셔너 375ML
82032861,팬틴시스템샴푸손상1000ML 1*6
82033439,큐티베이비조이소형56*4
82033524,네모난물리필80매1*18
82033973,큐티팝원통형120매1*12
82034153,SK2 DEEP WHITENING
82034622,헤드앤숄더 쿨멘솔샴푸850ML-STKR
82037547,위스퍼울트라후레쉬날개중10*24
82037985,페브리즈(MO) 320ML 리필형 허브 향
82038011,헤드앤숄더2550DM팩-센서티브알로에
82038250,SK2 ONE WEEK TRIAL
82040420,위스퍼 센서티브 울트라 일반 중형 18개입
82041140,위스퍼 센서티브 108P
82041321,큐티GOLD L2*50
82041987,바이타스플레시향1*12
82042276,SK2 TRMT ESNC LIP (BC)
82043657,SK2 WHITENING SPOT ERASE SK3(BC)
82043833,SK-II SKIN MSK 6EA FCL/TRMT MT'L CHNG
82043872,위) W팬티실키실루엣블랙M
82044139,위스퍼그린일반중형40*24
82044754,SGNS퍼펙트래디앙스 PWDFND105
82044976,프링글스마일드스몰50G*12
82045044,비달프리미엄WAVY 3S*6
82045846,PANTENE SHP 550MLX6 UP BC96AG
82046034,SK2 ADV WHT리퀴드FND 21 SP
82046060,SK2 ADV WHT 팬케이크43 BC SAMPLE
82046505,WHISPER PAD XLN 5SX48 BLT WING CORP
82046882,팬틴샴푸손상575ML1*6
82047136,위스퍼슬림날개오버나이트10S*24
82048758,코디라벤더50M10R*8사내판매
82049015,SK2페이셜트리트먼드UV크림50G
82049050,큐티베이비컵1*90
82049236,비달사순린스샘플10ML
82050107,위스퍼낮+밤스페셜팩슬림2*12
82050147,클리어 솔루션 트라이얼
82051666,비달익사이팅STRT 560ML
82052161,PAMPERS DPR MD (60+2)SX4 FALL02 BONUS PK
82052407,WHISPER SAPD RLN 20SX24 BLT CDU TUBE(HK)
82052574,위스퍼슬림날개중24*24
82053296,팬틴추석선물세트3호
82053504,어드밴스드 프로텍트 에센스 UV 미니어쳐
82054151,COSTCO날개소형32P번들
82054338,팬틴모이스쳐1000ML B타입
82054641,뉴오픈코디50*18R
82055816,크레스트스핀브러쉬유스파란색
82055943,SK2 FC CRM SIGNS TRMT ESS OC-1 RF
82056953,바디 디자이너 250g
82059248,SK-II페이셜트리트먼트클렌징오일 250ml
82059339,팬틴선물세트2호
82061579,팬틴9월750팩모이스춰
82061917,코디증정품 (쉐이크컵 )
82063365,헤드앤숄더 샴푸 멘솔 10ML
82063668,헤드앤숄더기프트박스딥
82064031,팬틴11월1404 팩집중손상
82065020,팬틴모이스춰케어컨디셔너500
82065596,팬틴1400팩볼륨
82065672,크레스트스탠드2단단면
82067443,크레스트스핀브러쉬더블헤더
82067880,코디일반50미터24롤프로모션
82067960,팬틴1500팩모이스춰
82068524,May'04조이500ml번들팩프로모션
82068910,팬틴 1900팩-집중손상
82069485,팬틴모이스춰트리트먼트200ml-비매품
82069498,PAMPERS DPR MD 46SX6 TAPE F04 JMB
82069499,PAMPERS DPR LG 40SX6 TAPE F04 JMB
82069732,헤드앤숄더1530팩모이스트
82070961,싸인즈 트랜스폼 FND 105 스노우 스킨
82073204,위스퍼그린시스템팩-E-2nd
82075786,웰라칼라엑스트라케어 6/074 벨벳브라운
82077339,페브리즈(투명) 370ML 플러스
82077449,헤드앤숄더샴푸멘솔400ML
82077921,헤드앤숄더 샴푸 멘솔 7.5ML
82078532,팬틴 집중손상케어 100ml 트리트먼트
82078606,프링글스 유러피안 콜라팩-후추맛
82079103,SK-II 파우더 파운데이션 컴팩트 (빨강)
82079824,헤드앤숄더 샴푸 960 멘솔 - 래핑(5사인즈)
82081650,비달사순 샤이니에센스 왁스 60g
82081654,비달사순 스타일링 클레이 왁스 60G
82082319,비달사순 1520팩-프로페셔널 스타일
82082617,페브리즈 에어 비치형 마일드 핑크 리필
82083201,웰라 트리트먼트칼라 인텐시브 7B
82084559,비달사순 50주년기념 1600팩-프로페셔널
82085698,위스퍼 소프트클린 슬림 날개 중형 18
82085759,(뉴)트리트먼트 칼라 믹스드케이스
82087179,비달사순 살롱 모이스춰 트리트먼트 180G
82087355,팬틴 750 팩-집중손상
82087994,헤드앤숄더프레쉬레몬샴푸850ML
82088183,팬틴 2100팩-밀키모이스춰
82088246,위스퍼 소프트클린 트윈윙 울날중 32개입
82088254,위스퍼 그린 트윈윙 오버나이트 14개입
82089305,프링글스 독일풍 나쵸치즈맛
82089505,솔리드 스타일 왁스
82093065,웰라칼라엑스트라케어 10/4 (DBD)
82093088,웰라칼라엑스트라케어 5/4 (DA)
82095995,팬틴 1650팩-밀키 모이스춰
82096420,팬틴 950팩-바운시볼륨
82096477,헤드앤숄더 2270팩- 릴랙스 티트리
82096499,헤드앤숄더 1250팩-쿨멘솔
82096510,헤드앤숄더 770팩-실키모이스춰
82097480,헤드앤숄더RELAX티트리샴푸40ML
82097789,엑스트라 데미지 케어 컨디셔너 200G
82098478,헤드앤숄더릴랙스티트리컨디850ML-COSTCO
82099367,헤드앤숄더 1530팩-레몬
82100448,페브리즈(MO) 320ML 리필형 플로랄 향
82101688,위스퍼 소프트라이트 번들팩 56P
82102368,루슨트 베이스
82102800,화이트 소스 트랜스폼 FND 440
82104433,팬틴바운시볼륨샴푸550ML
82104435,팬틴바운시볼륨컨디500ML
82104810,페브리즈에어비치형프로모션팩프레시블루
82106592,비달사순 살롱 모이스춰 컨디셔너
82106643,어드밴스드WS팬케익EX 330
82110317,팬틴집중손상올인원샴푸550ML
82110596,헤드앤숄더 센서티브알로에 컨디 850ML
82111375,팬틴 선물세트 2호
82111535,팬틴 집중손상케어 트리트먼트 185G
82113540,웰라_내추럴_8N_추석한정할인팩
82113762,팬틴 프리즈디펜스 세럼30_스티커
82116072,헤드앤숄더 2270팩- 센서티브 알로에
82116713,어드밴스드WS팬케익EX 320
82117081,차량 비치용 페브리즈 210ML
82117767,헤드앤숄더 쿨멘솔 샴푸 570ML
82117891,페이셜리프트이멀전 10ML
82121441,WHISPER PAD UTUBE 20SX24 22CM DIANA'09
82123393,2009추석 테스코3호
82123813,JAS'09 페브리즈 370ML+320ML 팩 상쾌한향
82126558,헤드앤숄더 센서티브알로에 샴푸 850ML
82126571,헤드앤숄더 헤어 폴 클리닉 컨디 850ML
82127172,팬틴 트리플 집중 영양팩 150G
82129170,헤드앤숄더 컨디850 민감한 두피 케어
82131020,듀라셀 울트라 AA 4개입 파워체크
82132673,오랄비충전식전동칫솔D12.023W
82132971,스킨 시그니처 80g
82133583,헤드앤숄더 레몬 컨디 850 스티커
82133988,헤드앤숄더 샴푸550 건조한 두피 케어
82134865,시리즈젤 센서티브 트윈팩
82135010,페이셜 트리트먼트 클리어로션 40ml 샘플
82135294,페이셜 리프트 이멀젼 10g 샘플
82135490,질레트 콘투어 플러스 면도날 5입
82138021,썬파워 망간 랜턴용 4R25A 1개입
82138046,오랄비 젠틀케어 35모 96개입
82138073,센서티브 알로에 샴푸 850 백스티커
82138206,싸인즈 업 리프터 40g
82138687,다우니 블루 2L 튤립과 달콤한 라일락 향
82138999,오랄-비 펄사 35모
82139108,오랄-비 크로스액션 젠틀케어 35모
82139654,페이셜 트리트먼트 클리어로션 215ml
82140921,브라이트닝 루센트 베이스 25g
82142236,팬틴 집중수분케어 1000팩
82142846,위스퍼 슈퍼롱 오버나이트 번들팩
82143461,LXP 모이스트 소프트닝 세럼 10ML 샘플
82144131,조명용 방향 쉐이드 (건전지형) 버드나무 꽃 향
82144231,오랄비전동칫솔모2입EB417-2
82145529,페브리즈 에어 (상큼한라임오렌지) 슬리브
82145841,질레트 일회용 면도기 블루투플러스 24개입
82146104,페브리즈 에어 태국의 열대과일 향기 275G
82146995,화이트닝 스팟 스페셜리스트 30ML
82147062,토탈이펙트 7 인 1 안티에이징 나이트 크림
82147093,토탈이펙트 7 인 1 안티에이징 스트레치 마스크
82147114,화이트래디언스 셋트 1 (브라이트닝세럼 50ml+클리어로션 20ml+ 리
82148588,마하3 면도기 1up_헤라클레스
82150190,비전 3입 + 인디케이터 항균 2입(코스트코팩)
82151989,오랄비어린이충전식전동칫솔D12.513
82152316,WS 덤 리바이벌 프로그램 6p
82154640,질레트 블루투 플러스 일회용면도기 5입
82155030,토탈이펙트 7 인 1 안티에이징 인헨싱 클리어 로션
82155171,팬틴 150mlX2 트리플 집중 영양팩_번들
82155238,페브리즈 차량용 2ml (라벤더의 포근함)
82155275,조이 리필 400ml
82155331,팬틴 실키 스무드 케어 1000팩
82157580,위스퍼 리프레쉬클린 케어 시스템 74개입 RRP
82157949,오랄비교정용칫솔
82158711,WHISPER PAD 18SX12 S3 SPR11 CHONAN
82159471,다우니 핑크 1LT베리베리와 바닐라크림 향_런치 베네핏 스티커
82161751,SK-II 셀루미네이션 데이 서지 유브이 50g
82162845,팬틴 컨디 1200MLX9 토탈 모이스쳐 케어
82163599,헤드앤숄더 MMS 2550팩- 헤어 폴 클리닉
82163711,헤드앤숄더 애플프레쉬 컨디셔너 850ml
82163906,위스퍼 보송보송케어 74개입
82164124,아쿠아액션 인텐시브 너리싱 에멀전
82164161,팬틴 바운시볼륨케어 샴푸 850
82164163,팬틴 집중손상케어 샴푸 500
82164421,팬틴 극손상케어 컨디셔너 500
82166310,퓨전 프로글라이드 기프트팩
82169511,마하3터보 면도날8입
82169526,브라운 믹서기 MX2050
82169716,페브리즈 370ml+370ml 팩 상쾌한향 2011
82171034,다우니 블루 2L+2L 팩 튤립과 달콤한 라일락 향
82171710,팬틴 집중 손상 컨디셔닝 린스 850ML
82171792,퓨전 매뉴얼 면도기 (올림픽)
82173109,페브리즈 에어 하와이향 4개입 코스트코팩
82173223,오랄비 스테이지스 치약 카즈&프린세스
82173428,프로글라이드 올림픽 젤
82174429,위스퍼보송보송케어 중형50RRP
82174561,오랄비 치실 글라이드 딥 클린 40m
82174761,위스퍼 리프레쉬클린케어 벌키 중형56개입
82176846,비너스 핑크 면도날 2입
82179327,팬틴 집중손상케어 2550팩
82179538,페브리즈 에어 뉴질랜드 계곡의 향기 275G
82180239,팬틴 트리트먼트 (150X2)X12 딥리페 헤어 마스크팩_T
82180862,프로글라이드 매뉴얼 8입날+프로글라이드 200ml 젤 기획팩
82181414,토탈이펙트세트3- TE노말50g+세럼50g+TE CL150ml
82181918,페브리즈 에어 (물빛 맑은 계곡)
82183117,다우니 핑크 700ml베리베리와 바닐라크림 향_Oct’12
82183230,페브리즈 에어 물빛 맑은계곡 2개입 SSC
82183683,프로글라이드 매뉴얼 면도기 2up+프로글라이드 젤 200ml 기획팩
82184119,팬틴 내츄럴케어 컨디셔너 500
82184180,오랄비 인디케이터 미세모 3+3
82185016,다우니 퍼퓸 핑크 2L 이노센스 향
82185194,헤드앤숄더 센서티브 알로에 샴푸 550ml
82185919,다우니 핑크 200ml 선물세트 스티커
82186259,다우니 화이트티와 릴리 향 700ml_스티커
82186670,위스퍼 보송보송케어 울날중 90개입 RRP
82187241,다우니 에이프럴 후레쉬 2.3L
82188617,다우니 블루 1.8L리필 튤립과 달콤한 라일락 향
82189071,다우니 핑크 4LX3 베리베리와 바닐라크림 향_PG
82189298,오랄비 크로스액션 TAJ Lite
82189509,다우니 에이프릴 프레쉬향 3.06L
82189646,듀라셀 디럭스 알카라인 AAA 16팩
82190416,시리즈젤 쿨 클렌징 200ML
82190474,오랄비 클리니컬 프로플렉스 3+1입
82190540,에스케이-투 페이셜트리트먼트에센스150ML
82190550,에스케이-투 스템파워 크림 50G
82191100,질레트 마하3터보 면도날8입
82191854,오랄비 왁스 치실 50mX2입팩
82194607,페브리즈 에어 물빛맑은계곡 3개입 이마트팩(3*7)
82196456,팸퍼스 베이비드라이 3단계 이코노미 박스1/222
82196814,퓨전 프로글라이드 매뉴얼 면도기 AMJ'13
82198592,페브리즈 비치형 하와이 스타터킷 5.5ML
82198770,듀라셀 디럭스 알카 AA 8팩_TESCO
82199807,에스케이-투 베이직 스킨케어 세트
82199959,팬틴 프로브이 아쿠아 퓨어 샴푸 727ml
82201342,위스퍼 피부애 울트라  날개중형 16P
82201669,위스퍼 리프레쉬클린케어 중형50RRP
82202089,위스퍼 리프레쉬클린케어 울날소 18>
82203297,오랄비 전동칫솔 OC20
82204647,팬틴 모발강화케어 트리트먼트 200ml
82205188,헤드앤숄더 Bahamas 애플 프레쉬 컨디셔너 850
82205911,LXP 얼티미트 퍼펙팅 크림 50g
82205920,맨 브라이트닝 세럼 30g
82206540,셀루미네이션 에센스인 파운데이션 420
82207162,마이크로 씬 클린 미세모 4입(national)
82207412,질레트 포오미 멘솔TESCO
82207561,듀라셀 디럭스 알카라인 AA 14팩
82208385,싸인즈 업 리프터 40g
82209711,페이셜 트리트먼트 클리어로션 150ml
82209739,페이셜 트리트 에센스 30ml (비매품)
82210058,프로플렉스 치석 전문케어 듀얼모3입
82210265,스템파워 크림인 파운데이션 컴팩트(레드)
82210299,셀루미네이션 딥 서지 EX 15g (비매품)
82210442,듀라셀 뉴 울트라 파워체크 AAA 24팩
82211471,위스퍼 리프레쉬 케어 70개입
82211881,듀라셀 디럭스 알카AAA 6+2 보너스팩 신규
82212270,퓨전 프로글라이드젤 쿨링 200ML
82212339,다우니 블루 200ml 레몬그라스와 달콤한 라일락 향
82215143,셀루미네이션 에센스 EX 30ml 키트
82216845,질레트 퓨전 파워 면도날 4입
82217142,페브리즈 허브향 용기형 370ML
82218696,팬틴 샴푸 500X9 실키스무드
82221920,위스퍼 리프레쉬클린케어 울날소 32>
82222182,리프레쉬슈퍼롱오버나이트20개입 RRP
82223053,페브리즈 화장실용 부착형 3개입 코스트코팩
82223131,듀라셀 울트라 AAA 4개입_Tesco
82224532,팬틴 극손상케어 2000ML팩 이마트
82227692,위스퍼 수퍼롱 오버나이트 20P ( VIC Market)
82228180,화이트닝 파워 스팟 스페셜리스트50ml
82228818,위스퍼 보송보송케어 울트라 날개 중형18P
82228851,위스퍼 보송보송케어 울트라 날개 중형 50P(RRP)
82228853,위스퍼 보송보송케어 울트라 날개 중형 56P
82228973,퓨전 프로쉴드 칠 면도기 1up
82229205,화장용 퍼프(화이트케이스 타원형)
82230052,스킨 퍼펙팅 파운데이션320
82230058,스킨 퍼펙팅 파운데이션440
82230335,다우니 퍼퓸 블랙 1.7L 미스티크 향
82230809,피테라 에센스 230ML 블루 허밍버드 LTD
82230841,페브리즈(MO) 900ML 실속형 은은한 향
82232575,마하3 클래식 8입+면도기 1up팩
82232625,오랄비 고탄력 초미세모 잇몸전문 케어 6입 DBD
82232800,오랄비 스테이지스2 4입+크로스액션 탁월한 세정력 2입
82232874,페브리즈 부착형 화장실용 상쾌한 하늘향 스타터킷 2개입_이트레이더스
82232888,다우니 아로마쥬얼 로얄 피오니 375g
82234807,컬러 클리어 뷰티 에나멜 크림 컴팩트 440
82234884,컬러 클리어 뷰티 에나멜 크림 컴팩트 320
82235266,탐팩스 펄 레귤러
82235952,페이셜 트리트먼트 클리어 로션 2ml(비매품)
82236306,팸퍼스 베이비드라이 팬티 6단계(점보형) 28X4
82236596,2016년형 팸퍼스 크루저 4단계 1박스 (152매)
82236694,브리즈 대용량 다우니 용기형 900ML
82236794,2016년형 팸퍼스 크루저 3단계 1박스 (174매)
82237060,아티산 브러쉬 파운데이션 (유브이/라이트) 330
82240520,위스퍼 보송보송케어 시스템 기획 74P(롯데마트)
82240579,헤드앤숄더 발리 컨디셔너 850 가려운 두피케어
82240948,다우니 퍼퓸 로즈골드 럭셔리 피오니 2.7L
82241187,질레트 퓨전 프로글라이드 센서티브 면도젤_3입 (코스트코)
82241238,오랄비 스테이지스 치약 3입 –코스트코
82241629,오랄비 크로스액션 TAJ Lite 4입
82241840,프로글라이드 플렉스볼 파워 믹스드케이스
82241880,T화이트닝 소스 덤 리바이벌 마스크 6P
82241998,질레트 마하3 면도날 4입
82242059,T 에스케이-투 페이셜 트리트먼트 에센스-아이 15g
82243766,페브리즈 차량용 프리미엄 플라워멜로디 스타터킷 7ml (K-Reach)
82243900,페브리즈(MO) 900ML 실속형 은은한 향
82244618,페이셜 트리트먼트 에센스 블루 리미티드 에디션
82244728,오랄비 고탄력 초미세모 잇몸전문 케어 6입 DBD (기존)
82244739,오랄-비 크로스액션 항균케어 35모 3입
82244774,오랄-비 크로스액션 탁월한 세정력 40모 3입
82244983,오랄-비 어린이 전동칫솔 리필모 코스트코 팩
82244986,오랄-비 스테이지스 3단계 – 카즈/프린세스
82245220,팸퍼스 베이비드라이 2단계1팩(68매)
82245833,페브리즈 370ml+370ml 팩 다우니향(PP)
82246143,위스퍼 보송보송 104P (이트레이더스)
82246396,아티산 화이트케이스 & 브러쉬 세트
82247177,다우니 퍼퓸 로즈골드 럭셔리피오니 200MLX24
82247382,페이셜 트리트먼트 젠틀 클렌저120g
82247500,맨 UV 프로텍트 모이스쳐라이저 50g
82248592,맨 페이셜 트리트먼트 에센스 30ml(비매품)
82248817,엘엑스피 얼티미트 퍼펙팅 크림 2.5g(비매품)
82248820,LXP 얼티미트 퍼펙팅 크림50g
82248887,페브리즈 에어 바닐라 라벤더의 포근함 4개입 코스트코팩
82249311,페브리즈 차량용 2개입(2mlX2) (다우니향기)
82250365,오랄비 고탄력 초미세모 그린티 4개입(Homeplus)
82250479,페이셜 트리트먼트 에센스 230ml
82251000,PGP 페브리즈 비치형 리필 맑은하늘바람 특판용 6개입
82251125,싸인즈퍼펙트 래디언스 리퀴드파데440
82252470,오랄비스테이지스 1단계
82252479,다우니 스포츠 1L+1L 팩 액티브 시트러스 향
82252797,스킨 퍼펙팅 파운데이션330
82253360,팬틴 3분 미라클 앰퓰 트리트먼트 (15GX5)X24 롯데
82253936,오랄-비 펄사 40모 2입(롯데마트)
82254558,헤드앤숄더 Bahamas 샴푸 550 헤어폴 클리닉
82255587,페브리즈 차량용 프리미엄 숲속의 콘체르토 리필 7ml (LEGO)
82255947,제놉틱스 오라 에센스 75ml
82256063,싸인즈 퍼펙트 래디앙스 파우더 파데 컴팩트(레드)
82257491,페브리즈(MO) 900ML 대용량 허브 향
82258540,질레트 블루3 심플 8s
82258570,엘엑스피 얼티미트 퍼펙팅 세럼 50ml
82259764,퓨전 프로쉴드 칠 면도날 4입
82260470,퓨전 프로쉴드 옐로우 1up+4ct+Gel팩(이트레이더스)
82260565,비너스 컴포트 글라이드 화이트티 면도기 2UP
82260861,다우니 퍼퓸 블랙 1L 미스티크 향(테스코/롯데)
82261186,페브리즈 섬유탈취제 은은한 향 900ml (Harmony)
82261241,페브리즈 섬유탈취제 다우니 향 370ml (Harmony)
82261249,페브리즈 섬유탈취제 허브향370ml (Harmony)
82261294,페브리즈 섬유탈취제 가벼운 허브 향 370ml
82261780,페브리즈 포맨 370mlX2+320ml 코스트코팩
82262409,팸퍼스 베이비드라이 2단계 샘플 4P (4X111)
82263091,OLAY 리제너리스트 셀싸이언스 토너 150ml
82263111,스킨 시그니처 3D 리디파이닝 마스크 1p (비매품)
82265053,다우니 퍼퓸 로즈골드 럭셔리피오니 1LX3
82267708,피테라 에센스 230ml 데스티니I
82270792,질레트 프로쉴드 홈플러스 추석팩'17
82271439,질레트 포오미 레몬라임 175G 1X6 NEW
82271445,시리즈젤 센서티브 스킨 200ML
82271461,헤드앤숄더 2550팩- 가려운 두피(Olympic)
82272366,퓨전 프로쉴드 옐로우 믹스드케이스
82272525,페브리즈 비치형 스타터킷 (바닐라라벤더의 포근함) (Kreach2)
82273868,페브리즈 포맨 상쾌한허브향 보충형 320ml
82274151,질레트 프로글라이드 파워 8+1 팩 (플렉스볼)
82274408,글로잉 오라 세트
82275643,스킨 퍼펙팅 파운데이션440
82275683,화이트닝 소스 클리어 로션150ml
82279268,다우니 오션코랄 퓨어러브 향 2L
82280157,다우니 퍼퓸 골드 샤인 2L+700ML (Chanel) - poly
82280211,다우니 블루 1.6L 레몬그라스와 달콤한 라일락 향
82280247,다우니 퍼플 700ml 화이트티와 릴리 향
82281469,페브리즈 섬유탈취제 다우니 향 370ml (Harmony)
82281481,페브리즈 섬유탈취제 상쾌한 향 900ml (Harmony)
82282753,퓨전 프로글라이드 파워 4입날 쉐이브클럽 팩 (프리미엄)
82284083,페브리즈 섬유탈취제 가벼운 시트러스 향 370ml
82285097,다우니블루4LX4레몬그라스와달콤한라일락향_PGP(Kreach2)
82286403,질레트 마하3 터보 매뉴얼 면도기
82286696,퓨전 매뉴얼 면도날 14입 (홈플러스)
82286739,퓨전 프로쉴드 옐로우 면도날 16입 (ECOM)
82286742,퓨전 프로글라이드 파워 면도날 16입 (ECOM)
82286781,페브리즈 섬유탈취제  이마트팩 은은 370mlX2 + 다우니 210ml
82286959,45G 샘플키트
82287005,페브리즈 상쾌한향 900mlx2 + 투고 85ml_쿠팡
82287207,허벌에센스 리페어 아르간 오일 오브 모로코 샴푸
82287964,페브리즈 차량용 맑은 하늘바람 2개입+다우니2개입_쿠팡(리모넨)
82288264,알엔에이 파워 아이크림 15G
82288324,다우니 엑스퍼트 실내 건조 1.6L
82288494,홈플러스 질레트 프로쉴드 추석팩
82288581,허벌에센스 리바이터라이즈 블루 진저 컨디셔너 400ML
82288803,페브리즈 미스트 패브릭
82289966,페브리즈 차량용 2개입(2.2mlx2)(담배냄새제거용)
82290008,퓨전메뉴얼 BBGR 팩
82291004,SK-II 피테라 오라 세트
82291106,팸퍼스 스와들러 5단계 19X4
82291701,팬틴 콜로서스 엑스트라볼륨 1500팩
82292292,페브리즈 포맨 쿨아쿠아향 보충형 320ml (Elixir)
82292781,다우니 블루 2L 레몬그라스와 달콤한 라일락 향
82292821,다우니 퍼플 2.6LX4 화이트티와 릴리 향
82293244,스킨파워 크림 80g 듀오세트
82293249,스킨파워 아이크림 15g 듀오세트
82294928,오랄비 지니어스 8000 화이트 코스트코 팩
82295708,피테라 에센스 리미티드 옐로우  230ml(JJA21)
82296368,페브리즈 섬유탈취제 상쾌한향 370ML+320MLX2 팩
82296370,페브리즈 포맨 상쾌한허브향 370ML+320MLX2 팩
82296563,팸퍼스 베이비드라이 S3 5P (샘플)
82296991,페브리즈 비치형 리필 (맑은하늘바람)
82297213,다우니 블루 2L+1.6L 홈플러스 팩 (Paper)
82297215,다우니 퍼플 2L+1.6L 홈플러스 팩 (Paper)
82297227,다우니 코튼 퓨어러브 1L+1L 팩 (Paper)
82297924,팬틴 콜로서스 극손상 샴푸 쿠팡팩
82297974,페브리즈 포맨 상쾌한허브 향 360ml 3입 쿠팡 팩
82298087,팸퍼스 베이비드라이3단계 이노머스 박스1/168
82299234,페이스 트리트먼트 리페어C 30ml
82299597,다우니 퍼퓸컬렉션 어도러블 1L
82299734,팬틴 콜로서스 컨디셔너 500ML 실키스무드
82300117,RNA파워 에어리 밀키 로션2.5g
82300535,질레트 클럽 4개월팩  플렉스볼 프로쉴드 면도날 4입
82301364,페브리즈 차량용 담배냄새 제거용 2ml*2*2 (쿠팡)
82303795,오랄-비 크로스액션 항균모 35S
82304185,허벌에센스 노리쉬 패션 플라워 & 라이스 밀크 컨디셔너
82304260,팬틴 샴푸 200MLX6 데일리 모이스처 리뉴얼
82304351,다우니 스프링 가든 러브 1.6L
82304926,질레트 마하 3 면도기 1up
82306028,다우니 엑스퍼트 실내 건조 향 1.05LX3
82306130,페브리즈 에어 맑은하늘바람 2개입 + 페브리즈 에어 다우니 2개입
82306766,페브리즈 코스트코 내추리스 레몬그라스앤진저 (370MLX3)X7
82307664,페브리즈 섬유탈취제 포맨 상쾌한허브 향 360ml 3입
82307870,다우니 코튼 퓨어러브 2L+1.6L 롯데마트 창립 팩
82307922,팸퍼스 베이비드라이 팬티 5단계 쿠팡팩 52P X 3
82309180,질레트 퓨전 프로글라이드 파워 면도날 16입 팩 (COUPANG)
82309979,다우니 프리미엄 액체형 세제 실내건조 2.7L
82310721,다우니 퍼퓸 보타닉 가든 2Lx4
82310727,다우니 퍼퓸 코튼퓨어러브 2Lx4
82311073,오랄-비스테이지스3단계2입 프로즌II (Carbonite)
82311421,OLAY RG CS 에센스 2020 리미티드 듀오세트(30ml*2)
82311732,질레트 프로글라이드 매뉴얼8ct+프로쉴드 옐로우3ct 팩 (롯데마트)
82312833,다우니 스프링 가든 러브 1.05LX3
82313465,팸퍼스 베이비드라이 3단계 이노머스 1/168_QR
82313468,팸퍼스 베이비드라이 4단계 이노머스 1/150_QR
82313807,페브리즈 섬유탈취제 다우니 향 320ml (Elixir)
82314288,비너스 새틴케어젤 195G
82314430,페브리즈차량용내추리스화이트로즈2.2mlx3+민트블라썸2.2mlx2
82314543,오랄비 초소형헤드 벨벳 6입 (쿠팡)
82314980,다우니 엑스퍼트 실내건조 4LX4 (코스트코)
82315127,페브리즈 차량용 맑은하늘바람2.2ML4입+다우니2.2ML2입
82315227,페브리즈 370ml+320ml 팩 상쾌한향
82315261,다우니 퍼플 4L 화이트티와 릴리 향_PGP
82315371,오랄비어린이칫솔모EB10-4 Fozen
82315385,오랄비전동칫솔모8입EB20-8 (FFS)
82315765,페브리즈 화장실용 2개입(6mlx2) 은은한 라벤더향 (Retail)
82316112,다우니 엑스퍼트 실내 건조 2L
82316524,다우니 핑크 1LX12 DBD 베리베리와 바닐라크림 향
82316580,다우니 어도러블 1.05LX3
82316739,질레트 스킨텍 매뉴얼 6+1 팩
82316830,에스케이-투 엘엑스피 얼티미트 퍼펙팅 크림 2.5g (비매품)
82317339,오랄비 프로엑스퍼트 프로즌 2입
82317553,제놉틱스 스팟 에센스 50ml
82318051,오랄-비 치실 글라이드 3D 화이트 35M
82318250,질레트 마하5스포츠 면도기 2up
82318473,페브리즈 향균플러스 산뜻한향 대용량리필 640ml
82319617,팸퍼스 베이비드라이 팬티 5단계 쿠팡팩 52P X 3
82322010,브라운 시리즈9 날과망 92M
82324820,퓨전 프로글라이드 파워 면도날 14입 (코스트코)
82325105,다우니 초고농축 블루 레몬그라스와 달콤한 라일락향 1.05LX3
82325314,다우니 초고농축 블루 레몬그라스와 달콤한 라일락향 1.05LX3
82326477,질레트 스킨텍 파워 1up + 3ct 팩 (플렉스볼)
82327103,페브리즈 향균플러스 깨끗한향 370ml
82327414,다우니 프리미엄 액체형 세제 실내건조 3L
82327901,페브리즈 차량용 2.2mlx3 다우니
82328033,에스케이-투 페이셜 트리트먼트 에센스 앤디워홀 리미티드 에디션 (레드)
82328120,오랄-비 펄사 35모 2입 (LT/NTL)
82328354,페브리즈 섬유탈취제 은은한향 370ml (Cass)
82328368,팸퍼스 베이비드라이 + 통잠 5단계 샘플팩 8X30
82328441,오랄비전동칫솔모2입EB18-2(생활용품매장)
82328462,페브리즈 화장실용 상쾌한비누향3입+향긋한 꽃향기2입
82328763,팬틴 데일리 모이스처 리뉴얼 컨디셔너 1200ml
82330008,페브리즈 섬유탈취제 포맨 쿨아쿠아향 보충용 320ml
82330013,페브리즈 섬유탈취제 상쾌한향 보충용 650ml
82330509,비너스 스월 면도기 2UP (657)
82330765,오랄-비 크로스액션 항균모 8입
82330895,페브리즈 에어 맑은하늘바람 2개입 (hyper)
82330927,오랄-비 센시티브 클린 10입
82331318,질레트 프로글라이드 매뉴얼 핸들+12ct팩 (COUPANG)
82331869,다우니 블루 1L+1L 팩 레몬그라스와 라일락
82332344,오랄비 C자형 치실 30개X5입 팩
82333192,페브리즈 370ml+320ml 팩 상쾌한향
82333613,다우니 엑스퍼트 2L+1.6L 실내 건조 향 이마트 팩
82333643,오랄비 키즈 리필모 프로즌 4입
82333748,다우니 베이스 블루 맥퀸 레몬그라스와 라일락  1.05Lx3
82334024,다우니 엑스퍼트 실내 건조 오메가 (그린) 1L+1L 팩
82402545,AS 립 밤
82404369,안나수이 헤어 콤
82404571,AS 수이 립 글로스 601
82410140,AS 네일 칼라 N 500 테스터
82410148,AS 네일 칼라 N 701 - 테스터
82410237,AS 네일 아트 칼라 N 270 - 테스터
82410298,AS 네일 칼라 엔 103
82410309,AS 네일 칼라 엔 306
82410317,AS 네일 칼라 엔 600
82410788,AS 모이스처라이징 로션테스터
82412326,AS 수이 립 글로스 309
82412345,AS 수이 립 글로스 604 테스터
82413662,AS 헤어 콤 알
82415069,안나수이 MOIST. EYE TREAT. 크림 T
82418229,AS 화이트닝 마스크 엔 테스터
82420312,AS 글리터링 아이칼라 800 - 테스터
82420604,AS 아이 칼라 (팬 필드 테스터) 300
82420650,AS 아이 칼라 101
82422282,안나수이 립 글로스 R 550 -테스터
82422284,안나수이 립 글로스 R 750 -테스터
82422343,안나수이 립 글로스 C 305
83027980,프링글스콘소메맛미디엄
83046421,프링글스오리지날스몰50G
84847746,퓨전파워 면도날 4개입
84852507,오랄비 전동칫솔 D12.513 카즈/프린세스
84854376,팸퍼스 이지업 팬티형 남아 6단계 메가 3/33
84858979,다우니 에이프럴 후레쉬 2.3L
84912826,프링글스피자맛스몰50G
84957543,프링글스양파맛미디엄190G
84961866,프링글스 피자맛미디엄 184G
80202425,타이드 투 고 3SX6
80214465,클리니컬 프로엑스퍼트
80224059,D16 그린
80229515,오랄-비 스테이지스 3단계 어벤져스 2입(USA)
80264352,팸퍼스 크루저 6단계 1/104
80281984,오랄비 전동칫솔 D12.513 프로즌
80282813,팸퍼스 M5 베이비드라이 2단계 이코노미 박스1/222
80287814,팸퍼스 베이비드라이 1단계 점보 팩 44P*2
80289243,오랄-비 프로엑스퍼트 주니어 2입(Frozen)(원제품)
80337896,오랄-비 크로스액션 화이트 리필모 2입 (EB50-2)
80337963,오랄비 스마트시리즈 5000 미세모(화이트)
80343215,오랄비 전동칫솔 D12.513 프로즌
80354282,오랄-비 전동칫솔 Genius9000 로즈골드
80679973,헤드앤숄더 샴푸 1.13L 쿨멘솔
80690176,오랄-비 전동칫솔모 EB20-4 + EB20-2 (Sticker)
80690346,다우니 퍼퓸 쥬얼 자수정 베리 480g
80690935,다우니 생화향기 컬렉션 코튼 퓨어러브 1.05LX3
80691608,SK2 FTE CNY22 NFS(비매품)
80693761,다우니 엑스퍼트 항균파워 플러스 1.05LX3
80693962,다우니 베이스 블루 맥퀸 레몬그라스와 라일락 2L
80696668,스킨파워 어드밴스드 크림 50g
80697589,피테라 디럭스 세트 HN
80697760,헤드앤숄더 샴푸 1200ML 애플프레쉬 레거시
80697777,헤드앤숄더 컨디셔너 850 쿨멘솔 레거시
80698982,오랄비 C자형 치실 30개입
80703697,다우니 핑크 베리베리 2.6LX4 F1
80703713,다우니 퍼플 화이트티와 릴리2.6LX4 F1
80706035,다우니 생화향기 컬렉션 스프링 가든 러브 1.05LX3
80706962,LXP얼티미트 퍼펙팅 에센스150ml
80708702,헤드앤숄더 발리 샴푸 850ML 애플프레쉬 (DBD)
80709552,질레트랩스 면도날 4입
80709926,오랄-비 Icon X 3개입
80710705,다우니 프리미엄 액체형 세제 냄새딥클린 퍼플 3.2L X 3
80712306,다우니 항균 파워 플러스 1.6LX6 DBD TESLA W2
80715111,질레트 퓨전 파워 면도날 8입 (557)(CP stk)
80715980,(FWIP) 557.1 프로글라이드 옐로우 2ct 
80718431,질레트 퓨전 매뉴얼 면도날 8입 (557) (CP STK)
80720711,팬틴 프로-브이 데일리 모이스처 케어 컨디셔너 1800ml KR Coup
80726128,오랄-비 크로스액션 7베네핏 35모
80726640,다우니 프리미엄 액체형 세제 실내건조 1.4L X 2
80729887,페브리즈 섬유탈취제 상쾌한 향 370ml
80729975,다우니 엑스퍼트 항균파워 1.35LX6 Lotsell
80742190,다우니 실내건조 플러스 (그린)  2.6LX4
80744460,오랄비 크로스액션 35모 탁세 온라인
80744711,페이셜 트리트먼트 젠틀 클렌저 120g
80746806,브라운 시리즈 5 면도기 52-A1200s
80748044,브라운 시리즈 7 날망 74S
80748179,페브리즈 섬유탈취제 다우니 향 880ml 2입
80748973,오랄비스테이지스 2단계
80752077,질레트 스킨텍 파워 1up+6ct 팩
80752271,오랄-비 프로 엑스퍼트 크로스액션 화이트 리필모 10입(EB50RX10)
80752460,다우니 블루레몬그라스와라일락1.6LX6 PX
80759693,오랄비 전동칫솔 Genius9000 로즈골드
80763612,오랄비 크로스액션 플라그 가드 35모  8입(hook)
80764295,오랄-비 배터리 전동칫솔DB5 블랙
80769080,헤드앤숄더 울트라 쿨멘솔 샴푸 1800ml (New Tray)
80770296,오랄비 D100 플로스액션 블루(쿠팡)
80774845,페브리즈 섬유탈취제 미스티크 900ml
80776161,에스케이-투 스킨파워 리-뉴 크림 15g
80778331,비매품 페이셜 트리트먼트 에센스 JF'24 메종키츠네(핑크)
80787156,페브리즈 화장실용 에어 프레시 가든 165g
80787567,타이드 액체형 세제 파워클린 3.7x2
80787974,질레트 랩스 샤프 화이트 에디션 1up
80788358,오랄비 D103 블랙 + 민트 듀얼
80796089, 질레트 프글 파워 기1+날8 이
80796475, 프글 매뉴얼 기1+날6
80796688,오랄비 스마트7000+EB20RX-2
80799322,페브리즈 에어 린넨 스카이 4개입 CC
80804364,제놉틱스 인피니트오라 에센스 75ml
80807859,팸퍼스 2025 낮밤패키지 체험팩 6단계
80812511,다우니 블루 레몬그라스 1LX12 P3
80814722,오랄-비 전동칫솔 iO3 콰이어트 화이트
80817328,다우니 생화향기 컬렉션 미스티크1Lx12 v2
80823419,오랄-비 전동칫솔 Pro2500 화이트
80824173,브라운 시리즈 9 면도기 9566cc Travel CM
80825360,다우니 코튼 퓨어 러브2.6LX4 M2
80825368,다우니 프리지아 앤 페어2LX4 M2
80825385,다우니 프리지아 앤 페어 2.6LX6 M2
80826678,헤숄 샴푸 가려운 두피 케어 1.2L
80826693,헤숄 샴푸 가려운 두피 케어 550ml
80838173,(T)질레트 프로쉴드 옐로우 면도날 4입
80840160,페이셜 트리트먼트 에센스160ml
80840164,제놉틱스 울트라오라 에센스 50ML
80840576,(557.1 ) 질레트 프로쉴드 옐로우 파워 (기1+날9) (코스트코)
80840589,(T)질레트 프글 파워 면도날 16입(CP)
80843282,다우니 퍼퓸 에메랄드 브리즈 480g P1
80851839,터치오브네이처 밴드 3단계 42X3
80852872,페브리즈 섬유탈취제 상쾌한 향 900mlX2 팩
80864468,페브리즈 항균플러스 깨끗한향 920mlx2 팩
80873345,(T)질레트 프로쉴드 옐로우 파워 8up
80874068,(T)질레트 프글 파워 기1+날8 이
80875724,질레트랩스 네온 핸들 + 면도날 1입 + 행어
80883965,다우니 화이트코튼 1LX12 D2
80903043,프링글스양파맛미디엄190G
80903049,프링글스양파맛50G
80964141,SK-II FT마스크1P
80972548,프링글스오리지날스몰50G*12
80979752,프링글스오리지날스몰50G*12
80990184,프링글스오리지날스몰50G
81010399,안나수이 돌리 걸 EDT 50ML
81017202,AS 치크 브러쉬 1
81019184,AS 아이 글리터 002
81019198,AS 아이 칼라 액센트 203
81127100,SB 300 셀로페인 딥브루넷
81131506,AS 모이스처라이징 젤 크림
81137351,디앤지 6 라 무호 EDT 100ML
81141787,디앤지 18 LA LUNE EDT 100 T
81154444,디앤지 10 LA ROUE DLF EDT 1.5 SOFI
81164298,소프트터치8/74엔
81164339,KP 8/11 엔
81164372,KP 6/11 엔
81164488,KP 1/0 엔
81183429,구찌 길티 팜므 오 드 뚜왈렛 75ML
81185107,구찌 바이 구찌 오 드 퍼퓸 리필 팩 60ml
81187634,구찌바이구찌뿌르 옴므  스포츠 트레블 스프레이 오 드 뚜왈렛 30ml 테
81192177,BT 500ml 칼라 프로텍션 샴푸
81214036,칼라후레시 바이올렛
81259225,브라운 면도기 190-1 BK
81269907,허브 어깨 찜질팩
81270967,WC 15ml 브릴리언스 트리트먼트
81271038,WC 250ml 리지스트 스트렝스닝 샴푸
81286027,WC 77만원 package
81286747,WS 50ml스테이 스타일
81386997,스컬프트/엑스트라(S-BOM)
81405114,버블 POP
81407217,롱 롯드
81408542,동안 두피 텐트카드
81479535,브라운 시리즈 3 면도기 3010S
81495597,브라운 시리즈9 9040 WD_LSD
81554427,팸퍼스 액티브핏(크루저) 3단계 1박스 (204매)
81587291,브라운 시리즈 3 면도기 3040S WD
81615203,브라운 시리즈5 면도기 5140S BLK/BLK
81625449,브라운 시리즈5 PP5 날과 망 52B
81634674,퓨전5 프로쉴드 칠 면도날 6입
81651203,Waterflex 날망_검정
81703339,브라운 면도기 시리즈 3 3050VS
81731111,브라운 시리즈 8 면도기 8390cc SILVER
81770220,브라운 시리즈 6 면도기 61-N1000s BLACK
81770235,브라운 시리즈 7 면도기 71-S7000cc SILVER
82000072,미드티어 샘플M20 L40
82000297,집안 먼지 제거용 페브리즈 용기
82001458,비달사순 스트레이트 스타일링 워터
82001530,헤드앤숄더 2075팩-프레쉬 레몬그라스
82002559,헤드앤숄더 쿨멘솔 샴푸 850ML
82002763,페브리즈 에어 비치형 BL130G 본체S
82004914,비달컨디웨이브400 1X24
82006202,팬틴 2550샴푸 DM팩-엑스트라 스트레이트
82008904,팬틴 1250팩-엑스트라스트레이트
82014979,프링글스 피자맛 170g
82024504,SK2화이트닝팬케익22
82024785,큐티수퍼프리미엄중형32*6
82026017,SK2 FT CLR BC6G-T 10P (S)
82029502,헤드앤숄더 1795팩-딥클린
82029857,WHISPER PAD UWR 20SX24 22CM DIANA'07
82031724,비달프로린스웨이브샘플10ML 1*576
82033018,위스퍼슬림일반소 24*24
82034087,샤민55M 10R*8
82035088,헤드앤숄더 내추럴  허브 컨디 200ML
82038433,비달사순샘플팩 2*50*4
82039145,SK2 ADV WHITENING PAN-CAKE 33
82039621,팬틴플러스올인원프로모션575ML
82040352,위스퍼슬림날개중36*30
82040434,페브리즈카프로모션팩-은은한향
82041175,비달폼실크내츄럴스프레이150G
82041271,큐티수퍼프리미엄(대형)3S*45
82041611,위)울트라후레쉬날개대34*12
82041633,위스퍼슬림날개중10*48
82041807,SK-II EYE TRMT FILM 2G TUBE 10P PPBG SP
82042207,비달바겐세일팩스트레이트1*6
82042785,SGNS퍼펙트래디앙스 LIQFND330
82043081,PRINGLES PCHP 190GM 1SX14 SONI
82043243,SK2링클트리트먼트 마스크
82043620,SK2 ADV WHITENING LIQ FND 42 BC
82044484,위벌크팬티실키실루엣모카M
82044885,팬틴프리미엄백1*12
82044898,팸퍼스중형점보SPRING01 60*4
82045325,SK2 ADV WHT리퀴드파운데이션21
82045801,샤민울트라 33M 24R
82045803,샤민베이스 45M 18R
82045969,SK2 CLEAR WHT클로스레귤러30
82046051,SK2 ADV WHT 팬케이크41 BC SAMPLE
82046397,SK-II SKIN 30G SIGNS TRMT CONC
82046568,향기나는페브리즈370ML1*15
82047137,네모난물사각80매1*12
82047280,페브리즈10L리필업소용
82047301,팬틴세럼스프레이125ML*6
82047595,대리점프리미엄코디50M10R*8
82048063,위스퍼슬림일반중형10*48
82049799,큐티드림골드용아기모자
82050464,비달익사이팅울트라케어샴푸560ML
82050702,프링글스피자맛50G DBD PRM
82051021,비달바겐세일팩1000웨이브
82052651,SK2페이셜화이트닝마스크6P
82052915,위스퍼후레시라이너40P*24
82054675,조이절약형(500ML)
82054872,큐티아기티셔츠 WINTER02
82055187,위스퍼그린날개대형18P
82056333,헤더앤숄더샴푸모이스트960ML
82056340,헤드앤숄더겸용샴푸400ML
82057584,비달스타일웨이브샴푸200
82057859,코디증정품 (롤백)
82059539,팬틴2960팩볼륨
82060642,SK-II 화이트닝 소스 클리어스팟 (홀더)
82060748,클렌져 업그레이드 20g
82061476,울트라후레쉬날개소형32P
82063339,비달사순 트리트먼트 100G-프로페셔널
82063472,큐타팜파티셔츠(노랑)
82063923,위스퍼울트라후레쉬날개오버나이트14P
82064517,비달 11월 560/CAP 팩-스트레이트
82065365,크레스트스핀브러쉬어린이용프로모션팩
82065585,팬틴650온팩볼륨
82065743,비달사순스타일리쉬컨디셔닝린스500ml
82066310,위스퍼소프트클린날개중형18개입
82067322,코디로즈50M30R
82067350,위스퍼그린일반중형40개입
82068387,위스퍼중형+소프트라이트롯데마트프로모션
82068890,팬틴 1600팩-손상
82070040,큐티대형104개입
82070095,위스퍼후레쉬라이너 PAD 40X24
82070423,위스퍼 그린 중형 60P
82070538,비달 1500팩-스트레이트
82070601,위스퍼소프트클린Costco날개대형16P*2
82071920,비달사순760Pack스트레이트
82072569,팬틴엑스트라데미지샴푸97ml_stkr
82074615,후레쉬라이너 향 40
82075782,웰라 트리트먼트칼라 내츄럴 7N
82075785,웰라 트리트먼트칼라 인텐시브 3B
82075796,웰라칼라엑스트라케어6/04내츄럴쿠퍼브라운
82075800,웰라 스타일링 스프레이
82077139,WHISPER 32SX24 NEO S01 DIANA INFO SPR 05
82077258,팬틴 바운시 볼륨 케어 샴푸 1000ML
82077275,슈퍼스타 큐티 클럽 팩 대형 100P
82077460,M-1 큐티 편안한 아기 CP 중형 96P
82077949,WHISPER PAD REG 20SX24 UW DIANA GREEN
82079817,M-1 큐티 편안한 아기 CP 대형 88P
82081603,SK-II AST 파우더 파운데이션 OP-3
82082001,팬틴 CVS 트레블세트-집중손상
82082655,헤드앤숄더 2490팩-모이스트
82082856,팬틴 2050팩-집중손상
82083203,웰라 트리트먼트칼라 내츄럴 5
82083338,비달사순 컬러케어 린스 960ML_STKR
82083603,팬틴 엑스트라 스트레이트 컨디 960ML_SW
82084954,큐티 편안한 아기 대형 76 롯데마트
82085425,싸인즈 트랜스폼 FND 420 클리어 베이지
82085699,위스퍼 소프트클린 슬림 날개 중형 30
82087843,위스퍼 슬림롱오버나이트 시스템팩-농협용
82088242,위스퍼 소프트클린트윈윙오버나이트14개입
82088250,위스퍼 소프트클린 트윈윙 울날소 32개입
82088439,STF 컴팩트
82089596,팬틴EXTRA스트레이트컨디850ML
82089814,비달사순 1400 팩-컬러케어
82093012,WB 워터젤 150 (DBD)
82093022,웰라칼라엑스트라케어 9/3 (DBD)
82094292,팬틴 2960DM 팩-밀키모이스춰
82095911,헤드앤숄더쿨멘솔컨디200ML
82095988,팬틴 950 샴푸팩 - 집중손상
82096512,헤드앤숄더 770팩-쿨 멘솔
82096982,에어터치 FND BE-2(트라이얼)
82097349,위스퍼 트윈윙 울트라날개중형 2P 샘플
82097688,에어터치 파운데이션 뉘앙스 씰키 피니시
82097793,팬틴 실키스무드 200ML 샴푸
82099355,헤드앤숄더 2320팩-멘솔
82099717,프링글스 트레이 양파맛
82099855,상쾌한향 페브리즈 대용량 900ml
82100060,웰라트리트먼트칼라인텐시브7B
82100186,STF 버프
82100480,위스퍼 센서티브 울트라날개 중형 2개입
82100971,에어터치 파운데이션 뉘앙스 씰키 피니시
82101842,헤드앤숄더570샴푸 -센서티브알로에쉬링크
82102168,헤드앤숄더 딥클린 570 샴푸 슈링크
82102300,아이보리 10BAR
82103666,팬틴 2075팩-엑스트라스트레이트
82108765,에이지디자인듀오세트
82110781,헤드앤숄더 쿨멘솔샴푸 400ML
82111025,스킨시그니처 크림인 파운데이션 105
82111689,위스퍼 소프트클린 S 대형번들 68p
82111931,위스퍼 이마트 슈퍼롱 365팩
82112957,SK-II 화이트닝 소스 클리어 로션
82113087,SK-II LXP 모이스트 소프트닝 세럼 100ML
82113110,에스케이 투 싸인즈 트리트먼트 토탈리티
82113534,웰라_인텐시브_6B_추석한정할인팩
82113760,팬틴 풀앤씨크 에센스150_스티커
82113988,클리니케어샘플팩 가는모발
82114363,페브리즈 에어 코스트코 팩 비내리는 초원
82115351,페브리즈 (370+320) 팩 상쾌한향
82115357,페브리즈 (370+320) 팩 허브향
82116754,2009설 팬틴 선물세트 9호
82117615,비달사순 살롱 모이스춰 컨디셔너 550ML
82118229,헤드&숄더 딥클린 컨디셔너 850ML
82119267,헤드&숄더 헤어폴 클리닉 샴푸 550ML
82120335,팬틴 풀앤씨크 에센스150_스티커
82121868,위스퍼 그린 세이프티존 중형 36p
82122366,LXP 모이스트소프트닝세럼 10ML
82123045,헤드앤숄더 스완 2075팩-수딩두피케어
82123111,헤드앤숄더 스완 1250팩-레몬그라스
82123394,2010 설 테스코4호
82123505,위스퍼 그린 세이프티존 울날중 90P
82123931,다우니 에이프릴 프레쉬향 1.53L
82124920,LXP 얼티미트 리바이벌 마스크 7p
82125742,팬틴컨디850바운시볼륨IR
82125973,위스퍼 리프레쉬클린케어 울날중 18>
82126126,팬틴샴푸850모발강화IR
82129169,헤드앤숄더 샴푸550 민감한 두피 케어
82129236,셀루미네이션 리퀴드 FND 420
82131532,팬틴 프리즈디펜스 트리트먼트 150
82131553,팬틴 프리즈디펜스 컨디셔너 240
82132428,오랄비 충전식전동칫솔 D27.526 (할인매장용)
82132533,듀라셀 디럭스 알카 AA 10개입
82132918,헤드앤숄더 코스트코 1700린스팩- 헤어폴클리닉
82133371,팬틴 샴푸 15 내추럴 케어
82133567,헤드앤숄더 쿨 멘솔 샴푸 850 스티커
82133640,크로스액션 탁월한 세정력 40S 3+1 (HYPER)
82133642,크로스액션 40*3 + 컴플리트7 40  1
82133994,헤드앤숄더 샴푸850 민감한 두피 케어
82134427,헤드앤숄더 샴푸 550헤어 폴 클리닉
82134547,오랄비치약카즈&프린세스(코스트코)
82134670,위스퍼 보송보송케어 74개입
82134871,오랄비어린이충전식전동칫솔-코스트코
82135485,질레트 일회용 면도기 블루투플러스 10+1
82135583,질레트 마하3 파워 면도날4개입
82137886,듀라셀 알카 C 2개입
82137905,듀라셀 디럭스 알카 AA 6+2개입
82137941,로케트 알카 AAA 2개입
82137959,토탈이펙트 포밍 클렌저
82138515,비너스 브리즈 4입날
82138696,퓨전 JASOND'10 MANUAL 2UP
82139121,아쿠아액션 라이트 듀
82140651,위스퍼 보송보송 가뿐 활동팩
82140694,스테이지스3단계소분(뉴카즈/프린세스)
82140834,팬틴 인텐시브모이스쳐케어 1000팩
82141041,위스퍼 팬티라이너 클린 무향 36개입*2
82141135,페브리즈 상쾌한향 용기형 370ML
82141418,셀루미네이션 마스크인로션 30ml 트라이얼
82141433,버프 11
82142234,팬틴 실키스무드케어 1000팩
82142774,시리즈젤  쿨클렌징
82142848,위스퍼 슈퍼롱 시스템팩 50개입
82143157,프링글스 오리지널110GX12
82143419,싸인즈 퍼펙트 래디언스 LIQ FND 105
82143627,헤드앤숄더 007 - 딥클린스티커
82144237,오랄비 칫솔모세트 SR32-2X3팩 (코스트코)
82144239,오랄비전동칫솔세트D12.023P+EB20-2
82144783,스킨시그니처 3D 리디파이닝 마스크 1p 샘플
82144940,헤드앤숄더 로터스 RRP 2250샴푸팩- 쿨 멘솔
82145552,싸인즈 너리싱 크림 30g
82146141,페브리즈 비치형 태국 리필 5.5ML
82146195,클리니케어헤어세럼30프리즈디펜스CA
82146545,비달사순 프리미엄 베이스 케어 컨디셔너 485g
82147065,화이트 래디언스 포밍 클렌저
82147253,위스퍼 보송보송케어 울날오14_테스코
82147267,위스퍼 소프트라이트2날개28_테스코
82147789,팬틴 집중손상케어 2550팩_RRP
82149720,퓨전 매뉴얼 면도기 1UP
82149895,퓨전하이드라젤  퓨어 앤 센서티브
82149912,페이셜 트리트먼트 리페어 C 15ML
82150825,위스퍼 보송보송케어 트라이얼팩 23개입
82151846,팬틴 트리트먼트 100MLX24 내츄럴 케어 미스트 원제품
82152097,팬틴 컨디 500 실키 스무드 케어
82152315,화이트닝 소스 덤 리바이벌 마스크 10p
82152317,WS 덤 리바이벌 프로그램10p
82152348,듀라셀 알카 C 6개입
82152392,싸인즈 퍼펙트 래디언스 LIQ FND 420
82153806,페이셜 트리트먼트 에센스 포 맨 75ML
82154975,팬틴 선물세트 T1호
82155092,토탈 이펙트 선물세트
82155235,페브리즈 차량용 2ml (태국의 열대과일)
82156084,셀루미네이션 딥서지 EX 15G
82157391,화이트닝 스팟 스페셜리스트 50ML
82157946,오랄-비 인디케이터 컴플리트 미세모
82158726,팬틴 삼푸 500 실키 스무드 케어 뉴
82161753,SK-II 셀루미네이션 데이 서지 유브이 8.4g
82163153,SK-II 맨 유브이 프로텍트 모이쳐라이져 50g
82163824,위스퍼 코스모 인피니티 울트라 날개형 대형
82164324,토탈이펙트 세트7 (TE세럼50ml + TE크림노말20g + TE나이트크
82164849,팬틴 내츄럴케어 1500팩_테스코
82165102,헤드앤숄더 딥클린 샴푸 750ml
82165285,듀라셀 울트라 AA 4팩 올림픽 버전
82165427,오랄-비 마이크로씬 클린 (1SW)
82166097,퓨전 프로글라이드 파워 면도날 4입
82166496,프링글스 110G 4팩_양파맛
82169194,비달사순 컨디셔너 프리미엄 칼라 500G_JP
82171408,토탈이펙트 세트 13 (TE세럼50ml + TE노말크림20g + TE나이
82171464,팬틴 헤어타임리뉴얼 샴푸550
82171705,팬틴 모발 강화 트리트먼트 샴푸 850ML
82171791,퓨전 매뉴얼 8입날 + 면도기 무료증정 (올림픽)
82171793,퓨전 매뉴얼 프라이드 면도기 (올림픽)
82172866,페브리즈 370ml+320ml 팩 상쾌한향 올림픽
82173105,"화이트 래디언스 울트라 유브이 블록커 (SPF 50+, PA+++ )"
82176849,포미 라임 175G
82178657,위스퍼 코스모 인피니티 대형 10개입
82178687,페브리즈 깨끗한 햇살 용기형 370ML
82179725,프링글스 치즈맛 110G X 12
82180836,질레트 일회용 면도기 블루투플러스 5팩
82182123,화이트닝 소스 덤 리바이벌 마스크 10p
82182640,다우니 핑크 1L 베리베리와 바닐라크림 향
82183207,다우니 블루  200ML 튤립과 달콤한 라일락 향_Oct’12
82183248,페브리즈 비치형 다우니향
82184110,헤드앤숄더 가려운 두피케어 샴푸 550ml
82184114,오랄비 어린이 충전식 전동칫솔 기획세트
82185916,다우니 퍼플 200ml 선물세트 스티커
82185953,위스퍼 피부애 슬림 향 대형 10P
82186220,다우니 블루 1L+1L 팩 튤립과 달콤한 라일락 향_Sep'12_스티커
82186257,다우니 화이트티와 릴리 향 2LT_스티커
82186666,다우니 핑크 4LX3 베리베리와 바닐라크림 향_PGP
82189627,듀라셀 디럭스 알카라인 AA 15팩
82189821,마하3터보센서티브8입날
82191197,헤드앤숄더 Bahamas 샴푸 550 센서티브 알로에
82191212,헤드앤숄더 Bahamas 샴푸 850 쿨멘솔
82191796,질레트 마하3 터보 면도날4입
82191919,에스케이-투 컬러 클리어 뷰티 파우더 파운데이션 420 (클리어 베이지)
82191953,조이 레몬 트위스트 863ml
82193199,팬틴 2550팩 집중손상 리미티드 에디션
82194672,헤드앤숄더 MtDew 2550팩- 애플프레쉬_new
82194746,오랄비전동칫솔 D12.513 KIDS (Club)
82195346,에스케이-투 스템파워 에센스 기프트 세트
82196208,다우니 핑크 1L+1L 팩 베리베리와 바닐라크림 향
82196248,셀루미네이션 딥서지 EX 50G
82198200,위스퍼 피부애 기분이 좋아지는 향 중형 36개입 (RRP)
82198586,페브리즈 비치형 스타터킷 맑은하늘바람
82200191,헤드앤숄더 BAHAMAS 2250팩- 애플프레쉬
82201230,위스퍼 팬티라이너 허브 40개입*2
82201349,센서 엑셀 5입날
82203530,스팟케어 & 브라이튼 데이크림 25g
82204036,페이셜 트리트 에센스 아이 0.5g (비매품)
82204049,헤드앤숄더 Bahamas 1950팩- 애플 프레쉬
82204653,팬틴 모발강화케어 트리트먼트 200ml
82204688,Tesco 다우니 퍼퓸 블랙 1L 미스티크 향
82205010,다우니 퍼퓸 블랙 1L 미스티크 향
82205396,다우니 김치 핑크 2L+1.8L팩 베리베리와 바닐라크림 향
82205778,셀루미네이션 팬케이크 310
82206533,스템파워 크림인 파운데이션 330
82208721,블루2 플러스 센서티브 5s (사우나)
82210274,셀루미네이션 팬케이크 버프
82210287,페이셜 트리트 클렌징 오일 11ml (비매품)
82210296,페이셜 트리트 리페어C 2ml (비매품)
82211207,팬틴 100mlX2 실키스무드케어 미스트_코스트코
82211473,위스퍼 보송보송케어 70개입
82211746,오랄비 트라이엄프 4000
82213689,오랄비 스테이지스 치약 위니더푸우 75ml
82214240,프로글라이드 매뉴얼 9+1 BBGR (Large)
82217128,페브리즈 순 향료무첨가 보충형 320ML
82217404,페브리즈 370ml+370ml 팩 상쾌한향 JAS'14 - Sundry
82217430,올레이토탈이펙트7인1데이크림노멀 50GX6
82218182,다우니 아로마쥬얼 퍼플 자수정 바닐라 375G*2EA
82219714,팸퍼스 BB 스와들러 0단계 수퍼 1/80
82219785,오랄-비 슈퍼플로스 50개입
82221282,팬틴 프로브이 아쿠아 퓨어 샴푸 727ml+샴푸388ml 이마트
82221407,질레트 포오미 센서티브 175g 1X6
82223395,퓨전 믹스드 케이스
82224000,듀라셀 알카라인 디럭스 AA 벌크 1x144x4
82224457,헤드앤숄더 Bahamas 딥클린 컨디셔너 850
82224935,페브리즈 에어 비내린초원 275G
82225582,오랄비 크로스액션 TAJ 720 3입+ 2입온팩
82225746,오랄비 D12+EB20-2 Club pack
82226808,위스퍼 보송보송케어 70개입
82227053,페브리즈 370ml+320ml 팩 은은한향 AMJ’15
82228383,알엔에이 파워 크림 100g
82228880,위스퍼 피부애 슈퍼롱 오버나이트 10P
82228893,위스퍼 피부애 울트라 날개 오버나이트 14P (RRP)
82229190,T 빅버프(타원형)
82229209,페이셜 트리트먼트 젠틀 클렌징 크림 2.5g(비매품)
82229550,알엔에이 파워 에센스 1ml(비매품)
82231038,페브리즈 섬유탈취제 허브향 900ml+320ml 이마트
82231756,바디 쉐이브 면도날 4입
82232637,오랄비 고탄력 초미세모 잇몸선 케어 6입 DBD
82232762,오랄-비 크로스액션 7 베네핏 40모 3입(롯데마트)
82232811,오랄비 프로-엑스퍼트 클리니컬 프로플렉스 5입
82233265,블루2 플러스 센서티브 2S
82234693,헤드앤숄더 Bahamas샴푸 850 쿨멘솔
82236393,팬틴 프로브이 아이스 샤인 샴푸 388ml
82236793,팸퍼스 크루저 5단계 1박스 1X132
82237062,아티산 브러쉬 파운데이션 (유브이/라이트) 320
82240010,질레트 퓨전 프로글라이드 센서티브 면도젤 퓨어 스포츠
82240428,질레트 프로글라이드 플렉스볼 실버터치 매뉴얼 기프트팩 이마트
82240581,헤드앤숄더 발리 샴푸 850 가려운 두피케어
82241708,오랄-비 크로스액션 리필모 EB50-4
82241843,페브리즈 차량용 프리미엄 살사 나이트 스타터킷 7ml
82242095,맨 에이지 리바이탈라이즈 모이스쳐라이저 50g
82242735,T 화이트닝 스팟 스페셜리스트 컨센트레이트 28P
82243428,프로글라이드 파워 6+1 팩 (플렉스볼)
82243571,팬틴 퀀텀 트리트먼트 (150X2)X12 딥리페 헤어 마스크팩_T
82243793,페브리즈 차량용 프리미엄 시트러스 심포니 리필 7ml (K-Reach)
82243888,페브리즈 깨끗한 햇살 용기형 370ML
82243905,페브리즈(MO) 320ML 리필형 은은한 향
82244807,위스퍼 피부애 팬티라이너 리프레쉬 36개입
82245432,프로글라이드 파워 면도기 1up (플렉스볼)
82245527,퓨전 파워 면도기 TMR 1CSX36IT*1X6X6
82245548,다우니 블루 1.6L 레몬그라스와 달콤한 라일락 향
82245582,다우니 퍼퓸 블랙 700ml 미스티크 향(롯데)
82245828,페브리즈 370ml+320ml 팩 다우니향(PP)
82247174,다우니 퍼퓸 블랙 200ml 미스티크 향
82247369,페이셜 트리트먼트 클리어로션230ml
82247398,허벌 에센스 클래식 릴렉싱 카모마일 트라이얼 980팩
82247721,팬틴 토탈 모이스쳐 케어 샴푸 1200
82248225,오랄-비 스테이지스 3단계 행사팩(어벤져스)
82248453,페이셜 트리트먼트 리페어C 2ml(비매품)
82249056,위스퍼 피부애 슈퍼슬림 2개입
82249380,헤드앤숄더 애플프레쉬 2800팩 RRP(Bali)
82249421,페브리즈 섬유탈취제 370ml+(320mlX2) (상쾌한향)
82250541,화이트닝 소스 덤 브라이트너 75g
82250902,싸인즈 퍼펙트 래디앙스 파우더 파데310
82251002,페브리즈 부착형 화장실용 상쾌한 하늘향 스타터킷 2개입_이트레이더스
82251004,페브리즈 차량용 벨트스트립 라벤더의 포근함 2ml*6_TESCO
82251110,싸인즈퍼펙트 래디언스 리퀴드파데330
82251466,오랄비어린이칫솔모EB10-4 Fozen
82251736,마스터피스 피테라 크림 50g
82252227,다우니 핑크 1L 베리베리와 바닐라크림 향(테스코/롯데)
82252234,다우니 핑크 1L 베리베리와 바닐라크림 향
82252784,페브리즈 섬유탈취제 상쾌한 향 370mlX2 (PP)
82252796,스킨 퍼펙팅 파운데이션310
82252912,페브리즈 370ml+320ml 팩 은은한향(PP)
82253014,위스퍼 보송보송케어 울트라날개 대형 30PX2 (롯데마트)
82253924,블루2 플러스 센서티브 2S
82254501,오랄-비 D12 프로즌 행사팩
82254655,오랄비전동칫솔 D12.513 KIDS (LOTTE)
82255565,페브리즈 차량용 2개입(2mlx2) (맑은하늘바람) (LEGO)
82255972,셀루미네이션 딥 서지 EX 2g(비매품)
82256176,스킨 리부스터 75g
82256894,마그네틱 아이케어 세트
82256908,알엔에이 파워 아이크림 15G
82257250,오랄-비 프로엑스퍼트 스타워즈 2입(National)
82257951,프로글라이드 센서티브 젤 오션쿨 170g
82257986,페이셜 트리트먼트 에센스 75ml 키트
82258047,헤드앤숄더 발리 샴푸 550 애플 프레쉬
82258060,헤드앤숄더 발리 샴푸 550 헤어폴 클리닉
82258499,퓨전 하이드라 센서티브 젤 200ml
82258844,오랄비 프로엑스퍼트 스타워즈 2입(National) Non RRP
82259754,퓨전 프로쉴드 옐로우 면도기 2up
82260056,엘엑스피 얼티미트 퍼펙팅 세럼 10ml(비매품)
82260860,다우니퍼퓸 블랙 1L+1L 미스티크 향
82260865,다우니 퍼퓸 화이트 1L 클래식 향(테스코/롯데)
82260976,다우니 퍼플 1.6LX2 화이트티와 릴리 향
82261009,팬틴 콜로서스 실키스무드 1500팩 X6
82261613,퓨전 믹스드 케이스
82263475,오랄비 초소형헤드 벨벳 5p DBD (기존)
82264124,헤드앤숄더 슈프림 모이스쳐 샴푸 80ml
82264212,다우니 보타닉가든 티몬 기프트팩
82265036,다우니 핑크 베리베리와 바닐라크림 향 1LX3
82265784,퓨전 프로쉴드 칠 코스트코 기프트팩
82266338,페브리즈 370ml+370ml 팩 다우니향(Harmony)
82267086,다우니 아로마 쥬얼 블루 에메랄드 브리즈 375g (ST)
82268345,헤어레시피 키위무화과 쿠팡팩
82268943,페브리즈 섬유탈취제상쾌한 향 370ml (HarmonyKreach2)
82268990,페브리즈 섬유탈취제 달콤한 바닐라 향 370ml
82271451,비너스 새틴케어젤 200ML
82273037,페브리즈(MO) 320ML 리필형 상쾌한 향(PGP)
82274715,헤드앤숄더 발리 샴푸 750 포맨헤어폴스티커
82275670,맨 페이셜 트리트먼트 에센스160ml
82275689,LXP얼티미트 퍼펙팅 아이크림15g
82275698,스템파워 리치크림50g
82276200,헤드앤숄더 1950팩- 쿨멘솔(Bali)
82276408,셀루미네이션 리퀴드 파운데이션310
82279325,다우니 퍼퓸 쥬얼 루비 피오니-1 480g
82281779,다우니 블루 4LX3 레몬그라스와 달콤한라일락향_PGP (Kreach2)
82281896,다우니 블루 레몬그라스와 달콤한 라일락 향 1LX3
82282005,팸퍼스 스와들러센서티브 2단계 1박스 1X76
82282377,비너스 스월 이마트 프로모션팩
82282625,페브리즈 섬유탈취제 은은한향 370MLX2+320MLx2 팩 (HP)
82284073,페브리즈 섬유탈취제 허브향370ml (Harmony)
82284369,질레트 프로쉴드 칠 매뉴얼 크롬 핸들 1+3 프리미엄 팩
82284604,알엔에이 파워 크림 100g
82284888,비너스 새틴케어젤 195G
82286187,페브리즈 에어 비내린초원 275G (Kreach2)
82287002,오랄비 스테이지스3 6입 - 프린세스 이마트팩
82287212,허벌에센스 노리쉬 패션 플라워 & 라이스 밀크 컨디셔너
82287953,페브리즈 차량용 (맑은하늘바람)_PX
82288332,다우니 엑스퍼트 스포츠 1L
82289872,다우니 블랙 4LX3 미스티크 향 리넨케어_PGP E
82291064,팸퍼스 베이비드라이 팬티 5단계(특대형) 36X4
82291101,팸퍼스 스와들러 4단계 22X4
82291361,다우니 핑크 4LX4 베리베리와 바닐라크림 향_PGP (EXP)
82292216,페브리즈 370mlX2 팩 포맨 쿨 아쿠아 향 (쿠팡)
82292820,다우니 블루 2.6LX4 레몬그라스와 달콤한 라일락 향
82292896,팬틴 콜로서스 컨디셔너 1200ML 극손상
82293383,다우니 퍼플2L+700MLX2화이트티와 릴리 향 (롯데마트)
82293514,오랄-비 크로스액션 항균케어 40모 3입
82294721,페브리즈 섬유탈취제 상쾌한향 360ml (쿠팡)
82294724,페브리즈 포맨 쿨아쿠아 향 360ml (쿠팡)
82294900,다우니 프리미엄 액체형 세제 블루 2.0L
82296566,팸퍼스 스와들러 S1 4P (샘플)
82296796,다우니 PGP 블루 3.8X2 레몬그라스와 달콤한 라일락 향
82297234,다우니 오션코랄 퓨어러브 1L+1L 팩 (Poly)
82298078,팸퍼스 베이비드라이 1단계 점보 팩 44P*2
82298090,팸퍼스 크루저 5단계 박스 1/90_S7
82298302,페브리즈 섬유탈취제 대용량 다우니 에이프릴향 880ml
82299187,다우니 핑크 4LX3 베리베리와 바닐라크림 향 (홈플러스)
82299244,알엔에이 파워 래디컬 뉴 에이지 80G
82300110,페이셜 트리트먼트 에센스75ml
82300908,페브리즈 화장실용 블루6ml*2*2+퍼플6ml*2 (Costco)
82300965,질레트 히티드 레이저 면도날 4입
82301734,케이 뷰티 세트(Nov19)
82302094,팸퍼스 크루저 6단계 박스 1/72_S7
82302665,다우니 퍼퓸 핫핑크 블룸 1.05LX3
82303297,질레트 스킨텍 면도날 10입
82304150,다우니 프리미엄 액체형 세제 핑크 2LX2 팩
82304188,헤어레시피 키위&무화과 볼륨 샴푸 530ml
82304279,팬틴 콜로서스 극손상 1500팩
82304500,팸퍼스 스와들러 2단계 29X4
82304965,FAB 페이셜 레디언스 패드 듀오 세트(FRP60CT*2/60CT*2)
82305184,프로글라이드 센서티브 젤 퓨어스포츠 170g (1X2)X3
82305477,팸퍼스 스와들러 6단계 16X4
82305659,FAB 페이셜 레디언스 패드 60pads
82305826,브라운 8370+CCR2 코스트코 팩
82307663,페브리즈 섬유탈취제 포맨 쿨아쿠아 향 360ml 3입
82308283,페브리즈 섬유탈취제 상쾌한 향 900ml (PGP)
82308324,퓨전 프로쉴드 칠 면도기 2up
82308878,질레트 스킨텍 파워 면도날 4입 4X6X12
82309181,질레트 퓨전 프로글라이드 매뉴얼 면도날 10입 팩(COUPANG)
82309341,오랄비 치간 칫솔 20개입 이너케이스 이마트
82309496,팸퍼스 스와들러 5단계 19X4
82309891,팬틴 미셀라 클렌징 샴푸 쿠팡 팩
82310190,다우니 오션코랄 퓨어러브 향 1LX12 DBD
82310935,질레트 퓨전 프로쉴드 옐로우 1up
82311198,페이셜 트리트먼트 클리어 로션 10ml(비매품)
82311532,페브리즈 섬유탈취제 은은한향 대용량리필 640ml
82312698,화이트 스트리트 아트 페이셜 트리트먼트 에센스230ml(ND20)
82312835,오랄비 스테이지스4 프로즌스타워즈 2pX4입 (코스트코)
82314286,프로글라이드 센서티브 젤 오션쿨 170g
82314434,다우니 엑스퍼트 1.6LX2 실내 건조 향
82314458,다우니 블루 1.6L 레몬그라스와 달콤한 라일락 향 (PX)
82315238,페브리즈 370ML 용기형 은은한 향(PGP)
82315364,"오랄-비 3D 화이트 리필모 2입 (EB18-2, 생활용품매장)"
82315766,페브리즈 화장실용 1개입(6ml) 산뜻한 사과향 (Retail)
82316118,다우니 블루 1L 레몬그라스와 달콤한 라일락 향
82316221,다우니 스프링 가든 러브 200ML
82316223,다우니 퍼퓸 스프링 가든 러브 1.6L (구버전)
82316652,오랄비 어드밴티지 화이트닝 7입 (E-traders)
82319083,페브리즈 섬유탈취제 반려동물 냄새용 가벼운 허브향 900MLX2
82319088,페브리즈 섬유탈취제 상쾌한향 640ML 2입
82319120,페브리즈차량용내추리스화이트로즈2.2mlx2+민트블라썸2.2mlx2(쿠팡)
82319723,다우니 스프링 가든 러브 1LX2 팩
82320724,헤드앤숄더 2250팩 가려운 두피케어 EDTC
82321162,오랄비어린이칫솔모EB10-4 스타워즈
82321594,오랄-비 펄사 화이트닝 35 2개입 (에어백)
82321751,다우니 엑스퍼트 실내 건조 1LX12 DBD
82322406,팸퍼스 스와들러 마드레 2단계 4입 (샘플)_QR
82323129,오랄비 Pro 2000 미세(Dark Blue)
82323449,오랄비 스테이지스3 아이언맨 6입 쿠팡팩
82324823,오랄-비 프로헬스 3D화이트 1입 온라인 싱글
82325108,다우니 퍼퓸 블랙 미스티크 1.05LX3
82325313,다우니 엑스퍼트 실내 건조 향 1.05LX3
82327059,다우니 퍼퓸 블랙 미스티크 1L+1L (CHP)
82327083,팸퍼스 베이비드라이 6단계 이노머스 박스 1/112
82327432,다우니 프리미엄 액체형 세제 핑크 1.8L
82327908,페브리즈 차량용 담배냄새제거용 2.2ml
82328110,페브리즈 섬유탈취제 내추리스 민트 앤 주니퍼베리향 보충용 320ml
82328122,오랄비 크로스액션 플라그 가드 8입 (홈플러스)
82328586,팸퍼스 에어차차21 샘플팩 6단계8X30
82328802,다우니 엑스퍼트 항균파워 플러스 1.6L
82329594,질레트 프로글라이드 파워 1up+8ct 팩 (코스트코)
82330106,질레트 블루3 심플 24입 쿠팡팩
82330379,오랄비 크로스액션 TAJ 컴플리트 7 온라인 싱글
82330774,페브리즈 섬유탈취제 내추리스 라벤더앤유칼립투스 360MLX3
82330926,헤드앤숄더 샴푸 가려운 두피케어 1200MLX2 KR ET
82330992,557 질레트 프로쉴드 옐로우 면도기 2업 (PX)
82331016,질레트 프로쉴드 칠 면도날 16입 팩 (COUPANG)
82331031,질레트 프로글라이드 매뉴얼 면도날 10입 (ECOM)
82331313,질레트 프로쉴드 칠 핸들+12ct팩 (COUPANG)
82331391,다우니 프리미엄 액체형 세제 살균 파워 1.6L
82332311,오랄비 비버 어린이 칫솔 1입
82332487,SK-II 피테라 탄력 세트 Sep21
82333328,페브리즈 섬유탈취제 은은한 향 360ml 3입
82333359,오랄-비 크로스액션 컴플리트7 7입
82333743,헤드앤숄더울트라 쿨멘솔 샴푸 1.2L
82333875,다우니 베이스 퍼플 맥퀸 화이트티와 릴리 700ml Lotsell
82333926,닌자마스 S7 그린 4X14
82403021,AS 루스 파우더 701 테스터
82403520,AS 프레스드 파우더 케이스 테스터
82410234,AS 네일 아트 칼라 N 082 - 테스터
82410302,AS 네일 칼라 N 203
82410307,AS 네일 칼라 엔 304
82412631,안나수이 락미 SOL EDT 4ML MINI
82414587,안나수이 모.리치 파우더 F. P04
82414653,AS 모이스처 리치 PF 케이스 테스터
82415866,안나수이 미니 루즈 305 T
82416748,립 루즈 G 303
82416813,AS 네일 칼라 N 208 테스터
82416841,안나수이 립 루즈 V 360 T
82416842,안나수이 립 루즈 V 361 T
82418215,AS 프로텍티브 PF 엘 B01 테스터
82420306,AS 리퀴드 아이 라이너 WP 500 - 테스터
82420637,AS 아이 칼라 듀오 01
82420645,AS 아이 칼라 001
82421647,안나수이 네일 칼라 N 505
82422264,안나수이 립 글로스 C 300 -테스터
82422277,안나수이 립 글로스 C 701 -테스터
82422350,안나수이 립 글로스 C 701
82422355,안나수이 립 글로스 R 550
82422360,안나수이 네일 칼라 N 322
83025038,프링글스마일드195G 1*14
83042135,프링글스피자맛미디움184G*14
83046419,프링글스와일드콘소메맛스몰50G
84821667,조명용 방향 쉐이드 (건전지형) 버드나무 꽃 향
84849529,오랄-비 마이크로씬 클린 40모
84903950,프링글스펑키소이184G*14
84907890,올레이바디워시플로리카
84912823,프링글스매콤한맛미디엄184G
84978755,아이보리 10BAR
84995401,프링글스 오리지날 미니캔
80230524,팸퍼스 BB 베이비드라이 1단계 이코노미 박스1/252
80250465,프로글라이드 매뉴얼 면도기 2up (플렉스볼)
80256583,팸퍼스 M5 베이비드라이 4단계 이코노미 박스1/180
80274999,2016년형 팸퍼스 크루저 3단계 1박스 (174매)
80277263,다우니 에이프릴 프레쉬향 3.06L
80335223,오랄비 PRO100 3D 화이트 (화이트)
80337957,오랄비 PRO500 3D화이트
80371702,오랄비 EB60X화이트 리필모 6입
80684123,페브리즈 항균플러스 깨끗한향향 보충형 320ML
80688783,팬틴 극손상케어 샴푸 1800ml
80693616,제놉틱스 울트라오라 에센스 75ml
80698191,다우니 엑스퍼트 실내건조 톰포드 (그린) 1Lx12 (DBD)
80698699,질레트 퓨전 파워 면도날 8입 (557)
80705742,오랄-비 크로스액션 파워 화이트닝 리필모
80710395,페브리즈 비치형 실내공간용 코튼앤블루자스민 7ml*2+ 화장실용 비누향
80721747,오랄-비 크로스액션Eco 6개입
80723316,SK-II FY2223 25G KCP 샘플키트
80724036,오랄-비 스테이지스 2단계 미키 1입
80726595,팸퍼스 아르모니 에어차차 썸머팬티 4단계 46X2
80728831,브라운 시리즈 8 면도기 8450cc NOIR (Costco)
80728969,브라운 시리즈 X 면도기 M1011 WHITE
80741949,다우니 생화향기 컬렉션 와일드 라벤더 1.05LX3 (2023년형)
80743440,브라운 시리즈 7 면도기 72-G7000cc GREY
80743573,헤숄 프로페셔널 오일 컨트롤
80756885,오랄비 크로스액션 플라그 가드 6입 (쿠팡)
80764142,페브리즈 차량용 맑은하늘바람 3개입+라벤더2개입 팩 이마트
80770166,스킨파워 어드밴스드 크림 80g(비매품)
80772622,질레트 프쉴 옐로우 면도날 4입
80772630,질레트 프글 매뉴얼 면도날 8입
80774836,페브리즈 섬유탈취제 상쾌한향 900ML
80775672,오랄비 EB50RX화이트 리필2입
80780734,질레트 랩스 네온 나이트 에디션 1up
80781061,페브리즈 향균플러스 산뜻한향 370ml
80785626,스킨파워 에센스 50ml 듀오 세트
80787157,페브리즈 에어 화이트페어베르가못 165g
80794297,질레트 스킨텍 매뉴얼 면도날 10입 CP
80797754,다우니 퍼플 화이트티와 릴리 2LX4 P1
80809386,브라운 시리즈 8 면도기 8663cc GRY (원제품)
80812825,팸퍼스 2025 베이비드라이 팬티 7단계 16X6
80822640,오랄-비 비버 6입 (쿠팡팩)
80823703,타이드 액체형 세제 파워클린 3.7x2
80828641,(557.1 ) 질레트 프로쉴드 옐로우 면도날 4입
80831266,다우니 고농축 아로마 플로럴 8.5L P2
80833693,페브리즈 향균플러스 산뜻한향 320ml 리필
80833708,SK-II FY2425 70G KCP 프리팩
80839386,페브리즈 섬유탈취제 다우니 실내건조향 920ml
80839451,스킨파워 어드밴스드 크림 80g
80841643,다우니 실내건조 프레시클린 4.1Lx4 H1
80841718,브라운 시리즈 X 면도기 M1011 WHITE (신제품)
80843206,에센셜 트래블 샘플키트 TR
80855476,질레트 퓨전 프글 센서티브 젤 170GX2X6
80868099,오랄비 깊은세정 크로스액션 컴플리트7 클린 6입
80873034,헤드앤숄더 두피 토탈 솔루션 가려운두피케어 트리트먼트 400ml
81017123,AS 럭셔리 페이스 파우더 001
81019185,AS 아이 글리터 800
81019239,AS 아이 칼라 액센트 002 테스터
81027643,크리미 체다치즈 맛
81076490,DG 더 원 포 맨 EDT 50ML
81131508,AS 코튼 엔
81153675,SP 1L 하이드레이트 컨디셔너
81153844,SP 50ml 컬러세이브 에멀젼
81163512,엑스퍼트 HS 71
81164329,KP 7/00 엔
81183840,구찌 바이 구찌 뿌르 옴므 트레블 스프레이  오 드 뚜왈렛 30ml
81185110,구찌 플로라 오 드 뚜왈렛 리필 팩 60ml
81238050,WS  50ml벨벳 앰플리파이어
81262962,브라운 커피메이커KF520
81270962,WC  8*6ml발란스 헤어 앤 스칼프 세럼
81271028,WC 200ml브릴리언스 리브인 무스
81285935,12월 염색보
81342268,스캘프 서비스 매뉴얼
81479513,브라운 시리즈9 9040 WD
81483734,브라운 시리즈3 날과망 32S
81546431,브라운 여성용 페이스 SE810
81560088,팸퍼스 뉴베이비 센서티브(스와들러) 2단계 1팩(27매)
81577344,브라운 시리즈3 면도기 3040 gift
81615205,브라운 시리즈5 면도기 5147S BLK/BLK
81686066,브라운 시리즈 3 날망 32B (Florence)
81691743,브라운 IPL PL5014
81726932,브라운 시리즈 6 면도기 60-B4200cs BLUE
81747631,브라운 시리즈 9 면도기 9470cc PC BLACK
81770250,브라운 시리즈 7 면도기 71-B4200cs BLUE
82001055,이랜드 대형 88
82002524,헤드앤숄더프레쉬레몬컨디200ML
82003182,웰라 트리트먼트칼라 인텐시브 4B_STKR
82007267,어드밴스드 화이트닝 소스 리퀴드 FND 510
82013167,비달사순　울트라케어400G
82015447,페브리즈 에어 비치형 무향 130G 리필
82031872,큐티프리미엄파워중50*3
82038646,SK-II SKIN CRM 2.5GX10 SIGNS TRMT SP
82038961,WHISPER SAPD XLN 16Sx24 BLT CDU IW+ (TW)
82039062,향기나는페브리즈370ML1S*15
82039489,SK2 ADV프로텍트에센스UV
82041521,위스퍼슬림날개중형10*48
82041650,조이레귤러300ML 1S*24
82042461,비달사순샴푸스트레이트400ML1*12
82042996,볼륨업 무스1*12
82043233,SK2화이트닝리퀴드FND 31
82043697,팬틴샴푸일반575ML (BC96)
82043876,위 W팬티소프트업코튼블루M
82044145,위스퍼그린날개대형34*12
82045797,PANTENE SHP 550MLX6 VOL-DOWN BC96AP
82046048,SK2 ADV WHT 팬케이크21 BC SAMPLE
82047144,팬틴샴푸볼륨100ML*6
82047328,큐티소형샘플2*50
82047597,SK2 ADV화이트팬케익33SP
82048624,위스퍼그린3울후레쉬샘플20*8
82050545,프링글스2가지맛번들팩COSTCO
82050727,팬틴샴푸1000ML팩볼륨2*6
82052102,팬틴시스템팩1125모이스쳐
82052688,위스퍼울트라트윈팩COSTCO
82052765,SK-II에센스파운데이션42
82053263,클린저 35g (유소)
82054503,페브리즈 100ml
82054684,팬틴볼륨650ML온팩
82055228,코디미용지프로모션280*4
82056576,팬틴HHR 2960ML모이스쳐FM 03
82057598,큐티드림골드대형40S*2
82059536,팬틴7월1500팩-볼륨
82059544,코디네모난물베이비파우더향70매레귤라
82060973,SK-II여행용세트
82061578,팬틴9월1450팩볼륨
82065249,클렌징 오일 34ml
82065671,크레스트스탠드3단양면
82065927,큐티드림골드중형 52S*4 SPRING04
82067349,위스퍼그린일반중형20개입
82068383,팬틴2760팩코스트코용모이스춰
82068728,팬틴2960팩모이스춰
82068911,팬틴 1500팩-모이스춰
82069795,H&S센서티브알로에 스티커링 컨디570ml
82070300,딥 리페어 에센스
82071971,비달사순 컬러케어 샴푸 960
82072310,큐티 Fall03 소형2P 샘플
82075135,팬틴400 코스트코 트리트먼트팩-집중손상
82075164,클레어롤 허벌 에센스 내츄럴 모이스춰샴푸
82076886,팬틴 엑스트라 스트레이트 샴푸 550ML
82077435,헤드앤숄더 샴푸 레몬그라스 400ML
82079706,팬틴 1600팩-밀키 모이스춰
82079844,위스퍼 소프트클린 울트라 72P
82082387,큐티 편안한 아기 대형 88 이마트
82082457,페브리즈 에어 비치형 프레시 블루 본체
82083846,헤드앤숄더 코스트코 1335팩-레몬그라스
82084606,비달사순 소프트 웨이브 왁스 60G
82084699,프링글스 산타사커팩(양파2+오리지날미니1)
82084942,어드밴스드 아이 트리트먼트 필름 WU 샘플
82085530,위스퍼 그린 특별기획팩
82085689,팬틴엑스트라데미지트리트먼트100G
82087172,비달사순 COSMETIC 믹스드 I
82088830,어드밴스드화이트닝소스리퀴드FND220샘플
82089360,큐티 미드티어케이스 중형 120p-업그레이드
82089492,비달사순 폼실크 스프레이 300ml
82089573,팬틴밀키모이스춰컨디850ML
82095877,팬틴집중손상케어컨디375ML
82095957,위스퍼 그린 중형 40개입 -실속기획팩
82096256,위스퍼 슈퍼롱 특별기획팩
82096290,큐티 편안한 아기 중/대형 2P 샘플
82096425,팬틴 1900팩-바운시 볼륨
82096503,헤드앤숄더 1225팩-쿨 멘솔
82096744,페브리즈 베이스+에어 프로모션팩-상쾌한향
82097215,팬틴 선물세트형 1호- 바운시+집중
82097225,팬틴 750팩-집중손상
82097386,위스퍼 트윈윙 롯데마트 알뜰기획팩64P
82101804,위스퍼 코스트코 슈퍼롱 번들팩 20P
82102460,헤드앤숄더 1900팩- 딥클린
82102613,크리스마스 코프레 피테라 리바이벌
82106647,어드밴스드WS팬케익EX 320
82107950,위스퍼 ML 대형 번들팩
82108767,위스퍼 그린 울날중 4P 폴리
82110397,헤드앤숄더 딥클린 컨디 570ML
82111022,스킨시그니처 크림인 파운데이션 320
82111594,팬틴 실키 스무드 케어 컨디 850ML
82111853,페브리즈 에어 팩 비내리는 초원
82113532,웰라_인텐시브_4B_추석한정할인팩
82113984,위스퍼 컬러드 코어 GR 4P (판매용)
82114841,SK-II 셀루미네이션 에센스 7ML
82116717,어드밴스드WS팬케익EX 510
82117075,위스퍼 팬티라이너 클린라이너 무향 36P
82117539,팬틴밀키모이스춰컨디500ML
82118051,팬틴 풀앤씨크 샴푸280
82118988,헤드&숄더 센서티브 컨디 375ML
82121869,위스퍼 소프트클린 세이프티존 대형 30p
82122364,페이셜리프트이멀전 10ML
82123067,헤드앤숄더 스완 1775팩-레몬그라스
82123810,JAS'09 페브리즈 370ML+210ML 팩 상쾌한향
82124088,프링글스 치즈맛 110G 파이오니어
82126573,헤드앤숄더 겸용삼푸 850ML
82129280,페브리즈 370ML+320ML 팩 상쾌한향
82131024,듀라셀 울트라 AAA 8개입 파워체크
82131106,퓨전 MAMJ'10 F10 파워
82133063,헤드앤숄더 스완 2550DM팩-센서티브알로에
82133111,비너스 브리즈 4입날
82133262,스킨 시그니처 아이크림 15g 정품샘플
82134683,위스퍼 리프레쉬케어 울날중 90P
82135008,페이셜 트리트먼트 클리어로션 150ml
82135491,마하3 터보 매뉴얼 면도기　
82137921,듀라셀 디럭스 알카 AAA 21개입
82139128,화이트 래디언스 나이트 리스토어링 크림
82140668,크로스액션 파워 화이트닝 리필
82140703,팬틴 실키스무드케어 2200팩
82141045,위스퍼 팬티라이너 허브 40개입*2
82141142,페브리즈 따뜻한 햇살 용기형 370ML
82142224,헤드앤숄더 로터스 1814팩- 가려운 두피
82143236,헤드앤숄더 007 800팩- 딥클린
82143336,페이셜 트리트먼트 에센스 포 맨 10ML
82143645,팬틴 컨디 500 내추럴 케어
82143984,팬틴컨디 850 집중손상_IR_슬리브
82144582,팬틴 아이리스 리빌 샘플 삼푸 40ML
82144944,헤드앤숄더 007 RRP 800팩- 딥클린
82145561,페이셜 트리트먼트 에센스 10ml 샘플
82145848,팬틴 삼푸 200 극손상케어
82146719,질레트 마하3 헤라클레스 면도기 1UP
82146747,오랄-비 마이크로씬 클린 8입 (코스트코)
82147092,토탈이펙트 7 인 1 안티에이징 나이트 크림
82147234,질레트 마하3 헤라클레스 면도기 디스트리퓨션팩
82147680,시리즈 젤 모이스쳐라이징 200ml
82149175,페브리즈 비치형 코스트코팩 바람속의 꽃향기
82152810,마하3 면도기 2UP_헤라클레스_맨스챌린지 스티커
82156091,셀루미네이션 에센스 EX 7ML
82157393,셀루미네이션 마스크인로션 100ML
82159907,팬틴컨디850바운시볼륨STK
82160455,위스퍼 보송보송케어 울날중 90개입
82160756,팬틴 트리트먼트 200mlX2 극손상케어_트레이더스
82164113,화이트 래디언스  리스토어링 로션
82164322,아쿠아액션 세트2 (AA젤50g + TE크림노말10g + TE마스크1P)
82169714,페브리즈 (900+320) 팩 상쾌한향 2011
82170114,오랄-비 인디케이터항균 40모
82171246,질레트 프로글라이드 파워 면도날8입
82171794,퓨전 파워 면도기 (올림픽)
82173453,팬틴 아이리스 850 집중손상 컨디셔너_이마트
82174766,오랄비 어드벤티지 항균모 4입
82176848,시리즈젤 모이스춰라이징 200ML
82176873,헤드앤숄더 MtDew 1500팩- 포맨 헤어폴
82179027,P&G 팬틴 선물세트 E2호
82179336,팬틴 집중손상케어 1900팩
82180179,탐팩스 레귤러 트레이더스 팩
82180238,팬틴 아틀라스 집중수분케어 1000팩
82180245,허벌 에센스 터쳐블 스무드 컨디셔너
82180786,페브리즈 비치형 스타터킷 (바람속의꽃향기) B&B
82183112,다우니 블루 2LT 튤립과 달콤한 라일락 향_Oct’12
82183875,페브리즈 370ml+320ml 팩 은은한향 OND'12
82185018,다우니 퍼퓸 이노센스 30ml 사셰
82188096,에스케이-투 스팟 케어 & 브라이튼 데이 크림 0.5g(비매품)
82188616,다우니 퍼플 1.8L리필 화이트 티와 릴리 향
82191203,헤드앤숄더 Bahamas 샴푸 550 헤어폴 클리닉
82191742,듀라셀 울트라 AA 24개입 파워체크
82194666,헤드앤숄더 MtDew 1950팩- 애플 프레쉬_new
82194680,팬틴 모발강화케어 1000팩_new
82198571,페브리즈 차량용 2ML (라벤더의 포근함)
82198602,페브리즈 에어 봄의소생 275G
82199786,브라운 시리즈3 면도기 320S-4 코스트코
82200804,위스퍼 슈퍼롱 오버나이트 5개입
82201485,팸퍼스 BB 크루저 4단계 1/152
82201540,팸퍼스 BB 크루저 6단계 1/104
82203724,브라운 면도기 쿨텍 CT4s 코스트코
82204598,팬틴 모발강화케어 트리트먼트 200ml
82205016,다우니 퍼퓸 핑크 1.8L 이노센스 향
82205192,헤드앤숄더 BAHAMAS 쿨 멘솔 컨디셔너 850
82205394,다우니 김치 블루 1L+1L 팩 튤립과 달콤한 라일락 향
82205400,다우니 김치 블루 2L+700ML팩 튤립과 달콤한라일락 향
82205780,셀루미네이션 팬케이크 320
82205896,페브리즈 차량용 2ML (태국의 열대과일)3
82206075,다우니 핑크 4LX3 베리베리와 바닐라크림 향_PG
82206318,오랄비 스테이지스 치약 3입
82206493,컴플리트 5웨이 클린 40모 1개입
82206845,팬틴 프로브이 아이스 샤인 샴푸 400ml
82208205,페브리즈 부착형 화장실용 리필 (산뜻한 정원향)
82208382,페이셜 트리트먼트 마스크 10P
82208481,에스케이-투 컬러 클리어 뷰티 파우더 파운데이션 420 (클리어 베이지)
82208835,썬파워 알카 AA 2개입 스몰카드
82209951,로케트 망간 C 2개입
82210298,스팟 스페셜리스트 컨센트레이트 0.5g (비매품)
82210692,다우니 김치 핑크 1L+1L 팩 베리베리와 바닐라크림 향
82212506,사인즈 너리싱 크림 2g(비매품)
82215469,에스케이-투 페이셜 트리트먼트 클렌징 오일 34ml(비매품)
82218108,스템파워 페이스 & 아이 키트
82219857,다우니 김치 핑크 1L+1L 팩 베리베리와 바닐라크림 향
82219922,듀라셀 C&B AA 40PK_코스트코
82220525,오랄-비 스테이지스 3단계 행사팩
82221918,위스퍼 보송보송케어 울트라 날개 중형 36개입
82223233,페브리즈 비치형 스타터킷 비내린초원
82224385,듀라셀 알카라인 디럭스 9V 벌크 1x72x4
82224493,페이셜 트리트먼트 젠틀 클렌징 크림 2.5g(비매품)
82224927,페브리즈에어(바람속의꽃향기) B&B
82227052,페브리즈 370ml+320ml 팩 상쾌한향 AMJ’15
82228638,알엔에이 파워 에센스 30ml
82229269,화이트닝 소스 덤 리바이벌 마스크 6p
82232623,오랄비 고탄력 초미세모 저자극 케어 6입 DBD
82232807,오랄-비 프로-엑스퍼트 클리니컬 프로-플렉스 3입
82232875,페브리즈 부착형 화장실용 상쾌한 하늘향 스타터킷+리필
82234517,다우니 섬유 데오도라이저 쿨 프레시 375G + 베이스 200ml
82236207,질레트 마하3 터보 면도날4입
82236687,페브리즈 상쾌한향 용기형 370ML
82236862,질레트 퓨전 매뉴얼 12+1 팩 (롯데 VIC 마켓)
82240007,프로글라이드 센서티브 젤 오션쿨 170g
82241473,위스퍼 피부애 팬티라이너 리프레쉬 36개입 x 3
82242198,팸퍼스 M5 베이비드라이 2단계 이코노미 박스 1X222
82242731,T 페이셜 트리트먼트 젠틀 클렌져 120g
82243374,스킨 퍼펙팅 파운데이션 310
82243427,질레트 퓨전 프로글라이드 스타일러
82243889,페브리즈 다우니향 370ML 용기형
82244003,페브리즈 섬유탈취제 은은한 향 370mlX2 (PP)
82245900,(일본산) 팸퍼스 베이비드라이 3단계 중형 (64X4)
82246745,제놉틱스 오라 에센스 15ml 키트
82247364,팬틴 퀀텀 컨디셔너500ml 극손상
82248670,알엔에이 파워 에센스75ml
82249158,스템파워 리치크림 15g(비매품)
82249271,페브리즈 차량용 2ML (태국의 열대과일)3
82249769,스킨 시그니처 3D 리디파이닝 마스크 1p (비매품)
82250242,질레트 마하3 터보 면도날4입
82250372,오랄비 고탄력 초극세모 블랙티 1입(Hyper)
82250905,싸인즈 퍼펙트 래디앙스 파우더 파데420
82250999,위스퍼 피부애 중형 보너스팩 36P+18P
82252215,퓨전 매뉴얼 8+1 면도기 무료 팩
82252455,오랄비 고탄력 초미세모 잇몸전문 케어 4입 이마트
82252498,오랄-비 스테이지스 2단계 2입(이마트)
82253770,퓨전 파워 면도기 TMR 1CSX36IT*1X6X6
82255214,엘엑스피 얼티미트 퍼펙팅 크림 15g (비매품)
82255648,위스퍼 코스모 울트라 날개 중형 18개입
82255897,스킨 퍼펙팅 파운데이션320
82260001,애트모스피어 씨씨 크림 0.8g(비매품)
82261187,페브리즈 섬유탈취제 다우니 향 320ml (Harmony)
82262404,팬틴 콜로서스 트리트먼트 220ml 엑스트라볼륨
82263113,오랄-비 어린이 전동칫솔D12 프로즌 콤보 코스트코 팩
82263514,팸퍼스 스와들러 센서티브 1단계 샘플 8P(8X21)
82265030,다우니 블루 레몬그라스와 달콤한 라일락 향 1LX3
82265040,팬틴 딥리페어 트리트먼트 에센스 100ML
82265326,팬틴 퀀텀 엑스트라볼륨 1500팩X6
82266102,다우니 퍼퓸 그린 2.7L 보타닉 가든 향 PP
82267128,다우니 아로마쥬얼 로얄 피오니 375g (ST)
82268203,질레트 마하3 클래식 4 입 날 (LT)
82268650,다우니 퍼플 1LX2+700ml 화이트티와 릴리 향(Agri)
82268958,오랄-비 프로엑스퍼트 스타워즈/프로즌 행사팩  JAS17
82271442,프로글라이드 센서티브 엑티브 스포츠 포오미 245g
82272084,다우니 퍼퓸 핫핑크 블룸 1L+1L
82272526,페브리즈 비치형 리필 (맑은하늘바람) (Kreach2)
82273821,페브리즈 차량용 2ml (향긋한 봄꽃향) (CT)
82274352,얼티미트샘플키트 리미티드에디션40G
82275352,페이셜 트리트먼트 마스크6p
82276534,더블유에스 덤 리바이벌 프로그램10P
82279590,질레트 퓨전 프로쉴드 옐로우 4개입
82279911,퓨전 프로글라이드 파워 12입날 쉐이브클럽 팩
82280226,다우니 퍼퓸 샤인 향 2L (Chanel)
82280412,다우니 섬유 데오도라이저 쿨 프레시 480g
82281786,다우니 퍼플 2LX4 화이트티와 릴리 향 (롯데)
82281890,다우니 퍼퓸 블랙 미스티크 1L+1L (Chanel) - poly
82281915,위스퍼 보송보송케어 울트라 날개 중형18P
82282223,다우니 블루 2L+1.6L 홈플러스 창립팩
82284370,질레트 프로쉴드 옐로우 매뉴얼 크롬 핸들 1+4 프리미엄 팩
82285757,뷰티 트레블 샘플키트 TR
82286072,다우니 오션코랄 퓨어러브 1L+1.6L 팩(이마트)
82286780,페브리즈 섬유탈취제  이마트팩 상쾌 370mlX2 + 다우니 210ml
82287210,허벌에센스 볼륨 화이트 그레이프 프루트 & 모사 민트 컨디셔너
82287741,헤드앤숄더 2250팩- 쿨 멘솔 (일렉트로맨)
82287960,오랄비 D12 바이탈리티 초미세모 일렉트로맨 기획팩
82288393,다우니 퍼플 3.8LX3 화이트티와 릴리 향
82289714,오랄비 치간 칫솔 20개입
82290009,질레트 프로쉴드 옐로우 면도날 12입 코스트코팩
82290348,OLAY WR CS 에센스 듀오 세트(30ml*2)
82291722,질레트 퓨전 파워 면도날 10입팩
82292797,다우니 퍼퓸 핫핑크 블룸 2L
82293423,오랄-비 프로헬스 3D화이트 3+1입 (이마트)
82293426,오랄-비 프로헬스 3D화이트 3+1입
82293508,오랄-비 크로스액션 35모 탁월한 세정력 3입(롯데마트)
82294905,다우니 프리미엄 액체형 세제 핑크 2.7L
82298081,팸퍼스 베이비드라이 2단계 점보 팩 34P*4
82298092,팸퍼스 베이비드라이3단계 이노머스 박스1/168
82299248,RNA파워 에어리 밀키 로션80g
82300035,헤드앤숄더 발리 컨디셔너 850 쿨멘솔
82300109,페이셜 트리트먼트 클렌징 젤 80g
82300762,다우니 퍼퓸 그린 보타닉가든1L+1L (Poly)
82303616,FAB 울트라 리페어 베리에어 크림 50ml(1.7OZ)
82306860,화이트닝소스 덤 리바이벌 마스크1p
82308305,질레트 퓨전 매뉴얼 면도날8입
82309893,허벌에센스 바이오리뉴 아르간오일 샴푸+컨디셔너 팩
82309986,다우니 프리미엄 액체형 세제 실내건조 1.7L
82310706,다우니 퍼플 화이트티와 릴리 2.6Lx4
82310714,다우니 퍼퓸 미스티크 2Lx4
82311285,브라운 8370+CCR2 코스트코 팩
82312078,다우니 세탁세제2L+섬유유연제2L 블루 이마트 팩
82313462,팸퍼스 베이비드라이 1단계 점보팩 44PX2_QR
82313991,에스케이-투 스킨파워 크림 50g
82314003,에스케이-투 스킨파워 에센스 50ml
82314250,오랄-비 크로스액션® 리필모 6개입
82314381,헤드앤숄더 퍼퓸 프레쉬 샴푸 750ml
82314448,다우니 오션코랄 퓨어러브 1L+1.6L 팩(이마트)
82314462,다우니 엑스퍼트 실내건조 2LX2 (이트레이더스)
82314937,오랄비 고탄력 초미세모 틈새케어4입+왁스치실50M1입
82315360,오랄-비 DNA PRO500 (+여행용케이스)
82316137,다우니 엑스퍼트 스포츠 700ml
82316186,다우니 퍼퓸 핫핑크 블룸 200ml
82316212,다우니 퍼퓸 오션코랄 퓨어러브 향 1L (구버전)
82318327,팸퍼스 통잠팬티 4단계 30 X 4
82318916,제놉틱스 스팟 에센스 50ml
82319132,페브리즈 화장실용 상쾌한비누향 6ml*2+산뜻한사과향 6ml*2
82319462,팬틴 콜로서스 엑스트라볼륨 1500팩
82321913,질레트 스킨텍 파워 면도날 8입 (557)
82322500,다우니 퍼퓸 블랙 미스티크 2LX2 팩 (이트레이더스)
82322571,다우니 PGP 블루 3.8X3 레몬그라스와 달콤한 라일락 향
82323343,질레트 프로글라이드 매뉴얼 이마트 추석 기획팩
82324013,다우니 섬유유연제 핑크2L+세제 핑크2.7L 팩 (LT)
82327429,다우니 프리미엄 액체형 세제 핑크 1.9L
82327913,페브리즈 차량용 2.2mlX2 쿨아쿠아
82328416,페브리즈 섬유탈취제 다우니향 코스트코 (920MLX2)X10
82328596,피테라 에센스 230ml 디럭스 듀오 세트
82329057,팸퍼스 통잠팬티 5단계 26 X 4
82329656,스위퍼 더스터 먼지떨이 리필 10입 KR
82330996,질레트 프로글라이드 매뉴얼 믹스드케이스
82331281,팸퍼스 베이비드라이 + 통잠 6단계 샘플팩 8X30
82331451,팬틴 콜로서스 극손상 샴푸 쿠팡팩
82332184,팸퍼스 아르모니 팬티형 5단계 4X20
82332580,오랄비 치간 칫솔 60개입 (20PX3) 코스트코 팩
82332703,질레트 프로쉴드 옐로우 면도날 10입+질레트 시리즈젤 195g
82333240,오랄-비 벨벳 초미세모 인디케이터 6개입
82333325,페브리즈 섬유탈취제 포맨 상쾌한허브 향 360ml 2입+320ml 1입
82333454,오랄-비 크로스액션® 탁월한 세정력 35모 12개입
82333943,오랄-비 크로스액션 화이트 리필모 6입 (EB50-6)
82334015,다우니 베이스 블루 맥퀸 레몬그라스와 라일락 4L (PGP)
82407583,구찌 바이 구찌 PH ASB 50 샘플
82410128,AS 네일 칼라 N 300 - 테스터
82410334,AS 네일 아트 칼라 N 083
82410345,AS 베이스 코트 엔
82416778,네일 칼라 N 606
82416844,안나수이 립 루즈 V 461 T
82420319,AS 프로텍티브 립 트린트먼트 - 테스터
82420407,AS 바디 프로텍션 P-테스터
82420589,AS 아이 칼라 듀오 (팬 필드 테스터) - 04
82420600,AS 아이 칼라 (팬 필드 테스터) 200
82420702,안나수이 핸드 앤 네일 크림 N 50G
82421649,안나수이 미러 참
82422265,안나수이 립 글로스 C 301 -테스터
84822250,팸퍼스 베이비드라이 5단계 메가팩
84912830,프링글스리지스오리지날미디엄160G
84916722,프링글스피자맛미디엄184G*14
84922498,아이보리3바
84998619,다우니 심플프레져 바닐라 & 라벤다
80222235,팸퍼스 이지업 팬티형 남아 6단계 수퍼 1/60
80230640,팸퍼스 BB 크루저 6단계 1/104
80238421,오랄비 D16 그린
80248683,오랄-비 스테이지스 1단계 2입
80263563,다우니 페브릭 데오도라이저 그린 375g
80275733,오랄-비 D12 바이탈리티 크로스 액션 (May'16)
80288699,오랄-비 D12 바이탈리티 3D 화이트
80304940,오랄비 GENIUS 8000 화이트
80308409,오랄비 전동칫솔 D12.513 카즈
80317976,오랄-비 DNA PRO500 (+여행용케이스)
80319638,팸퍼스 베이비드라이 5단계 이노머스 박스 1/132
80356481,오랄-비 전동칫솔 Pro1000 블랙
80356518,오랄-비 전동칫솔 iO8 화이트 알라바스터
80688784,팬틴 극손상케어 컨디셔너 1800ml
80689632,프로글라이드 센서티브 젤 170G (CM)
80690894,팸퍼스 2022에어차차+통잠 4단계 샘플팩 8X30
80690945,다우니 생화향기 컬렉션 스프링 가든 러브1Lx12
80691990,퓨전 하이드라 젤 센서티브 75ml
80693755,다우니 엑스퍼트 항균 파워 플러스 1.6L
80693963,다우니 베이스 퍼플 맥퀸 화이트티와 릴리  1.05Lx3
80693970,다우니 베이스 블루 맥퀸 레몬그라스와 라일락 3.8X3  stk
80696468,스킨파워 어드밴스드 에어리 크림 50g
80697563,다우니 프리미엄 액체형 세제 핑크 2.0LX6 (Goldie)
80697706,페브리즈 포맨 시트러스앤우드향 370ML
80697762,헤드앤숄더 샴푸 850 애플프레쉬 레거시
80697773,헤드앤숄더 애플프레쉬 샴푸 550ml 레거시
80698192,다우니 엑스퍼트 실내건조 톰포드 (그린) 200mlx24
80698700,질레트 프로글라이드 매뉴얼 면도날 8입 (557)
80702243,페브리즈비치형 실내용 1개입 (7ML) 화이트티앤릴리
80702249,페브리즈 화장실용 3개입(6mlx3) 은은한 라벤더향
80703649,오랄-비 후레쉬 클린 40모 1입 (DBD LS)
80704210,페브리즈 항균플러스 산뜻한향 370ml 3in1
80705128,에스케이-투 페이셜 트리트먼트 에센스 뉴이어 리미티드 에디션 비매품
80705278,다우니 엑스퍼트 실내 건조 향 1L+1.6Lx2  홈플러스팩
80705738,오랄-비 프리시즌 클린 + 플로스 액션 (EB20-3 + EB25-1)
80708703,헤드앤숄더 딥클린 샴푸 850ml (PX)
80709134,헤드앤숄더 시트러스 레몬 샴푸 750mlx2+딥클린 샴푸 90ml 세트
80709540,다우니 프리지아 앤 페어1Lx12 T1.2
80710697,다우니 세제 퍼플 1.9LX6 AV
80710712,다우니 프리미엄 액체형 세제 냄새딥클린 블루 2.2L X 3
80714610,팸퍼스2023년형 베이비드라이+통잠 3.0샘플팩 8X30 5단계
80724035,오랄비 스테이지스 1단계 1입
80729882,페브리즈 섬유탈취제 은은한 향 900ml
80731878,페브리즈 섬유탈취제 다우니 리필 320ml
80733467,다우니 생화향기 컬렉션 와일드 라벤더  2Lx4 (2023년형)
80734081,오랄비 EB20RX 화이트 리필 4입
80737764,팸퍼스 베이비드라이 밴드형 기저귀 5단계 1박스 (132매)
80740999,오랄비 아이콘 X 7입
80746676,페브리즈 비치형 6.3ML 라일락피오니
80747889,팸퍼스 베이비드라이 밴드형 기저귀 3단계 1박스 (168매)
80753492,비너스 스월 2UP 올영 써머팩
80776655,스킨파워 리-뉴 에센스 75ml
80777273,오랄비 왁스치실(1x24)
80777745,스킨파워 리-뉴 에어리 크림 80g
80778464,다우니 세제 블루 1.9LX6 BD
80779378,헤숄 가려운두피 샴푸 500ml 2입 OY
80781485,페브리즈 항균 산뜻한향 리필 320ml
80781666,팸퍼스 2024 터치오브네이처 썸머팬티 체험팩4단계(8x30)
80781705,페브리즈 항균플러스 깨끗한 향 360ml 3입
80782130,터치오브네이처 아쿠아 물티슈
80793498,팬틴 극손상 케어 샴푸 1800ml
80793505,팬틴 극손상 케어 컨디셔너 1800ml
80794213,질레트 프글 매뉴얼 면도날 4입
80794300,질레트 스킨텍 면도날 10입
80794395,페브리즈 섬유탈취제 미스티크 900ml
80796085,질레트 프쉴 옐로우 파워 기1+날9
80796250,오랄비 iO얼티밋클린 화이트 리필2입
80797938,오랄-비 전동칫솔 iO2 블랙
80804795,오랄-비 전동칫솔 iO3 아이코닉 그레이
80809373,브라운 시리즈 9 면도기 9687cc SILVER
80812516,다우니 엑스퍼트 센서티브 1LX3 P2
80820170,질레트 프글 파워 12BBGR 폼
80823451,질레트 랩스 손흥민 2.0 에디션 (1up+3ct)
80823668,오랄비 센시티브 프리시즌 6입
80829295,페브리즈 포맨 프레쉬 클린향 370ml
80830236,팸퍼스 2025 터치오브네이처 여름낮밤패키지 체험팩 5단계
80830791,질레트 프글 매뉴얼 1up+4입 557 군납
80833956,다우니 미스티크 4.1L
80840165,제놉틱스 울트라오라 에센스 30ML
80841720,브라운 시리즈 X 면도기 M1100 BLACK (신제품)
80843937,페브리즈 차량용 방향제 (맑은 하늘 바람 2+라벤더의 포근함 2)X6CP
80848509,베스트셀러 트라이얼 키트(Re-New)
80850525,질레트 프쉴 옐로우 면도날 4입 PX
80874343,오랄비 부드러운세정 초미세모 벨벳 그린티 3입
80875719,질레트랩스 핸들 + 면도날 1입 + 행어
80876957,다우니 고농축 로맨스 8.5LX2 트레이더스 P2
80886804,헤드앤숄더 프로페셔널 안티-댄드러프 어드밴스드 오일 컨트롤 샴푸 300m
80893370,질레트 랩스 딥클렌징바 2up + 랩스 젤
80903050,프링글스매콤한맛50G
80907957,프링글스쉬림프페퍼맛
80983883,프링글스매콤한맛184G*14
81010378,안나수이 EDT 30ML
81010400,안나수이 돌리 걸 EDT 30ML
81016917,AS 링 루즈 601 테스터
81017330,AS 립 브러쉬 테스터
81019203,AS 아이 칼라 액센트 303
81105616,돌체 앤 가바나 라이트 블루 뿌르 옴므 오 드 뚜왈렛 125ml
81141776,디앤지 03 LIMPERATRICE EDT 5 MINI
81153159,프링글스 라이트 오리지날맛
81153639,SP 200ml 스무든 컨디셔너
81153690,SP 400ml 하이드레이트 마스크
81154454,디앤지 3 렘프하트리스 오 드 뚜왈렛 1.5ml 럭스 소필룩스
81164313,소프트터치6/5엔
81164414,컬러후레시 애쉬그레이11
81164423,컬러후레시 바이올렛 6
81186779,구찌 바이 구찌 PH 스포츠 EDT 5ML MINI
81211814,SB 250ml 하이드레 컨디셔너
81212913,BT 750ml 에이지 인슈어 마스크
81230048,KP 99/74 오렌지브라운
81253247,브라운 시리즈1 면도기망 11B
81262928,브라운 커피메이커KF570
81321286,5월 에이프런
81342264,스캘프 파우치
81372097,브라운 커피메이커KF560
81387935,브라운 시리즈3 면도기망 30B
81387937,브라운 시리즈3 면도기망 31B
81399939,브라운 면도기 쿨텍 CT4s
81428561,브라운 시리즈3 면도기 320s-4 코스트코
81464821,GEM 액티브핏 4단계 플러스 1X140 이커머스 WE
81479516,브라운 시리즈9 9090 CC
81483544,팸퍼스 베이비드라이 박스형 6단계 1/92 (독일산)
81483727,브라운 쿨텍 CT5CC_LSD
81539306,브라운 시리즈 3 면도기 3040 B3CM
81576247,브라운 쿨텍 CT4S_LSD
81577457,브라운 시리즈 5 PP5 5090cc gift
81662410,브라운 시리즈 8 면도기 8390cc SILVER
81701749,브라운 시리즈 9 면도기 9395cc CHROME
81726785,브라운 시리즈 5 면도기 50-W4200cs WHITE
81726920,브라운 시리즈 7 면도기 70-S1200s SILVER
82001476,헤드앤숄더 2075팩-실키모이스춰
82002582,헤드앤숄더 릴랙스 티트리 컨디셔너 850ML
82002766,페브리즈 에어 비치형 GR 130G 리필S
82006204,팬틴 1400 선물세트팩 1호-집중손상
82006795,페브리즈 냄비받침
82007546,화이트닝소스 덤브라이트너 샘플
82010448,위스퍼센서티브 시스템팩 72P
82010766,비달사순 살롱 모이스춰 샴푸 550ML
82010770,비달사순 살롱 모이스춰 컨디셔너 550ML
82013005,프링글스　치즈맛1*12
82014560,비달트리트먼트200ML 1*12
82019082,SK2 FT클렌져120G
82024717,팬틴 1100팩-엑스트라스트레이트
82025041,지프땅콩버터크리미1*10
82026417,위스퍼그린울트라날개소20*24
82027092,위스퍼 트윈윙 시스템팩 74P
82032448,팬틴시스템샴푸일반575ML 1*6
82033443,큐티베이비조이중형78*3
82033843,물비누디스펜서흰색1*12 D1220
82034055,울트라중형20P
82038319,큐티소형 34S*6
82038324,큐티대형 36S*4
82038329,큐티특대형 28S*6
82038427,팬틴샘플팩2*200
82038645,SK-II SKIN CRM 80G SIGNS TRMT BC/SP
82040435,페브리즈카프로모션팩-플로랄향
82040882,큐티골드(대형)36S*4
82041607,위)울트라후레쉬일반중40*24
82041980,위스퍼울트라후레쉬날개믹스1*10
82042852,SGNS퍼펙트래디앙스 LIQFND510
82043221,SK2리페어C파우더FND 22
82043244,SK2 FT모이스처크림15G*2
82044721,SGNS퍼펙트래디앙스 PWDFND510
82045336,SK2 ADV WHT팬케이크43
82045914,위스퍼울트라후레쉬날중18*24
82045996,SGNS퍼펙트래디앙스 PWDFND330
82046331,코디라벤더10+1롤*8
82046399,큐티드림골드소형68*4 FALL01
82046943,VS비듬샴푸575ML1*6
82046949,비달린스스트레이트960ML*6
82047006,팬틴트리트먼트모이스춰200ML*24
82047142,팬틴올인원샴푸플러스400ML*12
82047769,큐티용7월사은품*48
82048904,VS스타일링혼합케이스*10
82049837,큐티증정품라면용기
82050150,페이셜 리프트 이멀젼 11g
82050465,비달익사이팅웨이브린스500ML
82050621,비달익사이팅스트레이트린스400ML
82050669,팬틴인텐시브트리트먼트
82050699,프링글스양파맛50G DBD PRM
82051109,프링글스어린이날프로모션
82052820,SK-II에센스파운데이션41
82054324,SK-II FACE CRM 30G ADV PRT ESS N W-U SP
82054908,팬틴집중손상케어린스500ML
82055942,SK2 FC CRM SIGNS TRMT ESS OP-3 RF
82057582,비달스타일스트레이트샴푸200
82057860,코디증정품(행주)
82057991,FEBREZE휴대용팩PROMO-MA
82059548,비달7/8월2960팩-웨이브
82059597,은은한향페브리즈보충형 320ml
82061478,울트라후레쉬일반중형20P
82063381,큐티드림골드대형60피FALL03
82063528,팬틴비듬케어500ml린스
82063539,큐티드림골드소형68*4 FALL03
82064029,팬틴10월2414팩 볼륨
82065375,팬틴집중손상케어샴푸550
82065580,팬틴1160온팩모이스춰
82066264,코디일반50미터30롤
82066445,위스퍼소프트라이트PAD 24팩
82066952,위스퍼소프트클린날개소형32개입
82068912,팬틴 1500팩-볼륨
82069062,큐티대형(52+4)*4보너스팩
82070502,아이보리3바
82070592,위스퍼소프트클린그린트윈팩코스트코40*2
82071460,위스퍼소프트클린슬림날개중형10개입
82071713,비달사순 샤이니 룩 에센스 30ML
82071773,PAMPERS DPR MD 84SX3 BSOD SPRING05 SJMB
82071970,비달사순 프로패셔널 스타일 샴푸960
82072264,위스퍼 슬림 커브 일반 대형 20개입
82072984,팬틴 750 샴푸-집중손상
82073087,SK-II어드밴스드싸인즈트리트먼트80G
82074542,에어터치 FND OP-3(리필)
82074545,에어터치 FND OB-2(리필)
82074701,비달사순 1320팩-컬러케어
82074795,에어터치 FND OB-4(리필)
82075466,클린라이너 무향 18
82075806,웰라트리트먼트칼라 인텐시브 8B
82075984,헤드앤숄더 770팩-딥
82077413,팬틴 집중손상케어 올인원 550ML
82077660,비달사순트리트먼트100G-살롱모이스춰
82078131,소프트라이트 시스템팩
82078531,팬틴 집중손상케어 100ML 린스
82079244,팬틴 딥리페어트리트먼트크림40ML_샘플팩
82079832,헤드앤숄더컨디셔너960모이스트-래핑(5사인
82079897,페브리즈 370ML 플러스(S)
82080058,팬틴 1250팩-볼륨
82080279,비달사순 50주년샴푸550-프로페셔널
82080520,헤드앤숄더샴푸시트러스40ML
82082386,큐티 편안한 아기 중형 88 롯데마트
82083337,비달사순 프로페셔널 린스 960ML_STKR
82085755,헤드앤숄더쿨멘솔컨디375ML
82085765,웰라 트리트먼트칼라 인텐시브 4B
82086917,비달사순 컬러케어 트리트먼트 180G
82087362,비달사순 1920 이마트팩-컬러케어
82088823,어드밴스드 화이트닝 소스 리퀴드 FND 440
82089495,비달사순 롱래스팅 스프레이 300ml
82089535,어드밴스드 화이트닝 소스 팬케익 320
82089563,팬틴밀키모이스춰트리트200ML
82089727,팬틴 1500 이마트 팩 엑스트라 스트레이트
82094801,팬틴 400팩-밀키 모이스춰
82094809,팬틴 2550팩-집중손상
82095707,팬틴 2100팩-밀키 모이스춰
82095866,비달사순 딥 살롱 마스크 185G
82096847,페브리즈 베이스 항균 프로모션팩-녹차향
82097145,페브리즈 항균 고무장갑-그린
82099650,팬틴 집중손상 샴푸850ML-코스트코
82100159,비달사순 컬러케어 컨디셔너 850ML
82100182,싸인즈 트랜스폼 FND 420 클리어 베이지
82100185,STF 빅버프
82100381,팬틴 프리즈디펜스 샴푸40
82101122,위스퍼 테스코 78P
82101228,SGNS퍼펙트래디앙스 PWDFND컴팩트(레드)
82101287,팬틴 실키 스무드 케어 트리트먼트 200ML
82101646,위스퍼 센서티브 번들팩 72P
82101807,위스퍼 트윈윙 번들팩 80P
82102791,화이트 소스 트랜스폼 FND 220
82103664,팬틴 2075팩-집중손상케어
82104034,허벌 에센스 모이스춰 샴푸 50ML 스티커
82104159,팬틴 선물 세트 4호
82104343,팬틴집중손상케어샴푸850ML
82104432,팬틴바운시볼륨샴푸850ML
82104812,페브리즈에어비치형프로모션팩리프레시그린
82105860,LXP 액티베이팅 마사지 플루이드 N
82106216,위스퍼 소프트클린 세이프티존 울날중 18P
82106642,어드밴스드WS팬케익EX 310
82106936,페브리즈 에어 허브향 프로모션 팩
82107320,팬틴 레귤러 500CN-실키스무드
82107773,헤드앤숄더 1900팩- 헤어 폴 클리닉
82109787,WHISPER PAD UTUBE 20SX24 22CM DIANA 08
82110057,페브리즈 화장실용팩 릴렉스 아로마
82110327,팬틴 실키 스무드 케어 컨디 850ML
82112962,SK-II페이셜트리트먼트클렌징젤
82113746,팬틴 풀앤씨크 트리트먼트150_스티커
82114700,페이셜트리트먼트클렌져
82114850,헤드앤숄더 헤어폴 570 샴푸 슈링크
82116492,위스퍼 소프트클린 S 테스코 알뜰 74P
82117068,위스퍼소프트클린 슬림날개 오버나이트10P
82117553,팬틴집중손상올인원샴푸550ML
82118043,비달사순 나이트 살롱 에센스-증정용
82118049,팬틴 풀앤씨크 트리트먼트150
82118860,헤드&숄더 두피 마사지 크림 185G
82120349,AMJ'09 페브리즈 370ML+320ML 팩 허브 향
82123015,헤드앤숄더 스완 2250팩- 센서티브 알로에
82123397,2010 설 롯데2호
82125506,팬틴샴푸200집중손상IR
82125959,위스퍼 보송보송케어 울트라 날개 중형18개입
82126203,팬틴샴푸컨디겸용500(2in1)IR
82126473,웰라 트리트먼트 칼라 인텐시브 3B_스티커
82126493,웰라 트리트먼트 칼라 인텐시브 4B_스티커
82126559,헤드앤숄더 헤어 폴 클리닉 샴푸 850ML
82128979,헤드앤숄더 코스트코1700팩 수딩두피케어
82129429,팬틴클리니케어컨디550프리즈디펜스CA
82129806,2010 설 GS2호
82132118,퓨전 매뉴얼 기프트 팩
82132985,듀라셀 디럭스 알카 AA 40개입
82133645,인디케이터 항균모 4 +크로스액션 항균모 2
82133699,AMJ'10 페브리즈 370ml+320ml 팩 상쾌한향
82133819,오랄비 어드벤티지 플러스 3+1개입 (US)
82134425,헤드앤숄더 샴푸550쿨 멘솔
82134679,위스퍼 보송보송케어 오버나이트 번들팩
82134740,위스퍼 보송보송케어 벌키 중형 63개입
82137926,듀라셀 디럭스 알카 AA 12+4개입
82138027,로케트 파워 알카 AA 4개입
82138031,로케트 망간 D 2개입
82138693,퓨전 JASOND'10 파워
82138781,퓨전 JASOND'10 프라이드 매뉴얼
82138932,클리니케어 풀앤씨크 520ML 팩
82138961,헤드앤숄더 로터스 2114팩- 헤어 폴 클리닉
82139097,오랄-비 어드밴티지 컴플리트 항균모
82139462,토탈이펙트 7 인 1 안티에이징 크림 젠틀 에스피에프 15
82140361,비전 3입 + 인디케이터 항균 2입
82140647,위스퍼 보송보송 장시간 집중팩
82140715,팬틴 인텐시브모이스쳐케어 1700팩
82140926,스킨 리부스터 75g
82142275,팬틴 집중손상케어 삼푸 2200팩
82142773,시리즈젤 모이스처라이징
82144755,오랄비 칫솔모세트 SR18-2X3팩 (코스트코)
82144942,헤드앤숄더 로터스 RRP 2250팩- 건조한 두피
82145095,화이트래디언스 셋트 1 (브라이트닝세럼 50ml+클리어로션 20ml+ 리
82145102,아쿠아액션 인텐시브 너리싱 에멀전 스티커링
82145154,페브리즈 비치형 스타터킷 (맑은하늘바람) STK
82145252,오랄비 크로스액션 프로엑스퍼트 주니어 2입
82145544,페이셜 트리트먼트 마스크 1p 샘플
82145564,싸인즈 아이마스크 14P  정품샘플
82146314,팬틴 헤어타임리뉴얼 샤이니 리플렉션 오일 30
82146385,팬틴 헤어타임리뉴얼 삼푸 280
82146388,팬틴 풀앤씨크 컨디셔너 240
82146851,셀루미네이션 리퀴드 FND 420
82147043,마하3 8입 면도기 무료 팩_이마트
82147505,프링글스 110G 4팩_오리지날
82147681,시리즈 젤 센서티브200ml
82147735,아쿠아액션 딥 하이드레이션 듀
82148958,퓨전 파워 4입날 + 퓨전 하이드라젤 200ML 기획팩_롯데마트
82148994,셀루미네이션 에센스 인 FND 440
82149945,조이병 260ML
82152090,팬틴 집중 수분 트리트먼트 샴푸 500ML
82152104,팬틴 샴푸90mlX48모발강화케어
82152805,마하3 8입 면도기 무료 팩_이마트_맨스챌린지 스티커
82152823,화이트닝 스팟 스페셜리스트 0.7ML 샘플
82153458,아쿠아액션 롱-라스팅 하이드레이션 젤
82154976,팬틴 선물세트 T2호
82156085,셀루미네이션 딥서지 EX 2.5G
82157587,위스퍼 리프레쉬클린케어 트라이얼팩 32개입
82157592,위스퍼 리프레쉬클린케어 트라이얼팩 40개입
82157650,스템파워 2.5g
82157927,오랄-비 마이크로씬 클린 40모 4개입
82157941,오랄-비 크로스액션 항균모 35S
82158668,페브리즈에어(라벤더의포근함)
82159473,다우니 블루 1LT 튤립과 달콤한 라일락 향_런치 베네핏 스티커
82159917,팬틴컨디500바운시볼륨STK
82161017,듀라셀 디럭스 알카 AAA 4+2 프로모션 팩
82163266,SK-II 맨 브라이트닝 세럼 30g
82163359,스팟 화이트닝 위드 피테라 트라이얼세트
82163632,토탈이펙트 7 인 1 안티에이징 인헨싱 클리어 로션
82164123,아쿠아액션 딥 하이드레이션 듀
82164158,팬틴 모발강화케어 컨디셔너 500
82164169,팬틴 집중수분케어 컨디셔너 500
82164685,팬틴 트리트먼트 100MLX24 실키 스무드
82165414,프링글스 멀티그레인 양파맛 102G X 12
82166094,퓨전 프로글라이드 매뉴얼 면도기
82166591,헤드앤숄더 샴푸 가려운 두피 케어
82166602,헤드앤숄더 750_헤어폴
82166609,헤드앤숄더 컨디850 민감한 두피 케어
82171014,위스퍼 리프레쉬클린케어 울날중 36>
82171027,위스퍼 리프레쉬클린케어 울날대 18p
82171395,오랄비 프로-엑스퍼트 클리니컬 프로플렉스 3입 (이마트)
82171523,위스퍼 보송보송케어 74개입
82171824,브라운 시리즈3 면도기 390cc-4 코스트코
82172128,질레트 마하3터보 면도날8입
82172470,위스퍼 슈퍼롱 오버나이트 샘플 1개입 SH
82173108,페브리즈비치형 하와이향 4개입 코스트코팩
82173228,스템파워 크림 컴팩트 파운데이션 440
82173656,헤드앤숄더 로터스 2550팩- 가려운 두피
82174755,오랄비 크로스액션 탁월한 세정력 35모 3입
82176160,위스퍼 코스모 인피니티 울트라 날개형 대형
82176586,헤드앤숄더 MtDew 2250팩- 헤어 폴 클리닉
82176594,헤드앤숄더 MtDew 2550팩- 애플프레쉬
82176864,헤드앤숄더 MtDew 1950팩- 가려운 두피 케어
82176890,셀루미네이션 브라이트닝 에센스 & UV 세트
82179539,페브리즈 에어 (상큼한라임오렌지) 슬리브 SWEET CITRUS
82180787,페브리즈 비치형 리필 (바람속의꽃향기)
82180789,페브리즈 비치형 리필 (바닐라라벤더의포근함)
82181908,다우니 퍼플 1L+700ml 팩 화이트티와 릴리 향_Sep'12
82181946,위스퍼 리프레쉬클린 케어 시스템 74개입
82182105,페이셜 리프트 이멀젼 100g
82183569,토탈이펙트 크림 선물세트 12.09
82183873,페브리즈 (900+320) 팩 은은한향 OND'12
82184117,팬틴 극손상케어 컨디셔너 500
82184644,헤드앤숄더 헤어폴클리닉 컨디셔너 850ml
82185208,헤드앤숄더 쿨멘솔 샴푸 400ml
82186667,다우니 블루 4LX3 튤립과 달콤한 라일락 향_PGP
82187139,다우니 에이프럴 후레쉬 3.83L
82189079,페브리즈 순 향료무첨가 보충형 320ML
82189496,듀라셀 디럭스 알카라인 AAA 4팩_Tesco
82189726,시리즈젤 퓨어앤 센서티브
82189883,비달사순 프리미엄 베이스 케어 샴푸 475ml
82191367,팸퍼스 크루저 3단계 1/152
82191566,헤드앤숄더 Bahamas 컨디셔너 550 딥클린
82192016,팸퍼스 이지업 팬티형 여아 6단계 메가 3/33
82192147,비너스 센서티브 일회용 3입 (DRUG)
82192617,위스퍼 리프레쉬케어 울날중 90P
82193244,페브리즈 차량용 벨트스트립 2ml*6
82193474,마하3 센서티브 파워 8입날
82193872,에스케이-투 화이트닝 파워 스팟 스페셜리스트 0.7ml(비매품)
82194572,팬틴 집중수분케어 1900팩_new
82194577,팬틴 집중수분케어 1850팩_new
82194583,팬틴 실키스무드케어 1500팩_new
82196178,에스케이-투 피테라 에센스 기프트 세트
82196213,다우니 퍼플 1L+700ML 팩 화이트티와 릴리 향
82196713,퓨전 파워 AMJ'13
82196866,퓨전 매뉴얼 8입날 + 면도기 무료증정 AMJ'13
82198219,페브리즈 비치형 바닐라라벤더 3개입 코스트코팩
82200203,팬틴 트리트먼트 30MLX6 나이트 에스테 세럼
82201125,질레트 센서 엑셀 면도날 10입
82201523,팸퍼스 BB 베이비드라이 5단계 이코노미 박스1/160
82202210,듀라셀 디럭스 알카 AAA 12팩
82203390,위스퍼 팬티라이너 클린 향 36개입 (RRP)
82203891,팬틴 트리트먼트 150X12 마스크팩
82204286,브라운 시리즈3 면도기 320S-4 코스트코
82205017,다우니 퍼퓸 블랙 1.8L 미스티크 향
82206449,마하3 센서티브 파워 면도날 4입 TESCO
82206530,스템파워 크림인 파운데이션 105
82206546,페이셜 트리트먼트 에센스 75ml
82208384,스템파워 리치크림 50g
82208937,로케트 알카 AAA 2개입 스몰카드(20+2 보너스팩)
82210399,오랄비 컴플리트 5웨이 클린 스티커
82215470,싸인즈 아이 마스크1P (비매품)
82215693,페브리즈 370ml+370ml 팩 은은한향 AMJ'14 Uniform
82215791,트라이존 D12 바이탈리티
82216951,브라운 시리즈 3 면도기 340S-4 WD
82217148,페브리즈(MO) 320ML 리필형 은은한 향
82217244,다우니 퍼퓸 화이트 200ml 클래식 향
82218698,팬틴 샴푸 500X9 엑스트라볼륨
82219923,듀라셀 C&B AAA 40PK_코스트코
82221415,페브리즈 370ml+370ml 팩 은은한향 OND'14
82221905,위스퍼 리프레쉬클린케어 울날대 30>
82222165,위스퍼 슈퍼롱 오버나이트 5개입
82222180,위스퍼 리프레쉬클린 슈퍼롱오버나이트10p
82223388,마하3 클래식 4입 + 1UP 면도기 팩
82223397,마하3 클래식 8입+면도기 1up 팩
82224006,듀라셀 알카라인 디럭스 D 벌크 1x72
82224439,팸퍼스 베이비드라이 5단계 특대형 (50X3)
82224441,팸퍼스 베이드라이 2단계 소형 (82X4)
82224575,376 프로글라이드 매뉴얼 믹스드케이스_대리점
82225037,셀루미네이션 딥 서지 이엑스 2g(비매품)
82225375,코스트코 프로글라이드 쿨링젤 3 팩
82225749,프로글라이드 실버터치 매뉴얼 면도기 1업 (플렉스볼_EM/TSC)
82227112,다우니 퍼퓸 블랙 1L 미스티크 향
82227682,페브리즈 370ml+320ml 팩 은은한향 OND'14 poly bag
82227902,팸퍼스 크루저 4단계 1/152
82229264,싸인즈 퍼펙트 래디앙스 리퀴드 파테310
82229297,셀루미네이션 리퀴드 파운데이션420
82230061,스킨 퍼펙팅 파운데이션330
82230326,팬틴 집중수분케어 1500ML 팩
82230483,프로글라이드 매뉴얼 4+1 팩 (플렉스볼)
82230616,페이셜 트리트먼트 클리어 로션 160ml
82231452,오랄비 마이크로씬 클린 7팩
82232251,위스퍼 피부애 롯데마트 42개입
82232635,오랄비 고탄력 초미세모 틈새 케어 4입 이마트
82232770,오랄-비 크로스액션 항균케어 35모 3입(롯데마트)
82234231,다우니 페브릭 데오도라이저 그린 375g
82234286,이마트 듀라셀 KCP RRP AAA 40입
82235878,376 프로글라이드 매뉴얼 9+1 (이트레이더스)
82235950,페이셜 트리트먼트 에센스 2ml(비매품)
82236349,프로글라이드 매뉴얼 면도기 2up (플렉스볼)
82236646,2016년형 팸퍼스 스와들러 1단계 1박스 (84매)
82237140,팸퍼스 크루저 5단계 1박스 1X132
82237914,페브리즈 차량용 2개입(2mlX2 (다우니향기)
82238498,셀루미네이션 에센스-인 파운데이션 스노우 스킨 105
82239523,팬틴 극손상 케어 딥 리페어 밀크 크림 100ml
82240137,위스퍼 리프레쉬클린케어 슈퍼롱 오버나이트 날개형 20P
82241851,T 화이트닝 소스 덤 브라이트너 75G
82241898,T 에스케이- 투 스킨 시그니처 멜팅 리치 크림 50g
82242118,T싸인즈 퍼펙트 래디앙스 파우더 파데 440
82242761,팬틴 퀀텀 트리트먼트 (200X2)X12 극손상
82243452,오랄-비 크로스액션 젠틀케어 35모
82243504,오랄-비 후레쉬 클린 40모 1입
82243522,오랄-비 크로스액션 35모
82243786,페브리즈 차량용 프리미엄 숲속의 콘체르토 리필 7ml (K-Reach)
82243798,페브리즈 에어 하와이안 플로랄 275G (K-Reach)
82244752,오랄비 후레쉬클린 40모 6개입
82245555,다우니 퍼퓸 블랙 2L 미스티크 향
82246731,브라운 5040s
82247342,다우니 퍼퓸 보타닉 가든 2.7L
82248646,알엔에이 파워 크림 100g
82249553,오랄비 크로스액션 주니어 6입
82249908,페이셜 트리트먼트 오일50ml
82249967,알.엔.에이 파워 래디컬 뉴 에이지 15G
82250223,셀루미네이션 마스크-인 로션100ml
82250273,마스터피스 피테라 레이디언스 세럼 50ml
82251612,팬틴 프로브이 아쿠아 퓨어 샴푸 400ml
82251899,팸퍼스 베이비드라이 3단계 이코노미 1박스 (204매) 2P 샘플 삽입
82252154,마그네틱 아이케어 세트
82252550,피테라 디럭스 세트
82252874,페브리즈 섬유탈취제 370+320 허브향 (PP)
82253338,팬틴 실키 샤인 트리트먼트 에센스 200ML 테스코
82253363,컬러 클리어 뷰티 파우더 파데310
82254181,팸퍼스 M6 베이비드라이 4단계 이코노미 박스 1X180
82254191,팸퍼스 M6 베이비드라이 5단계 이코노미 박스1/160
82255563,페브리즈 차량용 2ml (향긋한 봄꽃향)
82255581,페브리즈 차량용 프리미엄 아쿠아왈츠 리필 7ml (LEGO)
82255598,페브리즈 차량용 프리미엄 아쿠아왈츠 스타터킷 7ml  (LEGO)
82255686,위스퍼 코스모 울트라 날개 중형 36개입
82255945,제놉틱스 오라 에센스 50ml
82256153,위스퍼 피부애 대형 30P
82256909,브라운 여성용 페이스 SE832S
82256921,퓨전 프로쉴드 옐로우 6+1팩 (코스트코)
82256929,콤펙트 케이스(화이트 원형)
82257483,페브리즈(MO) 370ML 용기형 은은한 향
82257495,페브리즈 깨끗한 햇살 용기형 370ML
82258606,헤드앤숄더 발리 샴푸 850 헤어폴
82260484,마그네틱 부스터
82264356,다우니 퍼퓸 에메랄드 브리즈 480g
82265038,다우니 퍼퓸 블랙 미스티크 향 1LX3
82265383,페브리즈 차량용 2ML (맑은하늘바람)(LEGO)
82266720,페브리즈 에어 바닐라라벤더의포근함 275G (Kreach2)
82267041,다우니 퍼퓸 샤인 향 2L (Chanel)
82267168,페브리즈(MO) 320ML 리필형 상쾌한 향 - PGP
82267739,페브리즈 차량용 프리미엄 후레시 하모니 스타터킷 7ml (L.NR)
82270105,위스퍼 보송보송케어 슈퍼롱 40P (E-traders)
82271450,헤드앤숄더 1950팩- 가려운 두피 케어(Olympic)
82272089,다우니 퍼퓸 블랙 미스티크 1L+1L (Chanel)
82273892,어드밴스드 프로텍트 루스파우더UV
82274554,팬틴 샴푸 200MLX6 데일리 모이스처 리뉴얼
82275345,마스터피스 피테라 터트니스 세럼50ml
82275897,헤드앤숄더 Bali 샴푸 850 쿨멘솔
82275900,헤드앤숄더 Bali 샴푸 850 헤어폴 클리닉
82275904,헤드앤숄더 2550팩- 애플프레쉬(Bali)
82276188,헤드앤숄더 1950팩- 애플 프레쉬(Bali)
82276250,질레트 프로쉴드 겨울시즌팩 (e-Comm)
82276362,오랄-비 스테이지스 3단계 행사팩(어벤져스) JFM18
82278050,질레트 프로글라이드 매뉴얼1up+4입날 기프트팩 (이마트)
82278474,페브리즈 에어 맑은하늘바람 4개입 코스트코팩 (K-reach2)
82279133,허벌에센스 모이스쳐 로즈마리 & 허브 샴푸
82279162,질레트 마하 3 면도기 1up
82281244,팬틴 프로브이 아쿠아 퓨어 트리트먼트 200ml
82281470,페브리즈 섬유탈취제 다우니 향 320ml (Harmony)
82281782,다우니 퍼플 4LX3 화이트티와 릴리 향_PGP (Kreach2)
82281930,다우니 퍼퓸 골드 샤인 1LX3 (Chanel)
82281992,팸퍼스 M6 베이비드라이 5단계 이코노미 박스 1X160
82282549,비너스 임브레이스 올리브영 프로모션팩
82283172,페브리즈 차량용 2ml (향긋한 봄꽃향) (CT)
82283465,다우니 스포츠 2L+700MLX2 액티브 시트러스향 (롯데마트)
82283758,프로글라이드 센서티브 젤 퓨어스포츠 170g (1X2)X3
82285168,페브리즈 포맨 쿨아쿠아향 용기형 370ML
82285626,팸퍼스 크루저 3단계 박스 1/120_S7
82285655,팸퍼스 베이비드라이 2단계 점보 팩 34P*4 (M6)
82285998,다우니 퍼퓸 핫핑크 블룸 1L+1.6L
82286182,페브리즈 에어 화장실용 (상쾌한 하늘향) (Kreach2)
82286188,페브리즈 에어 물빛 맑은 계곡 275G (Kreach2)
82287006,페브리즈 포맨 상쾌한 허브향 370mlX2개 팩_쿠팡
82287574,팸퍼스 스와들러 3단계 26X4
82287943,페브리즈 차량용 쿨 아쿠아향 2mlx3
82288482,페브리즈 화장실용 2개입(6mlx2) 은은한 라벤더향
82288662,다우니 핑크 4LX3 베리베리와 바닐라크림 향 (홈플러스)
82288934,헤드앤숄더 샴푸 850 헤어컨트롤
82289182,페브리즈 포맨 상쾌한허브향 용기형 370ml
82289213,브라운 시리즈3 면도기 3020S 코스트코 기프트팩
82289670,페브리즈 포맨 370mlX2+320ml 코스트코팩
82290013,헤드앤숄더 1950팩-가려운 두피 케어(Barcelona)
82291699,팬틴 콜로서스 극손상 1500팩
82292241,오랄비 초미세모 벨벳 그린티 3입
82292253,페브리즈 포맨 쿨 아쿠아 향 370ml+320ml 팩
82292285,페브리즈 섬유탈취제 다우니 향 370ml (Elixir)
82292790,다우니 퍼플 1.6L 화이트티와 릴리 향
82292796,다우니 퍼퓸 블랙 미스티크 200ML
82293521,오랄-비 크로스액션 35모 탁월한 세정력 3입(롯데마트)
82293879,팬틴 3분 미라클 앤퓰 트리트먼트(15g x 5)
82295934,오랄-비 스테이지스 1단계 푸우 2입
82296282,다우니 프리미엄 폼형 세제 핑크 24입
82296989,페브리즈 에어 바람속의꽃향기 275G
82297349,다우니 엑스퍼트 실내 건조 2L+1.6L  (홈플러스)
82297572,CNY 리미티드 에센스 230ml 듀오 세트(JF20)
82298086,팸퍼스 베이비드라이 2단계 이노머스 박스 1/186
82298095,팸퍼스 크루저 4단계 박스 1/104_S7
82299225,페이셜 트리트먼트 클리어로션230ml
82299737,팬틴 콜로서스 샴푸 500ML 엑스트라볼륨
82299786,비너스 블루 1업
82300026,헤드앤숄더 발리 샴푸 850 쿨멘솔 (STK)
82300104,LXP얼티미트 퍼펙팅 에센스150ml
82300392,질레트 프로쉴드 칠 2up + 면도날 8입 팩
82300643,오랄비 크로스액션 TAJ 컴플리트 7 온라인 싱글
82301124,알엔에이 파워 크림 2.5g(비매품)
82301361,페브리즈 차량용 라이트 블루 2ml*4 (쿠팡)
82301519,오랄-비 크로스액션 초미세모 차콜 1입 (코스트코 원제품)
82302664,다우니 초고농축 퍼플 화이트티와 릴리향 1.05LX3
82303629,FAB 스킨랩 레티놀 안티에이징 아이 크림 15ml(0.5OZ)
82303798,오랄비 초미세모 크로스액션  1입
82304151,다우니 프리미엄 액체형 세제 블루 2LX2 팩
82304492,팸퍼스 스와들러 3단계 26X4
82304498,팸퍼스 스와들러 5단계 19X4
82307781,에스케이-투 제놉틱스 오라 에센스 10ml
82308289,페브리즈 320ML 리필형 은은한 향(PGP)
82308336,오랄비 민트왁스 치실 기획 (이트레이더스)
82310161,다우니 프리미엄 폼형 세제 실내건조 16입
82310291,질레트 프로글라이드 매뉴얼 믹스드케이스
82310699,다우니 블루 레몬그라스와 라일락 1.6Lx6
82310799,다우니 엑스퍼트 스포츠 1.6Lx6
82311728,퓨전 프로쉴드 옐로우 면도날 14입 (홈플러스)
82312697,레드 스트리트 아트 페이셜 트리트먼트 에센스230ml(ND20)
82313200,질레트 프로쉴드 옐로우 면도날 4입(PX)
82313741,허벌에센스 볼륨 화이트 그레이프 프루트 & 모사 민트 컨디셔너
82313749,허벌에센스 리쥬버네이트 버번 & 마누카 허니 컨디셔너
82313774,팬틴 프로브이 미셀라 프로브이 퓨어 & 클렌즈 샴푸
82314432,다우니 블루 1.6LX2 레몬그라스와 달콤한 라일락 향
82314452,다우니 오션코랄 퓨어러브 향 1LX12 DBD
82315708,페브리즈 320ML 리필형 은은한 향(PGP)
82315767,페브리즈 화장실용2개입(6mlx2) 산뜻한 사과향 (Retail)
82316115,다우니 엑스퍼트 실내 건조 2.6LX4
82316195,다우니 퍼퓸 리필 코튼 퓨어러브 향 1.6L (구버전)
82316210,다우니 퍼퓸 블랙 미스티크 2.6LX4
82316355,오랄-비 센시티브 클린 10입
82316525,다우니 엑스퍼트 실내 건조 향 1.05LX3
82316663,퓨전 매뉴얼 면도날 10입 (ECOM)
82316741,질레트 스킨텍 매뉴얼 7+1 이컴팩
82317350,오랄-비 스테이지스 3단계 아이언맨 2입(홈플러스RRP)
82319357,질레트 스킨텍 파워 1up+6ct 팩
82320298,다우니 블루 2L+700ML팩 레몬그라스와 달콤한라일락 향
82320481,브라운 코털제거기 EN10
82321176,오랄-비 어린이 전동칫솔D12 카즈 콤보 코스트코 팩(NEW)
82322501,다우니 엑스퍼트 실내 건조 2LX2 (이트레이더스)
82323138,오랄비 프로-엑스퍼트 클리니컬 프로-플렉스 3+1입 (롯데마트)
82323713,비너스 새틴케어젤 195G
82325116,다우니 퍼퓸 퍼퓸 핫핑크 블룸 1.05LX3 (구버전)
82325315,다우니 엑스퍼트 스포츠 향 1.05LX3
82326472,질레트 스킨텍 파워 1up+4ct 팩 (플렉스볼)
82327081,팸퍼스 베이비드라이 4단계 이노머스 박스 1/150
82327462,페브리즈 에어 봄의 소생 275g
82327595,비너스 수딩케어 팩 (엑스트라 스무스 1UP + 새틴케어 젤)
82327633,SK-II 피테라 탄력 세트 (RNA)
82327902,페브리즈 차량용 향긋한 봄꽃향 2.2ml
82327909,페브리즈 차량용 2.2mlX2 허브
82327962,팸퍼스 베이비드라이 + 통잠 5단계 샘플팩 8X30
82328357,페브리즈 섬유탈취제 다우니향 370ml (Cass)
82328756,헤드앤숄더 샴푸 1200ML 쿨멘솔
82328989,질레트 프로쉴드 옐로우 핸들 + 12ct팩 (플렉스볼)
82330910,오랄비 C자형 치실 30개입 RRP
82330990,557질레트 프로쉴드 옐로우 면도날 4입 (PX)
82331047,질레트 스킨텍 매뉴얼 1up+3ct 팩 (ECOM)
82331452,팬틴 콜로서스 극손상 1500팩
82332181,팸퍼스 아르모니 팬티형 4단계 4X24
82332438,스위퍼 더스터 먼지떨이 샘플 키트 1입
82332579,오랄비 민트왁스 치실 기획 (이트레이더스)
82332925,제놉틱스 오라 에센스 0.7ml(비매품)
82333048,다우니 블루 2LX2 레몬그라스와 라일락 이마트 팩
82333336,페브리즈 섬유탈취제 상쾌한 향 880ml 2입
82333568,다우니 오션코랄 퓨어러브 향 1Lx3
82333594,질레트 프로글라이드 폼 245G 3입 + 질레트 하이드라 젤 70G
82333641,오랄-비 어린이용 전동칫솔 프로즌 D12K (트레이더스)
82333931,오랄-비 <스파이더맨> 어린이 전동칫솔 리필모 6개입 (EB10s-6)
82333934,오랄-비 초미세모 리필모 10입 (EB60-10)
82402909,AS 헤어 샴푸 테스터
82404565,AS 수이 립 글로스 304
82407662,AS 모이스처라이징 바디 로션
82410153,AS 네일 칼라 N 901 테스터
82410315,AS 네일 칼라 엔 500
82410322,AS 네일 칼라 N 700
82410384,안나수이 오일 컨트롤 페이퍼 트리오
82411504,AS 미니 루즈 700 테스터
82412584,AS 화이트닝 로션 테스터
82413629,안나수이 포비든 어페어 배쓰 앤 샤워 젤 200ML
82414605,안나수이 모.리치 파우더 F. 케이스
82416823,안나수이 립 루즈 G 302 T
82418203,AS 프로텍티브 FF 엘 B03 테스터
82420083,AS 프로텍티브 파운. 프라이머 L 0.3MLX2
82420296, AS 프로텍티브 립 트리트먼트
82420435,AS 오일 컨트롤 페이퍼 세트
82420565,AS 스팟 컨실러 02 - 테스터
82420613,AS 아이 칼라 (팬 필드 테스터) 800
82420643,AS 아이 칼라 듀오 06
82420711,안나수이 아이 칼라 컬렉션 AN IV - 테스터
82421606,안나수이 X-MAS 메이크업 컬렉션 02 - 테스터
82421609,안나수이 네일 칼라 N 321 - 테스터
82422344,안나수이 립 글로스 C 306
82422362,안나수이 네일 칼라 N 608
83046394,프링글스오리지날미디엄195G
83902410,질레트 퓨전 매뉴얼 기1+날8
84821677,조명용 방향 쉐이드 (리필) 버드나무 꽃 향
84846135,질레트 시리즈 인텐시브 쿨링 로션
84854352,팸퍼스 이지업 팬티형 남아 4단계 메가 3/44
84865115,팸퍼스 스와들러 2단계 메가팩 3/50
84902690,프링글스순한맛100G 1*8
84912819,프링글스양파맛미디엄190G
84948596,프링글스순한맛
80212377,프링글스 미니캔 오리지널 40G X 12
80230526,팸퍼스 BB 베이비드라이 3단계 이코노미 박스1/204
80234916,트라이존 D16
80252209,프로글라이드 매뉴얼 면도기 1up (플렉스볼)
80270188,퓨전 프로쉴드 옐로우 TMR 면도기세트
80281980,오랄-비 스테이지스 3단계 어벤져스 2입(원제품)
80286846,오랄비 GENIUS 9000 화이트
80299678,오랄비 전동칫솔 D12.513 카즈
80314857,팸퍼스 베이비드라이3단계 이노머스 박스1/168
80315326,팸퍼스 베이비드라이 2단계 이노머스 박스 1/186
80354272,오랄-비 전동칫솔 Pro500 초미세모
80355677,오랄비 iO얼티밋클린 블랙 리필2입
80356086,오랄-비 어린이용 리필모 카즈 2입 (EB10-2)
80358192,오랄-비 전동칫솔 Pro450 핑크
80358226,오랄비 전동칫솔 D12.513 프로즌
80371329,오랄비 전동칫솔 D100 크로스액션 블랙
80684354,팸퍼스 베이비드라이 팬티 5단계(특대형) 36X4
80684987,오랄-비 구강세정기 아쿠아케어4
80692333,페브리즈 항균플러스 산뜻한향 370ml 3in1
80693757,다우니 엑스퍼트 항균 파워 플러스 1L
80693946,다우니 베이스 퍼플 맥퀸 화이트티와 릴리 2.6LX4
80695919,다우니 프리미엄 액체형 세제 살균 파워 2.2L
80697048,다우니 생화향기 컬렉션 블룸 1.05x12
80700031,오랄비 클릭 민트 리필모(멀티) 2개
80702245,페브리즈 화장실용 1개입(6ml) 은은한 라벤더향 (Retail)
80702252,페브리즈비치형 실내용 1개입 (7ML) 코튼앤블루자스민 (Online)
80703699,다우니 핑크 베리베리 2LX4 F1
80703833,에스케이-투 페이셜 트리트먼트 에센스 앤디워홀 리미티드 비매품(레드)
80704618,ND’22 하이퍼 페스티브 블랙 공병
80705749,오랄-비 전동칫솔 Pro100 초미세모 핑크
80709152,HyperFestive 리미티드 에디션 디럭스 세트(ND22)
80710706,다우니 프리미엄 액체형 세제 냄새딥클린 블루 1.9LX6
80710711,다우니 프리미엄 액체형 세제 냄새딥클린 블루 1.8L X 6
80711444,페브리즈 화장실용 1개입(6ml) 향긋한 꽃향기 (Online)
80714615,팸퍼스 베이비드라이+통잠3.0 샘플팩 4단계 8X30
80715105,질레트 퓨전 매뉴얼 면도날 8입 (557)(CP stk)
80715113,질레트 프로쉴드 칠 면도날 4입 (557)(CP stk)
80717510,다우니 엑스퍼트 실내 건조 1.6LX6 DBD (TOMFORD)
80718458,헤드앤숄더 쿨멘솔 샴푸 750ML (OY)
80719463,오랄-비 크로스액션Eco 3개입
80721752,CNY 리미티드 Rabbit 피테라 듀오 세트(JF23)
80723066,질레트 프로글라이드 파워 1up+3ct 팩
80726150,오랄-비 Icon X 8개입
80730898,오랄비 크로스액션 35모 탁세 3입
80731163,페브리즈 강력탈취+ 370ml X12 상쾌한향
80733705,페브리즈 항균플러스 깨끗한향 370ml
80742176,다우니 실내건조 플러스 (핑크) 200mLX24
80742187,다우니 실내건조 플러스 (그린) 1.05Lx3
80743439,브라운 시리즈 7 면도기 72-G7200cc GREY
80743909,헤드앤숄더 퍼퓸 프레쉬 샴푸 750mlx2 + 딥클린 샴푸 90ml 레거
80745905,페브리즈 차량용 담배냄새제거용 2.2ml
80746656,페브리즈 화장실용 6.3mlX2 라벤더
80754290,팸퍼스 2024 베이비드라이 팬티 4단계(대형) 42X4
80763673,헤숄 샴푸 딥 클린 850ml
80763683,헤숄 샴푸 애플 프레쉬 1200ml
80772631,질레트 프글 매뉴얼 면도날 4입
80774960,다우니 세제 실내건조 3.2L X 4 BD
80776842,(FWIP) 557.1 프로글라이드 파워 1up 
80778463,다우니 세제 블루 2LX6 BD
80793509,팬틴 트리트먼트 실키스무드 220mlx3+샴푸 90ml
80794209,질레트 프글 매뉴얼 면도날 8입
80794221,질레트 프글 울트라 면도날 16입
80794296,질레트 스킨텍 면도날 16입
80796086,질레트 프쉴 옐로우 면도날 14입 코스트
80797694,SK-II SPX LXP 아트 오브 킨츄기 크림 & 아이크림 세트
80808593,질레트 랩스 네온 나이트 에디션 1up
80811792,2024 터치오브네이처 팬티 체험팩 4단계 (8X30)
80811859,다우니 세제 블루 3LX4 J1
80813060,페이셜 트리트먼트 클렌징 오일 250ml
80816631,질레트 프쉴 파워 기1+날5
80822276,질레트 스킨텍 면도날 12입
80824174,브라운 시리즈 9 면도기 9565cc Travel CM
80824981,다우니 코튼 퓨어 러브2.6LX6 v2 M1
80825345,다우니 시트러스 앤 버베나 2LX4 M2
80829785,페브리즈 항균 깨끗한향 920mlX2팩
80830235,팸퍼스 2025 여름낮밤패키지 체험팩 5단계
80846775,다우니 퍼플 3.8Lx4 화이트티와 릴리 P2
80848827,스킨파워 리-뉴 에어리 크림 듀오 세트
80852941,퓨전 하이드라 젤 센서티브 75ml (증정용)
80856259,질레트 프글 울트라 파워 기1+8입
80861955,다우니 미스티크 2.6Lx6 N1
80872937,오랄비 깊은세정 크로스액션 플라그가드 40모 3개입
80872945,질레트 프로쉴드 파워 7up + 젤
80873238,엔젤브리즈 소프트 팬티 3단계 46x4
80873348,(T)질레트 프쉴 파워 기1+날5
80883968,다우니 시트러스 앤 버베나 1LX12 D2
80883972,다우니 화이트티 200mlX48 D2
80983228,PR-SMS WCM 12X50G NOP ASIA
81019250,AS 아이 칼라 액센트 203 테스터
81065222,프링글스 양파맛 미디엄캔
81081050,BT 150ML밸런스센시티브마스크
81118166,HH 200 디자이너 스프레이
81127166,SB 200ML 씨크파이 폼 씨크
81151165,플로라 바이 구찌 EDP 30ML
81153644,SP 50ml 펌 에멀젼
81153653,SP 200ml 스무든 마스크
81153717,SP 30ml 리페어 마스크
81153917,SP 5ml 하이드레이트 인퓨전
81154456,디앤지 10 라 룬 드 라 포츈 오 드 뚜왈렛 1.5ml 럭스 소필룩스
81164360,KP 5/02 엔
81164397,KP 10/45 엔
81181327,AS 뷰티 미러 로즈 테스터
81185095,구찌 바이 구찌 오 드 뚜왈렛 퍼스 스프레이 60ml
81188044,보스보틀 나이트 오 드 뚜왈렛 100ml 테스터
81270998,WC 1000ml서비스 칼라 포스트 트리트먼트
81271078,WC 150ml엔리치 셀프 워밍 트리트
81286024,WC 220만원 package
81332804,2011 썸머 염색보
81339161,WC25ml 엔리치 마스크
81550339,브라운 시리즈9 날망 92B 검정
81570019,브라운 시리즈3 날과망 21b
81575586,브라운 IPL BD5001 화이트
81607206,브라운 시리즈 3 면도기 3080S
81644847,브라운 면도기 M90
81726783,브라운 시리즈 5 면도기 50-B1200s BLUE
81731110,브라운 시리즈 8 면도기 8330s SILVER
81747616,브라운 시리즈 9 면도기 9460cc BLACK
81770232,브라운 시리즈 7 면도기 71-S1200s SILVER
82001331,위스퍼 센서티브 울트라 날개 대형 36개입
82002525,헤드앤숄더프레쉬레몬컨디375ML
82002527,헤드앤숄더프레쉬레몬그라스컨디셔너850ML
82002729,헤드앤숄더 2500 이랜드팩-딥클린
82003185,웰라 트리트먼트칼라 인텐시브 7B_STKR
82004906,비달컨디스트레이트400 1X24
82006211,팬틴 믹스드케이스-집중손상
82006809,페브리즈(370+냄비받침)프로모션팩상쾌한향
82007264,어드밴스드 화이트닝 소스 리퀴드 FND 440
82008678,팬틴 1400팩-집중손상케어
82011635,PRINGLES PCHP 195GM 1SX14 ORG
82013841,SK2리페어C리퀴드FND 43
82024780,큐티프리미엄PSC-1소형68*4
82028326,팬틴시스템데일리컨디손상샘플1*576
82031143,팬틴 헤어폴 컨트롤  헤어 캡슐 15GX10
82034626,헤드앤숄더 프레쉬레몬샴푸570ML-STKR
82038242,팬틴시스템린스손상500ML1*9
82038499,BABYJOY IN-STO PRE샘플50*50
82039132,SK2 ADV WHITENING LIQ FND 21
82039142,SK2 ADV WHITENING PAN-CAKE 42
82039165,COMPACT FOR SK2 PRESSED POWDER
82039291,조이레귤러50ML샘플1S*144
82041226,위스퍼그린II날개중40*24
82041312,샤민주방용타올30개
82041376,비달사순울트라케어575ML 1*6
82041485,비달밀레니엄웨이브2*6
82041621,위스퍼슬림커브대20*24
82041946,바운티화이트&디자이너8R*4
82042507,위스퍼울트라후레쉬날개소형2*100
82043213,SK2 FT피니싱파우더01
82043251,SK2컴팩트케이스
82044028,위스퍼울트라후레쉬날개소32*24
82044706,SGNS퍼펙트래디앙스 PWDFND220
82044765,SK-II FACE CRM SIGNS TRMT ESNC RFL E-21
82044777,SK-II FACE CRM SIGNS TRMT ESS RFL E-43
82045331,SK2 ADV WHT팬케이크21
82045391,SK-II OTHER COMPACT ESSENCE REG SPC SP
82045695,해피홈알뜰세트*12S
82045822,코디라벤다 50M 10R*8
82046122,비달트리트먼트200ML1*24
82046492,위스퍼슬림일반대커브20*24
82046540,위스퍼슬림날개대10*24
82047437,코디하나로굿70M18R*3
82047451,코디이플러스루럴260 3*8
82047457,코디레귤러180 1*30
82047527,위울후레쉬날개나이트대SP*100
82047600,프링글스썸머팩플러스코크1*4
82047961,SK2트리트먼트클리어로션215ML
82048249,WHISPER PAD LN 18SX24 GRN3 CDU WING TW
82049051,큐티드림골드용티셔츠1*40
82049798,코스트코위스퍼오버나이트2*24
82050145,클리어 솔루션 미니 샘플
82050507,위스퍼낮+밤스페셜팩
82050616,비달익사이팅스트레이트샴푸1000ML
82050640,코디이플러스260 3*8가을
82051347,팬틴볼륨케어린스960ML
82051412,하나로키친타월260 2R*12
82051853,팬틴프리미엄팩1050볼륨3*6
82052598,팬틴볼륨케어린스500ML
82052649,SK-II싸인스콘센트레이트
82052764,SK-II에센스파운데이션31
82053295,팬틴추석선물세트2호-B
82054150,위스퍼울트라후레시날중4P
82054680,팬틴볼륨1198ML온팩
82054688,팬틴볼륨NDJ시스템(1250ML)
82055971,CUTIE DPR LG 40SX4 GOLD TEMPORARY BOX
82056341,헤드앤숄더겸용샴푸960ML
82056441,비달3스텝STRT PACK
82057702,팬틴볼륨케어린스200ML
82057709,헤드앤숄더컨디모이스트200ML
82059598,은은한향페브리즈용기형370ml
82061581,팬틴9월750팩집중손상
82063422,팸퍼스레고프리모샘플1*48
82063465,큐티드림골드용티셔츠1*40
82063922,위스퍼울트라후레쉬날개대형16P
82064026,팬틴1600팩모이스춰
82064518,비달 11월 560/CAP 팩-웨이브
82066721,큐티드림골드이마트중형72P*2
82067376,SK-II 더블유 소스 브라이트 리퀴드 OP-3
82067383,SK-II W 소스브라이트팬케이크 OP-1
82068888,팬틴 1600팩-모이스춰
82070042,프링글스 트레이 오리지널
82070503,아이보리10바
82070635,플로랄향(투명) 페브리즈 대용량 900ML
82071778,PAMPERS DPR MD 54SX4 BSOD SPRING05 JMB
82072641,비달 1620팩-컬러케어
82073223,비달사순 760팩-프로패셔널스타일
82074540,에어터치 FND OP-1(리필)
82075122,팬틴 1500 코스트코 팩-집중손상
82075799,웰라 스타일링 논 에어로졸 스프레이
82075914,웰라 스타일링 무스
82077292,팬틴 바운시 볼륨 케어 컨디 750ML
82077416,팬틴 집중손상케어 컨디 500ML
82077673,팬틴 엑스트라 스트레이트 에센스 100ml
82079838,SK-II 화이트닝 소스 스킨 브라이트너
82079984,팬틴 2700팩-집중손상
82081249,M-1 큐티 편안한아기 중/대형 2P샘플-TESCO
82082241,큐티 증정용 액자-이마트용
82082247,위스퍼 그린 3단계 시스템팩
82082377,큐티 New 슈퍼스타 대형 100P
82082599,위스퍼 보송보송 실속구매찬스팩
82083601,팬틴 엑스트라 스트레이트샴푸1000ML_SW
82084689,비달사순 50주년기념 린스500ML-프로페셔널
82085746,헤드앤숄더 딥클린 샴푸 570ML
82085749,헤드앤숄더실키모이컨디570ML
82087183,헤드앤숄더컨디 멘솔960ML
82087709,큐티 편안한 아기 중형 104 이마트
82087836,위스퍼 보송보송만족 실속기획-이마트
82087996,헤드앤숄더 쿨멘솔 샴푸 850ml
82088420,페브리즈 MA'06 카팩프로모션 상쾌한 향
82088820,어드밴스드 화이트닝 소스 리퀴드 FND 310
82089321,페브리즈(MO) 900ML 실속형 상쾌한 향
82089525,어드밴스드화이트닝소스리퀴드FND105샘플
82089791,화이트닝소스 덤 데피니션 50ML 샘플
82093019,웰라톤트리트먼트칼라내츄럴 8N (DBD)
82093092,웰라칼라엑스트라케어 5/0 (DA)
82093114,믹스드케이스 B
82094810,팬틴 2550팩-엑스트라스트레이트
82095329,큐티 슈퍼스타 팩 대형 100P-2차 업
82096189,헤드앤숄더RELAX티트리컨디375ML
82096412,헤드앤숄더 2880팩-딥
82096479,헤드앤숄더 2550팩- 실키 모이스춰
82096527,헤드앤숄더 2490팩-레몬그라스
82097050,에어터치 FND OB-4(리필)
82097396,팬틴 1750팩-밀키모이스춰
82097659,팬틴 비타민 워터 트리트먼트 200ML
82099383,헤드앤숄더 1140팩-멘솔
82099582,팬틴 1550팩-엑스트라 스트레이트
82099651,프링글스 2+1 보너스팩
82100001,팬틴밀키모이스춰케어트리트먼트200ML
82103201,조이 400X2 프로모션 팩
82103913,헤드앤숄더 쿨멘솔 믹스드 케이스
82104344,팬틴집중손상케어샴푸550ML
82104648,비달 플래티넘 2000 샴푸 팩
82106230,위스퍼 그린 세이프티존 날개소형 20P
82108425,팬틴 3400팩-실키스무드
82108667,위스퍼 센서티브 울날중 2P 폴리
82110053,페브리즈(MO) 900ML 실속형 상쾌한 향
82110700,비달사순 살롱 모이스춰 컨디셔너 850ML
82110991,스킨시그니처 80G
82111697,위스퍼 그린 S 롯데 알뜰 74p
82111850,페브리즈 카사이즈 팩 플로랄향
82113100,SK-II페이셜트리트먼트마스크10P
82113536,웰라_인텐시브_8B_추석한정할인팩
82113730,팬틴 헤어타임리뉴얼 컨디셔너240_스티커
82114926,페브리즈 차량 비치용 210ml
82116714,어드밴스드WS팬케익EX 330
82117060,위스퍼 소프트클린 커브 대형 10
82117066,위스퍼 소프트클린 슬림 날개 대형 18P
82117541,팬틴EXTRA스트레이트컨디500ML
82117562,팬틴집중손상케어샴푸850ML
82117754,헤드앤숄더헤어폴클리닉컨디스티커 570ML
82117823,헤드앤숄더 실키모이스춰 컨디 850ML
82118300,팬틴 코스트코 집중손상케어 1700ML
82118362,비달사순아쿠아젤리왁스 60G
82118803,헤드&숄더 쿨멘솔 컨디셔너 550ML
82118862,SK-II 싸인즈 아이크림 듀오 세트
82119262,헤드&숄더 수딩 두피 케어 샴푸 550ML
82120360,팬틴 헤어타임리뉴얼 샴푸280_스티커
82122370,HE 데인저러슬리 실키 앤 스트레이트 컨디
82123022,헤드앤숄더쿨멘솔컨디200ML
82123064,헤드앤숄더 스완 2550 DM팩-쿨 멘솔
82123071,헤드앤숄더 스완 2075팩-센서티브알로에
82123391,2009추석 테스코2호
82123812,JAS'09 페브리즈 370ML+210ML 팩 허브향
82124327,SK-II 셀루미네이션 딥 서지 50G
82125209,팬틴90ML 나이트 미라클 크림_IR
82125500,팬틴트리트먼트200바운시볼륨IR
82126530,SK-II FC트리트먼트콘센트레이트
82126561,헤드앤숄더 딥클린 컨디 550ML
82126564,헤드앤숄더 센서티브알로에 컨디 550ML
82126678,헤드앤숄더 겸용 샴푸 스페셜 1140 팩
82127017,화이트닝 스팟 스페셜리스트 0.7ml 샘플
82127448,프링글스 매운맛 110G 파이오니어
82128734,위스퍼 슈퍼롱 오버나이트 10+2 팩
82129298,페브리즈 370ML+370ML 팩 은은한 향
82129316,클리니케어헤어마스크150프리즈디펜스CA
82131562,FT 젠틀 클렌징 크림 100g 샘플(WU)
82131617,페브리즈 비치형 리필 (봄의소생)
82132491,코스트코 GAMER 4+1
82132920,오랄비어린이칫솔모세트(코스트코) 프린세스미키
82133977,헤드앤숄더 컨디550 민감한 두피 케어
82134672,위스퍼 보송보송케어 롯데 중대 60P
82134686,위스퍼 보송보송케어 대형 2개입 샘플
82135492,질레트 콘투어 플러스 면도기 2UP
82135584,센서3 일회용 스포츠 4팩
82137901,듀라셀 디럭스 알카 AA 10개입
82137950,로케트 파워 알카 AAA 6+2개입
82138057,화이트 래디언스 프로텍티브 크림 (SPF20 PA++)
82138199,싸인즈 아이마스크 1p 샘플
82138677,다우니 핑크 리필 700ML 베리베리와 바닐라크림 향
82139133,화이트 래디언스 크리스탈 클리어 로션
82139652,페이셜 트리트먼트 에센스 215ml
82140698,오랄비 스테이지스 1단계 (소분)
82140721,팬틴 집중손상케어 1350팩
82141042,위스퍼 팬티라이너 클린 향 36개입
82141128,페브리즈 따뜻한 햇살 대용량 900ML
82142229,팬틴 집중손상케어 2400팩
82142269,팬틴 집중손상케어 2550팩
82142327,헤드앤숄더 로터스 950팩- 헤어 폴 클리닉
82143158,프링글스 양파110GX12
82143451,오랄비 어드AMB 4 + 크로스액션바이탈35
82143982,팬틴삼푸 850 바운시볼륨_IR_슬리브
82144255,조명용 방향 쉐이드 (리필) 버드나무 꽃 향
82144390,소이 블렌드 향초 버드나무 꽃 향
82144977,스킨시그니처 크림 인 FND 310
82146308,팬틴 풀앤씨크 컨디셔너 550
82146544,비달사순 프리미엄 베이스 케어 샴푸 475ml
82146947,토탈이펙트 7 인 1 안티에이징 인헨싱 클리어 로션
82147074,화이트 래디언스 나이트 리스토어링 크림
82147440,토탈이펙트 웻 클렌징 클로스
82147732,오랄비충전식전동칫솔 D34.525.5X (치과전용)
82148164,싸인즈 퍼펙트 래디언스 PWD FND 440
82148646,FT 클렌징 젤 80G
82150780,헤드앤숄더 007 1500팩- 겸용샴푸
82150829,듀라셀 울트라 AA 2개입 파워체크
82151986,오랄비충전식전동칫솔 D32.526.5X
82152086,팬틴 모발 강화 트리트먼트 샴푸 500ML
82152189,질레트 마하3 헤라클레스 면도기 1UP_SLEEVE_STICKER
82153207,퓨전 매뉴얼 면도날 12 입
82154796,팬틴 모발 강화 케어 1850팩
82154913,팬틴 내추럴 케어 1500팩
82157118,WHISPER PAD 22SX24 S1 SPR11 CHONAN
82157376,셀루미네이션 에센스 인 FND 440
82157400,셀루미네이션 리퀴드 FND 320
82157572,위스퍼 보송보송케어 70개입
82157602,퓨전 하이드라젤 퓨어 앤 센서티브 JAS'11
82157643,스템파워 80g
82158310,위스퍼 코스트코 소프트라이트 56개입
82159675,팬틴 트리트먼트 200ML 모발 강화 스티커
82160565,스템파워 크림 컴팩트 파운데이션 105
82163631,토탈이펙트 포밍 클렌저
82163662,화이트 래디언스 프로텍티브 로션 (SPF20 PA++)
82164122,아쿠아액션 라이트 듀
82164125,아쿠아액션 롱-라스팅 하이드레이션 젤
82164258,팬틴 극손상케어 트리트먼트 200
82164264,팬틴 트리트먼트200X24 엑스트라볼륨
82164408,타이드 투 고 3SX6
82165835,오랄비전동칫솔 D29.525.4X  (E-MART)
82166409,토탈이펙트 7 인 1 안티에이징 인헨싱 클리어 로션
82169197,비달사순 프리미엄 베이스 케어 샴푸 475ML
82169277,페브리즈 다우니향 370ml 온팩2
82171013,오랄비 크로스액션 젠틀케어 3입
82173212,스템파워 크림 컴팩트 파운데이션 310
82173430,프로글라이드 파워 면도기 (올림픽)
82174744,오랄비 펄사 35모 2입
82176059,아이보리 알로애10바
82176593,헤드앤숄더 MtDew 2550팩- 가려운 두피
82176778,마하3 터보 면도기 2UP
82179025,P&G 팬틴 선물세트 T1호
82179533,페브리즈 에어 비내린초원 275G
82180244,팬틴 트리트먼트 200X2 엑스트라볼륨
82182032,헤드앤숄더 쿨멘솔 컨디셔너 550ml
82182091,팬틴 집중손상 2200팩 RRP
82183116,다우니 핑크 1LT 베리베리와 바닐라크림 향_Oct’12
82183322,LXP 얼티미트 퍼펙팅 크림 50G
82183716,위스퍼 코스모 인피니티 울트라 날개형 대형 10개입
82184880,토탈이펙트 코스트코 선물세트
82185007,다우니 퍼퓸 블랙 1L 미스티크 향
82185008,다우니 퍼퓸 블랙 2L 미스티크 향
82186889,팬틴 딥 리페어 에센스
82187776,위스퍼핑크세스 울날중 90개입
82189988,퓨전 하이드라젤 퓨어 앤 센서티브
82190902,듀라셀 울트라 알카라인 AA 4팩 MARS PI
82191182,헤드앤숄더 Bahamas 샴푸 400 포맨헤어폴
82191565,헤드앤숄더 Bahamas 샴푸 850 딥클린
82191736,듀라셀 울트라 8개입 파워체크
82191945,팸퍼스 베이비드라이 4단계 메가팩
82192023,팸퍼스 이지업 팬티형 여아 4단계 메가 3/44
82192145,페브리즈 370+320ML 허브향 롯데마트팩
82192956,비너스 새틴케어젤 200ML
82194579,팬틴 아틀라스 집중손상케어 1000팩_new
82194776,페브리즈 370ml+320ml 팩 허브향 DJF'13
82195734,페브리즈 (900+320) 팩 상쾌한향 DJF'13
82196250,스템파워 50g
82196259,브라이트닝 루센트 베이스 25g
82196864,오랄-비 치실 글라이드 딥클린 40m
82197225,다우니 MQ 미스틱 30ML + 이노센스 30ML 사셰 번들팩
82198218,페브리즈 에어 비내리는초원 4개입 코스트코팩
82198340,페브리즈 (900+320) 팩 상쾌한향 Jun'13
82198748,허벌 에센스 핑크 로즈 컬렉션 샴푸 475ml
82198939,다우니 블루 2L+1.8L리필 튤립과 달콤한 라일락 향
82200194,헤드앤숄더 BAHAMAS 2550팩- 헤어 폴 클리닉
82200263,질레트 포오미 라임 175G
82200799,탐팩스 펄 수퍼 18개입
82201478,팸퍼스 BB 크루저 3단계 1/174
82201516,팸퍼스 BB 베이비드라이 3단계 이코노미 박스1/204
82201639,팸퍼스 BB 이지업 팬티형 여아 5단계 수퍼 1/72
82201667,위스퍼 리프레쉬클린 케어 중형 30개입
82202956,팬틴 프리미엄 500 극손상케어 믹스드케이스
82203398,위스퍼보송보송케어 중형50개입
82203417,탐팩스 펄 수퍼 18P (RRP)
82203527,화이트닝 파워 스팟 스페셜리스트 30ml
82204288,듀라셀 디럭스 알카 AAA 8팩
82204742,브라운 면도기 쿨텍 CT4s
82205068,다우니 블루 1LT 튤립과 달콤한 라일락 향_Oct’12
82205204,위스퍼 피부애 롯데마트 52개입
82205209,위스퍼 피부애 트라이얼 30개입
82205401,다우니 김치 퍼플 2L+700ML 팩 화이트티와 릴리 향
82205647,듀라셀 리튬 2016 2X6X12
82205670,마하 3 센서티브 파워 면도기
82205676,프로글라이드 매뉴얼 BBGR_OND13
82205771,싸인즈 퍼펙트 래디앙스 파우더 파데 105
82206539,셀루미네이션 에센스인 파운데이션 330
82207166,오랄-비 마이크로씬 클린 40모
82207896,Tesco 다우니 퍼퓸 핑크 1L 이노센스 향
82208122,허벌 에센스 194Gx3 터쳐블 스무드 트리트먼트_코스트코
82208914,듀라셀 디럭스 알카라인 AA 4팩
82208921,듀라셀 디럭스 알카라인 AA 16팩
82209725,페이셜 리프트 이멀젼 100g
82210029,팬틴 집중손상케어 컨디셔너 850
82210031,팬틴 집중수분케어 컨디셔너 500
82210036,팬틴 실키스무드케어 트리트먼트 200
82210709,다우니 퍼플 1L+700ml 팩 화이트티와 릴리 향
82211254,페브리즈 900ml+900ml 팩 다우니향
82212365,오랄비 고탄력 초미세모 잇몸전문 케어 1입
82212483,SK-II x Hugo Boss 에센셜 기프트 세트 디럭스
82212494,페이셜 트리트먼트 클리어 로션 2ml (비매품)
82212943,오랄비 어린이 전동칫솔 리필모(남아용) 코스트코 팩
82215778,프로글라이드 F14 매뉴얼 면도기 1UP
82216408,마스터피스 피테라 터트니스 세럼 50ml
82217242,다우니 퍼퓸 화이트 2L 클래식 향
82219101,질레트 퓨전 매뉴얼 면도날 4입
82219382,페브리즈 차량용 2ML (다우니향기)
82222167,위스퍼 슈퍼롱 오버나이트 10개입 SH
82223575,페브리즈 차량용 창립기념 3팩 맑은 하늘 바람
82226784,위스퍼 리프레쉬 슈퍼롱 오버나이트 20개입
82227068,페브리즈 비치형 비내리는초원 3개입 코스트코팩
82227116,다우니 퍼퓸 화이트 1L 클래식 향
82227410,다우니 퍼퓸 로즈골드 럭셔리피오니 1LX12
82228397,OB D20 1+1 JFM'15 프로모션팩
82228642,알엔에이 파워 에센스 75ml
82228848,위스퍼 리프레쉬클린케어 울트라 날개 오버나이트14P(RRP)
82229325,T페이셜 트리트먼트 에센스 330ml
82229683,컬러 클리어 뷰티 모이스처 시어 립스틱 - 521
82229824,페브리즈 맑은 하늘 바람 비치형 차량용 믹스드케이스
82230292,팬틴 딥리페어 트리트먼트 에센스 100ML
82230337,다우니 퍼퓸 블랙 2.7L 미스티크 향
82230610,페이셜 트리트먼트 에센스 포 맨 230ml
82230863,(일본산) 팸퍼스 베이비드라이 4단계 대형 (54X4)
82231132,위스퍼 보송보송케어 울트라 날개 대형 32P(RRP)
82231737,오랄비 프로-엑스퍼트 클리니컬 프로플렉스 5입
82232626,오랄비 고탄력 초미세모 잇몸전문 케어 4입 롯데 Natl
82232793,오랄비 인디케이터 항균모 3+1입
82233280,비너스 센서티브 일회용 3입
82233309,질레트 퓨전 프로글라이드 스타일러
82236060,SK-II 케이뷰티세트
82236093,질레트 마하3 면도날8입
82236346,프로글라이드 실버터치 파워 면도기 1up (플렉스볼)
82236504,페브리즈 370ml+370ml 팩 다우니향
82236953,위스퍼 보송보송케어 울트라 날개 중형 72P (롯데마트)
82237091,에스케이투 스타터 키트
82237839,듀라셀 디럭스 AA 2입_E
82238505,T 스킨 시그니처 3D 리디파이닝 마스크1P (비매품)
82238835,팬틴 퀀텀 컨디셔너500ml 실키스무드
82242589,시리즈젤 센서티브 스킨 200ML
82242863,팬틴 샴푸 200MLX6 데일리 모이스처 리뉴얼
82242947,팬틴 퀀텀 엑스트라볼륨 샴푸 500X9_LT
82243326,페브리즈 포맨 용기형 370ml X 2 (테스코)
82243426,프로글라이드 실버터치 파워 면도기 1up (플렉스볼)
82243574,팬틴 퀀텀 트리트먼트 (200X2)X14 극손상 RRP
82243902,페브리즈 깨끗한 햇살 보충형 320ML
82244000,페브리즈 370ml+320ml 팩 은은한향(PP)
82244761,오랄비 컴플리트 5웨이 클린 스티커 3개입
82245130,팸퍼스 액티브핏(크루저) 5+ 단계 1박스 (124매)
82245585,다우니 럭셔리 피오니 1L(테스코/롯데)
82245830,페브리즈 370ml+320ml 팩 상쾌한향(PP)
82247728,센서3 일회용 스포츠 4팩
82249040,팬틴 퀀텀 트리트먼트 200X2 실키스무드 ROT
82249294,페브리즈 차량용 2ML (담배냄새제거용)
82250052,셀루미네이션 데이서지 UV50g
82250367,오랄비 고탄력 초미세모 블랙티 4개입(National)
82250550,컬러 클리어 뷰티 에나멜 크림 컴팩트310
82250942,오랄비 슬림탑 잇몸케어 4입(Homeplus)
82251126,셀루미네이션 리퀴드 파운데이션320
82251732,팸퍼스 M5 베이비드라이 3단계 이코노미 박스 1X204
82252302,마스터피스 피테라 아이크림15g
82252466,오랄비 후레쉬클린 5입(롯데마트)
82252780,페브리즈 370ml+370ml 팩 다우니향(PP)
82253018,오랄비 스테이지스3 어벤져스 6입
82254422,페이셜 트리트먼트 에센스 멀티컬러드 피닉스 리미티드 에디션
82254554,헤드앤숄더 Bahamas샴푸 550 쿨멘솔
82255599,페브리즈 차량용 프리미엄 시트러스 심포니 스타터킷 7ml (LEGO)
82255800,오랄비 고탄력 초미세모 그린티 4개입
82255881,컬러 클리어 뷰티 파우더 파데420
82255890,스킨 퍼펙팅 파운데이션440
82255931,컬러 클리어 뷰티 파우더 파데220
82256896,알엔에이 파워 아이크림 래디컬 뉴 에이지 2.5G (비매품)
82257245,오랄비 프로엑스퍼트 스테이지스4 스타워즈 1입
82258136,허벌 에센스 핑크 로즈 컬렉션 샴푸 490ml
82260866,다우니 퍼퓸 로즈골드 럭셔리피오니 200MLX24
82261184,페브리즈 섬유탈취제 상쾌한 향 900ml (Harmony)
82263001,알엔에이 파워 크림 마그네틱 세트
82263243,퓨전 프로쉴드 발렌타인 기프트팩 (올리브영)
82265420,페브리즈 차량용 2개입(2mlx2) (맑은하늘바람)(LEGO)
82265689,오랄비 프로엑스퍼트 프로즌 2입(Homeplus)
82266726,페브리즈 에어 물빛 맑은 계곡 275G (Kreach2)
82267049,다우니 퍼퓸 핫핑크 블룸 700ML
82267087,다우니 아로마쥬얼 화이트 클래식 375G (ST)
82267777,다우니 핑크 2L+700ML팩 베리베리와 바닐라크림 향
82269055,페브리즈 포맨 쿨아쿠아향 보충형 320ml (Kreach)
82269365,다우니 블랙 4LX3 미스티크 향 리넨케어_PGP
82271410,오랄-비 전동칫솔모 EB20-4 + EB20-2 (Sticker)
82271446,시리즈 젤 모이스쳐라이징 200ml
82271458,헤드앤숄더2550팩- 헤어 폴 클리닉(Olympic)
82271470,헤드앤숄더 1950팩- 쿨멘솔(Olympic)
82272267,RNA파워 에어리 밀키 로션2.5g
82273817,페브리즈 차량용 2ML (다우니향기)(CT)
82273878,컬러 클리어 뷰티 파우더 파데310
82273900,마스터피스 피테라레이디언스 세럼50ml
82274241,퓨전 매뉴얼 기프트 팩
82275669,맨 페이셜 트리트먼트 에센스230ml
82275677,애트모스피어 씨씨 크림30g
82275686,셀루미네이션 딥서지 EX50g
82277166,비너스 임브레이스 스냅 면도기
82278051,질레트 블루3 심플 240입 믹스드케이스
82279915,퓨전 프로쉴드 칠 4+1 쉐이브클럽 팩
82281203,팬틴 프로브이 아쿠아 퓨어 샴푸 400ml
82281925,다우니 스포츠 액티브 시트러스 향 1LX3
82282701,퓨전 프로글라이드 매뉴얼 4+1 쉐이브클럽 팩 (프리미엄)
82283309,팸퍼스 크루저 5단계 1박스 (132매)
82284725,페브리즈 섬유탈취제  이마트팩 은은 370mlX2 + 다우니 210ml(
82286186,페브리즈 에어 맑은하늘바람 275G (Kreach2)
82286405,페브리즈 비치형 스타터킷 (맑은하늘바람) (Kreach2)
82286694,퓨전메뉴얼 BBGR 팩
82286807,질레트 퓨전 파워 면도날 10입 (ECOM)
82286849,오랄-비 펄사 35모 (Rainbow)
82287255,오랄-비 어린이 전동칫솔D12 카즈 콤보 코스트코 팩(NEW)
82287813,다우니 퍼플 1.6LX2 화이트티와 릴리 향 (이마트)
82288058,페브리즈차량용2ml다우니향2개입+섬유탈취제다우니향210ml(Hybrid
82288483,페브리즈 화장실용2개입(6mlx2) 산뜻한 사과향
82288552,질레트 클럽 4개월팩 플렉스볼 프로쉴드 칠 면도날 4입
82288600,질레트 프로쉴드 옐로우 핸들 + 12ct팩 (플렉스볼)
82288664,다우니 퍼플 4LX3 화이트티와 릴리 향 (홈플러스)
82288708,에스케이-투 스킨파워 에어리 밀키 로션 80g
82288805,페브리즈 패브릭 미스트
82289120,페브리즈 상쾌한향 900mlx2 + 투고 85ml_쿠팡
82289572,팸퍼스 베이비드라이 5단계 이노머스 박스 1/132
82289965,페브리즈 차량용 2.2ML (담배냄새제거용)
82291591,페브리즈 370ML 용기형 은은한 향(PGP)(Fall'18)
82292281,페브리즈 섬유탈취제 은은한 향 900ml (Elixir)
82292807,다우니 퍼퓸 블랙 미스티크 향 1.6L
82292823,다우니 퍼플 3.8LX3 화이트티와 릴리 향
82293345,다우니 퍼퓸 그린 보타닉가든1L+1L (Paper)
82293525,오랄비 컴플리트 5웨이 클린 스티커 3개입
82295004,다우니 디올 벚꽃 데이트 1L+1L 홈플러스 팩
82296564,팸퍼스 스와들러 S1 4P (샘플)
82297192,오랄-비 스테이지스 3단계 겨울왕국(엘사) 1입
82297232,다우니 퍼퓸 그린 보타닉가든1L+1L (Poly)
82297403,피테라 에센스 스타터 키트(Sep19)
82298088,팸퍼스 베이비드라이3단계 이노머스 박스1/168
82298161,팸퍼스 스와들러센서티브 2단계 1박스 1X76
82298521,팬틴 극손상 샴푸 1.2L 이트레이더스 팩
82298989,오랄-비 크로스액션® 탁월한 세정력 35모 12개입
82299229,페이셜 트리트먼트 마스크10p
82300310,질레트 프로쉴드 옐로우 2up + 면도날 10입 팩
82300900,페브리즈 상쾌한향 용기형 370ML(PGP)
82302039,다우니 퍼퓸컬렉션 어도러블 1LX2 팩 (홈플러스)
82302704,질레트 퓨전 프로쉴드 칠 면도날 11입 팩
82304181,허벌에센스 리페어 아르간 오일 오브 모로코 컨디셔너
82304494,팸퍼스 스와들러 6단계 16X4
82305660,FAB 울트라 리페어 오트밀 마스크 56.7g(2.0OZ)
82306768,페브리즈 내추리스 레몬그라스앤진저 360ml 3입 쿠팡 팩
82306823,비너스 엑스트라 스무스 면도날4입
82306953,47G 샘플키트
82307171,(샘플) 팸퍼스 스와들러 밴드 2단계 10P
82307633,SK-II 피테라 동안 세트
82307661,페브리즈 포맨 상쾌한허브향 용기형 370mlX3입 (E-traders)
82307958,오랄비 초미세모 크로스액션 3입
82308228,페브리즈 화장실용 블루6ml*2+블루6ml (Emart)
82308322,퓨전 프로쉴드 칠 면도날 4입
82309625,팸퍼스 베이비드라이 5단계 이노머스 박스 1/132
82309737,헤드앤숄더 애플프레쉬 2800팩(Bali)
82310707,다우니 퍼플 화이트티와 릴리 700MLx8
82310735,다우니 엑스퍼트 스포츠 700MLx8
82311788,질레트 스킨텍 파워 면도기 1up 1x6x6
82313746,허벌에센스 클린 화이트 스트로베리 & 스윗 민트 샴푸
82313805,페브리즈 포맨 상쾌한허브향 보충형 320ml
82313993,에스케이-투 스킨파워 크림 2.5g
82314454,다우니 퍼퓸 그린 보타닉 가든 향 1LX12 DBD
82314769,질레트 퓨전 파워 면도날 10입 (ECOM)
82315374,오랄-비 크로스액션 화이트 리필모 6입 (EB50-6)
82316194,다우니 퍼퓸 코튼 퓨어러브 향 2L (구버전)
82316764,페브리즈 섬유탈취제 은은한향 대용량리필 650ml
82316880,페브리즈 화장실용 1개입(6ml) 은은한 라벤더향 (Lotsell)
82317136,오랄-비 고탄력 초미세모 그린티 12개입
82317248,오랄비 크로스액션 플라그 가드 35모 3입
82318252,질레트 마하5스포츠 면도날 8입
82318471,페브리즈 항균플러스 산뜻한향 대용량리필 650ml
82318721,페브리즈 차량용 2.2ml (산뜻한 허브향)
82319451,스위퍼 더스터 먼지떨이 샘플 키트 1입
82321059,제놉틱스 언더 아이 서클 20ml
82321187,질레트 블루3 심플 24입 쿠팡팩
82321921,질레트 퓨전 파워 면도날 8입 (557)
82322497,다우니 엑스퍼트 스포츠 1LX12 DBD
82322958,다우니 퍼플 4L 화이트티와 릴리_PGP
82323276,질레트 스킨텍 면도날 10입 (쿠팡)
82323574,오랄비 세정 베스트 컬렉션 3입 팩 (롯데마트)
82324894,브라운 시리즈 9 면도기 9345s GRAPHITE
82325110,다우니 퍼퓸 골드 샤인 1.05LX3
82325304,다우니 퍼퓸 핫핑크 블룸 1.05LX3
82326736,비너스 올레이 컴포트 글라이드 면도날 3입
82327079,팸퍼스 베이비드라이 2단계 이노머스 박스 1/186
82327416,다우니 프리미엄 액체형 세제 블루 3L
82327421,다우니 프리미엄 액체형 세제 핑크 2.2L
82327594,질레트 스킨텍 파워 면도날 12입
82327739,퓨전 프로쉴드 옐로우 면도날 16입 (ECOM)
82327891,페브리즈 향균플러스 무향 370ml
82327898,페브리즈 차량용 내추리스 화이트로즈 앤 코튼 2입 (2.2mlx2)
82327912,페브리즈 차량용 라벤더의 포근함 2.2ml
82327961,팸퍼스 베이비드라이 + 통잠 4단계 샘플팩8X30
82328032,에스케이-투 페이셜 트리트먼트 에센스 앤디워홀 리미티드 에디션 (핑크)
82328275,오랄-비 구강세정기 아쿠아케어4
82328360,페브리즈 섬유탈취제 포맨 상쾌한 허브향 370ml (Cass)
82328442,오랄비 크로스액션 리필모 EB50-6입 팩
82328531,페브리즈 370ml+320ml 팩 상쾌한향
82328616,크리스탈 클리어 마스크 10P  디럭스 세트
82328914,오랄비 고탄력 초미세모 그린티 4입  <1+1> 기획팩
82329989,페브리즈 섬유탈취제 허브향 보충용 320ml
82330005,페브리즈 섬유탈취제 포맨 상쾌한 허브향 보충용 320ml
82330995,질레트 퓨전 매뉴얼 믹스드케이스
82331020,질레트 프로글라이드 매뉴얼 면도날 16입 팩 (COUPANG)
82331039,질레트 프로쉴드 파워 1up+4ct 팩
82331384,다우니 프리미엄 액체형 세제 살균 파워 1.8L
82331880,페브리즈 370ml+320ml 팩 깨끗한향
82331956,오랄비 엑스퍼트9000 8입 (eCom)
82333333,페브리즈 섬유탈취제 다우니 에이프릴 향 640MLX2
82333358,오랄비 크로스액션 플라그 가드 35모  8입(hook)
82333610,다우니 블루 2L+1.6L 이마트 팩
82333623,오랄비 고탄력 초미세모 클래식 1입
82333639,오랄-비 어린이용 전동칫솔 프로즌 D100K (코스트코)
82333749,다우니 퍼플 화이트티와 릴리 향 1.05Lx3
82401464,AS 브러쉬 (FC 엑센트)
82403551,AS 퍼프 L 테스터
82406552,AS 미니 루즈 601
82408887,안나수이 리브 유어 드림 BL 200ML
82410126,AS 네일 칼라 N 202 테스터
82414632,AS 모이스처 리치 PF B02 T
82416760,립 루즈 D 370
82416767,립 루즈 V 460
82416902,돌체앤가바나 더 원 젠틀맨 애프터쉐이브밤 50ml 샘플
82416904,돌체앤가바나 더 원 젠틀맨 오 드 뚜왈렛 소필룩스 2ml
82418101,AS 프로텍티브 PF 엘 B02
82418397,돌체앤가바나 더 원 바디로션 100ml 샘플
82420084,AS 프로텍티브 플루. 파운데이션 L 0.3MLX2
82420607,AS 아이 칼라 (팬 필드 테스터) 303
82420653,AS 아이 칼라 201
82420670,AS 아이 브라이트너 01
82421638,안나수이 아이 칼라 크레용 200
82421648,안나수이 네일 칼라 N 607
84809869,프링글스 피자맛 140G
84839716,프링글스 미니캔 양파맛 12/40G   APOLLO
84853145,오랄비 음파전동칫솔모 SR32-2
84853193,오랄비 배터리 전동칫솔 DB4
84912828,프링글스오리지날50G
84916946,프링글스오리지날195G*14
80209941,오랄비 프로-엑스퍼트 클리니컬 프로플렉스 1입
80210313,팸퍼스 이지업 팬티형 여아 4단계 수퍼 1/80
80220404,오랄비 구강세정기MD20
80245908,팸퍼스 BB 스와들러 2단계 수퍼 1/76
80284341,질레트 프로쉴드 8+1팩
80297181,아이보리 3바
80337898,오랄-비 크로스액션 화이트 리필모 4입 (EB50-4)
80343491,프로글라이드 파워 면도날 2입 (557 FWIP)
80343985,프로쉴드 칠 4ct FWIP
80354463,557 프로쉴드 옐로우 파워 1up FWIP
80684854,팸퍼스 2022년형 베이비드라이+통잠 6단계 샘플팩 8X30
80693692,제놉틱스 울트라오라 에센스 50ml 듀오 세트
80693737,제놉틱스 울트라오라 에센스 50ml
80693948,다우니 베이스 핑크 맥퀸 베리베리와 바닐라크림 1.05Lx3
80693967,다우니 베이스 퍼플 맥퀸 화이트티와 릴리  2L
80697047,다우니 생화향기 컬렉션 핫핑크 블룸 1.05LX3
80697763,헤드앤숄더 샴푸 1200ML 딥클린 레거시
80698194,다우니 엑스퍼트 실내건조 톰포드 (그린)  4LX3
80698691,질레트 프로쉴드 칠 면도날 4입 (557)
80701625,팸퍼스 베이비드라이 밴드형 기저귀 4단계 1박스 (150매)
80702247,페브리즈비치형 실내용 2개입 (7MLX2) 라일락앤피오니
80702885,팬틴 퀵 리페어 캡슐 비타밀크 90g+콜라겐 트리트먼트 400ml 기획
80703238,페이셜 트리트먼트 에센스 230ml
80703724,다우니 엑스퍼트 항균파워 1.35LX6
80708389,다우니 엑스퍼트 실내 건조 오메가 (그린) 1.6LX6 DBD
80712315,오랄-비 고탄력초미세모 잇몸선케어 1입 (DBD LS)
80713017,질레트 손흥민팩 스킨텍 파워 핸들 + 면도날 5입 + 거치대
80714217,다우니 베이스 블루 맥퀸 레몬그라스와 라일락 (2L+1.6L+200MLX
80714910,팸퍼스 베이비드라이 팬티 5단계(특대형) 36X4
80715115,질레트 프로쉴드 옐로우 면도날 8입 (557)(CP stk)
80717949,질레트 퓨전 파워 믹스드케이스
80717953,질레트 프글 매뉴얼 면도날 4입
80726370,팸퍼스 아르모니 터치오브네이쳐 6단계 34X2
80727998,다우니 퍼플화이트티 (1.05LX3)x4 F2
80729397,페브리즈 차량용 맑은하늘바람2.2ML4입+다우니향2.2ML2입 (코스트코
80729903,페브리즈 섬유탈취제 라벤더 리필 640ml
80733163,팬틴 비오틴 엑스트라 볼륨 케어 트리트먼트 220mlX3 + 샴푸 90m
80733699,헤드앤숄더 컨디셔너 850 쿨멘솔 레거시
80734772,제놉틱스 울트라오라 에센스 30ml
80737765,팸퍼스 베이비드라이 밴드형 기저귀 6단계 1박스 (112매)
80741148,질레트랩스 딥클렌징바 6UP
80742177,다우니 실내건조 플러스 (핑크) 2LX4
80742366,팸퍼스 아르모니 터치오브네이쳐 4단계 기획팩 54X2
80743574,헤숄 프로페셔널 가려운 두피
80743900,헤드앤숄더 퍼퓸 프레쉬 샴푸 750ml 레거시
80745904,페브리즈 에어 바람속의꽃향기 275g
80746821,FAB 울트라 리페어 크림 170.1g(6OZ)
80748177,페브리즈 섬유탈취제 포맨 머스크 향 360ml 3입
80757885,질레트 비너스 Y존 레이저 면도날 3입
80759691,오랄-비 전동칫솔 Genius9000 블랙 (NEW)
80763682,헤숄 샴푸 시트러스 레몬 750ml
80765988,헤숄 루트 스트렝스 샴푸 750ml
80767265,SK-II FY2324 50G KCP 프리팩
80767283,질레트 프글 파워 1up+7ct 팩
80773101,질레트 랩스 손흥민 에디션 (1up+젤)
80773303,다우니 베이스 퍼플 화이트티와 릴리 3.8L
80779477,다우니 퍼플 3.8Lx4 화이트티와 릴리
80790236,질레트 스킨텍 면도날 10입 (ECOM)
80790315,질레트 스킨텍 매뉴얼 면도날 10입 팩 (CP)
80793507,팬틴 극손상 케어 컨디셔너 750ml
80794217,질레트 퓨전 파워 면도날 4입
80799649,오랄비 민트왁스 치실 기획 (이트레이더스)
80804842,오랄-비 Pro2500 듀얼핸들팩 (화이트+핑크)
80811442,팸퍼스 백일 선물 박스
80811860,다우니 세제 퍼플 1.9LX6 J1
80812533,오랄-비 민트향 왁스 치실 3입
80816630,질레트 프쉴 옐로우 파워 기1+날3
80816634,질레트 프글 파워 면도날 12입 이트
80823423,오랄-비 전동칫솔 Pro1000 블루
80823705,타이드 세제 파워클린 3Lx4
80826697,헤드앤숄더 샴푸 쿨멘솔 80ml 증정 샘플 
80830242,팸퍼스 2025 터치 오브 네이처 썸머팬티 4단계 46X3
80831287,다우니 실내건조 플러스 (그린) 2LX4 P2
80832698,다우니 세제 퍼펙트클린 200mlx48 J2
80836450,다우니 세제 블루 1.4Lx10 J2
80838172,(557.1 ) 질레트 프로글라이드 매뉴얼 면도날 4입
80839453,애트모스피어 씨씨 크림 30g
80840384,헤숄 퍼퓸 샴푸 520mlx2 올리브영팩
80841661,다우니 실내건조 삶음탈취 1Lx12 H1
80847850,다우니 삶음탈취 4LX4 Cstc R3
80868090,오랄비 깊은세정 하이로우 3입
80869955,팬틴극손상케어트리트먼트220ml 2입+극손상케어 샴푸90ml증정올리브영팩
80871606,(T) 질레트 프로쉴드 옐로우 면도날 14입 (코스트코)
80873024,제놉틱스 씨씨 프라이머 로지 0.7g
80873032,헤드앤숄더 두피 토탈 솔루션 쿨멘솔 트리트먼트 1110mL
80875319,페이셜 트리트먼트 클리어 로션 30ml
80883951,다우니 화이트코튼 (1.05Lx3)X4 D2
80907512,프링글스 후추 맛
80930098,프링글스킹싸이즈오리지날
80965617,프링글스매콤한맛스몰50G
81010164,구찌 러쉬 2 EDT 30ML
81093972,BT 250ML오일리스캘프케어샴푸
81113351,휴고 맨 오 드 뚜왈렛 150ml
81133210,DG 더 원 포 맨 SG 50 샘플
81135325,사히라 안티스태틱
81151160,플로라 바이 구찌 EDP 2ML SOFILUX
81153705,SP 1L 리페어 샴푸
81153893,SP 1L 딥 클렌저 샴푸
81164369,KP 6/07 엔
81164393,KP 8/05 엔
81164489,KP 2/0 엔
81164820,퍼폼카니틴 N
81183443,구찌 길티 팜므 바디로션 200ML
81193769,피카소 볼류마이즈 샴푸 펌프
81193771,피카소 밸런스스캘프 샴푸 펌프
81193778,피카소 컬러세이브 컨디셔너 펌프
81213889,KP 8/5 로즈 80G
81215712,NEW 콜레스톤 퍼펙트 2제 6% 960ML
81253279,브라운 펄소닉 교체용 카세트 70S
81259231,브라운 면도기 370-3
81260801,브라운 믹서 MX2050 R
81271083,WC 150ml엔리치 모이스쳐라이징 리브인 밤
81274837,SP 트라이얼 350 패키지 판촉물
81286022,SP 오프닝 365 패키지 판촉물
81307738,리치 고객가운
81325816,브라운 시리즈 3 면도기 330S-4 Blue
81347478,신데렐라 150만원 팩키지
81349540,SP 알케미 고객 가운
81349553,SP 알케미 피라미드
81395038,팸퍼스 GEM액티브핏 4단계 1X168 이커머스
81548628,브라운 시리즈5 PP5 5090cc_LSD
81576433,브라운 시리즈 7 면도기 7865cc GREY/BLK
81615080,브라운 Waterflex2_Black(005)
81697113,"브라운 시리즈 5,6,7 면도기용 수염 트리머"
81726930,브라운 시리즈 6 면도기 60-R1200s RED
81759010,브라운 시리즈 9 면도기 9395vs CHROME
81770217,브라운 시리즈 5 면도기 51-W4200cs WHITE
81773392,브라운 IPL PL5014
81773851,"브라운 시리즈 8,9 면도기용 세척&충전 스테이션 (9484-5cc)"
82001053,테스코 팩 대형 98
82001335,헤드앤숄더 2320샴푸팩-멘솔
82001624,이마트 물티슈 중형팩
82002449,위스퍼 롯데마트 트윈윙 특별기획-112P
82007241,화이트닝소스 덤 데피니션 50ML
82011636,PRINGLES PCHP 190GM 1SX14 SONI
82015514,화이트닝소스 덤데피니션 미니샘플 4.7ML
82022329,위스퍼 트윈윙 이마트 94개입
82024506,SK2화이트닝팬케익41
82026006,F.T 에센스 11ml
82033768,코디키친타올60 1*50 23117
82034463,화이트 소스 트랜스폼 FND 420
82037194,VIDAL SASSOON
82038244,비달사순헤어스프레이300ML1*12
82039115,SK2 ADV WHITENING PAN-CAKE 43
82041273,큐티수퍼프리미엄중형48S*4
82041319,큐티SP L120+12
82041613,위스퍼울트라후레쉬날개대10*24
82041654,JOY HD 270ML 1SX24 ANBT LDL3 EXP
82041947,바운티디자이너4R*8
82043237,SK2화이트닝리퀴드FND 43
82043707,SK2 FT클렌징젤100G
82044482,위벌크팬티실키실루엣블랙M
82044851,PRINGLES PCHP 50G HTSY RETURN 80965617
82045844,PANTENE SHP 1000MLX6 VOL-DOWN BC96AP
82045915,위스퍼울트라후레쉬날중40*24
82045963,SK2 WHT SPOTS이레이즈SK2
82046063,SK2 WHT SPOTS 이레이즈SK3 BC SAMP
82046490,위스퍼슬림일반소24*24
82046920,팬틴린스손상375ML1*12
82047467,조이프로모션팩(2+1)*12
82047652,팬틴미스테리린스10ML*576
82049713,팬틴볼륨케어1000ML*12
82052106,큐티팜파티셔츠(메론)
82052675,팬틴모이스처케어500ML린스
82053394,화이트닝 소스 미니어쳐
82053406,비달익사이팅컨디셔너STRT 500ML
82054122,비달익사이팅시스템팩WAVY
82054686,팬틴볼륨1123ML대리점
82055275,상쾌한향페브리즈보충형320ML
82055588,SK-II화이트닝소스
82055627,큐티드림골드중형144E-MART
82057548,SK-II 실버 콤팩트 (On-going)
82058570,헤드앤숄더샴푸딥40ML
82058744,큐티드림골드중형샘플2*50
82058791,SK2 PW싸인트리트파운데이션OP-3
82059546,비달7/8월1620팩-웨이브
82059599,페브리즈플러스보충형 320ml
82063467,위스퍼프로모션전기난로1*5
82063475,큐티아기티셔츠0208
82064008,위스퍼슬림날개대형18P
82065670,크레스트스탠드3단단면
82065688,코디 고무장갑 프리미엄
82065756,팬틴960ml집중손상케어린스
82065918,큐티드림골드대형 88S*4 SPRING04
82065931,위스퍼 PAD LN 32SX24 TEMPORARY BOX
82066311,위스퍼소프트클린날개중형40개입
82067070,큐티띠벽지1sX30
82068732,팬틴2700팩볼륨
82068898,팬틴1200팩집중손상
82069830,코스트코H&S컨디멘솔960ml
82070421,프링글스컵팩양파
82070537,비달사순스타일리쉬컨디셔닝린스500ml
82071795,위스퍼소프트클린울트라72P
82071831,큐티 편안한 아기 특대형 42*4
82072286,팬틴1000팩비듬
82072867,큐티편안한아기중형52S*4FALL04Temp
82073228,비달사순 1520팩-프로패셔널스타일
82073847,팬틴 2250팩-볼륨
82074555,에어터치 FND OP-3(트라이얼)
82074858,팬틴 2700팩-집중손상
82075989,소프트라이트 시스템팩
82076706,페브리즈(투명) 900ML 실속형 은은한 향
82077050,클린라이너 향 36
82077212,큐티 편안한아기 골드 특대형 42P
82077262,팬틴 바운시 볼륨 케어 컨디 500ML
82079104,SK-II 이멀젼 컴팩트
82079841,큐티 편안한 아기 특대형 2P 샘플
82079872,페브리즈 900ML 실속형 플러스(S)
82080196,헤드앤숄더 코스트코 1335팩-모이스트
82081088,SK-II LXP 모이스트 소프트닝 세럼 100ML
82081391,팬틴 엑스트라스트레이트 트리트먼트샘플10
82081606,SK-II AST 파우더 파운데이션 BE-2
82082455,페브리즈 에어 비치형 무향 본체
82083627,페브리즈 녹차 320ml 리필형
82084479,팬틴 2510팩-엑스트라 스트레이트
82085359,비달사순 1120샴푸팩-프로페셔널 스타일
82085754,헤드앤숄더딥클린컨디375ML
82086285,비달사순 샤이닝 스타일링 젤 150G
82087673,페브리즈 플로어 디스플레이 키트
82087731,헤드앤숄더샴푸 멘솔 200ML
82088027,듀얼마스크 데모테스터
82089353,헤드앤숄더 1710 팩-딥
82089497,팬틴 나이트 미라클 오일 30ML
82089560,팬틴집중손상케어컨디850ML
82089728,비달사순 40ML 샴푸-살롱 모이스춰
82089837,비달사순 1100 샴푸팩-살롱 모이스춰
82092493,에어터치 FND 컴팩트 샘플
82093021,웰라칼라엑스트라케어 8/4 (DBD)
82093068,WB 퍼펙트케어 리페어 에센스 120 (DA)
82093070,웰라톤트리트먼트칼라 4N (DBD)
82094297,팬틴 코스메틱 JAR 믹스드 케이스
82094802,팬틴 400팩-집중손상
82095136,큐티 편안한 아기 중형 104 이마트-4차
82095148,헤드앤숄더 20ML 샘플팩-멘솔
82095326,큐티 편안한 아기 골드 대형 60P
82095907,헤드앤숄더 쿨멘솔샴푸 200ML
82096505,헤드앤숄더 1225팩-릴랙스 티트리
82097351,듀얼 스타일링 트리트먼트 왁스
82097374,위스퍼 트윈윙 출시기념팩 68P
82097393,위스퍼 트윈윙 그린 골든스토아팩 -32P
82097481,팬틴 1750팩-엑스트라스트레이트
82098474,헤드앤숄더릴랙스티트리샴푸850ML-COSTCO
82099363,헤드앤숄더 2320샴푸팩-레몬그라스
82100170,HE 헬로우 하이드레이션 샴푸
82101185,프링글스 미니캔 팩
82102059,페이셜 트리트먼트 클리어로션 20ML 샘플
82102120,헤드앤숄더 실키모이스쳐 570 샴푸 스티커
82102333,싸인즈 링클 세럼 미니샘플 2G
82102376,위스퍼 코스트코 슈퍼롱 오버나이트 번들팩
82102917,WSDD UV로션 샘플
82104807,페브리즈 화장실용프로모션팩은은한플로랄
82104895,페브리즈 화장실용 릴렉스 아로마 (스티커)
82106551,팬틴바운시볼륨트리트먼트 200ML
82110393,헤드앤숄더 센서티브알로에 샴푸 570ML
82110589,헤드앤숄더 겸용샴푸 850ML
82110772,팬틴집중손상케어컨디375ML
82110994,헤드앤숄더실키모이스춰컨디200ML
82111023,스킨시그니처 크림인 파운데이션 510
82111376,2009 추석 팬틴 선물세트 7호
82111854,페브리즈 에어 팩 봄의 소생
82116524,페브리즈 플러스 용기형 370ML
82117617,비달사순 컬러케어 트리트먼트 180G
82117756,헤드앤숄더 겸용삼푸 570ML
82118227,헤드&숄더 겸용 샴푸 850ML
82119329,헤드&숄더 프레쉬 레몬그라스 샴푸 400ML
82120336,팬틴 풀앤씨크 트리트먼트150_스티커
82120492,스킨 시그니처 50G
82120832,위스퍼  세이프티존 ML 2P 샘플
82123062,헤드앤숄더 스완 2550DM팩-레몬그라스
82123181,헤드&숄더 헤어폴 클리닉 샴푸 90ml
82123399,2009추석 롯데4호
82125966,위스퍼 보송보송케어 중형 32개입
82125967,위스퍼 보송보송케어 울트라 날개 대형16개입
82126114,팬틴 150ML 트리플 집중 영양팩_IR
82126741,헤드앤숄더 쿨 멘솔 스페셜 1700 팩
82127446,프링글스 치즈맛 110G 파이오니어
82129171,헤드앤숄더 샴푸850 민감한 두피 케어
82129189,위스퍼 리프레쉬클린케어 울날오 14>
82131611,페브리즈 비치형 스타터킷 (바람속의꽃향기)
82133061,헤드앤숄더 스완 2550DM팩-수딩두피케어
82133639,크로스액션 탁월한 세정력 40S 3+2
82135418,페이셜 트리트먼트 클렌징 젤 15g 샘플
82137917,듀라셀 디럭스 알카 AAA 10개입
82137931,듀라셀 디럭스 알카 AA 4개입
82138927,클리니케어 풀앤씨크 1100ML 팩
82139273,화이트 래디언스  리스토어링 로션
82139464,토탈이펙트 7 인 1 안티에이징 스트레치 마스크
82141127,페브리즈(MO) 900ML 대용량 허브 향
82141424,셀루미네이션 리퀴드 FND 420
82141483,질레트 퓨전 하이드라 젤
82143008,위스퍼 슈퍼롱 오버나이트 샘플 1개입 SH
82143077,헤드앤숄더 로터스 1950팩-헤어 폴 클리닉OB
82143095,헤드앤숄더 로터스 950팩- 헤어 폴 클리닉OB
82143293,헤드앤숄더 로터스 1950샴푸팩- 쿨 멘솔OB
82144232,오랄비전동칫솔모2입EB18-2(생활용품매장)
82144245,오랄비 구강세정기MD20(코스트코)
82145100,토탈이펙트 증정 2 (크림노말 10g+세럼 10g+마스크 1P)
82145532,오랄비 크로스액션 프로엑스퍼트(부드러운모)
82145696,헤드앤숄더 007 - 포맨헤어폴클리닉 샘플
82146110,페브리즈 비치형 하와이 리필 5.5ML
82146162,페브리즈 900ML*2 팩 상쾌한 향
82146440,셀루미네이션 팬케익 440
82146878,팬틴 트리트먼트 30MLX12 나이트 에스테 세럼 원제품
82146996,화이트닝 스팟 스페셜리스트 50ML
82147311,코스트코 마하3터보 16입날
82147679,시리즈 젤 쿨클렌징 200ML
82148810,페브리즈 다우니향 리필형 320ML
82149568,피테라 에센스 세트
82150180,질레트 시리즈 써말 페이스 스크럽
82151660,듀라셀 디럭스 알카 AAA 4개입
82151878,페브리즈 에어 하와이안 플로랄 향기 275G
82152350,듀라셀 알카 9V 4개입
82152929,헤드앤숄더 컨디850 헤어폴클리닉
82152932,헤드 헤어폴클리닉90ml샘플(48개입)
82153695,스킨 시그니처 아이크림 15g
82153805,페이셜 트리트먼트 에센스 포 맨 30ML
82153819,LXP 퍼펙팅 세럼 50ML
82154548,질레트 센서 4+1
82155184,헤드앤숄더 선물세트 E1호
82155349,스킨시그니처 크림 인 FND 420
82157121,WHISPER PAD 26SX24 S01 SPR11 CHONAN
82157128,위스퍼 보송보송케어 울날오 14p
82157340,오랄-비 민트향 왁스 치실
82157573,위스퍼 보송보송케어 78개입
82157968,크로스액션 프로엑스퍼트 컴플리트 7 35모 3개입(이마트)
82158421,코스트코 M3T 16입날
82160846,화이트닝 에센스 스팟 세럼 듀오 세트
82162951,위스퍼 핑크세스 라이너 무향 36개
82163633,토탈이펙트 7 인 1 안티에이징 세럼
82164116,화이트 래디언스 프로텍티브 크림 (SPF20 PA++)
82164126,토탈이펙트 7 인 1 안티에이징 세럼
82164422,팬틴 실키스무드케어 컨디셔너 500
82166449,페브리즈 900ml*2 팩 엑스트라 스트렝스 향
82168171,WHISPER DIANA ULTRA S02 20SX24 HKTW
82169883,퓨전 매뉴얼 면도날 16입
82171016,오랄비 인디케이터 미세모 3+1입
82171242,질레트 퓨전 파워 면도날 8입
82171446,위스퍼 슈퍼롱 오버나이트 20개입 RRP
82171703,팬틴 바운시 볼륨 트리트먼트 샴푸 850ML
82172697,토탈이펙트 세트 14 (TE크림 노말50g + TE크림 노말50g + T
82172862,페브리즈 (900+320) 팩 은은한향 올림픽
82173107,페브리즈비치형바닐라라벤더 4개입 코스트코팩
82173111,"화이트 래디언스 울트라 유브이 블록커 (SPF 50+, PA+++ )"
82173786,시리즈젤 퓨어&센서티브 200ml*3팩
82174750,오랄비 크로스액션 컴플리트7 40모 3입
82176737,마하3 4입날
82176877,헤드앤숄더 MtDew 2250샴푸팩- 쿨 멘솔
82178643,퓨전 프로글라이드젤 쿨링 트윈팩
82178680,페브리즈 깨끗한 햇살 대용량 900ML
82179386,위스퍼 보송보송케어 울날대 10개입
82179527,팬틴 프로브이 아쿠아 퓨어 컨디셔너 727ml
82180169,위스퍼 리프레쉬 케어 코스트코 슈퍼롱 팩
82181412,팬틴 토탈 모이스쳐 케어 샴푸 1200
82181904,다우니 핑크 2L+2L 팩 베리베리와 바닐라크림 향_Sep'12
82181942,위스퍼 보송보송케어 70개입
82181974,페브리즈 비치형 하와이 리필 5.5ML
82181977,페브리즈 비치형 태국 리필 5.5ML
82182118,화이트닝 소스 클리어 로션 150ml
82182588,아이보리 클린 앤 심플 라벤더 센티드 바디워시 709ml
82183315,SK-II 셀루미네이션 데이 서지 유브이 50g
82183901,페브리즈 370ml+370ml 팩 은은한 향 OND'12
82184838,에스케이-투 스템파워 100g
82185274,SK-II 스팟스페셜리스트 콘센트레이트 0.5gx28
82185277,SK-II 클리어로션 30ml
82186227,다우니 퍼플 2L+700ml 팩 화이트티와 릴리 향_Sep'12_스티커
82186894,위스퍼 보송보송케어 울날중 90p
82187230,팬틴 리프트 업 미스트
82187592,760 CCR 프로모션 팩
82188002,페브리즈(MO) 320ML 리필형 상쾌한 향
82188295,에스케이-투 페이셜 트리트먼트 젠틀 클렌져 120g
82188553,헤드앤숄더 쿨멘솔 850*4팩
82189491,듀라셀 디럭스 알카라인 AA 4팩
82189745,팬틴 아쿠아퓨어 샴푸 750ML
82190579,에스케이-투 페이셜 트리트먼트 콘센트레이트 30g
82191567,헤드앤숄더 Bahamas 컨디셔너 850 딥클린
82191944,팸퍼스 이지업 팬티형 남아 4단계 빅 1/60
82192613,위스퍼 보송보송케어 78개입
82193162,위스퍼 보송보송 시스템팩 84P
82193207,헤드앤숄더 2250팩 애플프레쉬 리미티드에디션
82194227,위스퍼 보송보송케어 중형 5개입
82194511,프로글라이드젤 쿨링 + 헤드앤숄더 맨 샴푸 무료증정
82194671,헤드앤숄더 MtDew 1500팩- 2-in-1_new
82194744,헤드앤숄더 MtDew 2250팩- 가려운 두피_new
82195740,페브리즈 370ml+320ml 팩 다우니향
82196246,싸인즈 너리싱 크림 50g
82196258,싸인즈 컨트롤 베이스 25g
82196484,팸퍼스 베이비드라이 3단계 이코노미 박스1/222
82197594,허벌 에센스1200MLx9 터쳐블 스무드 샴푸_코스코
82198596,페브리즈 비치형 스타터킷 다우니향
82200195,헤드앤숄더 BAHAMAS 2550샴푸팩- 쿨 멘솔
82200806,위스퍼 슈퍼롱 오버나이트 샘플 1개입 SH
82201226,위스퍼핑크세스 울날중 테스코 50개입
82201290,팬틴 모발강화케어 컨디셔너 500
82201486,팸퍼스 BB 크루저 4단계 1/152
82201518,팸퍼스 BB 베이비드라이 4단계 이코노미 박스1/180
82203171,오랄비 전동칫솔 D16
82203387,위스퍼 리프레쉬클린케어 울날오 14> (RRP)
82203415,탐팩스 펄 레귤러 18P (RRP)
82204039,페브리즈 차량용 2개입(2mlX2) (맑은하늘바람)
82204651,팬틴 모발강화케어 트리트먼트 200ml
82204863,페브리즈 370ml+370ml 팩 상쾌한향
82205898,페브리즈 차량용 2ML (바닐라의 달콤함)
82206450,마하3 센서티브 파워 면도날 8입 TESCO
82206847,팬틴 프로브이 아이스 샤인 샴푸 727ml
82206849,팬틴 프로브이 아이스 샤인 트리트먼트 194ml
82207165,오랄-비 인디케이터 컴플리트 미세모
82207349,퓨전 프로글라이드 쿨링 젤 200ml
82207710,헤드앤숄더 Bahamas 컨디셔너 550 딥클린
82208480,에스케이-투 컬러 클리어 뷰티 파우더 파운데이션 420 (클리어 베이지)
82208634,블루2 플러스 센서티브 1s
82208829,로케트 알카 AAA 4개입
82208919,듀라셀 디럭스 알카라인 AA 14팩
82208950,스템파워 크림 50g
82209722,화이트닝 소스 덤 리바이벌 마스크 10P
82210037,팬틴 극손상케어 트리트먼트 200
82210059,펄사 진동 치석 전문케어 2입
82210297,페이셜 리프트 이멀젼 10g (비매품)
82210302,셀루미네이션 딥 서지 EX 2.5g (비매품)
82211316,마하3 터보 4입 날 (테스코)
82212144,에스케이-투 페이셜 트리트먼트 에센스 옐로우 플라워 리미티드 에디션
82212359,다우니 퍼플 1.8L 화이트티와 릴리 향
82214012,브라운 시리즈7 면도기 720
82214823,팬틴 극손상케어 샴푸 90ml
82215141,스킨 시그니처 크림인 파운데이션 420
82215467,페이셜 리프트 이멀젼 30g (비매품)
82216395,마스터피스 피테라 레이디언스 세럼 50ml
82216646,알엔에이 파워 크림 80g
82216670,블루2 플러스 센서티브 5s (사우나)
82216852,비너스 새틴케어젤 200ML
82216879,듀라셀 울트라 AAA 12개입 파워체크
82219092,위스퍼 피부애 8개입
82220933,오랄-비 스테이지스 2단계 행사팩
82221782,비너스 스파 4입 RF 1CSX60IT*4X5X12
82221921,위스퍼 보송보송케어 울트라 날개 소형32개입
82223947,셀루미네이션 딥 서지 EX 15g(비매품)
82224496,맨 에이지 리바이탈라이즈 모이스처라이저 2.5g(비매품)
82224725,376 프로글라이드 파워 면도날 14입 (코스트코)
82225997,컬러 클리어 뷰티 아이 쉐도우 -11
82226237,페브리즈 포맨 보충형 320ml
82226810,위스퍼 보송보송 시스템팩 대리점 38개입
82227683,페브리즈 370ml+320ml 팩 다우니향
82228377,미드-데이 미라클 에센스 50ml
82228382,알엔에이 파워 크림 80g
82229295,T 셀루미네이션 리퀴드 FND 310
82230330,헤드앤숄더 딥클린 1650팩
82230811,피테라 에센스 230ML 레드 버터플라이 LTD
82230834, 페브리즈 깨끗한 햇살 용기형 370ML
82230862,(일본산) 팸퍼스 베이비드라이 3단계 중형 (64X4)
82231609,퓨전 프로글라이드 매뉴얼 면도기 1 + 면도날 4입
82232668,센서 엑셀 5입
82232822,오랄-비 D16
82233253,퓨전 프라이드 면도기 1CSX36IT*1X6X6
82233281,비너스 블루 1업
82233796,페이셜 트리트먼트 에센스 포 맨 160ml
82234233,다우니 섬유 데오도라이저 프레시 그린 375G + 베이스 200ml
82234991,위스퍼 소프트 라이트 28x3입 코스트코
82235186,시리즈젤 센서티브 스킨 200ML
82235646,위스퍼 리프레쉬케어 울날중 90P 코스트코
82235751,프로글라이드 센서티브 젤 오션쿨 170g
82236058,스타트 피테라 키트 1
82236059,스타트 피테라 키트 2
82236208,질레트 마하3 면도날 4입
82236304,팸퍼스 베이비드라이 팬티 4단계(대형) 42X4
82236386,팬틴 프로브이 아이스 샤인 트리트먼트 194ml
82237434,팬틴 실키스무드케어 1500팩X6
82238562,아티산 브러쉬 파운데이션 320 (모이스트)
82238749,페브리즈 차량용 프리미엄 아쿠아왈츠 리필 7ml
82241887,T 화이트닝 소스 클리어 로션 150ML
82241896,T 싸인즈 업 리프터 40g
82242002,질레트 마하3터보 면도날8입
82242073,T 싸인즈 퍼펙트 래디언스 PWD FND 310
82242098,T싸인즈 퍼펙트 래디앙스 파우더 파데 330
82242600,제놉틱스 스팟 에센스 0.7ML (비매품)
82243089,페브리즈 섬유탈취제 370ml 다우니 퍼퓸컬렉션 이노센스
82243132,오랄비 전동칫솔모 EB20-3
82243420,프로글라이드 파워 4+1 팩 (플렉스볼)
82244751,오랄비 후레쉬클린 5입 (롯데마트)
82244989,오랄비 스테이지스3 4입+크로스액션 탁월한 세정력 2입
82245135,팸퍼스 액티브핏(크루저) 4단계 1박스 (168매)
82245550,다우니 블루 2L 레몬그라스와 달콤한 라일락 향
82245567,다우니 퍼퓸 로즈골드 럭셔리피오니 1LX12
82245884,페브리즈 섬유탈취제 허브향 370mlX2 (PP)
82246036,애트모스피어 유브이 에멀젼 0.8g(비매품)
82246409,아티산 퍼펙팅 브러쉬
82246729,에스케이-투 제놉틱스 오라 에센스 키트 30ml
82247397,허벌 에센스 클래식 핑크 로즈 컬렉션 트라이얼 980팩
82247547,페이셜 트리트먼트 에센스 30ml(비매품)
82249156,스템파워 리치크림 2g 샘플 (비매품)
82249161,알엔에이 파워 크림 2.5g(비매품)
82249354,페이셜 트리트먼트 에센스 블루 리미티드 에디션
82250584,싸인즈퍼펙트 래디언스 리퀴드파데310
82250960,퓨전 파워 면도기 TMR 1CSX36IT*1X6X6
82251043,오랄-비 초미세모 벨벳 잇몸케어 3입
82251111,싸인즈 컨트롤 베이스 25g
82251119,어드밴스드 프로텍트 루스파우더UV
82251135,싸인즈퍼펙트 래디언스 파우더파데310
82251371,페브리즈 섬유탈취제 370+320 허브향 (PP)
82252456,오랄비 고탄력 초미세모 잇몸전문 케어 6입 DBD
82252523,다우니 블루 1L+700ml 팩 레몬그라스와 달콤한라일락 향
82252789,컬러 클리어 뷰티 에나멜 크림 컴팩트(비매품)
82252829,스킨 퍼펙팅 파운데이션320
82252877,오랄비 스테이지스2 4입+크로스액션 탁월한 세정력 2입
82252916,페브리즈 엑스트라 스트렝스 900X2 ES
82253265,퓨전 매뉴얼 면도기 1UP
82255667,페브리즈 차량용 2ML (뉴질랜드 계곡) (LEGO)
82255703,마하3 클래식 8입날_BB3  (롯데마트)
82255928,싸인즈 컨트롤 베이스 25g
82255939,컬러 클리어 뷰티 파우더 파데330
82256209,프로글라이드 ST M1up+4ct+Gel 추석 기프트팩(홈플러스)
82256881,마스터피스 피테라 크림50g
82257490,페브리즈(MO) 320ML 리필형 허브 향
82258205,페브리즈 포맨 쿨아쿠아향 보충형 320ML (NEW)
82258604,헤드앤숄더 발리 샴푸 850 애플 프레쉬
82258745,질레트 블루3 심플 1s
82259895,다우니 퍼퓸 윈터로맨스 1L+1L 홈플러스팩
82261197,RNA파워 에어리 밀키 로션80g
82261688,페이셜 트리트먼트 마스크 1p(비매품)
82262155,헤드앤숄더 발리 샴푸 750 포맨헤어폴
82262406,팬틴 콜로서스 트리트먼트 220mlX24 실키스무드
82262410,팬틴 콜로서스 트리트먼트 (220X2)X12 극손상
82263153,오랄비 전동칫솔 D12.513 카즈/프린세스(롯데)
82263294,다우니 퍼퓸 샤인 1L (롯데마트)
82265320,헤어레시피 키위&무화과 볼륨 트리트먼트 530ml
82265385,페브리즈 차량용 2ML (뉴질랜드 계곡)(LEGO)
82265518,다우니 핑크 1.6L 베리베리와 바닐라크림 향
82265692,오랄-비 프로엑스퍼트 스타워즈 2입(홈플러스RRP)
82266668,알엔에이 파워 에어리 밀키 로션 80g 듀오세트
82266731,페브리즈 에어 봄의소생 275G (Kreach2)
82267057,다우니 퍼퓸 그린 보타닉 가든 향 700ML (Chanel)
82267231,위스퍼 피부애 슈퍼롱 오버나이트 1P
82269857,오랄-비 PRO3000C 코스트코팩
82271438,헤드앤숄더 2250팩- 가려운 두피(Olympic)
82271650,다우니 퍼퓸 로즈골드 럭셔리 피오니 1L+1L (Poly)
82271660,다우니 퍼퓸 로즈골드 럭셔리 피오니 향  2L+700ml (Poly)
82271874,브라운 펄소닉 교체용 카세트 70S
82272369,퓨전 프로글라이드 매뉴얼 1UP + 프로쉴드 칠 8CT (트레이더스)
82272565,질레트 마하3터보 면도날8입
82274146,프로글라이드 플렉스볼 파워 믹스드케이스
82274411,에버글로잉 오라 세트
82274553,팬틴 데일리 모이스처 리뉴얼 컨디셔너 1200ml
82275360,페이셜 트리트먼트 에센스 세트
82276388,LXP 얼티미트 퍼펙팅 크림50g
82277975,페브리즈 차량용 3개입(2mlx3) 라이트 라임오렌지 (CT)
82278049,질레트 프로글라이드 매뉴얼 믹스드케이스
82279914,퓨전 프로글라이드 매뉴얼 12입날 쉐이브클럽 팩
82279920,퓨전 프로쉴드 칠 4입날 쉐이브클럽 팩
82280164,다우니 퍼퓸 핫핑크 블룸 2L+700ML (Chanel) - poly
82280215,다우니 스포츠 1L 액티브 시트러스향
82280219,다우니 퍼플 1L 화이트티와 릴리 향
82281485,페브리즈 섬유탈취제 은은한 향 320ml (Harmony)
82282706,퓨전 프로쉴드 칠 4입날 쉐이브클럽 팩 (프리미엄)
82283144,페브리즈 차량용 2ML (맑은하늘바람)(CT)
82283164,페브리즈 차량용 3개입(2mlx3) 부산의 맑은하늘바람 (CT)
82283213,헤어레시피 꿀&살구 수분 쿠팡팩
82283442,SK-II 페이셜 트리트먼트 에센스 스프링 레드 리미티드 에디션
82284039,블루2 플러스 센서티브 2S
82284111,오랄-비 민트향 왁스 치실
82284724,페브리즈 섬유탈취제  이마트팩 상쾌 370mlX2 + 다우니 210ml
82284742,페브리즈 섬유탈취제 상쾌한 향 370mlX2(Harmony)
82285494,다우니 퍼플 2.6LX4 화이트티와 릴리 향
82285630,팸퍼스 크루저 5단계 박스 1/90_S7
82285996,다우니 퍼퓸 골드 샤인 1L+1.6L
82286181,페브리즈 에어 화장실용 (산뜻한 정원향) (Kreach2)
82286326,다우니 핑크 2L+700MLX2 베리베리와 바닐라크림 향 (롯데마트)
82286414,다우니 PGP 핑크 3.8X2 베리베리와 바닐라크림 향
82286710,어드밴스드 프로텍트 루스파우더UV
82286964,질레트 퓨전 프로글라이드 파워 면도날 6입
82286996,다우니 블루 1LX12 DBD 레몬그라스와 달콤한 라일락 향
82287214,허벌에센스 모이스쳐 로즈마리 & 허브 컨디셔너
82288702,에스케이-투 스킨파워 크림 50g
82288710,에스케이-투 스킨파워 에어리 밀키 로션 15g
82289963,페브리즈 차량용 2.2ml (쿨 아쿠아향)
82290886,질레트 프로글라이드 매뉴얼8ct+프로쉴드 옐로우3ct 팩 (롯데마트)
82291062,팸퍼스 베이비드라이 팬티 3단계(중형) 46X4
82291599,페브리즈 320ML 리필형 은은한 향(PGP)
82292784,다우니 핑크 리필 700ML 베리베리와 바닐라크림 향
82292798,다우니 퍼퓸 핫핑크 블룸 200ML
82293399,다우니 퍼퓸 그린 보타닉가든 1L+1.6L (Paper)
82293425,오랄-비 프로헬스 3D화이트 3+1입 (롯데Ntl)
82294129,오랄비 3D화이트 5입 쿠팡팩
82294723,페브리즈 섬유탈취제 다우니 에이프릴 향 360ml (쿠팡)
82296823,PGP 페브리즈 비치형 스타터킷 맑하바 특판용 6입(Limo)
82297098,다우니 핑크 1L+1L 팩 베리베리와 바닐라크림 향
82297558,(샘플) 팸퍼스 스와들러 밴드 2단계 4P
82298519,헤드앤숄더 쿨멘솔 샴푸 1.2L 이트레이더스 팩
82298679,페브리즈 차량용 맑은하늘바람2.2ML4입+다우니2.2ML2입
82299246,알엔에이 파워 아이크림 15G
82299254,화장용 퍼프(빅퍼프)
82299732,팬틴 콜로서스 컨디셔너 500ML 극손상
82300027,헤드앤숄더 발리 애플프레쉬 샴푸 550ml
82300163,질레트 포오미 센서티브 175g 1X6
82300530,퓨전 프로쉴드 칠 면도날 16입 (ECOM)
82300537,질레트 클럽 4개월팩  플렉스볼 프로글라이드 파워 면도날 4입
82300902,PGP 페브리즈 비치형 리필 맑은하늘바람 특판용 6개입
82301770,다우니 엑스퍼트 2L+1.6L 스포츠 향 (홈플러스)
82302703,질레트 퓨전 프로쉴드 옐로우 면도날 11입 팩
82303079,오랄비 잇몸 베스트 컬렉션 3입 팩 (롯데마트)
82303178,페브리즈 포맨 시원한 멘솔향 용기형  370ml
82303803,오랄-비 초미세모 벨벳 잇몸케어 그린티 1입
82304141,다우니 퍼퓸 그린 보타닉가든 1L+1.6L (이마트)
82304208,허벌에센스 리쥬버네이트 버번 & 마누카 허니 샴푸
82304280,팬틴 데일리 모이스처 리뉴얼 컨디셔너 1200ml
82305443,팸퍼스 베이비드라이 1단계 점보 팩 44P*2
82305461,팸퍼스 스와들러 1단계 32X4
82306121,페브리즈 에어 맑은하늘바람 2개입 (hyper)
82306128,페브리즈 에어 맑은하늘바람 4개입 코스트코팩
82307202,페브리즈 포맨 상쾌한허브향 370ML+320MLX2 팩
82310192,다우니 엑스퍼트 스포츠 1LX12 DBD
82310709,다우니 핑크 베리베리와 바닐라크림 2Lx4
82310720,다우니 퍼퓸 보타닉 가든 1Lx12
82310734,다우니 엑스퍼트 실내건조 1.6Lx6
82311730,질레트 프로쉴드 면도날 옐로우8입+칠3입 팩
82313745,허벌에센스 모이스쳐 로즈마리 & 허브 컨디셔너
82313773,클래식 허벌 에센스 리플레니싱 컨디셔너 컬러/펌/드라이/손상모
82313843,다우니 스프링 가든 러브 1LX12 팩 (DBD)
82314001,에스케이-투 스킨파워 스킨파워 아이 크림 2.5g
82314427,페브리즈차량용내추리스화이트로즈2.2mlx2+민트블라썸2.2mlx2(쿠팡)
82314442,다우니 블루 2L+700MLX2 레몬그라스와 달콤한 라일락 향(롯데마트)
82314947,질레트 스킨텍 면도날 10입
82314986,다우니 프리미엄 액체형 세제 블루 1.0L 온라인
82315124,오랄-비 초소형 헤드 벨벳 잇몸케어 12개입
82315225,오랄비 스테이지스4 프로엑스퍼트 스타워즈 6입 쿠팡팩
82315359,오랄비 Pro 500 미세모(하이퍼)
82315593,오랄-비 고탄력 초미세모 클래식 12개입
82316113,다우니 엑스퍼트 실내 건조 4LX3
82316196,다우니 퍼퓸 코튼 퓨어러브 2.6LX4 (구버전)
82316215,다우니 퍼퓸 오션코랄 퓨어러브 향 2L (구버전)
82316887,페브리즈 화장실용 2개입(6mlx2) 상큼한 레몬향 (Lotsell)
82318027,브라운 8370+CCR2 코스트코 팩
82318660,질레트 퓨전 면도기 스탠드
82319107,질레트 스킨텍 파워 1up
82319246,오랄비 초미세모 크로스액션 7입(코스트코)
82319356,질레트 프로쉴드 옐로우 파워 1up+6ct 팩 (플렉스볼)
82319469,헤드앤숄더 1950팩- 애플 프레쉬(Bali)
82319611,팸퍼스 베이비드라이 팬티 3단계 쿠팡팩 66P X 3
82319719,오랄비 스테이지스4 프로즌 2pX4입 (코스트코)
82320266,퓨전 프로쉴드 파워 1up 면도기 1x6x6
82321182,오랄비어린이칫솔모EB10-4 스타워즈
82321896,질레트 퓨전 매뉴얼 면도날 8입 (557)
82322029,다우니 어도러블 1Lx12 (Logo Stk)
82322407,팸퍼스 스와들러 마드레 2단계 4입 (샘플)_QR
82323043,비너스 컴포트 글라이드 화이트티 면도날 4입 (657)
82323363,질레트 프로쉴드 파워 이트레이더스 추석 기획팩
82323501,질레트 프로글라이드 매뉴얼 면도날 15입 (ET)
82323899,뷰티 트레블 샘플키트 TR 2021
82324821,질레트 프로글라이드 파워 1up+8ct 팩 (코스트코)
82326473,질레트 스킨텍 매뉴얼 1up+5ct 팩 (플렉스볼)
82327064,다우니 스프링 가든 러브 1LX2 팩 (CHP)
82327582,오랄비 스마트시리즈 7000미세모(메탈릭블루)
82327765,팬틴 콜로서스 트리트먼트220mlX24 극손상 DBD
82328021,제놉틱스 오라 에센스 10ml(비매품)
82328124,오랄비 크로스액션 플라그 가드 6입 (쿠팡)
82328352,페브리즈 섬유탈취제 상쾌한향 370ml (Cass)
82328911,다우니 엑스퍼트 항균파워 플러스 1.05LX3
82330065,스위퍼 막대걸레 스타터킷 (핸들1입+정전기청소포8입)
82330596,페브리즈 항균플러스 깨끗한향 370ml+370ml
82330748,페브리즈 섬유탈취제 상쾌한 향 900mlX2 팩
82330930,페브리즈 차량용 맑은하늘바람2.2ML 4입+라벤더2.2ML 2입
82330937,페브리즈 차량용 맑은하늘바람 2개입 + 페브리즈 차량용 라벤더 2개입
82331026,질레트 프로쉴드 칠 면도날 16입 (ECOM)
82331045,질레트 스킨텍 파워 플렉스볼 1up+6ct 팩 (ECOM)
82331368,오랄비 배터리 전동칫솔 DB5 오랄비 비버
82331843,에스케이-투 페이셜 트리트먼트 에센스 앤디워홀 리미티드 에디션 (레드)
82331955,오랄비 엑스퍼트9000 6입 쿠팡 팩
82332387,질레트 퓨전 프로글라이드 센서티브 면도젤_4입 (코스트코)
82332484,FY2122 47G 샘플키트
82332584,오랄비 어드밴티지 화이트닝 7입 (E-traders)
82333237,오랄-비 프로-플렉스 차콜 96개입
82333351,다우니 프리미엄 액체형 세제 실내건조 2LX2 팩
82333635,오랄-비 후레쉬 클린 40모
82333877,다우니 프리미엄 액체형 세제 실내건조 3.0L Lotsell (av)
82402894,AS 브러쉬 스탠드 (06 X-MAS)
82403012,AS 루스 파우더 002
82403015,AS 루스 파우더 701
82403549,AS 퍼프 P 테스터
82403817,AS EDT 50 T
82404560,AS 수이 립 글로스 002
82408152,AS 리퀴드 아이 라이너 N 201 테스터
82410138,AS 네일 칼라 N 401 - 테스터
82410314,AS 네일 칼라 엔 402
82410342,AS 네일 아트 칼라 엔 870
82412731,AS 수퍼 블랙 VL 마스카라 001 T
82414580,안나수이 모.리치 플루이드 F. P04
82414620,AS 모이스처 리치 F 프라이머 T
82415853,안나수이 미니 루즈 305
82416832,립 루즈 지 테스터 602
82418099,AS 프로텍티브 PF 엘 B00
82420588,AS 아이 칼라 듀오 (팬 필드 테스터) - 03
82420612,AS 아이 칼라 (팬 필드 테스터) 700
82420652,AS 아이 칼라 200
82421640,안나수이 아이 칼라 크레용 800
82422287,안나수이 네일 칼라 N 322 -테스터
82422345,안나수이 립 글로스 C 400
82422359,안나수이 네일 칼라 N 013
84809050,프링글스 매운맛 140G
84818260,프링글스 오리지날 40G
84821662,방향 리드 디퓨져 크랜베리와 서양배 향
84844662,퓨전 하이드라젤 퓨어 앤 센서티브 200ml
84972021,페브리즈에어275G X15 맑은 하늘 바람
84998620,다우니 심플프레져 릴리 & 쟈스민
80214581,트라이존 D12
80253509,다우니 아로마쥬얼 퍼플 자수정 바닐라 375g
80275001,2016년형 팸퍼스 크루저 5단계 1박스 (132매)
80281274,오랄비 스테이지스 치약 스타워즈 75ml
80281958,오랄-비 스테이지스 3단계 어벤져스 1입
80288700,오랄비 전동칫솔모 2입 EB18-2
80294498,오랄비 배터리 전동칫솔 DB4
80337917,오랄-비 DNA PRO500 (+여행용케이스)
80343214,오랄비 전동칫솔 D12.513 스타워즈
80343865,오랄비어린이칫솔모 EB10-2 STARWARS
80354270,오랄-비 전동칫솔 D12 바이탈리티 초미세모
80354283,오랄-비 전동칫솔 D12 바이탈리티 프리시즌 클린
80356521,오랄-비 전동칫솔 iO7 블랙 오닉스
80371326,오랄비 전동칫솔 D103 크로스액션 블랙
80371685,오랄비 EB60X화이트 리필모 4입
80679911,팬틴 콜라겐 미라클 트리트먼트 400ml
80679974,헤드앤숄더 샴푸 1.13L 애플프레쉬
80687334,페이셜 트리트먼트 클리어로션230ml
80690466,질레트 프로쉴드 칠 면도기 2UP (557)
80690948,다우니 생화향기 컬렉션 스프링 가든 러브 리필 1.6x6
80691079,OLAY GA 소플 크림 에어 듀오 세트(CRM50g*2)
80692332,페브리즈 항균플러스 깨끗한향 370ml 3in1
80693938,다우니 베이스 핑크 맥퀸 베리베리와 바닐라크림 2.6L
80697569,다우니 프리미엄 액체형 세제 실내건조 2.0LX6 (Goldie)
80697781,헤드앤숄더 컨디셔너 850 애플프레쉬 레거시
80698193,다우니 엑스퍼트 실내건조 톰포드 (그린) 2LX4
80702248,페브리즈 화장실용 3개입(6mlx3) 상쾌한 비누향
80704084,페브리즈 향균플러스 무향 370ml 3in1
80705741,오랄-비 초미세모 리필모 2입 (EB60-2)
80709555,다우니 생화향기 컬렉션 미스티크 1.6L PX
80709740,비너스 엑스트라 스무스 면도기 2UP (657)
80710719,다우니 프리미엄 액체형 세제 실내건조 1.80L X 6
80710879,다우니 프리미엄 액체형 세제 냄새딥클린 블루 2.8LX4
80711424,다우니 베이스 탈취파워 블루 4Lx4 레몬그라스와 라일락
80711661,스킨파워 아이크림 15g 듀오세트
80712150,페브리즈 화장실용 상쾌한비누향 6ml*2+산뜻한사과향 6ml*2
80715992,(FWIP) 557.1 프로글라이드 매뉴얼 3ct 
80719122,브라운 시리즈 9 면도기 9570cc PC BLACK
80720703,팬틴 프로-브이 엑스트라 볼륨 케어 샴푸 500ml
80726139,팸퍼스 2023에어차차 팬티형 4단계 (60X3)
80726592,팸퍼스 2023아르모니 에어차차 팬티 체험팩 4단계 (8X30)
80729154,페브리즈 화장실용 상쾌한비누향3입+은은한라벤더향3입 코스트코팩
80734090,오랄비 키즈 리필모 프로즌 2입
80734092,오랄비 키즈 리필모 스파이더맨 4입
80741135,LXP 얼티미트 퍼펙팅 세럼50ml
80746667,페브리즈 비치형 6.3ML 코튼블루향
80747675,오랄-비 크로스액션 화이트 리필모 10입 (EB50-10)
80749682,애트모스피어 씨씨 크림 30g
80752452,다우니 세제 추가헹굼제로 리필 3.2Lx3
80753723,다우니 엑스퍼트 실내건조 (그린) 2LX2+200MLX2 2023
80754287,팸퍼스 2024 베이비드라이 팬티 4단계 쿠팡팩 60P X 3
80763473,다우니 실내건조 플러스 (그린)  4LX4 R1
80771066,오랄-비 전동칫솔 Pro1000 블랙
80772617,질레트 프쉴 옐로우 면도기 기1+날2
80772619,질레트 프쉴 칠 면도날 8입
80772633,질레트 프글 파워 면도기 기1+날1
80772830,헤숄 레몬 샴푸 750mlx2 + 90ml
80773302,다우니 베이스 블루 레몬그라스와 라일락 3.8LX3 (2023년형)
80776646,에스케이-투 스킨파워 리-뉴 크림 50g
80778190,SK-II SPX LXP아이 크림 15g
80779930,다우니 프리지아앤페어 200mlX24 M1
80782131,팸퍼스 2024 여름낮밤패키지 체험팩 5단계 8X30 (에어차차 썸머팬티
80784015,오랄-비 치간 칫솔 20개X4개입
80788973,오랄비 EB20RX화이트 리필 2입
80793497,팬틴 극손상 케어 샴푸 750ml
80793504,팬틴 극손상 케어 샴푸 90ml
80794207,질레트 퓨전 파워 면도날 8입
80794302,질레트 프글 매뉴얼 면도날 10입
80794815,다우니 퍼퓸 쥬얼 루비 피오니 480g
80795864,질레트 프글 매뉴얼 기1+날12
80797738,다우니 베이스 블루 레몬그라스와 라일락 3.8LX3 (2024형)
80807064,프로글라이드 센서티브 젤 퓨어 스포츠(PX)
80807716,오랄-비 전동칫솔 iO10 코스믹 블랙
80808090,제놉틱스 인피니트오라 에센스 50ml 듀오 세트
80815716,에스케이-투 페이셜 트리트먼트 클렌징 오일 250ml
80823418,오랄-비 전동칫솔 Pro2500 핑크
80824977,다우니 삶음탈취 플러스 2.6L v2
80825356,다우니 코튼 퓨어 200ml M2
80825382,다우니 프리지아 앤 페어2.6LX4 M2
80830239,팸퍼스 2025 에어차차 썸머팬티 5단계 52X3
80831279,다우니 퍼플 화이트티와 릴리 2.6LX6 P2
80832693,다우니 세제 실내건조 2L J2
80832704,다우니 세제 블루 2.2Lx6 J2
80833223,페브리즈 에어 라벤더 부케 165g
80839598,오랄비 크로스액션 컴플리트 7 클린 6입
80840588,(557.1 ) 질레트 프로쉴드 옐로우 파워 (기1+날3) (ECOM)
80842204,오랄비 초미세모 블랙티 6개입 DBD
80842251,질레트 프쉴 옐로우 면도날 16입+질레트
80846029,다우니 블루 레몬그라스와 라일락 1LX12 F3
80851888,NFS 제놉틱스 인피니트오라 에센스 50ml 비매품
80862539,질레트 퓨전 매뉴얼 면도날 4입 PX
80862840,헤드앤숄더 프로페셔널 가려운두피케어샴푸 2개입 번들팩 (80ml 증정기획
80864467,페브리즈 다우니실내건조향 920mlx2 팩
80867522,제놉틱스 CC 프리마 50g 베이지
80869886,다우니 세제 퍼펙트클린 (2.2Lx2)x1 J2
80871151,에스케이-투 스킨파워 리-뉴 에센스 50ml
80871610,(T) 질레트 프로쉴드 옐로우 면도날 16입(CP)
80872044,다우니 퍼퓸 쥬얼 자수정 베리 950g P2
80873236,엔젤브리즈 소프트 팬티 4단계 42x4
80874044,브라운 세정액 CCR8 (Costco) (신규)
80883961,다우니 미스티크 1.35Lx10 D2
80883977,다우니 화이트티 2LX4 D2
80886837,페브리즈 섬유탈취제 은은한 꽃향 360ML x3
80887386,다우니 화이트코튼 200ml D2
80964127,FT에센스30ML
81010218,구찌 엔비 미 EDT 3 MINI
81017506,안나수이 아이 칼라 팁
81073057,BT 30G 프리시스 칼라 폼
81084797,DG 라이트 블루 PH EDT 4.5 MINI
81163199,멀티 블론드 더스트 프리
81164330,KP 6/00 엔
81164337,KP 6/17 엔
81164341,KP 8/2 엔
81164351,KP 8/6 엔
81164359,KP 6/02 엔
81164433,KP 4/04 엔
81165058,소프트터치6/04엔
81213489,사히라 칼라
81213918,KP 6/5 체리 레드 80G
81230042,KP 77/77 체스넛브라운
81269901,SP 미니어쳐 팩
81271032,WC 250ml발란스 센서티브 샴푸
81274840,SP 트라이얼 90 패키지 판촉물
81274880,SP 오프닝 350 패키지 판촉물
81381505,SP 3월 프로모 텐트카드
81397795,브라운 쿨텍 면도기망 40B
81576242,브라운 시리즈5 PP5 5050s_LSD
81686124,브라운 시리즈9 날과망 92M
81686449,브라운 시리즈 9 면도기 9350s SILVER
81703338,브라운 면도기 시리즈 3 300TS RED
81710951,브라운 시리즈 8 면도기 8370cc Silver
81726693,브라운 시리즈 3 날망 30B
81747532,브라운 시리즈 9 면도기 9410s BLACK
82001456,비달사순 모이스춰 워터 200ML
82002520,헤드앤숄더 프레쉬 레몬그라스 샴푸 570ML
82002565,헤드앤숄더 딥클린샴푸 400ML
82002727,헤드앤숄더 2500 이랜드팩-실키모이스춰
82002741,팬틴밀키모이스춰컨디375ML
82005993,팬틴 엑스트라데미지 케어 100ML 린스
82006209,팬틴 1650 선물세트팩 3호-집중손상
82006796,페브리즈(900+320ML)프로모션팩-플러스
82007240,화이트닝소스 덤 데피니션 30ML
82008787,팬틴 1250팩-밀키모이스춰
82010204,위스퍼 그린 트윈윙 오버나이트 14P
82010792,화이트닝소스 나이트 인텐시브
82012791,팸퍼스프리미엄아이보리4BAR
82013844,SK2리페어C파우더FND 31
82019141,SK2화이트닝에센스29G
82022332,위스퍼 트윈윙 그린 롯데마트 78개입
82024509,SK2화이트닝리퀴드FND 22
82024673,S&F 울트라 롱 BLT 20*24
82024789,큐티수퍼프리미엄대형84*3
82028328,팬틴시스템린스손상500ML 1*9
82028336,팸퍼스일본수퍼드라이대형점보52*4
82031075,에어터치 FND OB-4 유상 A/S
82031912,큐티WET티슈원통100 1*12
82032820,울트라롱BLT 20*24
82033471,위스퍼슬림커브대20*24
82034471,화이트 소스 트랜스폼 FND 105
82034629,헤드앤숄더 쿨 멘솔 린스 570ML- 쉬링크
82037568,SK-II SKIN SHET FOAM/MSG/CLH SACH 10PC
82038223,비달사순샴푸정상번들400ML 2*12
82038957,WHISPER SAPD RLN 38Sx24 BLT CDU IW+ (TW)
82039131,SK2 WHITENING SPOT ERASE SK-2
82039261,SKII CLEAR WHITENING CLOTH TRIAL
82039454,큐티골드신생36S*8
82039833,위스퍼울트라후레쉬날개중40*24
82041057,팬틴 트리플 비타민 수분팩 185G
82041276,큐티수퍼프리미엄소형34S*6
82041617,위스퍼슬림일반소형10*48
82043600,SK2 WHITENING SPOT ERASE SK2(BC)
82044032,위스퍼울트라후레쉬날개중40*24
82044416,페브리즈400(업소용)*15
82044778,FF SKII OTHER COMPACT ESSENCE
82044828,SGNS퍼펙트래디앙스 LIQFND310
82044850,샤민울트라33M24R*3
82044906,비달스타일링프리미엄팩WAVY3*12
82045184,큐티증정품-아이보리6
82045534,큐티골드2P중20대30
82045639,위스퍼울트라날대2*400
82045911,위스퍼울트라후레쉬일반중42*24
82046328,뉴샤민울트라30M2R*24
82046915,팬틴올인원샴푸400ML1*12
82046932,비달스트레이트1000ML1*6
82047003,팬틴린스모이스춰375ML*12
82047166,위스퍼그린일반중20*24
82047911,올레이포밍페이스워시100G
82047971,SK2ADV프로텍에센스UVSP
82048879,팬틴95ml샴푸모이스춰
82050027,위스퍼슬림날개대10*24
82050614,비달익사이팅스트레이트샴푸10ML
82051020,비달프리미엄팩펌프웨이브
82052201,위스퍼그린트윈팩
82052412,큐티드림골드중형72*4
82053509,어드밴스드 프로텍트 파우더 UV
82054637,코디미용지300*6 롯데용
82054720,SK-II FACE MASK 1PX5 WHITENING SP
82054907,팬틴집중손상트리트먼트200ML
82055180,위스퍼슬림날개대형10P
82055274,상쾌한향페브리즈용기형370ML
82055812,크레스트스핀브러쉬클래식흰색
82055822,크레스트스핀브러쉬키즈인어
82055969,CUTIE DPR MD 52SX4 GOLD TEMPORARY BOX
82058340,큐티드림골드토이박스 1*10
82059537,팬틴7월1500팩-손상
82059773,팬틴7/8월1600팩-볼륨
82062940,에스케이투바디디자이너250G
82063413,위스퍼슬림일반중형10P
82063444,키친타올프리미엄1R*48
82064490,비달 10월 560/560 팩-웨이브
82065302,코스트코 헤드앤숄더 샴푸 딥  960ML
82065680,코디락앤락와이드싱글
82065742,비달사순스타일리쉬컬러케어샴푸560ml
82066312,위스퍼소프트클린날개대형16개입
82066320,헤드앤숄더570/400팩모이스트
82066720,큐티드림골드이마트대형60P*2
82067622,코디미용지280*3꽃과과일에버랜드프로모션
82068894,팬틴 2700팩-볼륨
82069175,위스퍼소프트라이트28개입코스트코번들팩
82069505,PAMPERS DPR MD 70SX4 TAPE F04 SJ
82069777,조이포르쉐2 - 270ml
82070536,비달사순스타일리쉬컬러케어샴푸560ml
82070596,위스퍼소프트클린Costco날개소형32P*2번들
82070940,페브리즈실속형카사이즈프로모션팩상쾌한향
82071411,VS 프로패셔널 스타일 트리트먼트 200
82072880,큐티드림골드대형 40S*4 SPRING04
82073194,파워 싸인즈 트리트먼트 파운데이션 OC-1
82074344,위스퍼 슬림 혼합팩-Small(IV)
82074410,팬틴 2000팩-모이스춰
82074700,비달사순 1320팩-프로패셔널스타일
82074849,팬틴 2700팩-모이스춰
82075182,프링글스 프렌치 콘소메맛
82075789,웰라칼라엑스트라케어 11/3 샤이니골드
82076274,비달사순 프로패셔널 샴푸 560_넥행어
82076692,헤드앤숄더 컨디 레몬그라스 375ML
82077269,큐티 편안한아기 골드 신생아용 72P
82077475,팬틴 400팩-집중손상
82077486,위스퍼 소프트클린 슬림 날개 중형 24P
82077637,헤드앤숄더 1360팩-멘솔
82078499,팬틴 딥 리페어 트리트먼트크림 100ML
82079707,팬틴 1600팩-바운시 볼륨
82079822,헤드앤숄더샴푸960모이스트-래핑(5사인즈)
82080006,팬틴 2500팩-밀키 모이스춰
82080563,SK-II AST 리퀴드 파운데이션 OP-1
82081383,팬틴 엑스트라 스트레이트 샴푸 샘플 10ML
82082612,위스퍼 후레쉬라이너 향 트리플팩
82083333,비달사순 컬러케어 샴푸 560ML_STKR
82083420,웰라 트리트먼트칼라 내츄럴 8N
82083717,팬틴 200 CVS팩-엑스트라 스트레이트
82084534,프링글스 PAD
82084610,팬틴 코스트코 400팩-밀키모이스춰
82085747,헤드앤숄더 쿨멘솔 샴푸 570ML
82086358,M-1 큐티 편안한 아기 중/대형 2P 샘플
82086900,비달사순 모이스춰 워터 200ML
82087941,위스퍼 골든 스토어팩
82087997,헤드앤숄더실키모이샴푸850ML
82088419,페브리즈 MA'06 카팩프로모션 은은한 향
82089441,위스퍼 소프트라이트 2 일반형 32개입
82089795,화이트닝소스 덤 데피니션 4.7ML 샘플
82089810,비달사순 1830 트라이얼 팩-컬러케어
82093076,WB 헤어스프레이 250 (DA)
82094527,위스퍼 그린 트윈윙 울날중 64개입
82095042,팬틴집중손상케어샴푸200ML
82095162,큐티 편안한아기 골드 소형 68P
82095324,큐티 편안한아기 골드 대형 40P
82095997,팬틴 950 샴푸팩 - 밀키모이스춰
82096824,슈퍼 롱 오버나이트 기획팩
82096979,에어터치 FND OC-1(트라이얼)
82097490,페브리즈 에어비치 오렌지향
82099850,은은한향 페브리즈 대용량 900ml
82099859,플로랄향(투명) 페브리즈 용기형 370ML
82100177,HE 데인저러슬리 실키 앤 스트레이트 샴푸
82100452,페브리즈(MO) 320ML 리필형 플러스
82102179,헤드앤숄더 쿨멘솔 570 컨디 슈링크
82103031,헤드앤숄더 내추럴 허브 1225팩
82103034,헤드앤숄더 2550 DM팩-내추럴허브
82103653,팬틴 2075팩-밀키모이스춰
82104342,팬틴밀키모이스춰컨디500ML
82105172,위스퍼홈에버 슈퍼롱오버나이트시스템팩82P
82105773,SGNS퍼펙트래디앙스 LIQFND105
82106587,비달사순 트리트먼트
82106638,팬틴 1600팩-실키스무드
82108124,차량 비치용 페브리즈 210ML
82110588,헤드앤숄더 프레쉬 레몬그라스 샴푸 850ML
82110764,팬틴 집중손상케어 컨디셔너 200_프로모
82111279,팬틴 선물세트 4호
82111364,팬틴 선물세트 5호
82111488,위스퍼 팬티라이너 클린라이너 무향 36P
82111692,위스퍼 그린 세이프티존 80p
82112701,위스퍼 이마트 슈퍼롱 365팩
82113397,웰라 트리트먼트 인텐시브 3B-코스트코
82113904,허벌 에센스 엔젤 스무드 샴푸
82113983,위스퍼 컬러드 코어 GR 2P (판매용)
82116489,SK-II 셀루미네이션 에센스-인 FND 330 레이디언트 오크
82116715,어드밴스드WS팬케익EX 420
82117546,팬틴집중손상케어샴푸550ML
82117972,화이트닝소스클리어로션 10ML
82118514,SGNS퍼펙트래디앙스 LIQFND420
82119037,프링글스 미디엄 오리지날 140g (address s
82119863,스킨시그니처 트라이얼샘플 15g
82119874,비달사순 모이스춰 워터 리필 300ML
82120338,팬틴 풀앤씨크 샴푸280_스티커
82121831,클리니케어 헤어타임리뉴얼 트리트먼트15g
82121929,팬틴 데이타임 리페어 에센스
82121966,클리니케어 오래된 손상 모발용 15G 앰퓰 
82123970,SK-II 셀루미네이션 에센스 30ML
82124317,SK-II 컴팩트 이멀전 화이트
82126499,웰라 트리트먼트 칼라 인텐시브 5B_스티커
82127138,위스퍼 슈퍼롱 오버나이트 2P
82127369,팬틴클리니케어컨디240풀앤씨크CA
82127445,프링글스 양파맛 110G 파이오니어
82127638,헤드앤숄더 레몬그라스 스페셜 1420 팩
82128628,WHISPER PAD 18SX24 S5 RISA SPR10
82129157,헤드앤숄더 컨디550프레쉬 레몬그라스
82129797,2010 설 테스코2호
82131622,페브리즈 은은한향 용기형 370ML
82133263,스킨 시그니처 아이크림 0.5g 샘플
82133573,헤드앤숄더 헤어폴 클리닉 샴푸 850 스티커
82133774,페브리즈 에어 비내린초원 275G
82134697,위스퍼 보송보송케어 벌키 중형 56개입
82137884,듀라셀 알카 D 2개입
82138029,로케트 파워 알카 AA 2개입
82140702,팬틴 바운시볼륨케어 2200팩
82140895,위스퍼 센서티브 대형 18개입 (주소)
82140920,WS 덤데피니션 UV로션 0.6g 샘플
82141036,위스퍼 팬티라이너 후레쉬 무향 40개입
82141038,후레쉬라이너 무향 40*2
82141044,위스퍼 팬티라이너 허브 40개입
82141423,셀루미네이션 리퀴드 FND 330
82141428,셀루미네이션 팬케익 320
82143075,헤드앤숄더 로터스 1950팩-건조한 두피OB
82143092,헤드앤숄더 로터스 950팩- 쿨 멘솔OB
82143328,페이셜 트리트먼트 에센스 포 맨 150ml
82145554,페이셜 트리트먼트 클리어로션 40ml 샘플
82145625,헤드앤숄더 건조한 두피 샴푸 850 슬리브
82146322,에스케이-투 스팟 화이트닝 키트
82146434,셀루미네이션 팬케익 310
82146850,셀루미네이션 리퀴드 FND 330
82147059,토탈이펙트 7 인 1 안티에이징 크림 젠틀 에스피에프 15
82147730,오랄비충전식전동칫솔 D29.525.4X (할인매장용)
82148811,페브리즈 다우니향 용기형 370ML
82149006,브라운 760CC-4 CCR2 프로모션
82149800,FT 젠틀 클렌징 크림 15G TRI 샘플
82150064,오랄-비 크로스액션 프로엑스퍼트 주니어 행사팩
82152808,질레트마하3 파워면도기_맨스챌린지 스티커
82153817,LXP 얼티미트 퍼펙팅 크림 15g TRI 샘플
82154915,팬틴 컨디 500 실키 스무드 스티커
82154977,팬틴 선물세트 E1호
82156663,화이트 래디언스 프로텍티브 크림 (SPF20 PA++) 샘플 10g
82157180,페브리즈 (900+320) 팩 허브향
82157378,FT 젠틀 클렌져 20G TRI 샘플
82157384,셀루미네이션 팬케익 330
82157396,셀루미네이션 리퀴드 FND 330
82157649,스템파워 15g
82158665,페브리즈 비치형 스타터킷 (맑은하늘바람) 올림픽
82159559,듀라셀 디럭스 AAA 4+2 팩 홀리데이 버전
82163658,화이트 래디언스  리스토어링 로션
82164317,토탈이펙트 7 인 1 안티에이징 인텐시브 크림 (SPF20 PA++)
82165749,팬틴 트리트먼트 15MLX5 인텐시브 트리트먼트 케이스
82166319,퓨전 프로글라이드 콤보팩 2
82166608,헤드앤숄더 샴푸850 민감한 두피 케어
82167356,위스퍼 슈퍼롱 오버나이트 5개입
82167498,팬틴 집중손상케어 뉴 1900팩
82169448,페브리즈 (900+320) 팩 허브향2011
82169522,브라운 커피메이커 KF520
82169735,헤드앤숄더 2800팩- 쿨멘솔
82171176,위스퍼 베이직 대형 50RRP
82171469,팬틴 풀앤씨크 컨디셔너550
82171825,브라운 토스터HT400
82172126,팬틴 아이리스 850 집중손상 샴푸_이마트 RRP
82172865,페브리즈 370ml+320ml 팩 은은한향 올림픽
82173140,토탈이펙트 포밍 클렌저
82173651,헤드앤숄더 Olympic 2250팩- 가려운 두피
82174596,WHISPER PAD LN 20SX12 SO2 TH STK
82174748,오랄비 크로스액션 컴플리트7 35모 3입(이마트)
82175212,LXP 얼티미트 퍼펙팅 크림 50G
82178971,셀루미네이션 에센스 인 파운데이션 330
82178978,셀루미네이션 에센스-인 파운데이션 스노우 스킨 105
82179797,페브리즈 에어 바닐라라벤더의포근함 275G
82179836,페브리즈 에어 맑은하늘바람 275G
82181339,팬틴 아틀라스 샴푸 1200MLX9 토탈 모이스쳐 케어 코스트코
82181923,페브리즈 비치형 리필 (비내린초원)
82181953,위스퍼 리프레쉬케어 울날중 72P
82182023,헤드앤숄더 건조한 두피케어 샴푸 850ml
82182036,헤드앤숄더 가려운 두피케어 샴푸 550ml
82182135,스킨 시그니처 멜팅 리치 크림 50g
82182756,다우니 블루 1L 튤립과 달콤한 라일락 향
82183229,페브리즈 에어 라벤더의포근함 3개입 롯데팩 SSC
82183617,헤드앤숄더 MtDew 2100샴푸팩- 쿨 멘솔
82184639,헤드앤숄더 센서티브 알로에 샴푸 850ml
82185687,페브리즈 차량용 2ML (상큼한 라임 오렌지)
82186254,다우니 튤립과 달콤한 라일락 향 2LT_스티커
82187411,아이보리 오리지날 10바
82188378,에스케이-투 페이셜 트리트먼트 젠틀 글렌져 6g (비매품)
82189886,비달사순 프리미엄 컬러 케어 컨디셔너 485g
82191031,질레트 마하3 면도날8입
82191192,헤드앤숄더 Bahamas 샴푸 550 가려운 두피케어
82191369,팸퍼스 크루저 4단계 1/132
82191874,질레트 마하3 면도날 4입
82192486,에스케이-투 싸인즈 아이 마스크 14매
82192644,위스퍼 리프레쉬 클린 케어 중형 4개입　
82193473,마하3 센서티브 파워 4입날
82193530,에스케이- 투 컬러 클리어 뷰티 모이스처 립스틱 -121
82193689,퓨전 프로글라이드 파워 14입날
82194663,헤드앤숄더 2800팩- 쿨멘솔_new
82194677,팬틴 극손상케어 1000팩_new
82195584,질레트 마하3 센서티브 매뉴얼 4입
82196261,모이스처라이징 클렌저 20G
82196355,에스케이-투 피테라 에센스 기프트 트라이얼 셋
82197346,페브리즈 투고 엑스트라스트렝스85ml 스프레이 타입
82198772,듀라셀 디럭스 알카 AAA 16팩
82199515,GEM 액티브핏 4단계 1X112 GB
82199808,에스케이-투 맨 베이직 스킨케어 세트
82201164,센서3 일회용 1팩
82203389,위스퍼 소프트라이트 2 일반형 32개입
82204050,헤드앤숄더 Bahamas 1950팩- 헤어 폴 클리닉
82204607,팬틴 모발강화케어 트리트먼트 200ml
82205135,허벌 에센스 클래식 릴렉싱 카모마일 컬렉션 샴푸 490ml
82205679,마하3 클래식 BBGR_ TESCO
82205764,싸인즈 퍼펙트 래디앙스 리퀴드 파데 440
82205781,셀루미네이션 팬케이크 330
82205952,브라운 면도기 쿨텍 CT4s
82206363,프로글라이드 실버터치 매뉴얼 면도기 1UP TESCO
82206543,브라이트닝 루센트 베이스 25g
82207276,퓨전 프로글라이드 실버터치 매뉴얼 12입날 + 면도기 무료증정 기획팩
82207556,듀라셀 디럭스 알카라인 AAA 2팩
82207763,컴플리트 5웨이 클린 40모 1개입
82208824,로케트 알카 AA 2개입 스몰카드
82208935,로케트 알카 AA 4개입
82209829,브라운 시리즈 1 날과망 11B
82210434,듀라셀 뉴 울트라 파워체크 AAA 2팩
82211476,리프레쉬 클린 슈퍼롱 오버나이트 10개입 (RRP)
82211728,페브리즈 320ML 리필형 허브향
82212267,시리즈젤 모이스춰라이징 200ML
82212343,Olay올레이리제너리스트마이크로-스컬프팅링클릴렉싱크림데일리트리트먼트
82212484,맨 에센스75ml x Hugo Boss30ml 세트
82213437,바운티 듀라타월 화이트 2롤
82214270,블루2 플러스 센서티브 5s (사우나)
82214719,위스퍼 피부애 대리점 40개입
82214875,비너스 올레이 1업 (TMR)
82215062,팸퍼스 BB 스와들러 1단계 수퍼 1/84
82215394,오랄비 클리니컬 프로플렉스 2입
82216641,알.엔.에이. 파워 아이 크림 래디컬 뉴 에이지 15G
82216909,페이셜 하이드레이팅 UV 크림 50g
82217112,페브리즈 깨끗한 햇살 대용량 900ML
82217126,페브리즈 엑스트라 스트랭스 대용량 900ML
82217402,페브리즈 (900+320) 팩 상쾌한향 JAS'14 - Sundry
82217534,위스퍼 피부애 울트라 프로모션팩 26P
82218578,컬러 클리어 뷰티 에나멜 크림 컴팩트420
82218694,팬틴 컨디셔너500X9 극손상
82218721,대리점 프로글라이드 믹스드 케이스
82219100,질레트 퓨전 파워 면도날 4입
82219387,페브리즈 차량용 2개입(2mlX2 (라벤더의 포근함)
82219860,다우니 김치 핑크 2L+700ML팩 베리베리와 바닐라크림 향
82222160,위스퍼 피부애 수퍼롱 오버나이트 4P
82223232,페브리즈 비치형 스타터킷 맑은하늘바람
82224495,맨 페이셜 트리트먼트 에센스 2ml(비매품)
82224549,페이셜 트리트먼트 클렌징 젤 2.5g(비매품)
82225747,오랄비 검프로텍터 4입
82226166,위스퍼 피부애 수퍼롱 오버나이트 1P
82227099,다우니 블루 1L 레몬그라스와 달콤한 라일락 향
82227113,다우니 퍼퓸 블랙 2L 미스티크 향
82227639,퓨전 프로글라이드 파워 면도날 6입
82227681,페브리즈 370ml+320ml 팩 상쾌한향 OND'14 poly bag
82228179,화이트닝 파워 스팟 스페셜리스트30ml
82229262,T 싸인즈 퍼펙트 래디언스 LIQ FND 420
82229298,셀루미네이션 리퀴드 파운데이션440
82230382,다우니 아로마쥬얼 레드 루비플로럴 375G*2EA
82230611,페이셜 트리트먼트 에센스 포 맨 160ml
82230981,페브리즈 (900+320) 팩 은은한향 OND'14 poly bagJAS
82231043,페브리즈 섬유탈취제 파워 900ml+320ml 이마트
82232299,블루3 일회용 면도기 1입
82232577,오랄비 크로스액션 젠틀케어 5입(롯데마트)
82232633,오랄비 고탄력 초미세모 틈새 케어 4입 테스코
82234222,다우니 블루 4LX3 레몬그라스와 달콤한 라일락 향_PGP
82234290,이마트 듀라셀 KCP RRP AA 40입
82235198,위스퍼 후레쉬 라이너 무향 40개입
82236350,프로글라이드 실버터치 매뉴얼 면도기 1up (플렉스볼)
82236399,페브리즈 차량용 2ml (깨끗한 시트러스 파워)
82236414,페이셜 트리트먼트 에센스 스프링 버터플라이 리미티드 에디션
82236595,2016년형 팸퍼스 크루저 3단계 1박스 (174매)
82236650,팸퍼스 스와들러 2단계 1박스 (76매)
82236697,페브리즈(MO) 900ML 실속형 은은한 향
82236792,팸퍼스 크루저 4단계 1박스 1X152
82236952,위스퍼 보송보송케어 슬림 슈퍼롱 오버나이트 날개형 30P (이트레이더스)
82237896,페브리즈 차량용 2ML (뉴질랜드 계곡)
82238039,위스퍼 보송보송케어 슈퍼롱 오버나이트 날개형 10P
82238499,셀루미네이션 에센스 파운데이션 310
82238694,페브리즈 섬유탈취제 상쾌한 향 370mlX2 (PP)
82238748,페브리즈 차량용 프리미엄 숲속의 콘체르토 리필 7ml
82241897,T 에스케이-투 오라액티베이터 씨씨 크림 30G
82243117,오랄-비 PRO 4000 D36
82243791,페브리즈 차량용 프리미엄 시트러스 심포니 스타터킷 7ml (K-Reach
82243823,페브리즈 에어 바람속의꽃향기 275G(K-Reach)
82243906,브리즈(MO) 320ML 리필형 허브 향
82244002,페브리즈 섬유탈취제 상쾌한 향 370mlX2 (PP)
82244748,오랄-비 크로스액션 항균케어 40모 3입
82244764,오랄비 프로-엑스퍼트 클리니컬 프로-플렉스 3입 (이마트)
82245528,다우니 베이스 핑크 200ml (Calvin)
82245556,다우니 퍼퓸 클래식 200ml (카트리)
82246182,다우니 핑크 4LX3 베리베리와 바닐라크림 향_PGP
82247476,페이스 트리트먼트 리페어C 30ml
82247492,페이셜 트리트먼트 마스크 1p(비매품)
82248540,알엔에이 파워 아이크림 2.5g (비매품)
82249238,알엔에이 파워 아이크림 래디컬 뉴 에이지 2.5G (비매품)
82249367,헤드앤숄더 2550팩- 가려운 두피(Bali)
82249397,헤드앤숄더 Bahamas 2550샴푸팩- 쿨 멘솔(Bali)
82250351,질레트 마하3 터보 매뉴얼 면도기
82250373,오랄비 고탄력 초극세모 그린티 1입(Hyper)
82250502,페이셜 트리트먼트 클리어 로션 160ml
82250996,페브리즈 에어 다우니 3개입
82251007,페브리즈 차량용 2MLX6 (태국의 열대과일)_TESCO
82251127,셀루미네이션 리퀴드 파운데이션310
82251137,싸인즈 퍼펙트 래디앙스 파우더 파데320
82252541,화장용 퍼프(빅퍼프)
82252875,페브리즈 섬유탈취제 허브향 370mlX2 (PP)
82252908,페브리즈 섬유탈취제 은은한 향 370mlX2 (PP)
82253010,위스퍼 보송보송케어 울트라 날개 중형 90P 이마트
82253049,오랄비 프로엑스퍼트 스테이지스4 프로즌 1입
82253337,페브리즈 포맨 쿨아쿠아향 용기형 370ML
82253933,오랄비 델리케이트 화이트 4입
82254552,헤드앤숄더 Bahamas샴푸 850 헤어폴
82255473,프로글라이드 실버터치 매뉴얼 8+1 올림픽 팩 (플렉스볼) 쿠폰
82255917,화이트닝 소스 덤 리바이벌 마스크 10p
82255941,페이셜 트리트먼트 마사지 크림 80g
82255954,제놉틱스 스팟 에센스 75ml
82256878,알엔에이 파워 아이크림 래디컬 뉴 에이지 15G
82257310,오랄비스테이지스 3단계 카즈
82257988,오랄비 프로엑스퍼트 주니어 스타워즈 1입
82258137,허벌 에센스 핑크 로즈 컬렉션 컨디셔너 490ml
82259384,헤어레시피 꿀&살구 수분 헤어마스크 180G
82259909,헤드앤숄더Summer Iconic샴푸850쿨멘솔
82265252,페브리즈 차량용 2ML (뉴질랜드 계곡)(LEGO)
82265314,헤어레시피 꿀&살구 수분 헤어마스크 180G
82265317,헤어레시피 키위&무화과 볼륨 샴푸 530ml
82265741,다우니 퍼퓸 로즈골드 럭셔리피오니 200ml
82266099,다우니 퍼퓸 로즈골드 1+1 럭셔리 피오니 향 PP
82267029,다우니 퍼퓸 그린 보타닉 가든 향 1L (Chanel)
82267162,오랄비 초미세모 벨벳 잇몸케어 7입
82267750,헤드앤숄더 발리 2250팩- 가려운 두피 (PYC)
82268162,페브리즈 섬유탈취제  이마트팩 허브 370mlX2 + 다우니 210ml(
82270102,프로쉴드 매뉴얼 8+1팩
82271662,다우니 퍼퓸 그린 보타닉 가든 향  2L+700ml (Poly)
82272094,페브리즈 섬유탈취제 가벼운 허브향 370MLX4 (이트레이더스)
82272377,오랄비 컴플리트 5웨이 클린 40모 7개입 (VIC)
82272520,페브리즈 상쾌한향 용기형 370ML(PGP HM)
82272804,더블유에스 덤 리바이벌 프로그램10P
82272840,프로글라이드 매뉴얼 면도기 2up (플렉스볼)
82272898,퓨전 프로쉴드 옐로우 면도기 2up
82273848,페브리즈 차량용 2ml (라이트 라임오렌지향) (CT)
82274540,다우니 퍼퓸 핫핑크 블룸 이마트 창립팩
82274622,다우니 핑크 1.6LX2+(700ml) 베리베리와 바닐라크림 향(이마트)
82277165,질레트 비너스 엑스트라 스무스 면도기 2UP
82278053,OLAY 리제너리스트 셀싸이언스 아이 에센스 15ml
82278809,다우니 블루 1L+1L+(200mlX2)레몬그라스와달콤한라일락향(OLP)
82278917,오랄비 초미세모 벨벳 잇몸케어 7입 (코스트코)
82279167,에스케이투 페이셜 트리트먼트 에센스 블루 카란 리미티드 에디션
82279290,다우니 코튼 퓨어러브 향 200ML
82279323,다우니 퍼퓸 쥬얼 루비 피오니-1 205g
82279898,퓨전 프로쉴드 옐로우 12+1 쉐이브클럽 팩
82280169,다우니 퍼퓸 그린 보타닉가든1L+1L (Chanel) - poly
82280177,다우니 퍼퓸 블랙 미스티크 2L+700ML (Chanel) - poly
82281210,팬틴 프로브이 아이스 샤인 컨디셔너 400ml
82281808,페브리즈 섬유탈취제 다우니 쟈스민향 370ml
82281935,다우니 퍼퓸 핫핑크 블룸 1LX3 (쿠팡)
82282249,2016년형 팸퍼스 스와들러 2단계 1박스 (76매)
82282270,헤어레시피 키위&무화과 볼륨 샴푸 530mlX2팩
82282786,퓨전 프로글라이드 파워 12+1 쉐이브클럽 팩 (프리미엄)
82283149,페브리즈 차량용 2개입(2mlX2) (라벤더의 포근함)(CT)
82283307,팸퍼스 베이비드라이 2단계 점보 팩 34P*4
82283632,헤드앤숄더울트라맨 헤어컨트롤 SH 750ml
82283951,질레트 퓨전 매뉴얼 믹스드케이스
82284719,헤드앤숄더 2550팩- 쿨 멘솔 (바르셀로나)
82284723,페브리즈 370ml+320ml 팩 은은한향(Harmony)
82285167,페브리즈 포맨 쿨아쿠아향 보충형 320ML
82285283,다우니 퍼퓸 컬렉션 윈터데이트 1.6L
82285627,팸퍼스 크루저 4단계 박스 1/104_S7
82286245,오랄-비 스테이지스 3단계 6입 카즈팩
82286421,다우니 퍼플 2L+1.6L 홈플러스 팩
82287000,다우니 퍼플 1LX12 DBD 화이트티와 릴리 향
82287113,퓨전 매뉴얼 BBGR (1RZR+8CRT)
82287119,퓨전 파워 면도기 TMR 1X6X6
82287217,허벌에센스 클린 화이트 스트로베리 & 스윗 민트 컨디셔너
82287991,질레트 프로글라이드 적십자사 팩
82288703,에스케이-투 스킨파워 크림 80g
82288754,다우니 스포츠 1L+1L 팩 액티브 시트러스 향
82289571,팸퍼스 베이비드라이 5단계 이노머스 박스 1/132
82291648,페브리즈 370ml+320ml 팩 은은한향(Fall'18)
82292223,오랄-비 펄사 화이트닝 35 2개입 (CM팩)
82292295,페브리즈 섬유탈취제 스포츠 후레시 라임향 370ml
82292800,다우니 화이트티와 릴리 향 200ML
82293401,다우니 코튼 퓨어러브 1L+1.6L 팩 (Paper)
82293513,오랄-비 크로스액션 항균케어 35모 3입(롯데마트)
82294904,다우니 프리미엄 액체형 세제 핑크 3L
82295271,오랄-비 전동칫솔모 EB20-4 + EB20-2 (Sticker)
82295641,다우니 블루 4LX3 레몬그라스와 달콤한 라일락 향 (홈플러스)
82296058,오랄-비 스테이지스 4단계 프로엑스퍼트 스타워즈 1입
82297353,다우니 엑스퍼트 스포츠 2L+700MLx2 (롯데마트)
82298077,오랄-비 치실 글라이드 딥클린 40m
82298224,팬틴 미셀라 모이스쳐 샴푸 쿠팡 팩
82298306,오랄-비 슈퍼플로스 50개입
82298522,팬틴 극손상 컨디셔너 1.2L 이트레이더스 팩
82298700,질레트 프로글라이드 매뉴얼 크롬 핸들 1up 프리미엄 팩
82299178,다우니 퍼퓸 그린 보타닉가든1LX3+200ML (쿠팡)
82299515,브라운 IPL BD5001 화이트 (코스트코)
82299742,팬틴 콜로서스 샴푸 90ML 극손상
82300039,헤드앤숄더 발리 컨디셔너 850 가려운 두피케어
82300875,페브리즈 섬유탈취제 내추리스 레몬그라스 앤 진저 향 보충형 320ml
82300901,페브리즈(MO) 370ML 용기형 은은한 향(PGP)
82301771,다우니 엑스퍼트 2L+700MLx2 실내 건조 향 (롯데마트)
82302096,팸퍼스 크루저 6단계 박스 1/72_S7
82303296,질레트 스킨텍 면도날 11입
82305435,페브리즈 섬유탈취제 다우니 향 370ml (Elixir P2)
82305448,팸퍼스 베이비드라이 6단계 이노머스 박스 1/112
82305463,팸퍼스 스와들러 1단계 32X4
82307738,FAB 울트라 리페어 크림 페스티브 듀오 키트(6OZ*2)
82307869,다우니 퍼퓸 미스티크 2L+1.6L 롯데마트 창립 팩
82309499,팸퍼스 스와들러 5단계 19X4
82309744,헤드앤숄더 발리 샴푸 850ML 가려운 두피케어 (DBD)
82309889,팬틴 콜로서스 극손상 컨디셔너 쿠팡팩
82310731,다우니 퍼퓸 블룸 1.6Lx6
82311201,페이셜 트리트먼트 클리어 로션 160ml
82311515,오랄비 스테이지스4 프로엑스퍼트 프로즌 6입 쿠팡팩
82311530,페브리즈 섬유탈취제 상쾌한 향 320ml
82311791,질레트 퓨전 파워 면도날 4입
82314004,에스케이-투 스킨파워 에센스 1mlX3
82314544,오랄비 크로스액션 화이트닝 차콜 6입 (쿠팡)
82315121,오랄-비 고탄력 초미세모 그린티 12개입
82316114,다우니 엑스퍼트 실내 건조 1.6L
82316141,다우니 퍼플 1L 화이트티와 릴리 향
82316192,다우니 코튼 퓨어러브 향 200ML
82316419,스위퍼 더스터 먼지떨이 스타터킷x2 + 더스터 먼지떨이 리필 10입x2
82316744,페브리즈 섬유탈취제 상쾌한향 대용량리필 650ml
82317657,에스케이투 2021 뉴이어 리미티드 에디션
82317722,다우니 퍼퓸 핫핑크 블룸 1.05LX3
82317723,다우니 스프링 가든 러브 1.05LX3
82317886,다우니 프리미엄 액체형 세제 블루 3L
82317983,케이 뷰티 세트
82319097,페브리즈 섬유탈취제 다우니 에이프릴 향 360ml 3입
82320480,다우니 어도러블 1.05Lx2+세제 블루1L (Coupang)
82321184,오랄비어린이칫솔모EB10-4 Frozen
82322011,브라운 시리즈9 날망 92B 검정
82322024,브라운 시리즈5 PP5 날과 망 52B
82322561,페브리즈 화장실용 1개입(6ml) 향긋한 꽃향기 (Online)
82323056,비너스 올레이 슈가베리 면도날 4입 (657)
82323128,크로스액션 파워 화이트닝 리필
82325302,다우니 오션코랄 퓨어러브 1.05LX3
82326242,페브리즈 화장실용 3개입(6mlx3) 은은한 라벤더향
82327057,다우니 퍼퓸 핫핑크 블룸 1L+1L (CHP)
82327422,다우니 프리미엄 액체형 세제 실내건조 2.2L
82327470,페브리즈 에어 다우니향 275g
82327732,브라운 시리즈3 면도기망 30B
82328045,브라운 세척카트리지 CCR 8입 (Costco)
82328229,질레트 스킨텍 파워 1up+6ct 이컴팩
82328344,페브리즈 섬유탈취제 다우니향 용기형 900ml (Cass)
82328487,피테라 풀라인 세트
82329122,페이셜 트리트먼트 클리어 로션 160ml
82330006,페브리즈 섬유탈취제 포맨 상쾌한 허브향 용기형 370ml
82330511,비너스 올레이 슈가베리 면도기 2UP (657)
82330803,페브리즈 섬유탈취제 상쾌한 향 880ml 2입 쿠팡 팩
82330929,페브리즈 차량용 맑은하늘바람2.2ML4입+다우니2.2ML2입
82330939,페브리즈 향균플러스 산뜻한향 370m+640ml (트레이더스)
82330944,질레트 프로글라이드 파워 면도날 12입 (이트레이더스)
82331021,질레트 프로글라이드 매뉴얼 면도날 10입 팩 (COUPANG)
82331041,질레트 프로글라이드 매뉴얼 1up+7ct 팩 (ECOM)
82331464,OLAY PROX 세럼 듀오 세트(40ml*2)
82331563,질레트 스킨텍 플렉스볼 2up+스킨크림 기프트팩
82332485,FY2122 47G KCP 샘플키트
82332582,다우니 엑스퍼트 항균파워 플러스  1L+1L 팩
82332704,질레트 프로쉴드 옐로우 면도날 10입+면도기 거치대 (빅)
82332722,팸퍼스 아르모니 s2 10P 샘플_QR
82333089,질레트 프로쉴드 매뉴얼 홈플러스 추석 기획팩
82334088,질레트 프로글라이드 매뉴얼 이마트 설날 기획팩
82334113,질레트 프로글라이드 파워 면도날 8입 (557) (CP STK)
82404223,AS 루스  파우더 700 테스터(리필)
82409116,미니루즈 트리오 01
82410775,AS 모이스처라이징 밀크 10 미니
82414621,AS 모이스처 리치 FF E99 테스터
82415865,안나수이 미니 루즈 304 T
82416769,립 루즈 V 660
82416840,립 루즈 디 테스터 060
82417906,디앤지 10 라 룬 드 라 포츈 오 드 뚜왈렛 50ml
82420317,AS 수퍼 마스카라 롱래쉬 V 02- 테스터
82420572,AS 미니 루즈 V 03 - 테스터
82420597,AS 아이 칼라 (팬 필드 테스터) 100
82420606,AS 아이 칼라 (팬 필드 테스터) 302
82420659,AS 아이 칼라 303
82420853,구찌 길티 바디 로션 100ML PWP
82421605,안나수이 X-MAS 메이크업 컬렉션 01 - 테스터
82422278,안나수이 립 글로스 R 350 -테스터
83020596,프링글스양파맛미니50G 1*12
83046395,프링글스양파맛미디엄190G
83900955,레노아 비즈 BB WM WT (205gX3)X6 OY
84822237,팸퍼스 베이비드라이 4단계 메가팩
84854366,팸퍼스 이지업 팬티형 여아 5단계 메가 3/40
84995402,프링글스 양파맛 미니캔
80209581,팸퍼스 베이비드라이 1단계 이코노미 박스1/276
80249241,프로글라이드 파워 6+1 팩 (플렉스볼)
80281989,오랄비어린이칫솔모 EB10-2 FROZEN
80287831,팸퍼스 BB 베이비드라이 6단계 이코노미 박스1/128
80299861,오랄비 지니어스 9000 로즈골드
80301498,오랄비 GENIUS 9000 화이트
80317417,오랄비 전동칫솔모 EB20-3 + EB25-1
80337973,오랄비 D12 바이탈리티 미세모
80356517,오랄비 전동칫솔 iO6 화이트
80685005,SK2 FTE 230ML CNY22
80690916,다우니 생화향기 컬렉션 미스티크 리필 1.6x6
80692353,비너스 새틴케어젤 195G
80693943,다우니 베이스 블루 맥퀸 레몬그라스와 라일락 2.6LX4
80693947,다우니 베이스 퍼플 맥퀸 화이트티와 릴리  700ml
80693964,다우니 베이스 퍼플 맥퀸 화이트티와 릴리  1L
80697924,크리스탈 클리어 마스크 10P  디럭스 세트
80698690,질레트 프로쉴드 옐로우 면도날 8입 (557)
80702242,페브리즈 화장실용 1개입(6ml) 상쾌한 비누향 (Retail)
80702259,페브리즈 화장실용 1개입(6ml) 상큼한 레몬향 (Retail)
80707591,헤드앤숄더 발리 샴푸 850ML 쿨멘솔 (DBD)
80708082,질레트 스킨텍 매뉴얼 1up+8ct팩 (이트레이더스)
80711448,페브리즈 화장실용 2개입(6mlx2) 상큼한 레몬향 (Online)
80712153,페브리즈 화장실용 1개입(6ml) 은은한 라벤더향 (Lotsell)
80714604,팸퍼스 베이비드라이 팬티 6단계 쿠팡팩 44P X 3
80715985,(FWIP) 557.1 프로쉴드 칠 4ct 
80719107,브라운 시리즈 8 면도기 8567cc SILVER
80720700,팬틴 프로-브이 극손상케어 컨디셔너 500ml
80728000,다우니 핑크베리베리(1.05LX3)x4 F2
80729890,페브리즈 항균플러스 깨끗한 향 360ml
80729894,페브리즈 항균플러스 깨끗한향향 보충형 320ML
80733701,헤드앤숄더 컨디셔너 850 가려운 두피케어 레거시
80734773,제놉틱스 울트라오라 에센스 0.7ml*3(비매품)
80735075,크로스액션 플라그가드 40모 3입
80736213,질레트랩스 딥클렌징바 4UP + 쉐이브 젤 198ML
80739999,브라운 세정액 CCR8 (Costco) (원제품)
80742183,다우니 실내건조 플러스 (그린) 2LX4
80742365,팸퍼스 아르모니 터치오브네이쳐 5단계 기획팩 46X2
80742743,오랄-비 왁스 치실 4개입 + 글라이드 1개입 팩
80744461,오랄비 크로스액션 35모 탁월한 세정력 3입 <1+1> 기획팩
80744820,다우니 프리미엄 액체형 세제 실내건조 1.40L X 6
80746632,페브리즈 화장실용 6.3mlX3 라벤더쿠팡
80748173,페브리즈 항균플러스 깨끗한 향 360ml 3입
80748461,오랄비 스테이지스4 프로엑스퍼트 프로즌 6입 쿠팡팩
80748462,오랄비 스테이지스3 프로즌 6입 쿠팡팩
80753725,다우니 생화향기 컬렉션 프리지아 앤 페어 2LX2+200MLX2 2023
80754548,오랄-비 <아이언맨> 스테이지스 4단계 8개입
80755227,페브리즈 섬유탈취제 다우니 920mlx2팩
80755272,페브리즈 포맨 용기형 370ml (PX)
80757664,페브리즈 항균플러스 깨끗한 향 360ml 3입
80757670,페브리즈 섬유탈취제 상쾌한 향 880ml 2입
80758037,SK-II 피테라 풀라인세트(어드밴스드)
80763668,헤숄 샴푸 퍼퓸 프레시 750ml
80770183,팸퍼스 2023아르모니 밴드형 3단계 4X24
80770787,질레트 스킨텍 매뉴얼 면도날 8입
80772419,페브리즈 섬유탈취제 상쾌한 향 640ml
80773629,CNY 리미티드 피테라 듀오 세트Pink MK(JF24)
80774973,다우니 세제 블루 3LX4 BD
80778333,페이셜 트리트먼트 에센스 JF'24 메종키츠네 리미티드(핑크)
80779918,다우니 스프링 가든 러브 1.05LX3 M1
80781215,팸퍼스 2024 아르모니 터치오브네이처 6단계 34X3
80781664,팸퍼스 2024 터치오브네이처 썸머팬티 체험팩5단계(8x30)
80788699,애트모스피어 UV 크림 30g
80794208,질레트 프글 파워 면도날 4입
80794400,페브리즈 섬유탈취제 시트러스 370ml
80797740,다우니 핑크 목련과 베리 1.6LX6 P1
80797748,다우니 핑크 목련과 베리 1LX12 P1
80818186,오랄-비 민트향 왁스 치실 3입
80825359,다우니 미스티크 1.35LX6 M2
80826681,헤숄 샴푸 딥클린 850ml
80828637,(557.1 ) 질레트 퓨전 매뉴얼 면도날 4입
80830227,페브리즈 에어 다우니향 3개입 ET
80832696,다우니 세제 실내건조 1.9Lx6 J2
80833697,페브리즈 항균플러스 깨끗한향 360ml 3입
80841652,다우니 실내건조 플로럴블로썸 2.6Lx6 H1
80848519,파워 에센셜 세트(Re-New)
80864067,헤드앤숄더 두피 토탈 솔루션 샴푸 딥클린 850ml
80871149,에스케이-투 스킨파워 리-뉴 크림 80g
80883980,다우니 화이트티 4.1LX4 D2
80891772,(SWFIP)699 랩스 1up
80903042,프링글스오리지날미디엄195G
80903046,프링글스바베큐맛
81017206,AS 립 브러쉬 (FLAT)
81037118,DG 더 원 EDP 50ML
81105617,DG 라이트 블루 뿌르 옴므 EDT 40ML
81127106,SB 300 셀로페인 펄블론드
81131502,AS 포밍 모이스처 와시
81153641,SP 1L 스무든 컨디셔너
81160060,SB 1000ml 볼럽트 컨디셔너
81164349,KP 8/5 엔
81164405,KP 12/88 엔
81164434,KP 4/05 엔
81164497,KP 6/04 엔
81183445,구찌 길티 팜므 샤워젤 200ML
81186778,구찌 바이 구찌 PH 스포츠 EDT 2ML VIAL
81189096,BT 1500 오일리 스칼프 샴푸
81217354,2010 펌 배너
81253283,브라운 면도기 날과망 596 CP
81259236,브라운면도기 Z40
81271084,WC 150ml엔리치 너리싱 스프레이
81280920,브라운 시리즈 1 면도기 190S-1
81347480,신데렐라 특판 150만원 팩키지
81377352,SB P99 텐트카드
81570016,브라운 시리즈 3 면도기 300s
81570018,브라운 시리즈 3 면도기 310wd
81576241,브라운 쿨텍 CT5CC_LSD
81581113,브라운 세정액 CCR4
81644835,브라운 시리즈 7 면도기 7865cc GREY/BLK
81679540,브라운 시리즈7 면도기 7855S
81686049,브라운 시리즈 3 날과망 21b
81697101,브라운 시리즈 7 날망 73S (007)
81747508,브라운 시리즈 8 면도기 8457cc SILVER
82001050,이마트 팩 중형 124
82002060,싸인즈 트리트먼트 토탈리티 2.5G 샘플
82002568,헤드앤숄더실키모이샴푸200ML
82002764,페브리즈 에어 비치형 PK130G 본체S
82003184,웰라 트리트먼트칼라 인텐시브 6B_STKR
82004163,화이트닝 소스 인텐시브 마스크 6P
82004516,헤드앤숄더실키모이스춰 80ML 샘플팩
82012765,WHISPER SLIM WING LONG(MULTI)20*24
82012766,WHISPER SWRL IW 20*24
82014890,위스퍼트윈윙 그린중형 30P
82015725,팬틴 2150팩-엑스트라스트레이트
82015754,위스퍼 트윈윙 시스템팩 94P
82024701,위스퍼IW+SWRL 20'S*24(TW)
82024886,SK2 FOAMING MASSAGE CLOTH REG
82026026,SK2 FT밀크5ML
82026413,위스퍼그린울트라일반중40*24
82030061,헤드앤숄더 1650팩-쿨멘솔
82032472,위)울후레쉬날개중대78*12
82034809,위스퍼 트윈윙 오버나이트 14P
82035057,팬틴밀키모이스춰샴푸100ML
82037859,코디아이리스280매6*4
82037993,헤드앤숄더2075팩-센서티브알로에
82038008,헤드앤숄더1225팩-센서티브알로에
82038322,큐티중형48S*4
82038545,향기나는페브리즈보충용320ML SAMP
82039280,NEW큐티중형64S*4
82039368,아텐드중형30개입
82040694,SK2원위크트라이얼세트
82041317,큐티SP M80+6
82041486,비달밀레니엄스트레이트2*6
82041610,위스퍼울트라후레쉬날개대18*24
82041653,조이리필500ML 1S*18
82042263,팬틴비듬컨디500ML 1S*9
82043217,SK2리페어C리퀴드FND 33
82044029,위스퍼울트라후레쉬날개소18*24
82044779,SK2 BUFF FOR SIGNS ESS FNDTN
82045101,팬틴컨디셔너볼륨케어200ML
82045164,뉴샤민울트라45M24R
82045784,코디라벤더50M 18R*3
82046393,큐티드림골드중형72*4 FALL01
82046567,팬틴960ML린스프로팩손상
82047089,페브리즈조이스페셜3*10
82047090,향페브리즈조이스페셜3*10
82047152,팬틴샴푸볼륨10ML*576
82049069,SK-II페이셜에센스215ML
82049674,코디라벤다50M 10R BEAR*8
82050420,프링글스뉴이어프로모션
82050461,비달익사이팅스트레이트샴푸560ML
82050617,비달익사이팅웨이브샴푸400ML
82051413,코디오래키친타월260 4R*6
82051855,익사이팅시스템팩STRT 3*6
82052156,비달인스토어샘플2*300
82054635,코디미용지280*6 롯데용
82054685,팬틴모이스쳐1123ML대리점
82056317,팬틴MAR 03 1749ML모이스쳐
82056442,비달3스텝WAVY PACK
82057593,비달인텐시브케어트리트먼트200
82057708,헤드앤숄더컨디모이스트50ML
82058109,디링클 액티브 3g
82059341,팬틴선물세트4호
82059538,팬틴2960팩모이스춰
82059545,비달7/8월1620-스트레이트
82059774,팬틴1600팩손상
82060379,헤드앤숄더570/375모이
82061750,위스퍼슬림커브일반대형10P
82063670,헤드앤숄더기프트박스겸용
82063740,위스퍼그린날개대형34P
82064087,이지CPG롯데용50 M 10롤
82064519,비달11월 왁스/트리트먼트 팩
82064769,해드엔숄더샴푸맨솔960ml
82065537,팬틴12월1100 온팩-모이스춰
82065593,비달560/200팩스트레이트
82066525,위스퍼그린날개오버나이트14개입
82067373,소프트클린 울날중 18개입 시제품 샘플
82067963,팬틴1250팩모이스춰
82068889,팬틴 1600팩-볼륨
82068915,팬틴 1800팩-모이스춰
82070497,핸드로션물비누800ML
82071209,화이트닝 소스인텐시브마스크 1P
82071575,팬틴 400ml 리필용-모이스트 스무스 케어
82073233,헤드앤숄더 2890팩-딥클린
82075784,웰라 트리트먼트칼라 인텐시브 4B
82075983,헤드앤숄더 770팩-모이스트
82076606,보송보송 알뜰기획팩 (이마트전용)
82077474,헤드앤숄더 1360팩-딥
82077639,헤드앤숄더 1740팩-멘솔
82078238,H&S 멘솔 570ML (스티커)
82079261,SK-II 화이트닝 소스 클리어 로션
82079306,위스퍼 소프트클린 실속기획팩-E
82079960,팬틴 2960팩-밀키 모이스춰
82080458,비달사순 믹스드 케이스 (코스메틱 채널용)
82082379,견본품 슈퍼 롱 오버나이트 1개입
82082456,페브리즈 에어 비치형 리프레시 그린 본체
82082614,페브리즈 에어 비치형 프레시 블루 리필
82083623,팬틴 집중손상케어 컨디 960ML_SW
82083855,비달사순 1520샴푸팩-프로페셔널 스타일
82084698,SK-II 이멀젼 컴팩트
82085321,위스퍼 소프트클린 중형 40개입 번들팩
82085760,웰라 트리트먼트칼라 내츄럴 5
82087356,팬틴 750 팩-엑스트라 스트레이트
82088892,위스퍼 그린 울트라 날개 중형 2P 샘플
82089809,비달사순 1830 트라이얼 팩-살롱 모이스춰
82093033,웰라칼라엑스트라케어 6/04 (DBD)
82093078,WB 스타일링무스 150 (DA)
82094829,팬틴 2250팩-엑스트라스트레이트
82095163,큐티 수퍼스타 업그레이드 중형 60P
82095710,팬틴 2100팩-엑스트라 스트레이트
82095855,비달사순 스타일링 클레이 왁스 60G
82096396,위스퍼 소프트클린 슬림 날개 대형 30
82096417,헤드앤숄더 2490팩-멘솔
82096514,헤드앤숄더 2270팩- 실키 모이스춰
82097549,위스퍼 트윈윙 농협 전용팩
82099389,비달사순 2550 DM 팩-살롱 모이스춰
82100449,페브리즈(MO) 320ML 리필형 녹차
82101487,팬틴 실키 스무드 케어 컨디 850ML
82102299,아이보리 3BAR
82103885,타이드 투 고 3S X 6
82103939,W소스덤리바이벌프로그램6P
82104340,팬틴밀키모이스춰샴푸550ML
82105776,SGNS퍼펙트래디앙스 LIQFND320
82105901,SGNS퍼펙트래디앙스 PWDFND220
82106648,어드밴스드WS팬케익EX 510
82107619,팬틴 실키스무드 200ML 샴푸
82107781,헤드앤숄더 2550 DM팩-헤어 폴 클리닉
82108652,위스퍼 소프트 클린 울날중 4P 박스
82109153,팬틴 40ML 샘플팩-실키스무드
82109855,위스퍼 그린 이마트전용 104P
82110054,플로랄향(투명) 페브리즈 대용량 900ML
82110096,조이 870ML 항균
82110314,팬틴밀키모이스춰샴푸850ML
82110347,팬틴집중손상케어컨디500ML
82110697,비달사순 살롱 모이스춰 컨디셔너 550ML
82110782,헤드앤숄더 딥클린샴푸 400ML
82110992,헤드앤숄더프레쉬레몬샴푸200ML
82113818,팬틴 풀앤씨크 샴푸40_스티커
82114844,SK-II 셀루미네이션 에센스 30ML
82115356,페브리즈 (370+210) 팩 허브향
82115719,팬틴 2450팩-밀키모이스춰
82116871,비달사순 샤이니 에센스 왁스
82116997,팬틴 집중손상케어 삼푸 850ML
82117204,위스퍼 슬림 슈퍼롱 오버나이트 10P
82117815,헤드앤숄더 쿨멘솔 컨디 850ML
82117832,팬틴 실키스무드 케어 샴푸 850ML
82118052,팬틴 헤어타임리뉴얼 샴푸280
82118371,비달사순듀얼 스타일링 트리트먼트 왁스
82118512,SGNS퍼펙트래디앙스 LIQFND310
82118619,팬틴 헤어타임리뉴얼 컨디셔너240
82118661,위스퍼 소프트클린 S 중대오버혼합박스
82119156,헤드&숄더 딥클린 샴푸 400ML
82119865,스킨시그니처 미니샘플 2.5g
82120830,위스퍼세이프티존 ML오버나이트번들14P*2
82123063,헤드앤숄더 스완 2550DM팩-수딩두피케어
82123396,2010 설 롯데1호
82125968,위스퍼 보송보송케어 울트라 날개 대형30개입
82126110,탐팩스 펄 레귤러 20P
82126139,탐팩스 펄 수퍼 18P
82126503,웰라 트리트먼트 칼라 내추럴 5N_스티커
82127174,팬틴 트리플 비타민 수분팩 150G
82127518,헤드앤숄더 딥클린 스페셜 2270 샴푸팩
82131998,헤드앤숄더 샴푸400포맨 헤어폴 클리닉
82132965,스킨 시그니처 50g
82133646,크로스액션 항균모 35S 3+1 (HYPER)
82133773,페브리즈 에어 (물빛 맑은 계곡)
82133976,헤드앤숄더 컨디550 가려운 두피 케어
82133990,헤드앤숄더 샴푸550 가려운 두피 케어
82134681,위스퍼 리프레쉬케어 시스템 62P
82134795,팬틴 클리니케어 15G 엠퓰 샘플링
82134936,위스퍼 소프트클린 이마트 해피맞춤팩
82135452,페브리즈 플러스 용기형 370ML
82135940,토탈이펙트 7 인 1 안티에이징 나이트 크림
82137933,듀라셀 디럭스 알카 AAA 2개입
82137978,썬파워 망간 D  2개입
82138000,썬파워 망간 C  2개입
82138742,헤드앤숄더 로터스 2250샴푸팩- 쿨 멘솔
82138759,헤드앤숄더 로터스 DM 2550팩- 가려운 두피
82138931,클리니케어 헤어타임리뉴얼 520ML 팩
82139069,오랄-비 크로스액션 7베네핏 40모
82140680,스테이지스2단계 6입 코스트코
82140710,팬틴 집중수분케어 1850팩
82141419,셀루미네이션 마스크인로션 10ml 미니어처
82143988,팬틴컨디 850 바운시볼륨_IR_슬리브
82144158,화이트 래디언스 아이 세럼
82144531,방향 리드 디퓨져 크랜베리와 서양배 향
82144775,페이셜 트리트먼트 클렌징 오일 34ml TRI 샘플
82145096,화이트래디언스 셋트 2 (브라이트닝세럼 50ml+ 리스토어링로션 20ml
82145527,페브리즈 에어 (바닐라라벤더의포근함) 슬리브
82145558,페이셜 트리트먼트 에센스 150ml
82146105,페브리즈 에어 뉴질랜드 계곡의 향기 275G
82146196,클리니케어리브온트리트먼트150풀앤씨크CA
82146324,페이셜 리프트 이멀젼 10g 샘플
82146390,팬틴 프리즈디펜스 컨디셔너 240
82146575,팬틴 150ML 어드밴스드 비타민 수분팩_IR
82147066,화이트 래디언스 크리스탈 클리어 로션
82147851,어드밴스드 아이 트리트먼트 필름 15g
82148493,헤드앤숄더 스완 특별 1950팩- 수딩 두피 케어
82150827,듀라셀 울트라 AA 4개입 파워체크
82151244,브라운 핸드블랜더 MR4050 RCA W.LID
82151879,페브리즈 에어 태국의 열대과일 향기 275G
82152100,팬틴 모발 강화 트리트먼트 200ML
82153815,에이지 리바이탈라이즈 로션 50G 　
82154710,팬틴 삼푸 500 실키 스무드 슈링크
82155237,페브리즈 차량용 2ml (바닐라의 달콤함)
82156795,팬틴 트리트먼트 200 극손상 스티커
82158562,오랄-비 슈퍼플로스 50개입
82158651,셀루미네이션 EX 에센셜 광채 세트
82159696,팬틴 트리트먼트 100ML 딥 리페어 크림 케이스
82161754,SK-II 셀루미네이션 데이 서지 유브이 4.2g
82164251,퓨전 프라이드 파워(1UP)
82164319,토탈이펙트 7 인 1 안티에이징 나이트 크림
82164555,헤드앤숄더 두피마사지크림 155mlX2
82164847,페브리즈 에어 하와이안 플로랄 향기 275G 온팩
82165413,프링글스 멀티그레인 클래식 102G X 12
82166102,퓨전 프로글라이드 파워 면도기
82166323,퓨전 프로글라이드 크레이지 매뉴얼 면도기 1UP
82166607,헤드앤숄더 컨디850 가려운 두피 케어
82171406,토탈이펙트 세트 11 (TE크림50g + TE세럼10g + TE마스크1P
82172144,질레트 마하3 면도날8입
82173654,헤드앤숄더 Olympic 2550팩- 헤어 폴 클리닉
82174768,오랄비 인디케이터 미세모 3+2 입
82174779,오랄비 후레쉬 클린 4입
82175213,LXP 얼티미트 퍼펙팅 세럼 50ml
82176861,헤드앤숄더 2800팩- 쿨멘솔
82176867,헤드앤숄더 MtDew 1950팩- 헤어 폴 클리닉
82176902,화이트닝 에센스 스팟 세럼 듀오세트
82177025,스템파워 크림 컴팩트 파운데이션420 샘플
82178701,페브리즈 하와이안 보충형 320ML
82179345,팬틴 집중수분케어 2200팩
82180341,퓨전 매뉴얼 8입날 + 면도기 무료증정
82180511,프링글스 오리지날 Xmas 110G X 12
82180611,극손상케어 트리트먼트 200
82180614,팬틴 집중수분케어 트리트먼트 200ml
82180868,질레트 일회용 면도기 블루투플러스 10+1팩
82181423,페브리즈 차량용 뉴질랜드향 4개입 코스트코
82182040,헤드앤숄더 건조한 두피케어 컨디셔너 550ml
82182114,페이셜 트리트먼트 마스크 1p 샘플
82182130,에스케이-투 광채 화이트닝 키트 이엑스
82182136,스킨 시그니처 쓰리디 리디파이닝 마스크
82183320,SK-II 셀루미네이션 데이 서지 유브이 4.2g
82183660,화이트래디언스 세럼 선물세트12.
82184116,팬틴 극손상케어 샴푸 500
82184203,HE데인저러슬리 실키앤스트레이트컨디
82185010,다우니 퍼퓸 블랙 700ml 미스티크 향
82185203,헤드앤숄더 헤어폴클리닉 샴푸 550ml
82187192,위스퍼 슈퍼롱 오버나이트 10개입X3
82188732,로케트 알카 AAA 스몰카드 20+2
82189733,시리즈젤  쿨클렌징
82189738,시리즈젤 센서티브
82190417,퓨전 프로글라이드젤 쿨링 200ML
82191184,헤드앤숄더 Bahamas 컨디셔너 550 쿨멘솔
82191226,헤드앤숄더 Bahamas 컨디셔너 850 센서티브 알로에 
82191362,팸퍼스 베이비드라이 4단계 이코노미 박스1/192
82191856,에스케이-투 컬러 클리어 뷰티 파우더 파운데이션 220 (클리어 핑크)
82192152,페브리즈 370+370ML 은은한향 테스코팩
82192194,에스케이-투 컬러 클리어 뷰티 케어 앤 컨트롤 크림
82193471,마하3 센서티브 매뉴얼 8입날
82193532,에스케이 – 투 컬러 클리어 뷰티 립글로스 -311
82194668,헤드앤숄더 MtDew 1950팩- 쿨멘솔_new
82194678,팬틴 실키스무드케어 1000팩_new
82195742,페브리즈 엑스트라 스트렝스 900X2 ES
82195867,스팟스페셜리스트 콘센트레이트 0.5gx28
82196255,스템파워 트라이얼 세트
82196263,에스케이-투 스템파워 에센스 1G 비매품
82198937,다우니 핑크 2L+1.8L리필 베리베리와 바닐라크림 향
82199133,JP 팸퍼스 액티브 팬츠 대형 (60+4)X3_PS
82199476,팬틴 프로브이 아쿠아 퓨어 컨디셔너 728ml
82199516,GEM 액티브핏 4단계 플러스 1X105 GB
82199996,팬틴 아쿠아 퓨어 트라이얼 팩 6입
82200047,헤드앤숄더 2250팩- 애플프레쉬_RRP
82200200,팬틴 트리트먼트 100mlX6 내츄럴 케어 미스트
82201283,팬틴 극손상케어 샴푸 500
82201497,팸퍼스 BB 크루저 5단계 1/132
82203410,위스퍼 슈퍼롱 오버나이트 20개입
82204055,헤드앤숄더 BAHAMAS 1500팩- 쿨블라스트
82204649,팬틴 모발강화케어 트리트먼트 200ml
82204864,페브리즈 370ml+370ml 팩 은은한향
82205049,페브리즈 차량용 2ML (담배냄새제거용)
82205111,오랄비 프로-엑스퍼트 클리니컬 프로-플렉스 3+1입
82205187,헤드앤숄더Bahamas 애플 프레쉬 샴푸 850
82205296,브라운 면도기 쿨텍 CT2s
82205397,다우니 김치 블루 2L+1.8L팩 튤립과 달콤한라일락 향
82205682,DBD 마하3 센서티브 매뉴얼 믹스드 케이스
82205901,페이셜 트리트먼트 클렌징 오일 250ml
82205915,맨 모이스처라이징 클렌저 120G
82207900,로케트 망간 C 2개입
82208269,페이셜 트리트먼트 리페어C 30ml
82208499,팸퍼스 크루저 소형(60SX3)X1_Costco
82209713,스킨 시그니처 아이 크림 15g
82210041,마하3 센서티브 매뉴얼 8입날
82210061,크로스액션 치석 전문케어 3입
82210222,오랄비 블랙 트라이엄프 7000
82210315,맨 모이스처라이징 클렌져 20g (비매품)
82210322,스킨 시그니처 3D 리디파이닝 마스크1P (비매품)
82210704,다우니 김치 블루 2L+700ML팩 튤립과 달콤한라일락 향
82211040,오랄-비 스테이지스 1단계 2입
82211387,페브리즈 다우니향 용기형 370ML
82212338,다우니 블루 1L 레몬그라스와 달콤한 라일락 향
82212367,오랄비 고탄력 초미세모 저자극 케어 1입
82212495,맨 페이셜 트리트먼트 에센스 2ml(비매품)
82212523,페브리즈 은은한향 용기형 370ML
82213158,듀라셀 알카 C 6개입 - 코스트코
82215140,화이트닝 스팟 스페셜리스트 75ml
82216137,브라운 시리즈 1 날과망 11B
82217125,페브리즈 엑스트라 스트랭스 보충형 320ML
82217405,페브리즈 370ml+370ml 팩 은은한향 JAS'14 - Sundry
82217529,위스퍼 피부애 울트라 프로모션팩 132P( 코스트코)
82218713,페이셜 트리트먼트 에센스 215ml 레드Dec14
82219090,위스퍼 피부애 이마트 64개입　
82219783,오랄-비 민트향 왁스 치실
82220155,브라운 시리즈 1 날과 망 10BN
82221416,페브리즈 370ml+320ml 팩 상쾌한향 OND'14
82221478,듀라셀 디럭스 알카라인 AA 4팩_Tesco
82221485,로케트 파워 알카 AA 4개입
82221922,위스퍼 보송보송케어 울트라 날개 대형30개입
82224121,팬틴 트리트먼트 엑스트라볼륨 200_TE
82224384,듀라셀 알카라인 디럭스 AAA 벌크 1x72x18
82224442,팸퍼스 베이비드라이 3단계 중형 (64X4)
82224467,듀라셀 딜럭스 AA 16입_DR
82224522,제놉틱스 오라 에센스 50ml
82224938,페브리즈 에어 (상큼한라임오렌지) 슬리브 SWEET CITRUS
82225036,사인즈 너리싱 크림 2g(비매품)
82226293,셀루미네이션 데이서지 UV 4.2g(비매품)
82226988,팬틴 엑스트라볼륨 컨디셔너 500X9_LT
82227900,팸퍼스 크루저 3단계 1/174
82228286,프로글라이드 센서티브 엑티브 스포츠 포오미 245g
82228645,알엔에이 파워 에센스 1ml (비매품)
82228815,위스퍼 보송보송케어 울트라 날개 중형 5P (RRP)
82228855,위스퍼 피부애 울트라  날개 대형 32P (RRP)
82228928,듀라셀 울트라 AAA 12팩 롯데마트
82228952,퓨전 프로쉴드 칠 면도기 2up
82230286,팬틴 딥리페어 트리트먼트 에센스 100ML 테스코
82230299,팬틴 실키샤인 트리트먼트 에센스 200ML 롯데
82230833,페브리즈 허브향 용기형 370ML
82230864,(일본산) 팸퍼스 베이비드라이 5단계 특대형 (50X3)
82231968,타이드 플러스 다우니 액체 세제 2.72L
82232019,아티산 브러쉬 파운데이션 320
82232214,다우니 아로마 쥬얼 레드 루비 플로럴  375g
82232582,마이크로 씬 클린 미세모 4입(롯데마트)
82232771,오랄-비 크로스액션 탁월한 세정력 40모 3입
82233425,다우니 아로마쥬얼 화이트 펄클래식 375g
82234737,크로스액션 탁월한 세정력 35S 3+2
82234804,다우니 에이프릴 프레쉬향 2.3L
82235201,위스퍼 후레쉬 라이너 향 40 *2
82235547,다우니 김치 퍼플 1L+1L 팩 화이트티와 릴리 향
82236995,아티산 화이트케이스 & 브러쉬 세트
82237772,듀라셀 알카라인 C&B D2p팩_E
82237842,듀라셀 울트라 파워첵 AAA 4입_E
82237894,페브리즈 차량용 2ML (맑은하늘바람)
82237905,페브리즈 차량용 2ml (깨끗한 시트러스 파워)
82240484,헤드앤숄더 발리 컨디셔너 850 애플프레쉬
82241191,비너스 올레이 3입 (RF)
82241281,위스퍼 피부애 66P(롯데마트)
82241626,오랄-비 크로스액션 탁월한 세정력 35S 3+2
82241893,T스킨 시그니처 3D 리디파이닝 마스크 6P
82242116,T 싸인즈 퍼펙트 래디언스 PWD FND 320
82242588,시리즈젤 센서티브 폼 245G
82242962,피테라 풀라인 세트
82243367,스킨 퍼펙팅 파운데이션 420
82243507,오랄-비 마이크로씬 클린 40모
82243828,페브리즈 에어 화장실용 (상쾌한 하늘향) (K-Reach)
82243954,페브리즈 부착형 화장실용 스타터킷 (산뜻한 정원향) (K-Reach)
82243994,페브리즈 아로마쥬얼 자수정바닐라향 용기형 370ML X 2(테스코)
82244760,오랄-비 크로스액션 탁월한 세정력 35모 3입(Homeplus)
82244781,페브리즈 비치형 바닐라라벤더 3개입 코스트코팩
82244792,오랄비 고탄력 초극세모 블랙티 1입(Hyper)
82245138,팸퍼스 액티브핏(크루저) 3단계 1박스 (204매)
82245152,팸퍼스 베이비드라이 3단계 1박스 (198매)
82245285,플렉스볼 파워 1up+8ct+센서티브 젤 기프트팩
82245563,다우니 퍼퓸 럭셔리 피오니 200ml (카트리)
82247256,페브리즈 다우니향 210ml
82247402,페이셜 트리트먼트 클렌징 젤 80g
82247501,페이셜 트리트먼트 클리어 로션 30ml(비매품)
82247656,페이셜 트리트먼트 클렌징오일250ml
82248299,허벌 에센스 핑크 로즈 컬렉션 컨디셔너 490ml
82249033,팬틴 퀀텀 실키스무드 1500팩 X6
82249381,헤드앤숄더 쿨멘솔 2800팩 RRP(Bali)
82250057,화이트닝 소스 클리어 로션150ml
82250348,질레트 마하 3 면도기 1up
82250414,오랄-비 크로스액션 탁월한 세정력 35S 3+2
82250439,페브리즈 차량용 라벤더 2mlX2 + 투고 85ml 이마트팩
82250483,페이셜 트리트먼트 에센스 330ml
82250940,오랄비 스테이지스 치약 어벤져스
82251138,싸인즈퍼펙트 래디언스 파우더파데330
82251463,오랄-비 프로헬스 3D화이트 3+1입 (테스코)
82251739,마스터피스 피테라 서플니스 세럼 50ml
82252459,오랄비 고탄력 초미세모 틈새 케어 4입 이마트
82253015,위스퍼 피부애 울날중 30PX2 (롯데마트)
82253021,오랄-비 스테이지스 3단계어벤져스 2입(홈플러스)
82254562,위스퍼 피부애 슈퍼 슬림 중형18P(+틴케이스)
82255927,셀루미네이션 리퀴드 파운데이션420
82255946,페이셜 트리트먼트 에센스 포 맨 75ml
82255963,맨 페이셜 트리트먼트 에센스 30ml(비매품)
82256061,화장용 퍼프(레드케이스 원형)
82257409,팸퍼스 베이비드라이 2단계 점보 팩 34P*4
82257579,알엔에이 파워 아이크림 래디컬 뉴 에이지 15G
82258057,오랄비어린이칫솔모 EB10-2 STARWARS
82260055,엘엑스피 얼티미트 퍼펙팅 크림 2.5g(비매품)
82260872,다우니 퍼퓸 보타닉 가든 2.7L
82261352,RNA파워 에어리 밀키 로션15g
82263086,OLAY 화이트 래디언스 셀싸이언스 토너 150ml
82263516,(샘플) 팸퍼스 베이비드라이 팬티 3단계(중형) 8P 8X23
82264169,퓨전 파워 면도기 무료 팩
82265260,페브리즈 차량용 2ml (깨끗한 시트러스 파워)(LEGO)
82265515,페이셜 트리트먼트 에센스 체리블라썸 리미티드 에디션
82266339,페브리즈 섬유탈취제 은은한 향 370mlX2(Harmony)
82267438,다우니 퍼퓸 블랙 미스티크 향 700ml (Chanel)
82267774,다우니 퍼플 1L+1L 팩 화이트티와 릴리 향
82267868,비너스 올레이 1업 (TMR)
82270857,질레트 프로쉴드 홈플러스 창립기념팩'18
82271472,헤드앤숄더 1950 RRP팩- 쿨멘솔(Olympic)
82272367,프로쉴드 매뉴얼 8+1팩
82272396,안티에이징 크림 베스트 셀러 세트
82272806,화이트닝소스 덤 리바이벌 마스크6p
82272826,프로글라이드 매뉴얼 면도날 8입 (플렉스볼)
82272832,프로글라이드 파워 면도날 4입 (플렉스볼)
82274111,오버나이트 미라클 마스크 6X4G
82274143,퓨전 매뉴얼 기프트 팩
82274489,인덜젼스 샘플키트 20G(Airy)
82275368,제놉틱스 스팟 에센스30ml
82275684,셀루미네이션 데이서지 UV50g
82276249,질레트 프로쉴드 유틸리티 팩 (e-Comm) Feb'18
82277144,다우니 블루 1L+1.6L 레몬그라스와 달콤한 라일락 향 (Agri)
82277766,헤드앤숄더 발리 샴푸 850 헤어폴 클리닉 (STK)
82279326,다우니 퍼퓸 에메랄드 브리즈-1 480g
82280411,다우니 퍼퓸 쥬얼 자수정 베리 480g
82281474,페브리즈 섬유탈취제 허브향370ml (Harmony)
82281932,다우니 핑크 2L+700ML팩 베리베리와 바닐라크림 향
82281989,팸퍼스 M5 베이비드라이 2단계 이코노미 박스1/222
82282780,퓨전 프로쉴드 옐로우 12입날 쉐이브클럽 팩 (프리미엄)
82283146,페브리즈 차량용 2ml (라이트 라임오렌지향) (CT)
82283152,페브리즈 차량용 2개입(2mlx2) (상쾌한 나뭇잎향) (CT)　
82283211,팬틴 콜로서스 극손상 샴푸 쿠팡팩
82283319,페브리즈 섬유탈취제 상쾌한향 900ML+320ML (LT)
82283956,질레트 프로글라이드 파워 8+1 팩 (플렉스볼)
82285495,다우니 퍼플 3.8LX3 화이트티와 릴리 향
82285635,팸퍼스 크루저 5단계 박스 1/90_S7
82286189,페브리즈 에어 봄의소생 275G (Kreach2)
82286406,페브리즈 비치형 리필 (맑은하늘바람) (Kreach2)
82286998,다우니 핑크 1LX12 DBD 베리베리와 바닐라크림 향
82287121,질레트 마하 3 면도기 1up
82288117,알엔에이 파워 래디컬 뉴 에이지 50G
82288715,에스케이-투 스킨파워 에센스 30ml
82288828,팬틴 콜로서스 극손상 컨디셔너 쿠팡팩
82289184,페브리즈 섬유탈취제 가벼운 시트러스 향 370ml
82289955,페브리즈 차량용 2개입(2.2mlx2) (산뜻한 허브향)
82289969,오랄비 초미세모 크로스액션 4입 (이마트)
82290347,OLAY RG CS안티에이징시리즈(ESS30ml+CRM50g+EC15g)
82290481,스위퍼 막대걸레용 프리미엄 정전기 청소포 10입
82290721,다우니 퍼퓸 쥬얼 자수정 베리 480GX2 이마트 창립 팩
82291006,에스케이-투 피테라 동안 세트
82291595,페브리즈 370ml+320ml 팩 상쾌한향(Fall'18)
82292237,오랄비 초미세모 벨벳 그린티 3입 (이마트)
82292278,페브리즈 섬유탈취제 상쾌한 향 900ml (Elixir)
82292284,페브리즈 섬유탈취제 허브 향 900ml (Elixir)
82292899,헤드앤숄더 샴푸 1200ML 가려운 두피케어
82293813,(샘플) 팸퍼스 스와들러 밴드 2단계 4P
82294725,페브리즈 포맨 상쾌한허브 향 360ml (쿠팡)
82294906,다우니 프리미엄 액체형 세제 핑크 2.0L
82295006,다우니 디올 벚꽃 데이트 1L+1L 기획팩
82295218,허벌에센스 바이오리뉴 아르간오일 샴푸+컨디셔녀 쿠팡팩
82297235,다우니 블루 레몬그라스와 달콤한 라일락 향 1LX3+200ML
82297238,팬틴 콜로서스 엑스트라볼륨 샴푸 쿠팡팩
82297274,스위퍼 막대걸레 스타터킷 (핸들1입+정전기청소포8입)
82297573,CNY 리미티드 에디션 에센셜 케어 세트(JF20)
82297602,헤드앤숄더 발리 샴푸 850 쿨멘솔 (Summer)
82298083,팸퍼스 베이비드라이 2단계 이노머스 박스 1/186
82298098,팸퍼스 크루저 3단계 박스 1/120_S7
82298129,팸퍼스 스와들러 5단계 19X4
82299176,다우니 코튼 퓨어러브 1LX3+200ML (쿠팡)
82299226,페이셜 트리트먼트 클리어로션160ml
82300101,LXP얼티미트 퍼펙팅 아이크림15g
82300161,질레트 포오미 레몬라임 175G 1X6 NEW
82300416,페브리즈 차량용 3개입(2.2mlX3)
82300524,퓨전 파워 면도기 TMR 1CSX36IT*1X6X6
82300641,오랄-비 크로스액션 40모 온라인 싱글
82300904,페브리즈 320ML 리필형 은은한 향(PGP)
82301135,엘엑스피 얼티미트 퍼펙팅 세럼 10ml(비매품)
82302667,다우니 퍼퓸 그린 보타닉가든 1.05LX3
82303790,컴플리트 5웨이 클린 40모 1개입
82304495,팸퍼스 스와들러 1단계 32X4
82305475,팸퍼스 스와들러 5단계 19X4
82306668,페브리즈 포맨 쿨 아쿠아 향 370ml+320ml 팩
82306855,콤펙트 케이스(레드 원형)
82308005,오랄-비 크로스액션 탁월한 세정력 35S 3+2
82308227,페브리즈 에어 화장실용 상쾌한 하늘향 2개입+산뜻한 정원향 2개입
82308335,오랄-비 후레쉬 클린 40모 6개입
82308806,다우니 핑크 1LX12 DBD 베리베리와 바닐라크림 향
82309844,오랄-비 스테이지스 3단계 6입 카즈팩
82309888,팬틴 콜로서스 극손상 샴푸 쿠팡팩
82309934,오랄비 스테이지스1 6입 쿠팡팩
82309985,다우니 프리미엄 액체형 세제 실내건조 2.8L
82310695,다우니 퍼퓸 벚꽃 데이트 1Lx12
82310791,스위퍼 더스터 먼지떨이 리필 10입x4
82311443,다우니 엑스퍼트 스포츠 2.6LX4
82311727,질레트 퓨전 프로쉴드 옐로우 면도날 11입 팩
82312188,페브리즈 내추리스 레몬그라스370ML+민트370ML 기획 팩 (이마트)
82312277,질레트 스킨텍 파워 1up+젤 195G 발렌타인데이 팩
82312826,질레트 히티드 레이저 면도날 4입
82313565,오랄비 클릭 핸들+리필 키트 (매트 블랙)
82313744,허벌에센스 모이스쳐 로즈마리 & 허브 샴푸
82313748,허벌에센스 리바이터라이즈 블루 진저 컨디셔너
82314112,팸퍼스 베이비드라이3단계 이노머스 박스1/168
82314278,시리즈젤 센서티브 스킨 200MLX3
82314311,오랄비 고탄력 초미세모 블랙티 1입
82315362,오랄비전동칫솔모8입EB20-8 Blister (E-traders)
82315380,오랄비 Pro 2000 미세 Dark Blue (E-traders)
82315560,다우니 프리미엄 액체형 세제 블루 2.7LX2 코스트코 팩
82315770,페브리즈 화장실용 1개입(6ml) 상큼한 레몬향 (Retail)
82316122,다우니 블루 1.6L 레몬그라스와 달콤한 라일락 향
82316130,다우니 엑스퍼트 스포츠 1L
82316224,다우니 퍼퓸 스프링 가든 러브 2.6LX4
82316229,다우니 퍼퓸 샤인 향 2L
82316526,다우니 초고농축 블루 레몬그라스와 달콤한 라일락향 1.05LX3
82316886,페브리즈 화장실용 2개입(6mlx2) 은은한 라벤더향 (Lotsell)
82317135,오랄-비 크로스액션® 탁월한 세정력 35모 12개입
82317552,제놉틱스 오라 에센스 50ml
82318719,페브리즈 차량용 2.2ml (향긋한 봄꽃향)
82318740,페브리즈 차량용 3개입(2.2mlx3) (맑은하늘바람)
82319466,헤드앤숄더 2550팩- 애플프레쉬(Bali)
82320727,팬틴 콜로서스 실키스무드 1220팩 EDTC
82321348,팸퍼스 2021 에어차차 팬티형 6단계 (44 X 3)
82321925,질레트 퓨전 매뉴얼 면도기 2UP (557)
82322022,브라운 시리즈3 날과망 30B
82322839,질레트 프로글라이드 매뉴얼 믹스드케이스
82323115,오랄-비 DB4 배터리 전동칫솔 화이트
82323120,오랄비 D16 오렌지
82323142,페브리즈 섬유탈취제 내추리스 라벤더앤유칼립투스 360MLX3
82323604,신라 면세점 단독 기프트 셀렉션 세트 2021
82323647,다우니 고농축 로맨스 8.5L
82323693,오랄-비 크로스액션® 컴플리트7 6개입
82325301,다우니 퍼퓸 그린 보타닉가든 1.05LX3
82326080,페브리즈 항균플러스 산뜻한향 370ml
82327404,다우니 프리미엄 액체형 세제 블루 1.0Lx12
82327893,페브리즈 향균플러스 무향 대용량리필 650ml
82327899,페브리즈 차량용 다우니향기 2.2ml
82327906,페브리즈 차량용 2개입 (2.2ml x2) 곰팡이냄새제거용
82329595,퓨전 프로쉴드 옐로우 면도날 14입 (코스트코)
82330808,페브리즈 섬유탈취제 내추리스 라벤더앤유칼립투스 370MLX3
82330912,오랄-비 치실 글라이드 3D 화이트 35M RRP
82331028,질레트 프로글라이드 파워 면도날 16입 (ECOM)
82331044,질레트 프로쉴드 옐로우 파워 1up+6ct 팩 (ECOM)
82331128,페브리즈 라벤더 유칼립투스 320MLX4 팩 (쿠팡)
82331316,질레트 프로글라이드 파워 핸들+12ct팩 (COUPANG)
82332192,페브리즈 섬유탈취제 다우니 향 370ml
82333088,질레트 프로쉴드 파워 이트레이더스 추석 기획팩
82333197,스위퍼 미세먼지 정전기청소포 리필 40입X4
82333241,오랄-비 벨벳 초미세모 인디케이터 96개입
82333445,질레트 프로쉴드 파워 이마트 창립기념팩
82333708,오랄-비 어린이용 리필모 스파이더맨 4입 (EB10-4)
82333935,오랄-비 프리시즌 클린 리필모 10입 (EB20-10)
82334101,질레트 프로쉴드 옐로우 면도날 8입 (557) (CP STK)
82402896,AS 브러쉬 스탠드 테스터
82404368,안나수이 헤어 브러쉬
82405545,구찌 바이 구찌 EDP 75ML
82410118,AS 네일 칼라 N 003 - 테스터
82410235,AS 네일 아트 칼라 N 083 - 테스터
82410275,AS 탑 코트 N 테스터
82410304,AS 네일 칼라 엔 301
82412639,안나수이 락 미 투 EDT 75ML
82412726,AS 수퍼 블랙 풀 마스카라 001
82414718,AS 모이스처 리치 F 프라이머 싸쎄
82416773,립 루즈 T 850
82416776,네일 칼라 N 317
82416827,안나수이 립 루즈 G 400 T
82416877,돌체앤가바나 더 원 젠틀맨 오 드 뚜왈렛 50ml
82418113,AS 프로텍티브 PF 엘 케이스
82418204,AS 프로텍티브 FF 엘 P04 테스터
82420316,AS 수퍼 마스카라 롱래쉬 V 01- 테스터
82420563,AS 아이 브라이트너 01 - 테스터
82421608,안나수이 네일 칼라 N 109 - 테스터
82421644,안나수이 네일 칼라 N 012
82421650,안나수이 넥클리스 루즈 01
82422341,안나수이 립 글로스 C 303
82422352,안나수이 립 글로스 R 351
82422363,안나수이 네일 칼라 N 802
83008182,프링글스피자맛미니50G 1*12
83025030,프링글스오리지날195G 1*14
83037195,내추럴라인로션1*12
83046579,PRG PC FE MLD SLT 8/100G JAPAN
84821661,방향 리드 디퓨져 버드나무 꽃 향
84860951,비너스 핑크 1회용 면도기
84865101,팸퍼스 스와들러 1단계 메가팩 3/54
84902686,프링글스순한맛195G
80228355,오랄-비 스테이지스 3단계 어벤져스 1입
80230529,팸퍼스 BB 베이비드라이 6단계 이코노미 박스1/128
80252584,비너스 임브레이스 스냅 면도기
80256429,오랄-비 D16 플럼핑크
80281982,오랄비 전동칫솔 D12.513 스타워즈
80295433,오랄-비 펄사 40모
80299680,오랄비어린이칫솔모EB10-2 Cars
80301692,오랄비 미세모 리필모 EB60-2
80320826,팸퍼스 베이비드라이 4단계 이노머스 박스 1/150
80335249,오랄비 PRO100 초미세모 (핑크)
80344184,오랄비 전동칫솔 Pro2500 블랙 (케이스 추가구성팩)
80356342,오랄-비 어린이용 전동칫솔 카즈 D12K
80356479,오랄-비 전동칫솔 Pro1000 블루
80371081,"오랄-비 크로스액션 파워 리필모 2입 (CAP, 독일)"
80682276,질레트 스킨텍 매뉴얼 면도기 1UP (557)
80683116,팬틴 콜로서스 샴푸 500ML 극손상
80690462,질레트 스킨텍 매뉴얼 면도기 1UP (557)
80690921,다우니 생화향기 컬렉션 프리지아 앤 페어1Lx12
80690933,다우니 생화향기 컬렉션 코튼 퓨어 러브 리필 1.6x6
80695917,다우니 프리미엄 액체형 세제 살균 파워 1.7L
80702386,오랄비 비니 키즈칫솔 온라인 (96개입)
80703722,다우니 엑스퍼트 실내건조 프레시 클린(그린) 1.35LX6
80705748,오랄-비 전동칫솔 Pro100 크로스액션 블랙
80706965,페이스 트리트먼트 리페어C 30ml
80706971,질레트 프로쉴드 옐로우 면도날 10입+면도기 거치대 (빅)
80715207,다우니 프리미엄 액체형 세제 살균 파워 1.8L
80715990,(FWIP) 557.1 프로글라이드 파워 3ct 
80716410,페브리즈 섬유탈취제 포맨 머스크 향 360ml 3입
80717951,질레트 프로쉴드 옐로우 면도날 4입 (PX)
80718628,다우니 생화향기 컬렉션 클린 솝 1.05LX3
80719123,브라운 시리즈 9 면도기 9575cc GRAPHITE
80720983,다우니 엑스퍼트 항균파워 1.35LX6 Lotsell
80723059,질레트랩스 딥클렌징바 1UP
80726149,오랄-비 Icon X 6개입
80726248,다우니 생화향기 컬렉션 시트러스 앤 버베나 1L DBD (2023형)
80729889,페브리즈 강력탈취+ 880MLX6 다우니향
80731880,페브리즈 강력탈취+ 370ml X12 다우니 실내건조 프레시클린 향
80733475,다우니 생화향기 컬렉션 스프링 가든 러브 1.05LX3 (2023년형)
80735933,제놉틱스 스팟 에센스 50ml
80736043,질레트랩스 딥클렌징바 1UP + 쉐이브 폼 240ML
80739864,브라운 세정액 CCR2 (신규)
80742978,브라운 IPL PL5154
80744819,다우니 프리미엄 액체형 세제 실내건조 1.80L X 6
80745247,오랄비교정용칫솔
80745901,페브리즈 에어 비 내린 초원 275g
80746629,페브리즈 비치형 6.3mlX3 코튼블루쿠팡
80746805,브라운 시리즈 5 면도기 52-B1000s BLUE
80751747,비너스 Y존 제모기 2UP (원제품)
80754289,팸퍼스 2024 베이비드라이 팬티 5단계(특대형) 36X4
80756271,페브리즈 섬유탈취제 상쾌한 향 900mlX2 팩
80756349,(FWIP) 557.1 프로글라이드 플러스 4ct 
80757671,페브리즈 섬유탈취제 다우니 향 880ml 2입
80757883,페브리즈 화장실용 비누2+화이트2 ET
80763728,질레트랩스 딥 클렌징 바 기획팩1UP+4입
80763796,다우니 삶음탈취 플러스 2.6L
80771063,오랄-비 전동칫솔 Pro2500 화이트
80772629,질레트 프글 매뉴얼 면도기 기1+날2
80773103,프로쉴드 매뉴얼 1up+8입+스킨텍 젤
80774966,다우니 세제 블루 2.2LX4 BD
80777215,질레트 랩스 페이스 워시 147ml
80778972,다우니 다우니 생화향기 컬렉션 코튼 퓨어 러브 2Lx2팩
80779912,다우니 스프링 가든 러브2.6LX4 M1
80783663,다우니 세제 추가헹굼제로 본품 1.8Lx6
80786391,다우니 미스티크 1L+2.6L 이마트창립팩 2023
80793378,헤드&숄더 두피토탈솔루션 샴푸 딥클린 850ml (CP)
80793506,팬틴 엑스트라 볼륨 케어 컨디셔너 750ml
80794210,질레트 프글 파워 면도날 8입
80794404,페브리즈 섬유탈취제 다우니 미스티크 보>
80794408,페브리즈 섬유탈취제 미스티크 370mlX3
80796474,질레트 프쉴 옐로우 면도날 11입
80796721,오랄비 C자형 치실 30개입 (SILK)
80797762,다우니 핑크 목련과 베리 200ml P1
80809384,브라운 시리즈 9 면도기 9685cc GRAPHITE
80812318,브라운 세정액 CCR8 (Costco)
80825351,다우니 스프링 가든 러브 1.05LX3 M2
80825375,다우니 시트러스 1.05LX3 M2
80826673,헤숄 2in1 가려운 두피
80826938,제놉틱스 에어리 유브이 크림 0.7g
80827724, 헤드앤숄더 샴푸 레몬 520ml
80831267,다우니 퍼플 화이트티와 릴리 1.6LX6 P2
80831285,다우니 핑크 목련과 베리 2.6LX6 P2
80832703,다우니 세제 2X 딥클린 2.2Lx6 J2
80856266,  질레트 프로쉴드 옐로우 12입
80863026,오랄비 부드러운세정 고탄력 초미세모 잇몸전문 케어 4입
80864065,헤드앤숄더 두피 토탈 솔루션 두피 트리트먼트 가려운 두피 케어 850ml
80871609,(T) 질레트 프로쉴드 옐로우 (기1+날12) (CP)
80874067,(T)질레트 프글 파워 면도날 12입(ET)
80874071,(T) 질레트 프로쉴드 옐로우 파워 (기1+날9) (코스트코)
80875292,브라운 시리즈 8 면도기 8663cc (Costco)
80879723,피테라 에센스 벚꽃 리미티드 에디션 듀오 세트
81017500,안나수이 링 루즈 601
81017507,안나수이 아이 칼라 브러쉬
81019190,AS 아이 칼라 액센트 005
81019200,AS 아이 칼라 액센트 300
81118506,SP 2.2 500ML 30초 리페어 크림 -VG-
81127098,SB 300 셀로페인 핫레드
81137355,디앤지 11 라포흐스 오 드 뚜왈렛 100ml
81153161,프링글스 라이트 후레쉬 치즈맛
81153673,SP 200ml 하이드레이트 컨디셔너
81164309,소프트터치6/34엔
81164347,KP 8/44 엔
81164491,KP 5/0 엔
81164500,KP 10/3 엔
81187978,구찌 바이 구찌 휴대용 스프레이 오 드 뚜왈렛 60ML 테스터
81193770,피카소 클리어스캘프 샴푸 펌프
81212908,BT 1500ml 에이지 인슈어 샴푸
81230030,KP 66/73 골드브라운
81253257,브라운 시리즈3 면도기망 30B
81253272,브라운 시리즈5 날과망 51S
81271087,WC 150ml브릴리언스 리브인 밤
81285938,펌디스펜서
81286015,SB 셀로페인 판촉물 패키지
81286028,WC 55만원 package
81340965,웰라 리뎀션 카드
81357668,11트렌드챠트
81387936,브라운 시리즈3 날과망 30B
81438209,GEM 액티브핏 4단계 1X82
81479607,브라운 시리즈 3 면도기 3050CC
81576244,브라운 시리즈7 면도기 760CC-7
81587289,브라운 시리즈 1 면도기 150S
81609107,브라운 시리즈 3 면도기 3050CC
81651399,브라운 시리즈5 면도기 5197cc BLK/BLK
81687053,브라운 시리즈 9 면도기 9385cc GRAPHITE
81726686,브라운 시리즈 3 면도기 3040GS (Ellida 4.0)
81726931,브라운 시리즈 6 면도기 60-B7200cc BLUE
81728412,브라운 시리즈 9 면도기 Design Edition BLACK
81728418,브라운 시리즈 5 면도기 Design Edition BLACK
81753861,"브라운 시리즈 8,9 면도기용 세척&충전 스테이션"
81770252,브라운 시리즈 7 면도기 71-B1200s BLUE
82002150,페브리즈 비치형 출시기념 팩-상쾌한향
82002523,헤드앤숄더프레쉬레몬샴푸200ML
82002561,헤드앤숄더 겸용샴푸 850ML
82002563,헤드앤숄더실키모이샴푸400ML
82008908,팬틴 2200팩-엑스트라스트레이트
82010712,팬틴 1350팩-밀키모이스춰
82011258,VS  HSTY 250GM 1SX12 ULTM/CONT
82015069,헤드앤숄더 570샴푸 티트리 스티커링
82015442,페브리즈 에어 비치형 리프레쉬 그린 130G
82015760,비달사순 딥 살롱 마스크 150g
82026415,위스퍼그린울트라날개중40*24
82031063,에어터치 FND OB-2 유상 A/S
82031719,비달프로샴푸정상1KG 1*6
82033003,SK2 SKIN LIQ ADV PTCT ESNC UV SCT20P W/B
82033526,네모난물 휴대용10매1*120
82034149,SK-II SKIN MILLENNIUM SET STKR KR
82034810,위스퍼 그린 트윈윙 오버나이트14P
82035115,팬틴 1650선물세트 4호
82037765,WHISPER SAPD XLN 18SX24 BLT IW+ (JPN)
82037861,코디곰과별280매3*8
82038949,WHISPER SAPD LN 18SX24 BLT CDU IW+ (HK)
82038950,WHISPER SAPD LN 36SX24 BLT CDU IW+ (HK)
82038972,비달사순트리트먼트100G-살롱모이스춰
82039130,SK2 WHITENING SPOT ERASE SK-1
82039277,NEW큐티중형3S*45
82039372,아텐드소변용패드28개입
82041032,70M 24R*3 이마트
82041141,위스퍼 센서티브 90P
82041316,큐티SP M144+12
82041597,SK-II DEEP WHITE SACH 10P BC SP
82042104,비달사순딥클렌징샴푸545ML
82042280,SK-II LIP LPSTK TRMT ESNC 4 SHET SP
82042383,WHISPER SAPD LN 12Sx24 BLT ST1B TUBE
82042999,VS 포인트픽스스프레이1*12
82043212,SK2모이스춰메이크업베이스
82043224,SK2리페어C파우더FND 41
82043253,SK2화이트닝팬케익버프
82043705,SK2 SACHET ADV LIQ FND 33/42
82044564,프링글스파티메가켄1S*5C*4
82045330,SK2 ADV WHT리퀴드파운데이션43
82045398,SK-II GEL 15G EYE TRMT FILM W-U SP
82045916,위스퍼울트라후레쉬날중64*12
82046047,SK2 ADV WHT리퀴드FND43 BC SAMPLE
82046061,SK2 WHT 스팟ERASE SK1 BC SAMPLE
82046520,VS시스템팩웨이브6PACK
82046569,향기나는페브리즈보충320ML1*24
82046837,WHISPER RLNG 20SX24 SLIM WING TPR PROM
82047154,팬틴린스볼륨10ML*576
82047195,팬틴볼륨케어샴푸200ML
82048308,팬틴바겐세일팩볼륨케어3*6
82048785,이지50M10R*8(사내판매)
82049872,팬틴트라이얼팩모이스쳐3*6
82050151,페이셜 리프트 이멀젼 30g
82050460,비달익사이팅웨이브샴푸560ML
82050728,팬틴린스960ML팩모이스쳐2*6
82052192,WHISPER PAD LN 18SX24 CDU WING WHITEBULL
82052549,위스퍼울트라후레시날대16*24
82052821,SK-II에센스파운데이션43
82053261,싸인즈 트리트먼트 15 (유소)
82054638,코디키친타월260*2 롯데용
82054911,팬틴집중손상케어샴푸1000ML
82055410,PAMPERS DPR LG 46SX6 SPRING 03 TAPED
82055652,큐티드림골드대형100TESCO
82055670,팬틴1123ML대리점볼륨
82055821,크레스트스핀브러쉬키즈우주인
82056348,헤드앤숄더컨디딥클린570ML
82056719,SK-II DE WRINKLE ACTIVE
82057941,팬틴엑스트라데미지샴푸97ml
82058479,팬틴750팩볼륨DBD JUN 03
82058794,SK2 PW싸인트리트파운데이션BE-2
82060746,클렌져 업그레이드 6G
82061150,큐티드림골드9월보너스샘플
82061480,위스퍼울트라중4P대리점샘플
82064771,해드엔숄더컨디맨솔960ml
82065145,큐티 드림골드 M124 FALL03 TESCO
82065542,팬틴1100 온팩집중손상
82065754,팬틴960ml모이스춰케어린스
82065905,큐티드림골드중형 (72+4)S*4 SPRING04
82066193,헤드앤숄더컨디맨솔375ml
82066286,코디알로에소프트45미터24롤
82066949,위스퍼소프트클린날개소형18개입
82067387,위스퍼 그린 울트라 날개중형18개입 시제품
82067790,비달760팩웨이브
82068198,화이트닝 소스 인텐시브 마스크 6P
82068382,팬틴집중손상케어세럼125
82068385,팬틴2760팩코스트코용손상
82068895,팬틴 2700팩-집중손상
82069316,큐티드림골드Spring04 2P샘플(M&L)
82069506,PAMPERS DPR LG 60SX4 TAPE F04 SJ
82069516,SK-II페이셜트리트먼트클렌져트라이얼
82070498,바디샴푸물비누800ML
82071410,비달사순 컬러케어 컨디셔닝 린스560
82071921,비달사순760Pack웨이브
82072868,큐티편안한아기중형72S*4FALL04Temp
82073811,H&S 코스트코1530팩-맨솔
82073872,프링글스 X-mas컵팩(양파)
82074582,에어터치 FND OP-1(리필)BC
82074586,에어터치 FND OB-4(리필)BC
82075517,프링글스 80g 캔(오리지날)
82075791,웰라칼라엑스트라케어 7/0 자연밤색
82076067,팬틴 딥리페어트리트먼트크림 40ml_샘플
82076751,코스트코 엑스트라케어 6/04 번들팩
82077402,페브리즈(투명) 320ML 리필형 은은한 향
82077417,팬틴 집중손상케어 컨디 960ML
82077422,비달사순 내추럴 스타일 무스 150G
82077464,헤드앤숄더컨디멘솔200ML
82077662,비달사순트리트먼트100G-컬러케어
82078929,웰라 믹스드케이스 S
82079808,헤드앤숄더샴푸570모이스트-래핑(5사인즈)
82079871,페브리즈 370ML 상쾌한 향(S)
82080070,코스트코 엑스트라케어 9/7 번들팩
82080112,팬틴200딥리페어트리트먼트크림팩_코스트코
82080567,SK-II AST 리퀴드 파운데이션 OB-4
82081546,큐티 편안한아기 소형 2P 샘플
82081590,위스퍼 코스트코 전용팩
82082466,헤드앤숄더 믹스드케이스
82083463,팬틴 2050팩-집중손상
82083607,팬틴 밀키 모이스춰 케어 샴푸 550ML_SW
82084879,에스케이 투 스킨 리부스터
82085697,위스퍼 소프트클린 슬림 날개 대형 10P
82086741,비달사순 살롱 모이스춰 샴푸 550ML
82087995,헤드앤숄더 딥클린 샴푸 850ML
82088821,어드밴스드 화이트닝 소스 리퀴드 FND 330
82088883,위스퍼 DBD PAD
82089876,비달사순 1100 샴푸팩-컬러케어
82092207,비달사순 살롱 모이스춰 트리트먼트 180G
82093014,WB 스타일링젤(대)/덕용겔 375 (DBD)
82093032,웰라칼라엑스트라케어 11/0 (DBD)
82093073,웰라톤트리트먼트칼라 7B (DA)
82093105,웰라칼라엑스트라케어 9/7 (DBD)
82095049,팬틴밀키모이스춰컨디200ML
82095137,큐티 편안한 아기 대형 88 이마트-4차
82095708,팬틴 2100팩-바운시볼륨
82095881,팬틴 바운시볼륨 컨디 375ML
82097382,위스퍼 트윈윙 그린 80P 번들팩
82097418,팬틴 1750팩-바운시볼륨
82099967,팬틴 선물세트형 1호 -바운시+엑스트라
82100161,비달사순 컬러케어 샴푸 550ML
82100624,페브리즈 에어비치 오렌지향
82101121,위스퍼 롯데 그린 78P
82101943,화이트닝소스 덤브라이트너
82102459,헤드앤숄더 1900팩- 실키 모이스춰
82103890,2배농축 울트라 타이드 에치이드럼용2.95L
82106646,어드밴스드WS팬케익EX 220
82107270,팬틴 비타민 워터 트리트먼트 트라이얼 팩
82107831,헤드앤숄더 알로에 850린스 스티커
82108654,위스퍼 그린 울날중 4P 박스
82110098,조이 870ML 그레이프 프루트향
82110400,헤드앤숄더 센서티브알로에 컨디 570ML
82110704,팬틴 실키 스무드 케어 샴푸 40ml
82111009,팬틴바운시볼륨트리트200ML
82112106,팬틴 풀앤씨크 샴푸280
82113764,팬틴 풀앤씨크 컨디셔너40_스티커
82116752,2009설 팬틴 선물세트 2호
82117001,팬틴 실키스무드 케어 삼푸 850ML
82117758,헤드앤숄더 실키모이스춰 삼푸 570ML
82117816,헤드앤숄더 딥클린 삼푸 850ML
82118513,SGNS퍼펙트래디앙스 LIQFND330
82119040,프링글스 미디엄 피자 140g (address stick
82119409,헤드&숄더 겸용 샴푸 550ML
82120354,팬틴 헤어타임리뉴얼 에센스150_스티커
82121485,스킨 시그니처 멜팅리치크림 2.5G
82122047,팬틴컨디850집중손상IR
82122371,HE 헬로우 하이드레이션 컨디셔너
82123113,헤드앤숄더 스완 1250팩-수딩두피케어
82124323,SK-II 셀루미네이션 에센스-인 FND 330 레이디언트 오크
82125876,팬틴샴푸850실키스무드IR
82125889,SGNS퍼펙트래디앙스 LIQFND320
82125964,위스퍼 베이직 패드 중형 36 개입
82126188,팬틴샴푸500모발강화IR
82126556,헤드앤숄더 딥클린 삼푸 850ML
82127548,헤드앤숄더 헤어 폴 클리닉 스페셜 1140 팩
82129153,헤드앤숄더 샴푸850 건조한 두피 케어
82129214,셀루미네이션 팬케익 320
82129953,스킨 시그니처 50G
82131556,팬틴 헤어타임리뉴얼 컨디셔너 240
82132113,퓨전 디스트리뷰션 팩 with 매뉴얼 2up
82132429,오랄비 충전식전동칫솔 D20.525.3 (할인매장용)
82133261,스킨 시그니처 아이크림 15g
82133373,팬틴 컨디 15 내추럴 케어
82133772,페브리즈 에어 바닐라라벤더의포근함 275G
82133782,페브리즈 에어 상큼한 라임 오렌지향 275G
82134548,뉴 시리즈3용 날망
82134671,위스퍼 보송보송케어 테스코 72P
82135018,페이셜 트리트먼트 클리어로션 10ml 샘플
82135382,페이셜 리프트 이멀젼 30g 트라이얼 샘플
82135457,페브리즈 엑스트라 스트랭스 용기형 370ML
82135483,질레트 일회용 면도기 블루투플러스 2개입
82138144,페이셜 트리트먼트 클렌징 오일 11ml 샘플
82138436,오랄비전동칫솔모4입EB17-4 (FFS)
82138679,다우니 퍼플 1L 화이트티와 릴리 향
82139004,페브리즈 비치형 스타터킷 (바람속의꽃향기)
82139127,아쿠아액션 롱-라스팅 하이드레이션 젤
82139460,토탈이펙트 7 인 1 안티에이징 크림 노말
82140701,팬틴 인텐시브모이스쳐케어 2200팩
82140714,팬틴 집중손상케어 1700팩
82141085,퓨전 JAS'10 매뉴얼 2UP
82141103,퓨전 JAS'10 프라이드 매뉴얼
82141138,페브리즈(MO) 370ML 용기형 은은한 향
82141148,페브리즈(MO) 320ML 리필형 은은한 향
82141432,SK-II 컴팩트 파우더 화이트
82141580,질레트 퓨전파워면도기+면도날4입 (코스트코)
82142331,헤드앤숄더 로터스 950팩- 건조한 두피
82143100,위스퍼 보송보송케어 울날오 14P
82143422,싸인즈 퍼펙트 래디언스 LIQ FND 440
82143855,팬틴 집중손상케어 1900팩
82143882,팬틴삼푸 850 집중손상_IR_슬리브
82143981,팬틴삼푸 850 모발강화_IR_슬리브
82144773,스킨 시그니처 2.5g 샘플
82144778,스킨시그니처 3D 리디파이닝 마스크 6p
82144986,스킨시그니처 크림 인 FND 320
82145029,스킨시그니처 크림 인 FND 420 1.0G 샘플
82145049,헤드앤숄더 007 RRP 800팩- 포맨헤어폴클리닉
82146444,셀루미네이션 팬케익 320
82146912,팬틴 집중수분케어 2550팩_RRP
82147069,화이트 래디언스 아이 세럼
82147786,클리니케어 헤어타임리뉴얼 1100ML 팩
82148163,싸인즈 퍼펙트 래디언스 PWD FND 420
82149174,페브리즈 비치형 코스트코팩 바닐라 라벤더의 포근함
82149913,페이셜 트리트먼트 리페어 C 30ML
82151658,듀라셀 디럭스 알카 AAA 10개입
82152044,AMJ'11 페브리즈 370ml+320ml 팩 은은한향
82152075,팬틴 바운시 볼륨 트리트먼트 샴푸 850ML
82152814,팬틴 컨디 1200mlX6 코스트코  토탈 모이스처 케어
82153170,오랄-비 마이크로씬 클린 40모 4개입
82154524,다우니 에이프럴 후레쉬 일반형 2.95L
82154573,헤드앤숄더 쿨멘솔 1500ML 팩
82156659,화이트 래디언스 프로텍티브 크림 (SPF20 PA++)
82157944,오랄-비 어드밴티지 컴플리트 4웨이 35모
82157969,크로스액션 프로엑스퍼트 컴플리트 7 40모 3개입
82157985,크로스액션 프로엑스퍼트 탁월한 세정력 35모 3개입 (이마트)
82158664,페브리즈 비치형 스타터킷 (바람속의꽃향기) 올림픽
82159474,다우니 퍼플2LT화이트티와 릴리 향_런치 베네핏 스티커
82159904,팬틴컨디850집중손상STK
82160398,화이트닝 스팟 스페셜리스트 프로그램
82161702,토탈이펙트 세트 5 (TE세럼50ml + TE마스크3p + TE나이트크림
82162911,아쿠아액션 세트2 (AA젤50g + AA딥듀20ml + TE크림노말10g
82163605,예비 TRIAL PACK 800
82163647,토탈이펙트 클렌징 클로스
82163661,화이트 래디언스 프로텍티브 크림 (SPF20 PA++)
82163723,헤드앤숄더 애플프레쉬 샴푸 550ml
82164160,팬틴 모발강화케어 트리트먼트 200ml
82164255,팬틴 극손상케어 샴푸 90ml
82164698,페브리즈 비치형 태국 스타터킷 5.5ML 온팩
82165679,헤드앤숄더 샴푸400 포맨 헤어폴 스티커
82166601,헤드앤숄더 컨디550 헤어폴클리닉
82166610,헤드앤숄더 샴푸 850헤어 폴 클리닉
82167968,듀라셀 울트라 8팩
82169449,페브리즈 370ml+370ml 팩 은은한 향 2011
82169712,페브리즈 370ml+320ml 팩 은은한향 2011
82170829,다우니 퍼플 2L+700ml 팩 화이트티와 릴리 향
82171009,위스퍼 보송보송케어 울트라 날개 대형30개입
82171234,위스퍼 보송보송케어 울날중 36개입_테스코RRP
82172135,듀라셀 디럭스 알카 AA 30개입
82173080,"화이트 래디언스 울트라 유브이 블록커 (SPF 50+, PA+++ )"
82173226,스템파워 크림 컴팩트 파운데이션 420
82174752,오랄비 크로스액션 항균 35모 3입
82174762,오랄비 어드벤티지4웨이 후레쉬 4입
82176609,헤드앤숄더 MtDew 2114팩- 애플프레쉬
82179722,프링글스 오리지널 110G X 12
82180140,팬틴 내츄럴케어 1000팩
82180241,팬틴 내츄럴케어 1500팩
82181548,스템파워 트라이얼 세트
82181641,오랄비 프로-엑스퍼트 클리니컬 프로플렉스 5입
82183111,다우니 블루 1LT 튤립과 달콤한 라일락 향_Oct’12
82183900,페브리즈 370ml+370ml 팩 상쾌한향 OND'12
82184638,헤드앤숄더 레몬그라스 샴푸 850ml
82185195,헤드앤숄더 센서티브 알로에 컨디셔너 550ml
82187990,페브리즈(MO) 900ML 실속형 상쾌한 향
82189400,퓨전 프로글라이드 파워 6+1 (코스트코)
82190592,시리즈젤 퓨어 앤 센서티브 200ML
82190740,에스케이-투 스템파워 기프트 세트
82191198,헤드앤숄더 Bahamas 컨디셔너 550 센서티브 알로에
82191865,에스케이-투 컬러 클리어 뷰티 파우더 파운데이션 320 (클리어 오크)
82191952,조이 레몬 트위스트 362ml
82192014,팸퍼스 이지업 팬티형 여아 6단계 빅 1/46
82192030,팸퍼스 이지업 팬티형 남아 6단계 수퍼 1/60
82192149,페브리즈 900+320ML 은은한향 이마트팩
82192531,클리니컬 프로플렉스 2입
82192624,위스퍼 보송보송케어 트라이얼팩 60개입
82192677,퓨전 파워 면도기 TMR 1CSX36IT*1X6X6
82193204,팬틴 2550팩 집중수분 리미티드 에디션
82196210,다우니 핑크 2L+700ml+200ml추가증정팩 베리베리와 바닐라크림 향
82196253,에스케이투 스템파워 에센스 30ml
82196953,퓨전 프로글라이드 매뉴얼 8입날 + 면도기 무료증정AMJ'13
82196956,프로글라이드 파워 8입날 + 파워 면도기 무료 증정팩 AMJ'13
82197768,페브리즈 차량용 맑은하늘바람 2ml 2개입 팩 (2*12) Jaguar
82198607,페브리즈 에어 다우니향
82198955,페이셜 트리트먼트 에센스 아이 15g
82201289,팬틴 모발강화케어 샴푸 500
82201517,팸퍼스 BB 베이비드라이 3단계 이코노미 박스1/204
82201522,팸퍼스 BB 베이비드라이 5단계 이코노미 박스1/160
82203369,위스퍼 보송보송케어 울트라 날개 소형32개입 (RRP)
82203526,셀루미네이션 오라 에센스 0.7ml (비매품)
82204646,팬틴 모발강화케어 트리트먼트 200ml
82205062,다우니 퍼퓸 핑크 700ml 이노센스 향
82205066,다우니 퍼플 700ml 화이트티와 릴리 향_Oct’12
82205202,위스퍼 피부애 이마트 64개입
82205393,다우니 김치 핑크 1L+1L 팩 베리베리와 바닐라크림 향
82205774,싸인즈 퍼펙트 래디앙스 파우더 파데 330
82205895,페브리즈 차량용 2ML (상큼한 라임 오렌지)
82206442,프로글라이드 쿨링젤 TESCO
82206547,페이셜 트리트먼트 에센스 150ml
82207271,질레트 마하3 클래식 4 입 날 (LT)
82208273,페이셜 트리트먼트 콘센트레이트 30g
82208445,팸퍼스 크루저 중형(50SX3)X1_Costco
82208936,듀라셀 디럭스 알카라인 AAA 2팩 스몰카드
82209058,페브리즈 370ml+370ml 팩 상쾌한향
82209717,스팟 화이트닝 위드 트라이얼세트
82209737,페이셜 트리트 젠틀 클렌징크림 2.5g (비매품)
82210040,마하3 센서티브 매뉴얼 4입날
82210440,듀라셀 뉴 울트라 파워체크 AAA 12팩
82211478,위스퍼 슈퍼롱 오버나이트 10개입X3
82212508,셀루미네이션 데이서지 유브이 2g(비매품)
82212942,오랄비 전동칫솔 D12.513 카즈/프린세스
82213153,오랄비 스테이지스2 BTS팩
82214292,프로글라이드 파워 9+1 BBGR (Large)
82214585,비너스올레이 면도기 1up (TESCO)
82215545,듀라셀 충전기 CEF27+AA1300mah 충전지 2개입
82215792,오랄비 D16 그린
82217152,페브리즈 뉴질랜드 보충형 320ML
82217719,브라운 시리즈 7 면도기 765CC
82220156,브라운 시리즈 1 날과망 11B
82221237,듀라셀 디럭스 테스코 AAA 8팩
82221604,페브리즈 (900+320) 팩 다우니향
82222365,오랄비 어린이 전동칫솔D12 콤보 코스트코 팩
82224060,프로글라이드 파워 regimen pack
82224120,팬틴 극손상케어 200ML 트리트먼트_ 슬리브
82225154,로케트 알카 AA 2개입 스몰카드
82227095,다우니 블루 700ml 레몬그라스와 달콤한 라일락 향
82227684,페브리즈 900ml+900ml 팩 다우니향
82228030,오랄-비 크로스액션 프로엑스퍼트 주니어 행사팩
82228821,위스퍼 리프레쉬클린케어 울트라 날개 중형 18P
82228846,위스퍼 보송보송케어 울트라 날개 오버나이트 14P(RRP)
82229219,페이셜 트리트먼트 에센스 10ml(비매품)
82230797,피테라 에센스 230ML 핑크 버터플라이 LTD
82230830,페브리즈 상쾌한향 용기형 370ML
82231131,위스퍼 보송보송케어 울트라 날개 대형 32P
82231930,알.엔.에이 파워 래디컬 뉴 에이지 100G
82231967,타이드 오리지널 액체 세제 2.95L
82232580,크로스액션 항균케어4입
82232627,오랄비 고탄력 초미세모 잇몸전문 케어 4입 테스코
82232775,크로스액션 치석 전문케어 3입
82233470,오랄-비 DNA D16 하이퍼
82233771,페이셜 트리트먼트 에센스 230ml
82234235,다우니 섬유 데오도라이저 쿨 프레시 375G + 375G
82234738,오랄비 고탄력 초미세모 클래식 4입 이마트
82235204,위스퍼 팬티라이너 허브 40개입
82235992,페이셜 트리트먼트 리페어C 2ml(비매품)
82236210,마하3 센서티브 매뉴얼 8입날
82236360,위스퍼 리프레쉬케어 울트라 날개 중형 72P
82236681,페브리즈 차량용 2ml (상쾌한 아침)
82237906,페브리즈 차량용 2개입(2mlX2) (맑은하늘바람)
82238041,위스퍼 보송보송케어 슈퍼롱 오버나이트 날개형 20P
82238045,위스퍼 피부애 슈퍼롱 오버나이트 20P
82238135,페브리즈 차량용 프리미엄 살사 나이트 스타터킷
82238563,아티산 브러쉬 파운데이션 330 (모이스트)
82238747,페브리즈 차량용 프리미엄 플라워 멜로디 리필 7ml
82238839,팬틴 퀀텀 컨디셔너500ml 극손상
82239567,위스퍼 피부애 울트라 날개 중형 44P(RRP)
82239728,헤드앤숄더 발리쿨멘솔 샴푸 550ml
82241460,오랄비 전동칫솔모 EB20-3 + EB25-1
82241496,오랄비 고탄력 초극세모 블랙티 6개입
82241842,페브리즈 차량용 프리미엄 하늘의 오케스트라 스타터킷 7ml (K-Reac
82241860,T페이셜 트리트먼트 에센스 2ml(비매품)
82242093,T 셀루미네이션 리퀴드 FND 420
82243756,애트모스피어 씨씨 크림30g
82243892,페브리즈 상쾌한향 용기형 370ML
82244717,오랄비 고탄력 초미세모 클래식 6입 DBD
82244730,오랄-비 크로스액션 컴플리트7 40모 3입
82244756,오랄비 마이크로씬 클린 7팩
82245538,다우니 퍼플 1.6L 화이트티와 릴리 향
82245547,다우니 블루 1L 레몬그라스와 달콤한 라일락 향
82245572,다우니 퍼퓸 그린 보타닉가든 1LX12
82245818,다우니 스포츠 700ml 액티브 시트러스향
82246587,알엔에이 파워 에센스 세트 래디컬 뉴 에이지
82246879,T 에스케이-투 페이셜 트리트먼트 젠틀 글렌져 6g (비매품)
82247499,미드-나이트 미라클 에센스50ml
82249368,헤드앤숄더 2550팩- 애플프레쉬(Bali)
82249606,페브리즈 차량용 맑은하늘바람 4개입_코스트코
82251627,페브리즈 섬유탈취제  이마트팩 은은 370mlX2 + 다우니 210ml
82251723,팸퍼스 M5 베이비드라이 2단계 이코노미 박스1/222
82251848,제놉틱스 오라 에센스75ml
82252226,다우니 퍼플 1L 화이트티와 릴리 향(테스코/롯데)
82252503,오랄비어린이칫솔모EB10-4 스타워즈
82252783,페브리즈 섬유탈취제  이마트팩 상쾌 370mlX2 + 다우니 210ml
82253011,위스퍼 보송보송 울트라날개 대형 32P X 2(이마트)
82253223,크리스탈 클리어 마스크 10P 디럭스 세트
82254556,위스퍼 피부애 슈퍼슬림 중형 36P+30P(+틴케이스)
82254574,오랄-비 왁스 치실 50M 1X6X8
82255310,엘엑스피 얼티미트 퍼펙팅 세럼 50ml
82255559,페브리즈 차량용 2ML (다우니향기) (LEGO)
82255669,페브리즈 차량용 2ML (라벤더의 포근함) (LEGO)
82255858,오랄비 고탄력 초미세모 블랙티 4개입(Homeplus)
82255924,셀루미네이션 리퀴드 파운데이션330
82255938,맨 페이셜 트리트먼트 에센스 2ml(비매품)
82255964,페이셜 트리트먼트 마스크 1p(비매품)
82257274,오랄비 전동칫솔 D12.513 프로즌
82257485,페브리즈(MO) 900ML 실속형 은은한 향
82257563,허벌 에센스 클래식 릴렉싱 카모마일 컬렉션 샴푸 490ml
82258072,다우니 퍼퓸 샤인 200ML
82259627,팬틴 콜로서스 샴푸 500ML 극손상
82259973,이마트 프로쉴드 스타워즈 기프트팩
82263293,다우니 퍼퓸 샤인 2L+700ml
82265039,팬틴 딥리페어 트리트먼트 에센스 100ML 롯데
82265254,페브리즈 차량용 2개입(2mlX2) (뉴질랜드 계곡)(LEGO)
82265330,팬틴 퀀텀 트리트먼트 (200X2)X14 극손상 RRP
82266097,다우니 퍼퓸 로즈골드 2.7L 럭셔리 피오니 향 PP
82266301,OLAY GA 영 에센스 40ml
82267047,다우니 퍼퓸 핫핑크 블룸 200ml
82267198,오랄비 고탄력 초미세모 그린티 2입+크로스액션2입 CP
82267709,피테라 에센스 230ml 데스티니II
82267742,페브리즈 차량용 프리미엄 시트러스 심포니 스타터킷 7ml (L.NR)
82271462,오랄-비 크로스액션 컴플리트7 그린티 35모 3입 (이마트)
82271647,다우니 퍼퓸 샤인 1L+1L (Poly)
82272160,페브리즈 부착형 화장실용 스타터킷 (산뜻한 정원향) (Kreach2)
82272372,오랄비 스테이지스2 미키 8입 (코스트코)
82272911,퓨전 프로쉴드 칠 면도날 4입
82275180,위스퍼 보송보송케어 울트라날개 대형 96P (이마트)
82275264,페브리즈 포맨 쿨아쿠아향 용기형 370ML
82275688,페이셜 트리트먼트 오일50ml
82275696,알엔에이 파워 크림50g
82275913,헤드앤숄더 실키클린 850ml 컨디셔너
82276195,헤드앤숄더 2250팩- 가려운 두피(Bali)
82276413,싸인즈퍼펙트 래디언스 파우더파데440
82277762,헤드앤숄더 발리 샴푸 850 쿨멘솔 (STK)
82279134,허벌에센스 모이스쳐 로즈마리 & 허브 컨디셔너
82279292,다우니 코튼 퓨어러브 향 2L
82279594,질레트 퓨전 프로쉴드 칠 11BBGR
82279921,퓨전 프로글라이드 파워 4입날 쉐이브클럽 팩
82280231,다우니 퍼퓸 샤인 200ml
82280637,다우니 퍼퓸 샤인 향 1.6L (Bigbang)
82282247,팸퍼스 M6 베이비드라이 6단계 이코노미 박스1/128
82282700,퓨전 프로글라이드 파워 4+1 쉐이브클럽 팩 (프리미엄)
82283153,페브리즈 차량용 2개입(2mlx2) (라이트 블루향) (CT)　
82283166,페브리즈 차량용 3개입(2mlx3) 제주의 맑은하늘바람 (CT)
82284693,질레트 프로글라이드 파워 면도날 12입 코스트코팩
82285015,헤드앤숄더 슈프림 모이스쳐 샴푸 480ML (STK)
82285632,팸퍼스 크루저 3단계 박스 1/120_S7
82286413,퓨전 매뉴얼 면도기 1UP
82286721,페브리즈(MO) 370ML 용기형 은은한 향(쿠팡)(KREACH)
82286962,질레트 퓨전 프로쉴드 칠 면도날 6입
82288456,이마트 일렉트로맨 프로쉴드 1up+4ct+Gel 팩
82288484,페브리즈 화장실용 2개입(6mlx2) 상큼한 레몬향
82288496,이마트 질레트 프로글라이드+젤 추석팩
82288846,다우니 핑크 1L+1L 팩 베리베리와 바닐라크림 향
82289558,팸퍼스 베이비드라이 2단계 이노머스 박스 1/186
82289870,다우니 핑크 4LX3 베리베리와 바닐라크림 향_PGP E
82290344,OLAY RG CS 에센스 듀오 세트(30ml*2)
82290483,스위퍼 더스터 샘플 키트 1입
82290887,질레트 프로글라이드 매뉴얼8ct+파워3ct 팩 (홈플러스)
82291078,페브리즈 차량용 라벤더의 포근함2mlx3 이마트 창립팩
82291727,질레트 퓨전 프로글라이드 매뉴얼 면도날 16입팩
82292238,오랄비 초소형헤드 벨벳 5p DBD (기존)
82293398,다우니 퍼퓸 골드 샤인 1L+1.6L (Paper)
82293692,팬틴 미셀라 퓨어 & 클렌즈 샴푸
82293878,팬틴 콜로서스 샴푸 500ML 실키스무드 롯데
82295234,허벌에센스 바이오리뉴 자몽 샴푸+컨디셔너 쿠팡팩
82295272,오랄-비 전동칫솔모 EB20-4 + EB20-2 (Sticker)
82297115,오랄비 초미세모 블랙티 6개입 DBD
82297214,다우니 핑크 2L+1.6L 홈플러스 팩 (Paper)
82298080,팸퍼스 베이비드라이 2단계 점보 팩 34P*4
82298134,팸퍼스 크루저 4단계 박스 1/104_S7
82298421,팬틴 프로-브이 컬러 케어 샴푸 500ml
82299237,애트모스피어 유브이 크림30g
82300415,페브리즈 차량용 3개입(2.2mlX3)(라벤더의 포근함)
82300692,오랄-비 초미세모 벨벳 잇몸케어 그린티 1입 온라인 싱글
82301121,페이셜 트리트먼트 에센스160ml
82301688,화장용 퍼프(빅퍼프)
82301769,다우니 엑스퍼트 2L+1.6L 실내 건조 향 (홈플러스)
82303793,오랄-비 크로스액션 35모
82303799,오랄비 슬림탑 잇몸케어 1입
82305661,FAB 울트라 리페어 모이스처라이저 50ml(1.7OZ)
82306134,페브리즈 에어 (맑은하늘바람 PX)
82306670,페브리즈 섬유탈취제 은은한향 370ML+320MLX2 팩
82306824,퓨전 프로쉴드 옐로우 6+1팩 (코스트코)
82307875,다우니 블루 1.6Lx2+200mlx4 이마트 창립팩
82308141,오랄비 크로스액션 화이트닝 차콜 온라인 싱글
82308272,오랄-비 스테이지스 3단계 6입 프로즌팩
82308310,프로글라이드 매뉴얼 면도날 4입 (플렉스볼)
82308320,퓨전 프로쉴드 칠 면도날 8입
82308785,스킨 시그니처 3D 리디파이닝 마스크 1p (비매품)
82309497,팸퍼스 스와들러 5단계 19X4
82309852,질레트 프로글라이드 센서티브 엑티브 스포츠 포오미 245G 듀오팩
82309982,다우니 프리미엄 액체형 세제 실내건조 1.5L
82310186,다우니 퍼퓸 핫핑크 블룸 1LX12 DBD
82310292,프로글라이드 매뉴얼 면도날 4입 (PX)
82310295,질레트 프로쉴드 옐로우 면도날 4입(PX)
82310932,질레트 히티드 레이저 스타터 키트
82311531,페브리즈 섬유탈취제 상쾌한 향 370ml
82311683,질레트 프로글라이드 파워 면도날 12입 코스트코팩
82312700,Street Art 리미티드 에디션 디럭스 세트(ND20)
82313371,다우니 블루 4LX3 레몬그라스와 달콤한 라일락 향_PGP
82314446,다우니 코튼 퓨어러브 1L+1.6L 팩(이마트)
82314450,다우니  코튼 퓨어러브 향 1LX12 DBD
82314459,다우니 엑스퍼트 1L+1L 팩 실내 건조 향
82314546,오랄비 초미세모 틈새케어 6입 (쿠팡)
82315115,오랄비 잇몸 베스트 컬렉션 3입 팩 (롯데마트)
82316111,다우니 엑스퍼트 실내 건조 200ml
82316124,다우니 블루 700ml 레몬그라스와 달콤한 라일락 향
82316214,다우니 오션코랄 퓨어러브 향 200ML
82316441,다우니 어도러블 200ml
82316832,LXP 얼티미트 퍼펙팅 세럼50ml
82316888,오랄비 스테이지스4 프로즌스타워즈 2pX4입 (코스트코)
82317249,크로스액션 플라그가드 40모 3입
82317718,다우니 퍼퓸 블랙 미스티크 1.05LX3
82320475,다우니 어도러블 1LX4 팩 (CC)
82321957,SK-II 피테라 동안 세트 (RNA)
82322555,페브리즈 화장실용 1개입(6ml) 상큼한 레몬향 (Online)
82322842,질레트퓨전프로글라이드센서티브2in1액티브스포츠쉐이빙폼245g3입 + 타월
82323428,오랄-비 스테이지스 3단계 아이언맨 2입(이마트)
82323685,오랄-비 고탄력 초미세모 잇몸전문케어 6개입 + 왁스치실 1개입
82323927,페브리즈 섬유탈취제 다우니향 코스트코 (920MLX2)X10
82324092,퓨전 프로쉴드 칠 면도날 8입
82325074,팸퍼스 통잠팬티 5단계 26 X 4
82326764,다우니 블루 1L+1L 팩 레몬그라스와 라일락 (MQ)
82327317,오랄비 크로스액션 초미세모 8입
82327321,오랄-비 펄사 화이트닝 35 2개입 (CM팩)
82327409,다우니 프리미엄 액체형 세제 블루 1.7L
82327417,다우니 프리미엄 액체형 세제 핑크 2.8L
82327900,페브리즈 차량용 2.2mlx2 다우니
82328121,펄사 진동 치석 전문케어 2입
82328285,질레트 퓨전 매뉴얼 2up+8ct 팩 (이트레이더스)
82328758,팬틴 샴푸 200MLX6 데일리 모이스처 리뉴얼
82329985,페브리즈 섬유탈취제 다우니향 보충용 320ml
82330440,SK-II 피테라 탄력 세트 (RNA)
82330503,비너스 컴포트 글라이드 화이트티 면도기 2UP (657)
82330772,페브리즈 포맨 상쾌한허브 향 360ml 3입 쿠팡 팩
82330775,페브리즈 내추리스 레몬그라스앤진저 360ml 3입 쿠팡 팩
82330965,질레트 프로쉴드 옐로우 면도날 14입 (코스트코)
82331014,질레트 프로쉴드 옐로우 면도날 16입 팩 (COUPANG)
82331309,질레트 프로쉴드 옐로우 핸들+12ct팩 (COUPANG)
82331383,다우니 프리미엄 액체형 세제 살균 파워 910mLx12
82331607,팸퍼스 스와들러 2단계 29X4
82331834,스위퍼 막대걸레 스타터킷 1세트+스위퍼 미세먼지 정전기청소포리필40입X2
82331842,에스케이-투 페이셜 트리트먼트 에센스 앤디워홀 리미티드 에디션 (핑크)
82332488,SK-II 피테라 헤리티지 세트 Sep21
82333297,질레트 프로쉴드 옐로우 면도날 16입+면도기 거치대 (빅)
82333448,오랄-비 고탄력 초미세모 그린티 12개입
82333646,다우니 프리미엄 액체형 세제 살균 파워 1.9LX2 팩
82333709,오랄-비 어린이용 리필모 프로즌 4입 (EB10-4)
82333771,질레트 프로쉴드 옐로우 면도날 16입+질레트 시리즈젤+질레트 하이드라젤
82334013,다우니 엑스퍼트 실내 건조 오메가 (그린)  2LX2 (이트레이더스)
82402907,AS 헤어 컨디셔너 테스터
82403490,AS 프레스드 파우더 케이스
82408689,AS 컨트롤 C 프라이머 100 테스터
82410125,AS 네일 칼라 N 201 테스터
82410139,AS 네일 칼라 N 402 테스터
82412624,안나수이 락 미 투 SG 200ML
82414585,안나수이 모.리치 파우더 F. B02
82416568,돌체앤가바나 더 원 젠틀맨 오 드 뚜왈렛 30ml
82416816,AS 네일 칼라 N 606 테스터
82416833,립 루즈 지 테스터 700
82416905,돌체앤가바나 더 원 젠틀맨 오 드 뚜왈렛 테스터100ml
82417901,디앤지 1 르 바틀뤄 오 드 뚜왈렛 50ml
82418231,AS 립 칼라 컬렉션 MD V - 테스터
82420289, AS 글리터링 아이 칼라 200
82420310,AS 글리터링 아이칼라 001 - 테스터
82420601,AS 아이 칼라 (팬 필드 테스터) 201
82420710,안나수이 아이 칼라 컬렉션 AN IV
82421646,안나수이 네일 칼라 N 321
82421652,안나수이 페이셜 비누 세트
82422291,안나수이 더블 치크 칼라 01 -테스터
84821678,조명용 방향 쉐이드 (리필) 크랜베리와 서양배 향
84855984,퓨전 프로글라이드 파워 6+1 (코스트코)
84858787,비너스 프로스킨 면도기 2UP
84902680,프링글스순한맛스몰50G*12
84902688,프링글스콘소메맛184G*14
84919282,프링글스매콤한맛미디엄184G
84957546,프링글스바베큐맛미디엄184G
84978578,다우니 에이프릴 프레쉬향 1.53L
80222548,질레트 굿뉴스 플러스 1입날
80227674,퓨전 프로글라이드 매뉴얼 면도기 2UP
80237521,타이드 HE 프리엔젠틀 리퀴드 2.95L
80248783,프로글라이드 파워 면도날 14입 (플렉스볼)
80250632,프로글라이드 매뉴얼 면도날 8입 (플렉스볼)
80257715,팸퍼스 크루저 4단계 1/152
80264350,팸퍼스 크루저 5단계 1/132
80309048,오랄-비 SS4000C 코스트코팩
80317982,오랄비 음파전동칫솔모 SR32-2
80337903,오랄-비 초미세모 리필모 2입 (EB60-2)
80337925,오랄-비 프리시즌 클린 리필모 4입 (EB20-4)
80342404,프로글라이드 파워 1입 FWIP
80343497,557 프로글라이드 매뉴얼 2ct FWIP
80345458,오랄비 구강세정기 아쿠아케어4
80354273,오랄-비 전동칫솔 Smart4000 초미세모 블랙
80355674,오랄비 iO얼티밋클린 화이트 리필2입
80356484,오랄-비 어린이용 전동칫솔 프로즌 D12K
80684318,"오랄-비 전동칫솔 D16 DNA (하이퍼, COO Change)"
80684353,팸퍼스 베이비드라이 팬티 4단계(대형) 42X4
80684853,팸퍼스 2022년형 베이비드라이+통잠 5단계 샘플팩 8X30
80691239,에스케이-투 페이셜 트리트먼트 에센스 앤디워홀 리미티드 비매품(핑크)
80693885,다우니 생화향기 컬렉션 와일드 라벤더1.05x12
80693949,다우니 베이스 핑크 맥퀸 베리베리와 바닐라크림 1L
80697761,헤드앤숄더 샴푸 1.13L 애플프레쉬 레거시
80698697,질레트 퓨전 매뉴얼 면도날 4입 (557)
80702239,페브리즈 화장실용 1개입(6ml) 은은한 라벤더향 (Online)
80703835,에스케이-투 페이셜 트리트먼트 에센스 앤디워홀 리미티드 비매품(핑크)
80704616,ND’22 하이퍼 페스티브 레드 공병
80709553,질레트랩스 면도날 8입
80710702,다우니 프리미엄 액체형 세제 냄새딥클린 퍼플 1.7L X 6
80711662,스킨파워 에센스 50ml 듀오세트
80715114,질레트 스킨텍 파워 면도날 4입 (557)(CP stk)
80715976,(FWIP) 557.1 스킨텍 매뉴얼 1ct 
80715987,(FWIP) 557.1 스킨텍 매뉴얼 3ct 
80716564,페브리즈 향균플러스 산뜻한향 370m+640ml (트레이더스)
80726643,다우니 프리미엄 액체형 세제 실내건조 2.7LX2 코스트코 팩
80729989,오랄-비 컴플리트 5 웨이 클린 9개입
80733473,다우니 생화향기 컬렉션 스프링 가든 러브  2Lx4 (2023년형)
80734093,오랄비 키즈 리필모 프로즌 4입
80739945,오랄-비 Icon X 8개입
80740105,팬틴 프로-브이 콜라겐 극손상케어 트리트먼트 220ml X4 KR Cos
80742182,다우니 실내건조 플러스 (그린) 200mlx24
80743901,헤드앤숄더 시트러스 레몬 샴푸 750ml 레거시
80745898,질레트 프로글라이드 매뉴얼 1up+4ct 설날 팩 (이마트)
80752449,다우니 세제 추가헹굼제로 본품 2.9Lx4
80754550,오랄-비 <겨울왕국2> 스테이지스 3단계 8개입
80763677,헤숄 컨디셔닝 린스 쿨 멘솔 850ml
80767262,SK-II FY2324 30G 프리팩
80767615,피테라 디럭스 하이드레이팅 세트 HN
80772795,팸퍼스 2024 에어차차 썸머팬티 5단계 52X3
80774962,다우니 세제 실내건조 2.2LX4 BD
80774968,다우니 세제 퍼플 3LX4 BD
80776656,스킨파워 리-뉴 에센스 50ml
80776841,(FWIP) 557.1 스킨텍 파워 1up 
80777214,질레트 랩스 6up (핸들2up+ 면도날 4입)
80778973,다우니 섬유유연제 삶음탈취 4LX4 코스트코
80779937,다우니 프리지아 앤 페어2LX4 M1
80781057,페브리즈 항균플러스 깨끗한향 보충형 320ML
80783662,다우니 세제 추가헹굼제로 리필 1.4Lx6
80783698,애트모스피어 UV 크림 30g 듀오 세트
80784937,LXP 얼티미트 퍼펙팅 크림 15g
80785711,스킨파워 에센스 50ml
80792793,팬틴 극손상 케어 트리트먼트 220ml
80794401,페브리즈 섬유탈취제 다우니 리필 320ml
80798471,다우니 세제 실내건조2LX2 BD
80811893,다우니 세제 블루 1.9LX6 J1
80823420,오랄-비 전동칫솔 Pro1000 블랙
80825006,다우니 실내건조플러스(그린)2.6LX6 R1
80825378,다우니 프리지아 앤 페어 1.05LX3 M2
80825737,타이드 세제 파워클린 3.7Lx3 v2
80826679,헤숄 샴푸 쿨멘솔 1.2L
80826683,헤숄 샴푸 애플 850ml
80826691,헤숄 샴푸 퍼퓸 800ml
80830244,팸퍼스 2025 터치오브네이처 여름낮밤패키지 체험팩 4단계
80831271,다우니 삶음탈취 플러스 1.05LX3 R3
80836211,페이셜 트리트먼트 클리어 로션 30ml
80838291,에스케이-투 스킨파워 리-뉴 에센스 50ml
80842207,오랄비 고탄력 초미세모 잇몸전문케어 4입
80842226,오랄비 고탄력 초미세모 틈새4입
80842288,페이셜 트리트먼트 에센스 230ML
80843085,페브리즈 차량용 방향제 다우니 시트러스 (2.2MLX2)X6
80843755,다우니 미스티크 1.35LX6 MW2C
80846028,다우니 핑크 베리베리와 바닐라 1LX12 F3
80854626,다우니 실내건조 프레시클린 (4Lx2)x1 H1
80857046,질레트랩스 딥클렌징바 면도날 4입
80863029,오랄비 부드러운세정 고탄력 초미세모 그린티 4입
80873239,엔젤브리즈 소프트 팬티 6단계 30x4
80873349,(T)질레트 스킨텍 매뉴얼 기1+날6
80875725,질레트랩스 핸들 + 면도날 6입 + 스탠드
80882577,다우니 퍼플 화이트티와 릴리 1.6LX9 P2
80883976,다우니 화이트티 1LX12 D2
80886835,페브리즈 섬유탈취제 다우니 에이프릴향 880ML x2
80999032,프링글스쉬림프페퍼맛184G
81019189,AS 아이 칼라 액센트 004
81081045,BT 250ML 센시티브스칼프샴푸
81105615,돌체앤가바나 라이트 블루 뿌르 옴므 애프터 쉐이브 로션 75ml
81131503,AS 모이스처라이징 로션
81151164,플로라 바이 구찌 EDP 50ML
81151449,AS 리퀴드 아이 칼라 G750 테스터
81153787,SP 125ML 클리어스캘프 로션
81153871,SP 1L 샤인 디파인 샴푸
81164338,KP 10/11 엔
81164492,KP 5/03 엔
81181342,AS 아이래쉬 컬러 테스터
81187246,보스 오렌지 맨 오 드 뚜왈렛 40ML
81216676,클리마존 S4 스탠드 세트
81216955,헤어캡
81249413,BT 프리시스 글로리 파이어
81259237,브라운면도기 Z50
81271040,WC 250ml에이지 인슈어 리바이빙 샴푸
81271042,WC  200ml엔리치 모이스쳐라이징 컨디셔너
81271067,WC 150ml엔리치 모이스쳐라이징 트리트먼트
81296058,브라운 시리즈1 날과망 10BN
81378170,펌아이롱
81387934,브라운 크루저 날과망 20S
81448029,팸퍼스 뉴베이비 센서티브 1단계 (39X4)
81523049,브라운 시리즈7 면도기 720S-7
81625451,브라운 시리즈5 PP5 날과 망 52S
81726687,브라운 면도기 시리즈 3 3050VS
81759009,브라운 시리즈 6 면도기 60-B7200vs BLUE
81761494,브라운 시리즈 9 면도기 9466cc CHROME
82000303,집안 먼지 제거용 페브리즈 리필
82001454,샤이니룩 에센스
82012296,팬틴샴푸／컨디10ML 2*50 (BUND)
82013171,비달웨이브샴푸10ML 1*500
82013839,SK2리페어C리퀴드FND 33
82013843,SK2리페어C파우더FND 22
82014889,이마트 팩 대형 104 AMJ
82019068,SK2 FT크림30G
82019108,SK2 FT마스크 1*6
82024487,팬틴 1100팩-바운시볼륨
82024512,SK2화이트닝리퀴드FND 41
82026412,위스퍼그린울트라일반중20*24
82032449,비달프로샴푸정상575ML 1*6
82033809,바디샴푸물비누1*12  J1220
82037879,SACHET OF SK2 DEEP WHITENING
82037984,페브리즈(MO) 370ML 용기형 허브 향
82038010,헤드앤숄더770팩-센서티브알로에
82039138,SK2 CLEAR PRESSED POWDER
82039620,팬틴플러스올인원프로모션400ML
82040997,아텐드 중형60*1
82041290,트로픽스향1*12
82041524,위스퍼슬림날개대형20*24
82041606,위)울트라후레쉬일반중형20*24
82041616,위스퍼듀오밤시간16*24
82042124,SGNS퍼펙트래디앙스 PWDFND 미니샘플
82043702,비달사순샴푸웨이브1000ML1*6
82043880,비달사순샴푸스트레이트1000ML
82044690,비달린스960ML 1S*6 WAVY
82044749,비달스타일링믹스4종1*20
82045354,페브리즈플러스보충용320ML*24
82045806,코디50M 10R
82045848,PANTENE SHP 10MLX576 UP BC96AG
82046035,SK2 ADV WHT리퀴드FND 31 SP
82046394,큐티드림골드신생아72*4FALL01
82046743,위스퍼그린UWR20*24
82046858,이플러스70M*12R*6
82046883,팬틴샴푸손상1000ML1*6
82047085,SK-II FACE LOT 30G SIGNS CONC SP W-UC
82047149,팬틴올일원샴푸플러스550ML*6
82047929,SK2아이트리트먼트필름PRSP
82048844,큐티드림골드중형샘플2*50
82049602,PAMPERS DPR LG 52SX4 SPRING02 TAPED JMB
82050663,페브리즈플러스보충용320ML*24
82052197,WHISPER LN 40SX24 CDU WING WHITE BULL
82052680,팬틴모이스쳐케어린스375ML
82054682,팬틴볼륨1375ML직거래
82054690,비달시스템팩STRT 1260ML
82055181,위스퍼슬림날개대형18P
82055672,팬틴FEB 03 1250ML볼륨
82056332,헤드앤숄더샴푸모이스트570ML
82056444,비달560+500 WAVY PACK
82057010,팬틴모이스쳐1435팩MAR 03
82057951,크레스트스탠드3단단면
82059342,팬틴선물세트5호
82059535,팬틴7월1500팩-모이스춰
82060385,헤드앤숄더40모이스트
82064515,비달 11월 560/500 팩-스트레이트
82065143,큐티드림골드중형104머천다이징-롯데마트용
82065595,팬틴1400팩모이스춰
82065668,코디증정품 (롤백)
82065929,큐티드림골드특대형 42S*4 SPRING04
82067046,위스퍼소프트라이트2개입x150 샘플
82067068,프링글스피크닉팩오리지날
82067243,위스퍼소프트클린일반중형20개입
82068896,팬틴1200팩모이스춰
82069665,H&S센서티브알로에 스티커링 샴푸570ml
82070085,위스퍼오버나이트+중형시스템프로모션팩E
82070810,팬틴400트리트먼트팩집중손상
82071405,비달사순 컬러케어 샴푸560
82071782,비달사순1400Pack웨이브
82072345,팬틴스페셜세트집중손상
82072816,조이270mlx3기획상품
82074338,위스퍼 소프트클린 울트라 중형 6P증정팩
82074558,에어터치 FND OB-4(트라이얼)
82074628,후레쉬라이너 무향 20
82074743,큐티편안한아기(중형2S*15)+(대형2S*4)
82074762,에어터치 FND BE-2(리필)
82075807,웰라폼 디럭스
82076281,비달사순 컬러케어 린스 960_넥행어
82077220,큐티 편안한아기 골드 대형 40P
82078477,팬틴 엑스트라 스트레이트 샴푸 750ML
82079868,위스퍼 그린 3단계 시스템팩
82079899,페브리즈 900ML 실속형 상쾌한 향(S)
82080690,웰라 트리트먼트칼라 인텐시브 5B
82081086,SK-II LXP 액티베이팅 마사지 프루이드200
82082854,팬틴 2050팩-모이스춰
82083335,비달사순 프로페셔널 린스 560ML_STKR
82083419,웰라 트리트먼트칼라 내츄럴 7N
82083464,팬틴 2050팩-엑스트라 스트레이트
82083854,팬틴 코스트코1200팩-엑스트라 스트레이트
82084975,팬틴 Extra스트레이트 트리트먼트에센스100
82085607,위스퍼 소프트클린 울트라 시스템팩
82087370,SK-II 화이트닝 소스 스킨 브라이트너
82087839,위스퍼 롯데마트 알뜰기획팩
82088170,비달사순 살롱 모이스춰 컨디셔너 850ML
82088414,비달사순 스타일링 코스메틱 믹스드 I
82089303,프링글스 독일풍 소시지맛
82089342,큐티 편안한아기 골드 대형 40P
82089557,팬틴집중손상케어샴푸550ML
82089881,팬틴 트리플집중 영양팩 185G
82093094,웰라칼라엑스트라케어 11/0(10개입)
82093103,웰라칼라엑스트라케어 10/4(10개입)
82094295,팬틴 2960DM 팩-엑스트라 스트레이트
82095848,큐티 편안한 아기 중형 96 테스코-물티슈
82096409,헤드앤숄더 2880팩-모이스트
82096474,헤드앤숄더 2270팩- 쿨 멘솔
82096555,위스퍼 소프트클린 슬림 오버나이트 20
82099356,헤드앤숄더 2320팩-레몬그라스
82099744,팬틴집중손상케어컨디375ML
82099867,플로랄향(투명) 페브리즈 대용량 900ML
82100171,HE 헬로우 하이드레이션 컨디셔너
82100372,팬틴 헤어타임리뉴얼 샴푸40
82101345,팬틴 실키 스무드 케어 컨디 500ML
82101784,위스퍼 트윈윙 테스코전용 78P
82102802,화이트 소스 트랜스폼 FND 510
82103067,어드밴스드 화이트닝 소스 리퀴드 FND 310
82105785,SGNS퍼펙트래디앙스 LIQFND440
82106221,위스퍼 소프트클린 세이프티존 울날소 18P
82106235,위스퍼 그린 세이프티존 날개중형 64P
82106631,팬틴 2550팩-실키스무드
82106644,어드밴스드WS팬케익EX 420
82107763,헤드앤숄더 770컨디팩-헤어 폴 클리닉
82109766,위스퍼 트윈윙 오버나이트 14P
82109857,위스퍼 트윈윙 테스코전용 72P
82111173,헤드앤숄더실키모이샴푸200ML
82111485,위스퍼 팬티라이너 클린라이너 향취 36*2P
82111690,위스퍼 그린 S 80p
82111700,위스퍼 소프트클린 S 테스코 알뜰 74p
82113090,SKII 화이트닝 소스 클리어 스팟
82113729,팬틴 헤어타임리뉴얼 샴푸280_스티커
82114704,페이셜트리트먼트마사지크림
82115873,2009설 팬틴 선물세트 3호
82116525,페브리즈 플러스 보충형 320ML
82116791,페브리즈(MO) 900ML 실속형 플러스
82117570,팬틴EXTRA스트레이트컨디850ML
82117608,비달사순 살롱 모이스춰 삼푸 850ML
82117760,헤드앤숄더 센서티브알로에 삼푸 570ML
82118310,헤드앤숄더 코스트코 1700팩- 알로에
82118361,비달사순 내추럴 스타일 무스
82118370,비달사순샤이니에센스왁스 60G
82119039,프링글스 미디엄 매운맛 140g (address sti
82119946,스킨시그니처 크림인 파운데이션 320
82120825,위스퍼 세이프티존  ML 70P_농협
82120836,위스퍼 세이프티존 그린 4P (판매용)
82123021,헤드앤숄더프레쉬레몬컨디200ML
82123322,헤드앤숄더 코스트코 1700팩- 레몬그라스
82125580,페브리즈 엑스트라 스트랭스 대용량 900ML
82125734,팬틴컨디500바운시볼륨IR
82125962,위스퍼 베이직 패드 중형 18 개입
82125982,위스퍼 리프레쉬클린케어 울날대 30>
82127014,화이트닝스팟스페셜리스트 50ml
82127201,팬틴클리니케어샴푸280프리즈디펜스CA
82127521,위스퍼 슈퍼롱 오버나이트 2P
82129422,팬틴클리니케어샴푸550프리즈디펜스CA
82131018,듀라셀 울트라 AA 8개입 파워체크
82131530,팬틴 프리즈디펜스 세럼 30
82131625,JFM'10페브리즈 370ML+320ML팩 상쾌한향
82132430,브라운 핸드블랜더 MR5550 MCA W. LID
82133575,헤드앤숄더 2-IN-1 850 스티커
82133581,헤드앤숄더 쿨 멘솔 컨디 850 스티커
82134100,링클 스페셜리스트 2g 샘플
82134477,Distributor 전용팩 B (GB+Trad)
82134911,위스퍼 리프레쉬 클린 케어 중형 4개입
82137915,듀라셀 디럭스 알카 AAA 12개입
82137943,로케트 알카 AA 2개입 스몰카드
82137962,화이트 래디언스 아이 세럼
82138427,마하3 2UP+4입PACK
82138665,2010 추석 롯데4호
82138929,클리니케어 프리즈디팬스 800ML 팩
82139110,오랄-비 크로스액션 35모
82139117,토탈이펙트 7 인 1 안티에이징 인헨싱 클리어 로션
82140157,오랄비 어린이칫솔 기획팩 (3단계)
82141431,셀루미네이션 팬케익 440
82141578,퓨전 매뉴얼 면도날 16입
82143237,헤드앤숄더 007 800팩- 겸용샴푸
82143416,화이트닝 소스 덤 리바이벌 프로그램 6P
82143884,팬틴삼푸 850 인텐시브모이스쳐_IR_슬리브
82144240,오랄비전동칫솔세트D12.023W+EB18-2
82144523,조명용 방향 쉐이드 (건전지형) 크랜베리와 서양배 향
82144741,듀라셀 믹스드 케이스 A (듀라셀 AA4 + AAA4)
82145298,오랄비 어린이 전동칫솔 D12 (Emart)
82146194,클리니케어샤이니리플렉션오일30헤어타임리뉴얼CA
82146443,셀루미네이션 팬케익 330
82146546,비달사순 프리미엄 컬러 케어 샴푸 475ml
82146913,팬틴 모발강화케어 2550팩_RRP
82147058,토탈이펙트 7 인 1 안티에이징 크림 노말
82147072,"화이트 래디언스 울트라 유브이 블록커 (SPF 50+, PA+++ )"
82147113,토탈이펙트 셋트 3 (크림노말 50G+세럼 10G)
82148956,퓨전 파워 4입날 + 퓨전 파워 레이저 1UP 기획팩_테스코
82149802,FT 젠틀 클렌징 크림 2.5G 샘플
82150504,클리니케어 프리즈디팬스 코스트코 800ML 팩
82150778,헤드앤숄더 007 1500팩- 포맨헤어폴클리닉
82152399,싸인즈 퍼펙트 래디언스 PWD FND 320
82152812,페브리즈 다우니향 370ML 용기형
82152926,헤드앤숄더 샴푸550 헤어폴클리닉
82154715,팬틴 컨디 500 내추럴 케어 슈링크
82155003,오랄비 전동칫솔 D16
82155347,스킨시그니처 크림 인 FND 320
82155437,아쿠아액션 딥 하이드레이션 듀
82155440,토탈이펙트 7 인 1 안티에이징 스트레치 마스크
82156130,듀라셀 울트라 AA 24개입 파워체크
82156632,토탈이펙트 7 인 1 안티에이징 인텐시브 크림 (SPF20 PA++)
82156747,페브리즈 비치형 하와이 스타터킷 5.5ml
82157176,페브리즈 (900+320) 팩 상쾌한향
82157683,광채 화이트닝 트라이얼 세트
82157988,오랄비 크로스액션 프로엑스퍼트 젠틀케어 35모 3개입
82158629,페브리즈 은은한향 용기형 370ML 올림픽
82159560,듀라셀 울트라 AA 4+2팩 CM버전
82159910,팬틴샴푸500모발강화STK
82160341,비너스 브리즈 2UP
82160550,스템파워 크림 컴팩트 파운데이션 320
82161660,오랄비전동칫솔모 EB20-4+EB18-2 코스트코 (FFS)
82162083,퓨전 프로글라이드 매뉴얼 면도기
82162981,위스퍼 리프레쉬클린 슈퍼롱오버나이트10p
82163654,화이트 래디언스 포밍 클렌저
82164118,"화이트 래디언스 울트라 유브이 블록커 (SPF 50+, PA+++ )"
82164321,토탈이펙트 7 인 1 안티에이징 스트레치 마스크
82164696,페브리즈 비치형 뉴질랜드 스타터킷 5.5ML 온팩
82165433,프링글스 와일드스파이스 110G X 12
82166309,퓨전 프로글라이드 마이다스 매뉴얼 8입날 + 면도기 무료증정
82170828,다우니 블루 2L+700ml 팩 튤립과 달콤한 라일락 향
82171036,페브리즈 다우니향 370 + 320 팩
82172141,질레트 퓨전매뉴얼 면도날8입
82172401,스템파워 80g
82173180,올라운더 마이크로씬 클린
82176233,브라이트닝 펄 피니셔 컴팩트
82176850,JP 팸퍼스 액티브 팬츠 특대형 (50+2)X3
82178691,페브리즈(MO) 320ML 리필형 상쾌한 향
82178864,인디케이터 컴플리트 미세모 35모 3+1입
82179026,P&G 팬틴 선물세트 T2호
82180700,팬틴 집중손상케어 컨디셔너 850
82181415,아쿠아액션세트(AA롱젤+AA듀20*2ML+AA젤15G)
82181940,위스퍼 보송보송케어 중형 4개입 CVS 팩
82181976,페브리즈 비치형 스타터킷 뉴질랜드 계곡의 향기
82183113,다우니 블루 700ml 튤립과 달콤한 라일락 향_Oct’12
82183250,페브리즈 비치형 리필 다우니향
82184123,팬틴 모발강화케어 샴푸 500
82184181,오랄비 어린이 전동칫솔 리필모 코스트코 팩
82184649,헤드앤숄더 건조한 두피케어 컨디셔너 850ml
82186480,화이트닝 스팟 스페셜리스트 75ml
82186700,팬틴 실키 샤인 에센스 200ml
82187623,시리즈 젤 모이스쳐라이징 200ml
82189433,헤드앤숄더 가려운두피케어 850*4팩
82189580,듀라셀 알카 D 2개입
82190415,시리즈젤 모이스춰라이징 200ML
82190982,에스케이-투 피테라 에센스 기프트 에디션 215ml
82191361,팸퍼스 베이비드라이 3단계 이코노미 박스1/222
82191947,팸퍼스 스와들러 1단계 메가팩 3/54
82192012,팸퍼스 이지업 팬티형 여아 5단계 빅 1/54
82192488,에스케이-투  싸인즈 아이 마스크 1p(비매품)
82192619,위스퍼 보송보송케어 울날대 슈퍼롱 팩
82194574,팬틴 집중손상케어 2200팩_new
82194750,오랄비전동칫솔모8입EB20-8 (FFS) (Club)
82194800,페브리즈 다우니향 210ml
82194888,에스케이-투 페이셜 트리트먼트 에센스-아이 15g
82195732,페브리즈 370ml+320ml 팩 은은한향 DJF'13
82196445,팸퍼스 이지업 팬티형 남아 5단계 수퍼 1/72
82196482,팸퍼스 베이비드라이 5단계 이코노미 박스1/172
82197632,비너스 & 올레이 8+1 팩 (코스트코)
82198591,페브리즈 비치형 스타터킷 태국의 열대과>
82198749,허벌 에센스 핑크 로즈 컬렉션 컨디셔너 475ml
82200698,팬틴 트리트먼트 100mlX6 딥 리페어 크림 케이스
82200808,위스퍼 리프레쉬클린 슈퍼롱오버나이트10p
82201347,위스퍼 피부애 울트라  날개대형 28P
82201534,팸퍼스 BB 베이비드라이 3단계 메가팩
82202954,팬틴 베이스 850 집중수분 믹스드케이스
82203391,위스퍼 팬티라이너 허브 40개입 (RRP)
82205064,다우니 핑크 700ml베리베리와 바닐라크림 향_Oct’12
82205579,프로글라이드 매뉴얼 F14 잉글랜드
82205767,셀루미네이션 리퀴드 파운데이션 320
82205891,페브리즈 차량용 2ML (라벤더의 포근함)
82206441,퓨전 매뉴얼 면도날 4입 TESCO
82206500,오랄-비 크로스액션 7 베네핏 40모 3입(롯데마트)
82207274,질레트 시리즈젤 쿨클렌징 TESCO
82207752,오랄-비 어드밴티지 컴플리트 화이트닝
82207901,로케트 망간 C 2개입 슈링크팩
82208801,듀라셀 디럭스 알카라인 AA 16팩
82209707,스템파워 에센스 50ml
82209718,화이트닝 스팟 스페셜리스트 30ml
82210032,팬틴 집중손상케어 샴푸 500
82210708,다우니 블루 1L+700ml 팩 튤립과 달콤한 라일락 향
82211041,오랄-비 스테이지스 2단계 2입
82212369,오랄비 고탄력 초미세모 클래식 1입
82212507,셀루미네이션 딥 서지 이엑스 2g(비매품)
82215382,헤드앤숄더 샴푸 1200MLX6 아이스 프레쉬_마운틴듀
82215694,페브리즈 370ml+320ml 팩 상쾌한향 AMJ'14 - Uniform
82216652,알엔에이 파워 에센스 50ml
82217136,페브리즈(MO) 320ML 리필형 상쾌한 향
82218699,팬틴 컨디셔너500X9 엑스트라볼륨
82218710,에스케이-투 페이셜 트리트먼트 에센스 핑크 플라워 리미티드 에디션
82219841,오랄-비 왁스 치실 50M 1X6X8
82221280,팬틴 프로브이 아이스 샤인 샴푸 727ml+샴푸388ml 이마트
82221917,위스퍼 리프레쉬 클린케어 중형 50개입
82224678,사틴케어 쉐이브 젤 센서티브 195G 1X6
82225676,오랄비 치실 글라이드 딥 클린 40m
82227367,SK-II 마그네틱 아이케어 키트
82227680,페브리즈 370ml+370ml 팩 다우니향
82228437,질레트 비너스 임브레이스 면도기 2up
82228557,위스퍼 코스모 인피니티 중형 2개입
82228926,위스퍼 소프트라이트 2 날개형 28P
82229042,헤드앤숄더 쿨멘솔 2800팩 RRP
82229208,페이셜 트리트먼트 젠틀 클렌징크림 15g(비매품)
82229294,셀루미네이션 리퀴드 파운데이션320
82229682,컬러 클리어 뷰티 모이스처 시어 립스틱 - 221
82230047,스킨 퍼펙팅 파운데이션105
82230333,다우니MQ 1L+1L 미스티크 번들팩-영문명삭제버전
82230835,페브리즈(MO) 370ML 용기형 은은한 향
82230975,페브리즈 섬유탈취제 상쾌한 향 370mlX2
82231139,위스퍼 피부애 울트라  날개 소형 32P
82231399,듀라셀 믹스드 케이스 B (듀라셀 AA2 + AAA2)
82231758,질레트 퓨전 파워 면도기 1up
82231926,알엔에이 파워 크림 50g
82232082,팸퍼스 뉴베이비 센서티브 1단계 2P 샘플패드 (2X84)
82232147,페브리즈 다우니 아로마쥬얼 에메랄드 브리즈향 용기형 370ML
82232213,다우니 아로마 쥬얼 블루 에메랄드 브리즈 375g
82232774,오랄-비 크로스액션 35모 탁월한 세정력 3입(롯데마트)
82232792,오랄비 어드벤티지4웨이 후레쉬 3입 + 크로스액션 탁월한 세정력 2
82232876,페브리즈 에어 화장실용 상쾌한 하늘향 2개입
82233081,오랄-비 전동칫솔 D20
82233175,팸퍼스 크루저 5단계 1/132
82234617,헤드앤숄더 Bahamas샴푸 850 딥클린
82235005,오랄-비 스테이지스 3단계 어벤져스 1입
82235197,위스퍼 피부애 라이너 향 36개입
82235267,탐팩스 펄 수퍼 18개입
82235551,다우니 블루 1L+700ml 팩 레몬그라스와 달콤한라일락 향
82236090,질레트 마하 3 면도기 1up
82236319,더블유에스 덤 리바이벌 프로그램 6P
82236347,프로글라이드 파워 면도기 1up (플렉스볼)
82236692,페브리즈 엑스트라 스트랭스 용기형 370ML
82237407,오랄-비 스테이지스 2단계 행사팩
82238834,팬틴 퀀텀 샴푸 500ml 엑스트라볼륨
82240191,페브리즈 차량용 맑은 하늘 바람 2개입 + 다우니향 2개입_코스트코
82240962,다우니 퍼퓸 화이트 1.7L 클래식 향
82241690,위스퍼 피부애 울트라날개 중형 18P X 2
82241877,T LXP 얼티미트 퍼펙팅 에센스 10ML 미니
82242218,팬틴 데일리 모이스쳐 리뉴얼 샴푸 1200ml (Base)
82242851,팬틴 컨디셔너200MLX6 데일리 모이스처 리뉴얼
82242994,오랄비어린이칫솔모EB10-2
82243061,다우니 아로마쥬얼 레드 루비플로럴 375G
82243111,New 마하3 터보 13+1팩 (코스트코)
82243458,오랄-비 어드밴티지 컴플리트 화이트닝
82243559,위스퍼 리프레쉬클린 케어 시스템 74개입
82243562,오랄-비 민트향 왁스 치실
82243794,페브리즈 차량용 프리미엄 후레시 하모니 리필 7ml (K-Reach)
82243825,페브리즈 에어 바닐라라벤더의포근함 275G (K-Reach)
82243836,페브리즈 비치형 리필 (다우니향) (K-Reach)
82243956,페브리즈 부착형 화장실용 스타터킷 (포근한 숲속향) (K-Reach)
82244769,오랄-비 크로스액션 탁월한 세정력 35S 3+2
82245163,팸퍼스 베이비드라이 1단계 1팩(43매)
82245428,프로글라이드 파워 6+1 팩 (플렉스볼)
82245460,질레트 프로글라이드 실버터치 면도기 1up (플렉스볼)
82245532,다우니 핑크 1.6L 베리베리와 바닐라크림 향
82246122,오랄비 슬림탑 잇몸케어 1입
82246399,아티산 브러쉬 파운데이션 440 (유브이/라이트)
82247358,페이셜 트리트먼트 에센스330ml
82248303,오랄비 스테이지스 치약 카즈&프린세스
82248816,엘엑스피 얼티미트 퍼펙팅 세럼 10ml(비매품)
82248896,센서3 일회용 스포츠 4팩
82249334,헤드앤숄더 2550팩- 헤어 폴 클리닉(Bali)
82250062,화이트닝 소스 덤 브라이트너75g
82250521,알엔에이 파워 크림 50g
82250696,제놉틱스 스팟 에센스30ml
82251005,페브리즈 차량용 2MLX6 (뉴질랜드 계곡)_TESCO
82251356,페브리즈 370ml+320ml 팩 은은한향(PP)
82252551,피테라 에센스 230ml 디럭스 듀오 세트
82252557,제놉틱스 스팟 에센스 50ml 듀오 세트
82252794,스킨 퍼펙팅 파운데이션 미니420(비매품)
82252906,페브리즈 섬유탈취제  이마트팩 허브 370mlX2 + 다우니 210ml
82253009,위스퍼 피부애 울날대 32Px2 (이마트)
82254559,헤드앤숄더 Bahamas 샴푸 550 딥클린
82255651,위스퍼 코스모 울트라 날개 대형 16개입
82255929,페이셜 트리트먼트 클리어 로션 30ml(비매품)
82255930,컬러 클리어 뷰티 파우더 파데105
82255969,LXP 얼티미트 퍼펙팅 아이크림 0.5g(비매품)
82255977,페이셜 트리트먼트 클리어 로션 10ml(비매품)
82257939,화장용 퍼프(빅퍼프)
82257999,프로글라이드 센서티브 젤 퓨어스포츠 170g (1X2)X3
82258031,다우니 퍼퓸 윈터로맨스 1LX12
82258044,헤드앤숄더 발리 샴푸 550 쿨멘솔
82258135,허벌 에센스 클래식 릴렉싱 카모마일 트라이얼 980팩
82259624,팬틴 콜로서스 컨디셔너 500ML 실키스무드
82259770,퓨전 프로쉴드 옐로우 면도날 8입
82259908,헤드앤숄더Summer Iconic컨디셔너850쿨멘솔
82260862,다우니 퍼퓸 화이트 200ml 클래식 향
82260996,팬틴 콜로서스 엑스트라볼륨 1500팩X6
82261287,페브리즈 섬유탈취제 가벼운 시트러스 향 370ml
82261811,위스퍼 보송보송케어 울트라날개 대형 30PX2 (롯데마트)
82263292,다우니 퍼퓸 샤인 1L+1L
82265249,페브리즈 차량용 2ML (담배냄새제거용)(LEGO)
82266095,다우니 퍼퓸 그린 1+1 보타닉 가든 향 PP
82266304,다우니 스포츠 1.6LX2 액티브 시트러스 향
82267035,다우니 퍼퓸 샤인 향 1L (Chanel)
82267084,다우니 퍼퓸 샤인 향 1LX3
82267195,오랄비 스테이지스3 카즈 6입 쿠팡팩
82271307,오랄-비 DNA D16 롯데 (COO Change)
82272081,다우니 퍼퓸 블랙 미스티크 1LX3 (Chanel)
82272665,화이트닝소스 덤 리바이벌 마스크1p
82272915,퓨전 프로쉴드 칠 면도날 8입
82274490,얼티미트 샘플키트 40G(Airy)
82275373,피테라 풀라인 세트
82275699,페이셜 트리트먼트 마사지 크림80g
82276299,오랄비 민트왁스 치실 6입 기획팩 (이트레이더스)
82276538,화이트닝소스 덤 리바이벌 마스크1p
82278807,다우니스포츠1L+1L+(200mlX2)액티브시트러스향(Olympic)
82278918,페브리즈 차량용 맑은 하늘 바람 2개입 + 다우니향 2개입_코스트코
82279132,허벌에센스 클린 화이트 스트로베리 & 스윗 민트 컨디셔너
82281190,클래식 허벌 에센스 모이스쳐라이징 컨디셔너 일반모
82281472,페브리즈 섬유탈취제 허브 향 320ml (Harmony)
82282243,팸퍼스 M5 베이비드라이 2단계 이코노미 박스1/222
82282269,헤어레시피 꿀&살구 수분 샴푸 530mlX2팩
82282785,퓨전 프로쉴드 칠 12+1 쉐이브클럽 팩 (프리미엄)
82283002,프로글라이드 센서티브 엑티브 스포츠 포오미 245g
82283155,페브리즈 차량용 2개입(2mlx2) (라이트 라임오렌지향) (CT)
82283226,오랄비 크로스액션 젠틀케어 5입 (롯데마트)
82283321,페브리즈 섬유탈취제 은은한향 900ML+320ML (LT)
82283592,시리즈젤 센서티브 스킨 3입
82283611,브라운 세정액 CCR4 (코스트코)
82283953,질레트 프로글라이드 매뉴얼 믹스드케이스
82284207,오랄-비 어린이 전동칫솔D12 카즈 콤보 코스트코 팩
82284339,질레트 블루3 심플 8s
82285654,팸퍼스 베이비드라이 1단계 점보 팩 44P*2 (M6)
82286076,다우니 오션코랄 퓨어러브 1LX3 (쿠팡)
82286407,페브리즈 비치형 스타터킷 (다우니향) (Kreach2)
82286718,페브리즈 섬유탈취제 가벼운 허브향 370MLX4 (이트레이더스)
82287250,SK-II 피테라 오라 세트
82289119,다우니 퍼퓸 블랙 미스티크 2LX2 팩 (이트레이더스)
82289270,다우니 핑크 1L+1.6L 베리베리와 바닐라 크림 향 (Agri)
82290659,헤드앤숄더 울트라맨 왁스리무버 SH 750mlX2 팩
82291721,질레트 퓨전 프로글라이드 매뉴얼 면도날 10입팩
82292122,다우니 윈터 데이트 1 LX3 팩
82292214,페브리즈 포맨 용기형 370ml (PX)
82292231,오랄비 고탄력 초미세모 잇몸전문케어 4입
82292780,다우니 퍼퓸 블랙 미스티크 향 2L
82292802,다우니 퍼퓸 그린 보타닉 가든 향 2L
82292828,다우니 핑크 4LX3 베리베리와 바닐라크림 향 (홈플러스)
82292921,제놉틱스 오라 에센스 50ml
82293520,오랄-비 어드밴티지 컴플리트 3+1입 (항균)
82294131,오랄비 고탄력 초미세모 그린티 5입 쿠팡 팩
82295005,다우니 디올 벚꽃 데이트 1L+1L 롯데마트 팩
82295765,팬틴 트리트먼트 에센스 엑스트라 데미지 리페어 100ML
82296789,다우니 블루 1+1.6LX2 홈플러스 창립 팩
82296825,스위퍼 미세먼지 정전기청소포 리필 40입
82296926,페브리즈 섬유탈취제 반려동물냄새용 허브향 900ml
82297029,오랄비 초미세모 크로스액션 4입 (이마트)
82297241,다우니 핑크 1.6LX2 베리베리와 바닐라크림 향 (Paper)
82297557,(샘플) 팸퍼스 스와들러 밴드 2단계 4P
82297996,팸퍼스 스와들러 S1 4P (샘플)
82298089,팸퍼스 크루저 5단계 박스 1/90_S7
82298122,팸퍼스 스와들러 4단계 22X4
82298993,오랄-비 고탄력 초미세모 그린티 12개입
82299250,맨 모이스쳐라이징 클렌저 120G
82299733,팬틴 콜로서스 컨디셔너 500ML 엑스트라볼륨
82299755,헤드앤숄더울트라맨 헤어컨트롤 SH 750ml
82300034,헤드앤숄더 발리 컨디셔너 550 쿨멘솔
82300102,제놉틱스 오라 에센스75ml
82300532,퓨전 프로글라이드 매뉴얼 면도날 16입 (ECOM)
82300897,페브리즈 320ML 리필형 상쾌한 향(PGP)
82301123,알엔에이 파워 에센스 1ml(비매품)
82301331,다우니 퍼퓸 리필 샤인 향 1.6LX2 (paper)
82301496,질레트 센서 3 면도기 1입
82302041,다우니 퍼퓸컬렉션 어도러블 1LX2 팩
82303493,질레트 마하3 터보 면도날4입
82303632,FAB 트리플 아이 리페어 젤 15ml(0.5OZ)
82303666,질레트 프로쉴드 옐로우2up+면도날4입+젤170G 팩
82304206,허벌에센스 리바이터라이즈 블루 진저 & 미셀라 샴푸
82305141,질레트 퓨전 매뉴얼 면도날 4입
82305451,팸퍼스 크루저 3단계 박스 1/120_S7
82305465,팸퍼스 스와들러 2단계 29X4
82306131,페브리즈 에어 맑은하늘바람 2개입 + 페브리즈 에어 라벤더 2개입
82307854,페브리즈 섬유탈취제 다우니 에이프릴 향 900ml+640ml 팩
82308480,에스케이-투 피테라 에센스 미키 마우스 리미티드 에디션
82308615,스위퍼 막대걸레 스타터킷 1세트+스위퍼 미세먼지 정전기청소포리필40입X2
82309500,팸퍼스 스와들러 5단계 19X4
82309624,팸퍼스 베이비드라이 5단계 이노머스 박스 1/132
82310211,오랄비어린이칫솔모EB10-4 스타워즈
82310298,퓨전 파워 면도기 무료 팩
82310418,질레트 프로글라이드 매뉴얼 2up + 프로쉴드 칠 8ct 팩 (이트레이더
82310723,다우니 퍼퓸 보타닉 오션코랄퓨어러브 1Lx12
82310992,다우니 엑스퍼트 스포츠 향 1.05LX3
82311448,다우니 퍼퓸 블랙 미스티크 2.6LX4
82313223,질레트 프로글라이드 매뉴얼 2up + 프로쉴드 칠 8ct 팩 (이트레이더
82313563,오랄비 클릭 핸들+리필 키트 (크롬 블랙)
82313751,허벌에센스 리쥬버네이트 버번 & 마누카 허니 샴푸
82314204,페브리즈 섬유탈취제 상쾌한 향 320ml (Elixir)
82315122,오랄-비 초미세모 벨벳 5입+그린티 2입 팩 (홈플러스)
82315224,질레트 클럽 스킨텍 면도기 핸들 + 면도날 12입
82315230,페브리즈 포맨 쿨 아쿠아 향 370ml+320ml 팩
82315324,질레트 퓨전 프로쉴드 칠 면도날 11입 팩
82315594,오랄-비 고탄력 초미세모 그린티 12개입
82316132,다우니 엑스퍼트 스포츠 2L
82316202,다우니 퍼퓸 그린 보타닉 가든 향 1.6L
82318236,CNY 리미티드 피테라 듀오 세트(JF21)
82319452,스위퍼 더스터 먼지떨이 스타터킷 (핸들1입+청소포3입)
82319465,헤드앤숄더 2550팩- 쿨 멘솔(Bali)
82320332,오랄비 전동칫솔 리필모 EB50- 8입
82320477,다우니 어도러블 1L+세제 블루1L (DBD)
82321820,레드 스트리트 아트 페이셜 트리트먼트 에센스230ml(ND20)
82322025,브라운 시리즈 3 면도기 3050CC
82322840,질레트 프로글라이드 매뉴얼 1up + 3ct 팩
82323067,LXP얼티미트 퍼펙팅 아이크림15g
82323131,오랄비 스마트시리즈 5000 미세모(화이트)
82324812,페브리즈 섬유탈취제상쾌한 향 370ml (ecom)
82325073,팸퍼스 통잠팬티 4단계 30 X 4
82326241,페브리즈 화장실용 3개입(6mlx3) 상쾌한 비누향
82326745,페브리즈 항균플러스 산뜻한 향 640MLX2
82327224,오랄-비 후레쉬 클린 40모 1입 (DBD LS)
82327465,페브리즈 에어 비 내린 초원 275g
82327744,페브리즈 화장실용3개입(6mlx3) 향긋한 꽃향기
82327897,페브리즈 차량용 내추리스 민트 블라썸 2입 (2.2mlx2)
82328034,에스케이-투 페이셜 트리트먼트 에센스 앤디워홀 리미티드 에디션 (옐로우)
82328284,질레트 프로글라이드 매뉴얼 1up+4ct 새해 팩 (이마트)
82328338,페브리즈 섬유탈취제 은은한향 용기형 900ml (Cass)
82329058,팸퍼스 통잠팬티 6단계 22 X 4
82330001,페브리즈 섬유탈취제 상쾌한향 용기형 900ml
82330510,비너스 올레이 슈가베리 면도날 4입 (657)
82330771,페브리즈 섬유탈취제 포맨 쿨아쿠아 향 360ml 3입
82332071,헤드앤숄더 시트러스 레몬 샴푸 750mlX2+ 딥클린 90ml 샴푸 세트
82332186,팸퍼스 아르모니 팬티형 6단계 4X18
82332189,페브리즈 섬유탈취제 상쾌한 향 370ml
82332583,다우니 항균 파워 플러스 2LX2 팩 (이트레이더스)
82333051,"질레트 아이언맨팩 프로쉴드 파워 1up+4ct, 거치대 (빅)"
82333132,비너스 수딩케어 팩 (올레이 슈가베리 2UP + 새틴케어 젤)
82334056,다우니 퍼퓸 코튼 퓨어러브 1.05LX3 (구버전)
82334097,질레트 프로글라이드 매뉴얼 면도날 8입 (557) (CP STK)
82401455,AS 페이스 칼라 액센트 302 테스터
82404215,안나수이 플라잇 오브 팬시 EDT 50ML
82404639,AS 수이 립 글로스 603 테스터
82406759,AS 나잇 오브 팬시 EDT 4 MINI
82407066,AS 미니 루즈 400 테스터
82409015,AS 아이 라이터 펜슬 WP 001 테스터
82410295,AS 네일 칼라 엔 005
82410323,AS 네일 칼라 N 701
82410338,AS 네일 아트 칼라 N 380
82412605,AS 화이트닝 로션 미니
82412638,안나수이 락미 SOL EDT 75ML TEST
82413661,AS 헤어 트리트먼트 오일 60ML
82414575,안나수이 모.리치 플루이드 F. E99
82414719,AS 수퍼 블랙 LL 마스카라 001 미니
82416752,립 루즈 G 401
82416761,립 루즈 D 371
82416765,립 루즈 V 360
82416774,네일 칼라 N 107
82416845,안나수이 립 루즈 V 660 T
82420311,AS 글리터링 아이칼라 200 - 테스터
82420575,AS 네일 칼라 N 209 - 테스터
82420594,AS 아이 칼라 (팬 필드 테스터) 002
82420682,AS 네일 칼라 N 209
82421611,안나수이 네일 칼라 N 607 - 테스터
82421642,안나수이 X-MAS 메이크업 컬렉션 01
82422312,아이칼라 듀오 엠티 케이스
84816429,타이드 투 고 3S X 6
84828757,페브리즈 에어 275G X15 맑은 하늘 바람
84836615,페브리즈에어(물빛 맑은 계곡)
84855870,오랄-비 슈퍼플로스 50개입
84909287,프링글스순한맛
84953596,프링글스오리지날195G*14
80209583,팸퍼스 베이비드라이 3단계 이코노미 박스1/222
80227693,퓨전 프로글라이드 매뉴얼 8입날
80232226,팸퍼스 BB 스와들러 1단계 수퍼 1/84
80249120,팸퍼스 이지업 팬티형 여아 5단계 수퍼 1/72
80275434,2016년형 팸퍼스 스와들러 1단계 1박스 (84매)
80295219,오랄비 배터리 전동칫솔 D2 카즈 (DB4.510 Cars)
80317950,오랄비 전동칫솔모 2입 EB18-2
80319157,크로스액션 파워 화이트닝
80337952,오랄비 GENIUS 9000 블랙 (V3)
80337971,오랄비 Pro 2000 미세(Dark Blue)
80337978,오랄-비 D16
80354266,오랄-비 전동칫솔 Pro100 3D 화이트 화이트
80355679,오랄비 iO얼티밋클린 블랙 리필4입
80361199,오랄비 구강세정기 아쿠아케어6
80678642,팬틴 콜로서스 컨디셔너 500ML 엑스트라볼륨
80684980,질레트 히티드레이저 부가티에디션 스타터
80684982,질레트랩스히티드부가티컬렉터(1up+토이카)
80690468,질레트 프글 매뉴얼 면도기 2UP
80690922,다우니 생화향기 컬렉션 프리지아 앤 페어200mlX24
80693954,다우니 엑스퍼트 실내 건조 오메가 (그린) 1L
80697392,제놉틱스 스팟 에센스 50ml 듀오 세트
80697756,헤드앤숄더 샴푸 1.13L 쿨멘솔 레거시
80697776,헤드앤숄더 컨디셔너 550 쿨멘솔 레거시
80698196,다우니 엑스퍼트 실내건조 톰포드 (핑크) (1.05LX3)X4
80705277,다우니 베이스 퍼플 맥퀸 화이트티와 릴리  1L+1.6Lx2 창립팩
80705745,오랄-비 전동칫솔 D12 바이탈리티 크로스액션
80706960,페이셜 트리트먼트 클렌징오일250ml
80706964,LXP얼티미트 퍼펙팅 아이크림15g
80708388,다우니 다우니 퍼퓸 블랙 미스티크 1.6LX6 DBD
80709750,비너스 올레이 슈가베리 면도날 4입 (657)
80710394,페브리즈 비치형 실내공간용 코튼앤블루자스민 7ml*2+화이트티앤릴리 7m
80710704,다우니 프리미엄 액체형 세제 냄새딥클린 퍼플 2.2L X 3
80710708,다우니 프리미엄 액체형 세제 냄새딥클린 블루 450MLX24
80710715,다우니 세제 실내건조 2.0LX6 AV
80711524,질레트 프로쉴드 옐로우 면도날 16입+질레트 시리즈젤+질레트 하이드라젤
80712316,오랄-비 후레쉬 클린 40모 1입 (DBD LS)
80715106,질레트 프로글라이드 매뉴얼 면도날 4입 (557)(CP stk)
80715110,질레트 프로글라이드 파워 면도날 8입 (557)(CP stk)
80715977,(FWIP) 557.1 프로글라이드 옐로우 1ct 
80716565,페브리즈 항균플러스 산뜻한 향 640MLX2
80719114,브라운 시리즈 9 면도기 9566cc CHROME
80719121,브라운 시리즈 9 면도기 9586cc CHROME
80725487,다우니 엑스퍼트(2LX2+200MLX2) 이마트팩
80725511,팬틴 프로-브이 극손상케어 샴푸 1130ml KR ET
80726126,오랄-비 크로스액션® 컴플리트7 6개입
80726372,팸퍼스 아르모니 터치오브네이쳐 4단계 48X2
80729883,페브리즈 섬유탈취제 은은한 향 370ml
80733153,질레트랩스 퀵 린스 쉐이브 폼 240ML
80734319,브라운 세척카트리지 CCR 8입 (Costco)
80734706,오랄비 키즈 전동칫솔 프로즌 D100K
80735451,에센셜 트래블 샘플키트 TR
80738688,페브리즈 차량용 맑하바4+다우니2 CC
80742377,팸퍼스 4.0 통잠팬티 5단계 26 X 4
80743437,브라운 시리즈 7 면도기 72-N4200cs BLACK
80744713,스킨파워 어드밴스드 크림 15g
80746678,페브리즈 화장실용 6.3mlX3 향긋한꽃향
80748180,페브리즈 섬유탈취제 상쾌한 향 370ml 3입
80748340,브라운 시리즈 6 날망 64B
80748650,질레트 랩스 샤프 화이트 에디션 1up (원제품)
80756196,오랄비 크로스액션 파워 리필모 2입
80756273,페브리즈 섬유탈취제 라벤더 향 370MLX3 팩
80758489,팸퍼스 2024 낮밤패키지 체험팩 5단계
80763666,헤숄 샴푸 가려운 두피 케어 550ml
80764293,오랄-비 배터리 전동칫솔DB5 화이트
80769632,페브리즈 화장실용 비누3+라벤더3 CC
80770791,질레트 퓨전 파워 면도날 4입
80772628,(557.1 프로블레이드) 질레트 프로글라이드 매뉴얼 면도기 (기1+날1
80773451,질레트랩스 딥클렌징바 1UP
80773456,질레트랩스 딥클렌징바 2UP
80774145,다우니 세제 2X 딥클린 2.2LX4
80776144,오랄비 EB50RX 화이트 리필모 10입
80777579,다우니 퀵 드라이 실내건조 프리미엄 2.6L
80779924,다우니 프리지아 앤 페어 1LX12 M1
80787159,페브리즈 에어 라벤더 부케 165g
80788291,오랄비 iO3 그레이 + 리필 2입 (코스트코)
80794304,질레트 마하3 매뉴얼 믹스드케이스
80797742,다우니 퍼플 화이트티와 릴리 1.6LX6 P1
80804369,공병 제놉틱스 인피니트오라 에센스 50ml
80807666,오랄-비 전동칫솔 iO9 블랙 오닉스
80809387,브라운 시리즈 8 면도기 8667cc SIL (원제품)
80812502,다우니 실내건조 (핑크) (1.05LX3)X4 R3
80818378,제놉틱스 에어리 유브이 크림 30g
80826692,헤숄 샴푸 쿨멘솔 550ml
80828635,(557.1 ) 질레트 스킨텍 매뉴얼 면도날 8입
80829296,페브리즈 포맨 프레쉬 클린향 리필 320ml
80829432,브라운 시리즈 9 면도기9597cc SILVER
80833219,페브리즈 에어 스위트 블러썸 165g
80833958,다우니 블루 레몬그라스4.1L
80834004,다우니 퍼퓸 쥬얼 자수정 베리 480g v3
80841659,다우니 실내건조 프레시클린 1.35Lx10 H1
80842209,오랄비 고탄력 초미세모 6입 DBD
80843088,페브리즈 차량용 방향제 라벤더의 포근함 (2.2MLX3)X8
80843758,다우니 프리지아 앤 페어 2.6LX6 MW2C
80844860,다우니 화이트머스크 (1.05Lx3)x4 M3
80845470,에스케이-투 페이셜 트리트먼트 클렌징 오일 250ml
80864072,헤드앤숄더 두피 토탈 솔루션 두피 트리트먼트 쿨멘솔 850ml
80865948,레노아 화이트머스크 4Lx3 L1 코스트코 (CM)
80871915,제놉틱스 어드밴스드 스팟 에센스 듀오 세트
80886832,페브리즈 섬유탈취제 다우니 에이프릴향 360ML x3
80890212,제놉틱스 에어리 UV 크림 듀오 세트
80903048,프링글스오리지날50G
80997908,프링글스매콤한맛스몰50G*12
81010220,구찌 엔비 미 EDT  100 T
81010407,안나수이 씨크릿 위시 EDT 50ML
81016989,AS 피니싱 브러쉬 테스터
81092352,BT 6ML 밸런스드 리바이탈앰플
81093964,BT 250ML밸런스안티댄드러샴푸
81138851,BT 250ML 리지스트 샴푸
81151158,플로라 바이 구찌 EDP 5ML MINIATURE
81157480,휴고 엘리먼트 75ml 애프터쉐이브밤
81164379,KP 6/6 엔
81164384,KP 6/88 엔
81164502,KP 12/00 엔
81186753,구찌 바이 구찌 PH 스포츠 EDT 90ML T
81187992,구찌 길티 휴대용 스프레이 오 드 뚜왈렛 60ml 테스터
81189028,프링글스 라이트 양파맛 160G
81193773,피카소 샤인디파인 샴푸 펌프
81230038,KP 66/77 체스넛브라운
81230047,KP 99/73 골드브라운
81244394,2010 호일
81274842,SP 오프닝 400 패키지 판촉물
81286019,새틴폴리시 폴리시드웨이브 세트
81286023,SP 오프닝 260 패키지 판촉물
81340964,웰라 샴푸실 포스터
81378764,Sp 최송현 텐트카드
81511749,브라운 면도기 M30
81560084,팸퍼스 뉴베이비 센서티브(스와들러) 1단계 (21x4)
81575869,브라운 시리즈 9 면도기 9280cc BLK/ELBLU
81576253,브라운 시리즈5 PP5 5030s_LSD
81576431,브라운 시리즈 7 면도기 7899cc SILV/BLK
81576435,브라운 시리즈 7 면도기 7840s BLK/SILV
81625458,브라운 쿨텍 면도기망 40B
81633058,브라운 시리즈 5 PP5 5090cc gift
81633892,브라운 시리즈5 면도기 5197cc BLK/BLK
81670931,브라운 세정액 CCR2 (QMPL)
81741567,브라운 시리즈 X 날과망 10MB
81747627,브라운 시리즈 9 면도기 9469cc GOLD
81770237,브라운 시리즈 7 면도기 71-N7200cc BLACK
82001282,헤드앤숄더 1920팩-멘솔
82002731,헤드앤숄더 2500 이랜드팩-프레쉬 레몬
82004154,프링글스 크리스마스팩 오리지날맛
82006362,허벌 에센스 머메이드 모이스쳐 컨디셔너
82006811,페브리즈(370+냄비받침)프로모션팩녹차향
82007544,화이트닝소스 덤브라이트너 미니샘플 2.5G
82011021,플로랄향(투명) 페브리즈 용기형 370ML
82013842,SK2리페어C파우더FND 21
82013872,위스퍼NEW 일반형소형10*48
82019085,SK2 FC TREATMENT CONCENTRATE
82019096,SK2 FT모이스처크림15G*2
82019148,SK2컴팩트버프
82024365,VS HSTY MOS 150ML 1SX6X2 SMOO BNX
82024514,SK2화이트닝리퀴드FND 43
82028338,팸퍼스일본수퍼드라이중형점보64*4
82030504,위스퍼 슈퍼롱 오버나이트 슬림 번들팩
82034398,화이트 소스 트랜스폼 FND 220
82034461,화이트 소스 트랜스폼 FND 440
82038009,헤드앤숄더 770샴푸팩-센서티브알로에
82038964,WHISPER SAPD RLN 20SX24 BLT CDU TUBE(TW)
82039010,팬틴비듬컨디375ML 1S*12
82041323,큐티SP M3*45
82041523,위스퍼슬림날개대10*24
82042459,비달사순샴푸웨이브575ML1*6
82042526,비달린스스트레이트500ML
82043027,SK2 ADV WHITENING PAN-CAKE41N BC
82043226,SK2화이트닝팬케익22
82043896,아텐드증정용 1Sx30
82044486,위벌크팬티소프트업코튼블루L
82044605,큐티프로모션프리미엄대형2*30
82044759,위스퍼슬림일반소24*24
82045394,위스퍼W240 18S*24(JP)
82046049,SK2 ADV WHT 팬케이크31 BC SAMPLE
82046064,SK2 클리어 PRESSED POWDER BC SAMP
82046330,코디라벤더30M2R*24팩
82046524,VS인트로린스WAVE960+400ML
82046834,WHISPER PAD RLNG 20SX24 SLIM WING PROM
82046893,팬틴트리트먼트200ML1*24
82050662,페브리즈플러스용기형370ML*15
82051388,팬틴모이스쳐케어1000ML
82051665,비달익사이팅WAVY 560ML
82052101,팬틴프리미엄팩1375볼륨
82052633,위스퍼슬림날대18*24
82052763,SK-II에센스파운데이션33
82053700,SK-II FACE LOT 6G SIGNS TRT CONC SP
82054633,코디미용지250*6 롯데용
82054663,조이용기형(270ML)
82055188,위스퍼그린날개대형34P
82055905,코디증정품(락앤락)
82055944,SK2 FC CRM SIGNS TRMT ESS OB-2 RF
82056279,팬틴FM 03 2960ML모이스쳐
82060949,위스퍼그린3날개소형20P
82061475,울트라후레쉬날개소형18P
82064768,해드엔숄더샴푸맨솔570ml
82065755,팬틴960ml볼륨케어린스
82066335,위스퍼그린날개대형18개입
82066600,비달760팩컬러케어
82067246,위스퍼그린날개소형34개입
82067381,SK-II 더블유 소스 브라이트 리퀴드 BE-2
82067816,코드프리미엄알로에(오렌지)130x4특별할인
82068275,페브리즈 210ml 프로모션팩
82069191,위스퍼소프트라이트날개형28P번들팩
82069786,조이포르쉐2 - 500ml
82070906,싸인즈 아이크림 15G
82072644,팬틴코스트코1200팩집중손상
82072986,팬틴 750 린스-볼륨
82073982,프링글스80g특별기획팩팩(오리지날)
82075121,팬틴 1500 코스트코 팩-볼륨
82075781,웰라 트리트먼트칼라 내츄럴 8N
82075794,웰라칼라엑스트라케어 8/4 오렌지레드
82075987,헤드앤숄더 2880팩-멘솔
82076745,위스퍼소프트라이트날개형28P번들팩
82077487,위스퍼 소프트클린 슬림 중형 36개입
82081557,큐티 휴대용 아기 베개 증정품
82081759,헤드앤숄더 1335팩-레몬그라스
82082616,페브리즈 에어 비치형 무향 리필
82082656,헤드앤숄더 2490팩-딥
82083611,팬틴 바운시 볼륨 케어 샴푸 1000ML_SW
82083989,헤드앤숄더 샴푸 레몬그라스 960ml코스트코
82084943,어드밴스드 아이 트리트먼트 필름 2g
82084953,큐티 편안한 아기 중형 88 롯데마트
82085326,위스퍼 소프트클린 울트라72P 테스코전용팩
82085356,싸인즈 트랜스폼 FND 330 레이디언트 오크
82085360,비달사순 1120샴푸팩-컬러케어
82085775,팬틴 엑스트라데미지 린스 100ml
82085801,웰라 트리트먼트칼라 인텐시브 8B
82087144,조이리필 400ML
82087732,헤드앤숄더컨디 멘솔 200ML
82087796,헤드앤숄더 770샴푸팩-레몬그라스
82087837,위스퍼 그린 울트라 시스템팩
82088025,듀얼마스크 1P 샘플
82088077,팬틴 코스메틱 LOT 믹스드 케이스
82088171,비달사순 컬러케어 컨디셔너 850ML
82088191,위스퍼 소프트클린울트라 72P테스코 전용팩
82088257,위스퍼 그린 트윈윙 울날소 34개입
82088615,에스케이투 브라이트닝펄 피니셔리필(정품)
82089369,헤드앤숄더 1710 팩-멘솔
82089496,팬틴 트리플 집중 영양팩 185G
82089499,헤드앤숄더 샴푸 멘솔 100ML
82089543,팬틴EXTRA스트레이트컨디500ML
82089590,어드밴스드 화이트닝 소스 팬케익 220 샘플
82089813,비달사순 1400 팩-살롱 모이스춰
82089816,비달사순 730 팩-컬러케어
82093072,웰라톤트리트먼트칼라 5B (DA)
82093077,WB 논에어졸스프레이 125 (DA)
82094803,팬틴 1050팩-밀키모이스춰
82094806,팬틴 2550팩-밀키모이스춰
82095367,팬틴집중손상케어컨디50ML
82096491,헤드앤숄더 2550팩- 릴랙스 티트리
82096500,헤드앤숄더 1250팩-프레쉬레몬그라스
82096509,헤드앤숄더 770샴푸팩-프레쉬레몬그라스
82097212,팬틴 1550팩-바운시볼륨
82097226,팬틴 750팩-엑스트라스트레이트
82098472,헤드앤숄더 쿨멘솔샴푸 850ML-코스트코
82099840,페브리즈(MO) 370ML 용기형 은은한 향
82100499,팬틴 풀앤씨크 컨디셔너40
82103177,위스퍼 슬림 슈퍼롱 오버나이트 샘플 1P
82104203,팬틴 선물 세트 1호
82104431,팬틴EXTRA스트레이트컨디500ML
82106217,위스퍼 소프트클린 세이프티존 울날중32P
82106591,비달사순 컬러케어 컨디셔너
82106628,프링글스 피자맛 미디엄캔
82107768,헤드앤숄더 2270팩- 헤어 폴 클리닉
82110318,팬틴EXTRA스트레이트샴푸550ML
82110345,팬틴EXTRA스트레이트컨디500ML
82110384,헤드앤숄더 쿨멘솔 샴푸 570ML
82111849,페브리즈 카사이즈 팩 은은한향
82113126,위스퍼 이마트 슈퍼롱 365팩
82113982,위스퍼 소프트클린 세이프티존 112P
82114396,팬틴 여행용 세트팩-실키스무드
82116490,SK-II 셀루미네이션 에센스-인 FND 420 클리어 베이지
82117818,헤드앤숄더 레몬그라스 샴푸 850ML
82118305,헤드앤숄더 코스트코 1700팩- 쿨 멘솔
82118374,비달사순 모이스춰 슬림 트리트먼트 왁스
82118389,헤드&숄더 헤어폴 클리닉 컨디셔너 850ML
82118657,SK-II CASE FOR 이멀젼 화이트
82118869,조이 870ml 그레이프 프루트향
82119867,스킨시그니처 80g
82120419,팬틴 프리즈디펜스 컨디셔너240_스티커
82120823,위스퍼 세이프티존 그린 74P_롯데마트
82120835,위스퍼 세이프티존 ML 4P (판매용)
82125183,팬틴 프리즈디펜스 트리트먼트150_정면 스티커
82125731,팬틴컨디200집중손상IR
82126913,팬틴코스트코 집중손상 컨디셔너 번들팩
82127198,팬틴클리니케어샴푸280풀앤씨크CA
82127525,위스퍼 세이프티존  ML 70P_농협팩
82127996,헤드&숄더 두피마사지 크림
82129161,헤드앤숄더 샴푸 가려운 두피 케어
82129235,셀루미네이션 리퀴드 FND 330
82129800,2010 설 테스코3호
82131497,클리니케어 프리즈디팬스 800ML 팩
82131561,페이셜 트리트먼트 젠틀 클렌징크림 100G
82131613,페브리즈 비치형 스타터킷 (맑은하늘바람)
82132669,시리즈젤 센서티브
82132672,시리즈젤 퓨어앤 센서티브
82133811,오랄비CX컴플리트7 35부드러운모3개입
82133876,사인즈 너리싱 크림 50G
82135017,페이셜 트리트먼트 클리어로션 20ml 샘플
82135468,질레트 센서 엑셀 면도날 10입
82138009,썬파워 알카 AA 4개입
82138182,화이트닝 소스 덤 브라이트너 75g
82138317,오랄비전동칫솔모2입EB17-2BRIGHT (FFS)
82139024,페브리즈 에어 275G X15 바닐라 라벤더의 포근함 NEW AW
82140716,팬틴 바운시볼륨케어 1700팩
82140836,팬틴 실키스무드케어 1000팩
82142276,팬틴 모근강화케어 2400팩
82142321,헤드앤숄더 로터스 1950팩- 헤어 폴 클리닉
82143159,프링글스 치즈110GX12
82143398,LXP 얼티미트 리바이벌 마스크 7P
82144973,스팟스페셜리스트 콘센트레이트 0.5g
82145362,팬틴 아이리스 집중손상케어 트리트먼트 번들팩_코스트코
82146116,오랄-비 델리케이트 화이트 40모
82146833,셀루미네이션 마스크인로션 100ML
82147023,브라이트닝 루센트 베이스 2.5g 샘플
82147050,토탈이펙트 포밍 클렌저
82147089,토탈이펙트 7 인 1 안티에이징 세럼
82147274,스킨 시그니처 멜팅 리치 크림 50G
82148389,위스퍼 JFM 리프레쉬클린케어 트라이얼팩
82149161,브라운 핸드블랜더 MR5550 MFP 코스트코
82149858,FT 젠틀 클렌징 크림 80G
82149944,조이 리필 400ML
82152346,듀라셀 울트라 AAA 16개입 파워체크
82152806,질레트 마하3 헤라클레스 면도기 1UP_맨스챌린지 스티커
82153829,화이트 래디언스 포밍 클렌저
82154712,팬틴 삼푸 500 극손상 케어 슈링크
82154911,팬틴 실키 스무드 케어 1500팩
82155001,오랄비 배터리 전동칫솔 DB4.010
82155232,프링글스 오리지널110GX12
82156732,페브리즈 비치형 스타터킷 봄의 소생
82157591,위스퍼 보송보송케어 트라이얼팩 40개입
82157795,팬틴 샘플 30 내추럴 케어
82159360,팬틴 트리트먼트 200MLX2 실키스무드
82159914,팬틴컨디500집중수분케어STK
82163640,토탈이펙트 7 인 1 안티에이징 크림 젠틀 에스피에프 15
82163669,아쿠아액션 롱-라스팅 하이드레이션 젤
82163708,헤드앤숄더 애플프레쉬 샴푸 850ml
82163873,　로케트 알카 AA 16팩 RBU 팩
82164128,토탈이펙트 7 인 1 안티에이징 크림 노말
82164155,팬틴 모발강화케어 샴푸 500
82164259,팬틴 실키스무드케어 샴푸 500
82164320,토탈이펙트 클렌징 클로스
82164687,팬틴 트리트먼트 100MLX24 내츄럴 케어 미스트
82165041,펄소닉 후레쉬 (진핑크)
82166595,헤드앤숄더 컨디550 건조한 두피 케어
82167779,토탈이펙트 세트 8 (TE노말크림50g + TE세럼10g + TE노말크림
82171236,위스퍼 리프레쉬클린케어 울날중 36_테스코RRP
82171313,에이지리스 뷰티 크림 듀오 세트
82171556,위스퍼 보송보송케어 78개입
82172469,위스퍼 슈퍼롱 오버나이트 10개입 SH
82173227,오랄비 스테이지스 치약 위니더푸우 75ml
82174746,오랄비 프로-엑스퍼트 클리니컬 프로플렉스 3입 (National)
82176225,컬러 클리어 뷰티 모이스처 립스틱 - 211
82176231,콤펙트 케이스(화이트 원형)
82178698,페브리즈 다우니향 리필형 320ML
82178871,포미 센서티브 175G
82179729,프링글스 와일드 스파이스 110G X 12
82180142,팬틴 트리트먼트 (200X2)X14 극손상 RRP
82180237,팬틴 아틀라스 집중손상케어 1000팩
82180621,팬틴 집중수분케어 샴푸 500
82180792,페브리즈 비치형 스타터킷 맑은하늘바람
82180861,질레트 포오미 센서티브 3팩
82182027,헤드앤숄더 가려운 두피케어 샴푸 850ml
82182122,에스케이-투 스팟 화이트닝 위드 피테라 트라이얼 세트
82182127,WS 덤 리바이벌 프로그램10p
82184120,팬틴 실키스무드케어 샴푸 500
82185205,헤드앤숄더 헤어폴클리닉 샴푸 850ml
82186669,위스퍼 보송보송케어 78개입
82188318,에스케이-투 페이셜 트리트먼트 젠틀 클렌저 20g
82189568,듀라셀 디럭스 알카라인 AAA 8팩
82190313,다우니 베리베리와 바닐라크림 향 200ml_스티커
82190584,에스케이-투 싸인즈 너리싱 크림 30G
82191213,헤드앤숄더 Bahamas 컨디셔너 850 쿨멘솔
82191365,팸퍼스 크루저 3단계 점보1/186
82191564,헤드앤숄더 Bahamas 샴푸 550 딥클린
82191949,팸퍼스 스와들러 0단계 수퍼 1/88
82192193,비너스 임브레이스 4입날
82193301,팬틴 집중수분케어 850*4팩
82194783,페브리즈 370ml+370ml 팩 은은한 향 DJF'13
82196152,다우니 아로마쥬얼 레드 루비플로럴 375G
82196260,싸인즈 아이마스크 1p 샘플
82196480,팸퍼스 베이비드라이 6단계 이코노미 박스1/140
82198771,듀라셀 디럭스 알카 AA 16팩
82199518,GEM 액티브핏 3단계 1X204 이커머스 WE
82200196,헤드앤숄더 BAHAMAS 2550팩- 가려운 두피
82201288,팬틴 실키스무드케어 컨디셔너 500
82201339,위스퍼 팬티라이너 후레쉬 향 40개입
82201657,위스퍼 보송보송케어 울트라 날개 중형18>
82201883,트라이존 바이탈리티
82202209,듀라셀 디럭스 알카 AA 12팩
82202953,팬틴 베이스 850 집중손상 믹스드케이스
82203401,위스퍼 핑크세스 대형 32pX6 RRP
82204597,팬틴 트리트먼트200X24 극손상
82204609,팬틴 모발강화케어 트리트먼트 200ml
82204648,팬틴 모발강화케어 트리트먼트 200ml
82204819,페브리즈 순 향료무첨가 용기형 370LX6
82205051,페브리즈 차량용 2ml (깨끗한 시트러스 파워)
82205065,다우니 블루 700ml 튤립과 달콤한 라일락 향
82205190,헤드앤숄더 BAHAMAS 애플 프레쉬 컨디셔너 550
82205902,페이셜 트리트먼트 젠틀 클렌져 120g
82205914,LXP 얼티미트 퍼펙팅 에센스 150ml
82205977,에스케이-투 화이트닝 파워 스팟 스페셜리스트75ml
82206452,마하3 센서티브 매뉴얼 면도날 8입 TESCO
82206548,페이셜 트리트먼트 에센스 215ml
82207160,오랄비 크로스액션 프로엑스퍼트 주니어 1입(Star)
82207450,허벌 에센스 클래식 릴렉싱 카모마일 트라이얼 980팩
82207567,듀라셀 디럭스 알카라인 AAA 2팩
82208054,썬파워 망간 랜턴용 4R25A 1개입
82208203,페브리즈 부착형 화장실용 리필 (깨끗한 오렌지향)
82208271,에스케이-투 어드밴스드 아이 트리트먼트 필름 15G
82208484,에스케이-투 오라액티베이터 씨씨 크림(비매품)
82209732,스템파워 에센스 1ml (비매품)
82209740,페이셜 트리트 마스크1P (비매품)
82210060,오랄-비 크로스액션 컴플리트 7 35모 3입
82210266,셀루미네이션 에센스인 파운데이션 컴팩트(화이트)
82210283,스템파워 리치크림 2g 샘플 (비매품)
82210316,맨 에이지 모이스춰라이져 로션 5g (비매품)
82210318,맨 에이지 모이스춰라이져 로션 20g (비매품)
82210439,듀라셀 뉴 울트라 파워체크 AA 12팩
82212340,다우니 블루 700ml 레몬그라스와 달콤한 라일락 향
82213429,맨 아이 리바이탈라이징 트리트먼트 15g
82214235,퓨전 매뉴얼 면도날 4입 (EM/LT)
82214236,질레트 마하3 터보 면도날4입(EM/LT)
82214558,프로글라이드 매뉴얼 F14 9+1 BBGR (TESCO)
82217528,위스퍼 피부애 울트라 프로모션팩 42P( 롯데마트)
82218695,팬틴 샴푸 500X9 극손상
82219543,페브리즈 차량용 프리미엄 숲속의 콘체르토 스타터킷 7ml
82219588,페브리즈 차량용 프리미엄 플라워 멜로디 리필 7ml
82219715,팸퍼스 BB 스와들러 1단계 수퍼 1/84
82219861,다우니 김치 블루 2L+700ML팩 레몬그라스와 달콤한라일락 향
82221400,셀루미네이션 오라 에센스 30ml
82221401,셀루미네이션 오라 에센스50ml
82221791,듀라셀 C&B 9V 8팩_코스트코
82222842,페브리즈 에어 상큼한 라임오렌지 4개입 코스트코팩
82223205,듀라셀 울트라 AA 4개입_Tesco
82223219,페브리즈 비치형 리필 (바람속의꽃향기)
82223229,페브리즈 비치형 스타터킷 (바람속의꽃향>
82223231,페브리즈 비치형 스타터킷 봄의 소생
82223734,다우니 클래식 1L (테스코)
82224123,팬틴 트리트먼트 실키스무드 200 LT_TE
82224494,에스케이-투 페이셜 트리트먼트 클렌징 오일 2.5ml (비매품)
82224557,SK-II 마그네틱 아이케어 키트 (DFS)
82225267,컬러 클리어 뷰티 파우더 파데 320
82226805,위스퍼 보송보송케어 울날대 슈퍼롱 팩
82227865,오랄비 치실 글라이드 딥 클린 40m
82228834,376 프로글라이드 매뉴얼 9+1 (이트레이더스)
82229191,화장용 퍼프(레드케이스 원형)
82229250,화이트닝 소스 클리어 로션 150ml
82229260,싸인즈 퍼펙트 래디앙스 리퀴드 파데320
82229272,맨 에이지 리바이탈라이즈 모이스쳐라이저 50g
82230383,다우니 아로마쥬얼 퍼플 자수정 바닐라 375G+퍼퓸 핑크 이노센스 200
82230827,페브리즈(MO) 320ML 리필형 은은한 향
82231041,페브리즈 섬유탈취제 허브향 370ml+370ml 테스코
82231129,위스퍼 리프레쉬클린케어 울트라 날개 대형 32P
82231133,위스퍼 피부애 울트라  날개 중형 18P
82232813,오랄비 고탄력 초미세모 잇몸전문 케어
82233042,페브리즈 부착형 화장실용 스타터킷 (깨끗한 오렌지향)
82234299,LXP  엘티미트 퍼펙팅 에센스 10ml(비매품)
82234620,헤드앤숄더 Bahamas샴푸 550 가려운두피
82235205,위스퍼 팬티라이너 허브 40개입*2
82235955,맨 페이셜 트리트먼트 에센스 2ml(비매품)
82236400,페브리즈 차량용 2ml (상쾌한 아침)
82236500,페브리즈 370ml+370ml 팩 상쾌한향 OND'14
82236680,페브리즈 차량용 2ml (깨끗한 시트러스 파워)
82236999,페브리즈 섬유탈취제 허브향 370mlX2
82237895,페브리즈 차량용 2ML (라벤더의 포근함)
82238501,셀루미네이션 에센스 파운데이션 330
82238579,페브리즈 차량용 프리미엄 스타터킷 + 리필*2 팩_이트레이더스
82238832,팬틴 퀀텀 트리트먼트200X24 극손상
82240466,헤드앤숄더 발리 컨디셔너 850 딥클린
82240731,헤드앤숄더 실키클린 850ml 컨디셔너
82241711,오랄비 음파전동칫솔 S15
82242120,T LXP 얼티미트 퍼펙팅 크림 2.5g 샘플
82242476,오랄-비 그린티 크로스액션 콤보팩 (이마트)
82242590,시리즈 젤 모이스쳐라이징 200ml
82242661,페브리즈 차량용 4개입 (2mlX4) (맑은하늘바람)
82242688,페브리즈 섬유탈취제  이마트팩 은은 370mlX2 + 다우니 210ml
82243453,오랄-비 크로스액션 35모
82243838,페브리즈 비치형 스타터킷 (바닐라라벤더의 포근함) (K-Reach)
82243895,페브리즈(MO) 370ML 용기형 은은한 향
82243959,페브리즈 깨끗한 햇살 대용량 900ML
82244374,오랄비 컴팩트 잇몸케어 6입 DBD
82244615,페이셜 트리트먼트 에센스 레드 리미티드 에디션
82244723,오랄비 고탄력 초미세모 잇몸전문 케어 4입 이마트
82244727,오랄-비 크로스액션 7베네핏 40모
82245327,오랄비 스테이지스 치약 3입 –코스트코
82246218,위스퍼 팬티라이너 클린 향 36개입 RRP
82246891,T페이셜 트리트 클리어로션 30ml (비매품)
82247339,다우니 퍼퓸 보타닉 가든 1+1 번들팩
82247478,페이셜 트리트먼트 마사지 크림80g
82247551,페이셜 트리트먼트 클렌징 오일 11ml(비매품)
82247722,팬틴 토탈 모이스쳐 케어 컨디셔너 1200ml
82248818,엘엑스피 얼티미트 퍼펙팅 크림 15g(비매품)
82248889,페브리즈 비치형 맑은 하늘바람 3개입 코스트코팩
82249782,오랄비 고탄력 초미세모 틈새케어 1입 롯데
82249876,팬틴 트리트먼트 15mlx5 3미닛미라클_롯데마트
82249898,화이트닝 소스 덤 리바이벌 마스크 1p(비매품)
82250240,질레트 마하3 면도날 4입
82250445,인디케이터 항균모 4 + 크로스액션 항균모 2 (롯데마트)
82250552,컬러 클리어 뷰티 에나멜 크림 컴팩트330
82250963,질레트 프로글라이드  플렉스볼 8+1 프로모션팩 (파워)
82251128,셀루미네이션 리퀴드 파운데이션330
82251212,페브리즈 섬유탈취제  이마트팩 상쾌 370mlX2 + 다우니 210ml
82252468,오랄비 마이크로씬 클린 7팩
82252547,알엔에이 파워 에센스 50ml 듀오세트
82253016,오랄비 NEW 스테이지스 믹스드케이스 (대리점)
82253022,오랄-비 스테이지스 3단계 어벤져스 2입(National)
82253373,컬러 클리어 뷰티 파우더 파데330
82253934,오랄-비 펄사 35모 2입 (LT/NTL)
82255893,스킨 퍼펙팅 파운데이션420
82255914,페이셜 트리트먼트 마스크 10p
82255974,셀루미네이션 딥 서지 EX 15g(비매품)
82256058,콤펙트 케이스(화이트 타원형)
82256065,셀루미네이션 리퀴드 파운데이션310
82256622,다우니 블랙 4LX3 미스티크 향 리넨케어_PGP
82256875,오랄비 스테이지스3 어벤져스 6입
82257489,페브리즈 허브향 용기형 370ML
82258568,마스터피스 피테라 터트니스 세럼 50ml
82260060,페이셜 트리트먼트 에센스 사쿠라 리미티드 에디션
82260687,프로글라이드 센서티브 젤 퓨어 스포츠
82260858,다우니 퍼퓸 블랙 200ml 미스티크 향
82261007,팬틴 콜로서스 극손상 1500팩X6
82262263,다우니 퍼퓸 쥬얼 에메랄드브리즈 22g
82263090,OLAY 리제너리스트 셀싸이언스 프리 에센스 30ml
82263497,페이셜 트리트먼트 에센스 30ml(비매품)
82263515,팸퍼스 베이비드라이 3단계 팬티형 샘플 4P(4X46)
82264355,다우니 퍼퓸 쥬얼 루비 피오니 480g
82264571,질레트 블루3 심플 2s
82267733,프로글라이드 매뉴얼 면도날 4입 (플렉스볼)(이마트)
82267737,페브리즈 차량용 프리미엄 아쿠아왈츠 스타터킷 7ml  (NMR)
82271436,헤드앤숄더 애플프레쉬 2800팩 RRP(Olympic)
82271453,헤드앤숄더 1950팩- 애플 프레쉬(Olympic)
82272014,페브리즈 섬유탈취제 은은한향 370ml+320mlX2 (이마트)
82272092,다우니 퍼퓸 핫핑크 블룸 2L+700ML
82272259,RNA파워 에어리 밀키 로션50g
82272365,프로글라이드 파워 4+1 팩 (Brownbox)
82272524,페브리즈 비치형 스타터킷 (맑은하늘바람) (Kreach2)
82272823,프로글라이드 매뉴얼 면도날 4입 (플렉스볼)
82275363,알엔에이 파워 에센스50ml
82275702,미드-데이 미라클 에센스50ml
82275831,페이셜 트리트먼트 에센스160ml
82276201,헤드앤숄더 1950 RRP팩- 쿨멘솔(Bali)
82277256,오랄-비 왁스 치실 50M
82277763,헤드앤숄더 발리 샴푸 850 애플프레쉬 (STK)
82280229,다우니 퍼퓸 그린 보타닉 가든 향 2L (Chanel)
82280510,질레트 프로글라이드 플렉스볼 매뉴얼 면도기 2업
82281487,페브리즈 섬유탈취제 은은한 향 900ml (Harmony)
82281489,페브리즈 섬유탈취제 은은한 향 370ml (Harmony)
82281776,다우니 핑크 4LX3 베리베리와 바닐라크림 향_PGP (Kreach2)
82281892,다우니 퍼퓸 골드 샤인 1L+1L (Chanel) - poly
82281916,다우니 스포츠 1L+1L 팩 액티브 시트러스 향
82282624,페브리즈 섬유탈취제 상쾌한향 370MLX2+320MLx2 팩 (HP)
82282781,퓨전 프로쉴드 칠 12입날 쉐이브클럽 팩 (프리미엄)
82283147,페브리즈 차량용 2개입(2mlx2) (담배냄새 제거용) (CT)　
82283154,페브리즈 차량용 프리미엄 플라워 멜로디 스타터킷 7ml (NMR)
82283254,팸퍼스 베이비드라이 1단계 점보 팩 44P*2
82283952,질레트 퓨전 파워 믹스드케이스
82284608,에스케이-투 알.엔.에이. 파워 아이 크림 래디컬 뉴 에이지 15G
82285041,에스케이투 페이셜 트리트먼트 에센스 퍼플 카란 리미티드 에디션
82288119,RNA파워 에어리 밀키 로션50g
82288398,이트레이더스 페브리즈 섬유탈취제 상쾌한향 900mlX2 팩
82288718,에스케이-투 스킨파워 에센스 1mlX3
82288748,다우니 퍼퓸 골드 샤인 1LX3 (쿠팡)
82289183,페브리즈 포맨 상쾌한허브향 보충형 320ml
82289551,팸퍼스 베이비드라이 5단계 이노머스 박스 1/132
82289804,페브리즈 에어 맑은하늘바람 4개입 코스트코팩
82290345,OLAY RG CS 크림 듀오 세트(50g*2)
82292232,오랄비 고탄력 초미세모 잇몸전문 케어 4입(Homeplus)
82292785,다우니 블루 700ml 레몬그라스와 달콤한 라일락 향
82292805,다우니 퍼퓸 샤인 향 1L
82292827,다우니 디올 벚꽃 데이트2.0 1L
82293243,스킨파워 크림80g & 아이크림15g 세트
82293374,다우니 핑크 2L+1.6L 홈플러스 팩
82293502,질레트 스킨텍 매뉴얼 면도기 2up 1x6x6
82293509,오랄비 크로스액션 젠틀케어 3입
82293881,질레트 프로글라이드 면도기 핸들+프로쉴드 칠 면도날 12입 팩
82294937,질레트 2019 발렌타인 기프트팩 (드럭스토어)
82295710,피테라 에센스 도쿄 걸 블랙 리미티드 230ml(AM20)
82295900,에스케이-투 피테라 에센스 미키 마우스 리미티드 에디션
82296987,페브리즈 에어 다우니향 275G
82296995,페브리즈 비치형 리필 (바닐라라벤더의포근함)
82297345,다우니 엑스퍼트 스포츠 1L+1L
82297560,다우니 프리미엄 액체형 세제 블루 2.8L
82297990,오랄-비 민트향 왁스 치실
82298084,팸퍼스 베이비드라이 2단계 이노머스 박스 1/186
82298099,팸퍼스 크루저 3단계 박스 1/120_S7
82298227,허벌에센스 바이오리뉴 자몽 샴푸+컨디셔너 팩
82298680,페브리즈 차량용 맑은 하늘바람 2개입+다우니2개입_쿠팡
82299227,페이셜 리프트 이멀젼100g
82299233,페이셜 트리트먼트 클렌징오일250ml
82299741,팬틴 콜로서스 트리트먼트 220mlX24 실키스무드
82300093,알엔에이 파워 에센스30ml
82300105,LXP 얼티미트 퍼펙팅 세럼50ml
82300883,페브리즈 섬유탈취제 내추리스 레몬그라스 앤 진저 향 대용량리필 640ml
82301739,페브리즈 섬유탈취제 대용량 다우니 에이프릴향 920ml
82306129,페브리즈 에어 바닐라 라벤더의 포근함 4개입 코스트코팩
82306133,페브리즈 에어 바닐라 라벤더의 포근함 3개입 (Hybrid)
82307856,다우니 블루 2L+700X2 롯데마트 창립 팩
82308212,오랄비 치간 칫솔 60개입 (20PX3) 코스트코 팩
82308614,페브리즈 섬유탈취제 다우니 에이프릴 향 640MLX2
82308783,스위퍼 프리미엄 정전기청소포 리필 10입X4
82309182,질레트 퓨전 프로글라이드 파워 면도날 10입 팩 (COUPANG)
82309203,다우니 퍼퓸 에메랄드 브리즈 480g
82309491,팸퍼스 스와들러 4단계 22X4
82309980,다우니 프리미엄 액체형 세제 실내건조 2L
82310592,다우니 엑스퍼트 실내건조 2Lx4
82310672,다우니 오션코랄 퓨어러브 향 1L
82311682,질레트 프로쉴드 옐로우 면도날 12입 코스트코팩
82311735,OLAY GA 소플 크림 에어 듀오 세트(CRM50g*2)
82312831,오랄비 스테이지스3 어벤져스 2pX4입 (코스트코)
82313167,오랄-비 어린이 전동칫솔D12 프로즌 콤보 코스트코 팩(NEW)
82313398,브라운 전기면도기 세정액 CCR 6입 (코스트코)
82313473,팸퍼스 베이비드라이 5단계 이노머스 1/132_QR
82314463,비너스 1회용 면도기
82315260,다우니 블루 4L 레몬그라스와 달콤한 라일락 향_PGP
82315263,다우니 PGP 핑크 3.8X2 베리베리와 바닐라크림 향
82316102,다우니 핑크 1L 베리베리와 바닐라크림 향
82317251,오랄비 어드밴티지 컴플리트 3+1입
82317346,오랄-비 스테이지스 3단계 6입 아이언맨
82318663,질레트 면도기 미니 거치대
82319607,팸퍼스 베이비드라이 팬티 3단계(중형) 46X4
82320297,다우니 퍼플 2L+700ML 팩 화이트티와 릴리 향
82321179,오랄-비 어린이 전동칫솔D12 프로즌 콤보 코스트코 팩(NEW)
82321347,팸퍼스 2021에어차차 팬티형 5단계 (52 X 3)
82321904,질레트 프로글라이드 매뉴얼 면도기 1UP (557)
82322037,페이셜 트리트먼트 에센스 30ml(비매품)
82322430,47G 샘플키트
82322496,다우니 퍼퓸 샤인 향 1LX12 DBD
82323502,에스케이투 2021 뉴이어 리미티드 에디션
82326743,페브리즈 항균플러스 깨끗한 향 640MLX2
82327104,페브리즈 향균플러스 산뜻한향 370ml
82327418,다우니 프리미엄 액체형 세제 실내건조 2.8L
82327635,SK-II 피테라 동안 세트 (RNA)
82327763,헤드앤숄더 발리 샴푸 850ML 애플프레쉬 (DBD)
82327959,팸퍼스 베이비드라이 팬티 5단계 쿠팡팩 52P X 3
82328112,페브리즈 화장실용 블루6ml*2*2+옐로6ml (Etraders)
82328193,질레트 스킨텍 파워 1up + 3ct 팩
82328803,다우니 엑스퍼트 항균파워 플러스 1L
82329202,오랄-비 크로스액션 블랙 리필모 2입 (EB50-2)
82329596,퓨전 프로글라이드 파워 면도날 14입 (코스트코)
82329990,페브리즈 섬유탈취제 허브향 용기형 900ml
82330063,다우니 엑스퍼트 센서티브 200ml 2차
82330074,질레트 스킨텍 14입 (코스트코)
82330512,비너스 트로피컬 일회용 3입
82330773,페브리즈 포맨 시원한 멘솔향 360MLX3 (쿠팡 팩)
82330924,오랄비 프로-엑스퍼트 클리니컬 프로플렉스 7입
82332756,스위퍼 먼지떨이 360 OHB 스타터킷(SK+1) DR
82333031,FAB 파워리페어풀세트(URC170.1g+Clea145g+FRP60CT)
82333236,오랄-비 프로-플렉스 차콜 6개입
82333611,다우니 퍼플 2L+1.6L 이마트 팩
82333644,다우니 프리미엄 액체형 세제 블루 1.4LX2 팩
82333751,다우니 퍼퓸 미스티크 1.05Lx3
82333840,오랄-비 Pro2500 듀얼핸들팩 (화이트+핑크)
82333942,오랄-비 초미세모 리필모 8입 (EB60-8)
82334014,다우니 엑스퍼트 실내 건조 오메가 (그린)  4LX4 (코스트코)
82334026,다우니 베이스 블루 맥퀸 레몬그라스와 라일락 3.8X2  (PGP)
82401443,AS 페이스 칼라 액센트 300
82403039,AS 프레스드 파우더 701 테스터
82404564,AS 수이 립 글로스 303
82407596,구찌 바이 구찌 뿌르 옴므 ASL 50ML
82409021,AS 아이 라이터 펜슬 WP 500 테스터
82410116,AS 네일 칼라 N 001 - 테스터
82410121,AS 네일 칼라 N 100 - 테스터
82410137,AS 네일 칼라 N 400 테스터
82410151,AS 네일 칼라 N 800 테스터
82411501,AS 미니 루즈 400 테스터
82412324,AS 페이스 칼라 액센트 G750
82412572,AS 브라이트닝 포밍 와시
82412576,AS 화이트닝 트리트먼트 크림
82414584,안나수이 모.리치 파우더 F. B01
82415065,안나수이 MOIST. EYE TREAT. 크림
82416838,안나수이 립 루즈 D 670 T
82418216,AS 프로텍티브 PF 엘 B02 테스터
82420303,AS 리퀴드 아이 라이너 WP 001 - 테스터
82420605,AS 아이 칼라 (팬 필드 테스터) 301
82420609,AS 아이 칼라 (팬 필드 테스터) 500
82420708,안나수이 뷰티 박스
82422339,안나수이 립 글로스 C 301
83038493,프링글스매콤한맛100G*8
84809049,프링글스 바베큐맛 140G
84818258,프링글스 오리지날 140G
84819104,2배농축 울트라 타이드 에치이드럼용2.95L
84836616,페브리즈에어(비내린초원)
84848806,비너스 4입
85000479,WEYERHAEUSER FLUFF PULP  250MM
80208932,팸퍼스 스와들러 1단계 수퍼 1/88
80214586,트라이존 칫솔모 2개입
80221059,다우니 에이프릴 프레쉬향 3.06L
80224967,비너스&올레이 3입날
80230485,팸퍼스 BB 베이비드라이 4단계 메가팩
80230528,팸퍼스 BB 베이비드라이 5단계 이코노미 박스1/160
80237077,타이드 플러스 다우니 액체 세제 2.72L
80264345,팸퍼스 크루저 3단계 1/174
80337975,오랄비 전동칫솔모 2입 EB20-2
80354279,오랄-비 전동칫솔 D12 바이탈리티 크로스액션
80356480,오랄-비 전동칫솔 Pro1000 화이트
80678639,팬틴 프로-브이 컬러 케어 샴푸 500ml
80684352,팸퍼스 베이비드라이 팬티 3단계(중형) 46X4
80691930,페브리즈 항균플러스 산뜻한향 보충형 320ML
80693067,브라운 세정액 CCR2 (QMPL)
80697046,다우니 생화향기 컬렉션 핫핑크 블룸 1LX12 (DBD)
80697769,헤드앤숄더 샴푸 550 가려운 두피케어 레거시
80706036,다우니 생화향기 컬렉션 프리지아 앤 페어 1.05LX3
80706788,오랄-비 왁스 치실 4개입 + 글라이드 1개입 팩
80710393,페브리즈 비치형 실내공간용 코튼앤블루자스민 7ml*2+라일락앤피오니 7m
80710880,다우니 프리미엄 액체형 세제 실내건조 2.8LX4
80715109,질레트 프로글라이드 파워 면도날 4입 (557)(CP stk)
80715116,질레트 프로쉴드 칠 면도날 8입 (557)(CP stk)
80716566,페브리즈 화장실용 상쾌한비누향4입+산뜻한사과향2입
80720712,팬틴 프로-브이 데일리 모이스처 케어 샴푸 1800ml KR Coupan
80730897,오랄비 크로스액션 탁세 35모 12개입
80732434,다우니 생화향기 컬렉션 클린 솝 1LX3 팩 (ET)
80733471,다우니 생화향기 컬렉션 스프링 가든 러브1Lx12 (2023년형)
80733480,다우니 생화향기 컬렉션 미스티크 1.35Lx6 Lotsell (2023형
80735554,뷰티 트레블 샘플키트 TR
80743061,질레트 프로글라이드 매뉴얼 면도날 14입 (코스트코
80745842,페브리즈 포맨 쿨아쿠아향 용기형 370ML
80746636,페브리즈 화장실용 6.3mlX2 다우니
80746792,브라운 시리즈 5 면도기 52-N1000s BLACK
80748178,페브리즈 섬유탈취제 상쾌한 향 880ml 2입
80748463,오랄-비 어린이용 전동칫솔 스파이더맨 D100K 기획팩
80753456,"오랄-비 3D 화이트 리필모 2입 (EB18-2, 생활용품매장)"
80758488,팸퍼스 2024 낮밤패키지 체험팩 6단계
80763660,헤숄 샴푸 가려운 두피 케어 1200ml
80767260,SK-II 피테라™ 얼티미트 오라 세트
80773453,질레트랩스 딥클렌징바 5UP
80774840,페브리즈 섬유탈취제 실내건조 370ml
80774958,다우니 세제 퍼플 2.2LX4 BD
80776643,스킨파워 리-뉴 크림 50g
80776650,에스케이-투 스킨파워 리-뉴 크림 80g
80776843,(FWIP) 557.1 프로쉴드 옐로우 파워 1up 
80778462,다우니 세제 실내건조 1.9LX6 BD
80779925,다우니 미스티크 200mlX24 M1
80786394,질레트 퓨전 2up+8ct 팩 (이트레이더스)
80786869,다우니 스프링 피치 블라썸 2L
80788992,오랄비 EB60X화이트 리필모 6입
80793383,오랄비 스마트7000 + EB20RX-2 (트레이더스)
80794292,질레트 프글 파워 기1+날12
80794959,(FWIP) 557.1 프로쉴드 옐로우 매뉴얼 1up 
80795549,팸퍼스 2025 베이비드라이 팬티 4단계(대형) 42X4
80796088, 질레트 프글 매뉴얼 면도날 14입
80796476,질레트 스킨텍 매뉴얼 기1+날6
80796720,오랄-비 치실 글라이드 딥클린 40m (SILK)
80799511,팸퍼스2024 베이비드라이팬티 5단계 BCP
80807710,오랄-비 전동칫솔 iO6 그레이 오팔
80812532,오랄-비 왁스 치실 3입
80816238,다우니 프리지아 앤 페어 1.05LX3 V2
80818380,제놉틱스 인피니트오라 에센스 10ml
80826936,제놉틱스 씨씨 프라이머 로지 0.7g
80829294,페브리즈 포맨 쿨 아쿠아 리필 320ml
80830240,팸퍼스 2025 터치 오브 네이처 썸머팬티 5단계 38X3
80831272,다우니 퍼플 화이트티와 릴리 2LX4 P2
80832707,다우니 세제 블루 3.2Lx4 J2
80834426,다우니 세제 실내건조2LX2 J1
80840163,맨 페이셜 트리트먼트 에센스 230ML
80840586,(T)질레트 프글 파워 기1+날12
80842206,오랄비 초미세모 그린티 4개입(홈플)
80842302, 헤드앤숄더 쿨멘솔 샴푸 850mlx2 세트
80845463,질레트 스킨텍 쉐이빙 폼 2P
80846741,헤드앤숄더 프로페셔널 안티-댄드러프 어드밴스드 오일 컨트롤 샴푸 470m
80853522, 헤드앤숄더 두피 토탈 솔루션 샴푸 가려운 두피 케어 1.8L
80857563,질레트 비너스 화이트티 10up (2up+8ct + Hanger)
80861956,다우니 미스티크 4.1Lx4 N1
80874132,질레트 프쉴 옐로우 면도날 4입 PX
80875722,질레트랩스 핸들 + 면도날 5입 + 케이스
80882576,다우니 블루레몬그라스와라일락1.6LX9 P2
80883952,다우니 스프링가든 2.6LX6 D2
80883962,다우니 미스티크 1LX12 D2
80886801,헤드앤숄더 프로페셔널 안티-댄드러프 어드밴스드 가려운두피케어샴푸300ml
80886830,페브리즈 섬유탈취제 라벤더향 360ML x3
80979750,프링글스 양파맛190G*14
81016915,AS 링 루즈 400 테스터
81078770,휴고 엑스엑스 EDT 40ML
81105614,DG 라이트 블루 PH EDT 125 T W.캡
81153869,SP 250ml 샤인 디파인 샴푸
81160037,SB 250ml 볼럽트 샴푸
81164314,소프트터치6/7엔
81164507,KP 8/7 엔
81181337,AS 럭셔리 파우더 케이스 테스터
81183802,구찌 길티 뿌르 옴므 애프터쉐이브로션 90ml
81185108,구찌 플로라 오 드 뚜왈렛 퍼스 스프레이 60ml
81189098,BT 1500 센스티브 스칼프 샴푸
81189149,BT 250ml 볼륨 샴푸
81192163,BT 1500ml 엑스트라 리치 린스
81192406,피카소 스푼
81212915,BT 30ml 에이지 인슈어 마스크
81251839,프링글스 라이트 양파맛 160G
81269908,피카소 고객 관리 카드
81357667,11트렌드염색보
81554478,팸퍼스 액티브핏(크루저) 5+ 단계 1박스 (124매)
81560902,브라운 세정액 CCR2 (QMPL)
81575867,브라운 시리즈 9 면도기 9290cc SILV
81633467,오랄비교정용칫솔
81666147,브라운 시리즈8 날과망 83M
81679535,브라운 시리즈9 면도기 9296CC
81727828,브라운 세정액 CCR2 (QMPL)
81765561,브라운 IPL PL5154
81770233,브라운 시리즈 7 면도기 71-N1200s BLACK
82001697,이랜드 물티슈 대형
82002436,탑티어 샘플M14 L45
82005791,STF 빅버프
82008675,팬틴 1400팩-바운시볼륨
82008909,팬틴 2200팩-집중손상케어
82010744,위스퍼 센서티브 울트라 날개 중형 2개입
82013861,위스퍼NEW 일반형중형10*48
82014838,위스퍼 코스트코 86P 2월
82015076,비달사순살롱모이스춰트리트먼트180g_STKR
82015936,집안 먼지 제거용 페브리즈 (용기)
82019146,SK2컴팩트케이스
82023917,비달사순　시스템샘플팩3*200
82029501,헤드앤숄더 1795팩-실키모이스춰
82029504,헤드앤숄더 1795팩-푸레쉬레몬그라스
82031725,비달프로린스손상400ML 1*12
82031914,팬틴헤어폴컨트롤 헤어캡슐15gX2
82032026,팬틴　컨디셔너　샘플2*50
82033555,페브리즈플러스370ML 1*15
82034625,헤드앤숄더 릴랙스티트리샴푸570ML-STKR
82038012,헤드앤숄더1420팩-센서티브알로에
82040223,위스퍼울트라날개대BLT18*24
82040246,위스퍼 센서티브 울트라 날개 소형 36P
82040433,페브리즈카프로모션팩-상쾌한향
82041060,위)그린날개중80*12
82041520,위스퍼슬림날개소10*48
82041998,린넨 후레쉬향1*12
82042818,SGNS퍼펙트래디앙스 LIQFND320
82042988,비달사순린스샘플1*2*100
82043030,SK2 ADV WHITENING LIQ FND 21 BC
82043231,SK2화이트닝팬케익43
82043254,SK2 FT에센스11ML
82043732,팬틴샴푸손상575ML (BC96)
82044031,위스퍼울트라후레쉬날개중64*12
82044991,SK2클리어화이트닝30
82045104,팬틴컨디셔너볼륨케어100ML
82045332,SK2 ADV WHT팬케이크31
82045802,샤민베이스 45M 24R
82046401,큐티중형64*4 NEW
82046741,프링글스번들팩184*5S*6
82046835,WHISPER RLNG 20SX12X2 SLIM WING PROM
82046930,비달샴푸스트레이트400ML*12
82046972,팬틴샴푸모이스춰400ML*12
82047103,위스퍼그린날개중40*24
82047858,SK2트리트먼트에센스립552F*1
82048277,위스퍼울후날개중(40*2)*16
82048843,큐티드림골드소형샘플2*50
82048909,페브리즈테스트키트
82051962,SK-II FACE MASK 6P WHITENING
82052550,위스퍼울후날개오버나이트14*24
82052677,팬틴비듬케어500ML린스
82053407,비달익사이팅컨디셔너WAVY 500ML
82054121,비달익사이팅시스템팩STRT
82054140,큐티드림골드FALL 02 샘플
82054380,큐티드림골드FALL 02 이벤트샘플
82054600,큐티아기티셔츠초보 0210
82055655,큐티대형104머천다이징
82056335,헤드앤숄더컨디딥375ML
82057846,비달2960팩STRT JUN 03
82058946,페브리즈400ML업소용1*15
82059438,위스퍼후레쉬라이너40P*2
82059686,누크베이비워시220ML
82061577,팬틴9월1450팩모이스춰
82063387,큐티드림골드중형72피*4
82063449,큐티골드용7월사은품*40
82063451,큐티용8월사은품*40
82063484,코디폴리셋트1*12프리미엄
82063738,위스퍼울트라후레쉬날중40P
82065387,프링글스 무비팩
82065581,팬틴650온팩모이스춰
82066253,코디일반70미터24롤
82066336,위스퍼그린날개대형34개입
82066352,팬틴2700팩볼륨
82067241,FT 어드밴스드 프로텍트 루스파우더UV
82068629,PAMPERS DPR LG 46SX4 FALL 04 JMB AWCG
82068724,팬틴1600팩모이스춰
82068774,프링글스바캉스팩오리지날
82069321,프링글스 클럽팩184G 4S*6
82070313,위스퍼 소프트클린 중형 60p +12p free
82070327,WHISPER REG 32SX24 S01 DIANA 1.5 SPR05
82071845,PAMPERS DPR LG 46SX4 PREMIUM 04 JMB IMP
82072815,조이500mlx2기획상품(포르쉐2)
82073156,페브리즈실속형 900ML 은은한향(스티커)
82073247,파워 싸인즈 트리트먼트 파운데이션 OP-1
82073616,SKII 화이트닝 소스 클리어 스팟
82073873,프링글스 X-mas컵팩(오리지날)
82074591,에어터치 FND BE-2(리필)BC
82074613,후레쉬라이너 무향 40*2
82075211,프링글스 믹스 스페셜
82075919,웰라 트리트먼트칼라 내츄럴 6
82077266,큐티 편안한아기 골드 중형 52P
82078765,헤드앤숄더 1335팩-멘솔
82080999,팬틴 525팩(LOTTE.COM)-집중손상
82081912,위스퍼 코스트코 전용팩-ML 시스템팩
82082864,웰라 ON05 인텐시브 믹스드케이스 II
82083619,팬틴 집중손상케어 샴푸 550ML_SW
82084217,웰라칼라엑스트라케어 11/3 샤이니골드
82085431,비달사순 모이스춰워터 교체형 대용량 리필
82086460,프레스드 파우더 컴팩트 (new)
82086742,비달사순 컬러케어 샴푸 550ML
82087196,비달사순 컬 스타일링 워터 150ML
82088248,위스퍼 소프트클린 트윈윙 울날중 64개입
82088251,위스퍼 소프트클린 2 울일중 20개입
82088425,MJ'06 (900ML+320ML) 프로모션팩(녹차)
82089530,어드밴스드 화이트닝 소스 팬케익 310
82089561,팬틴밀키모이스춰샴푸550ML
82089817,비달사순 2550 팩-살롱 모이스춰
82095403,팬틴 2450팩-밀키모이스춰
82095404,팬틴 2450팩-바운시볼륨
82096414,헤드앤숄더 2880팩-레몬그라스
82096494,헤드앤숄더 945트라이얼팩-쿨멘솔
82097350,위스퍼 소프트클린 오버나이트 2P 샘플
82099325,헤드앤숄더 2320팩-모이스트
82099457,코스트코 그린 번들팩 80개입
82100007,비달사순 딥살롱 에센스100g
82100061,웰라트리트먼트칼라인텐시브8B
82100181,싸인즈 트랜스폼 FND 330 레이디언트 오크
82102185,헤드앤숄더 실키 티트리 850 린스
82102469,헤드앤숄더1900팩-센서티브알로에
82102789,아쿠아 피직스 세럼 40ML
82103938,W소스덤리바이벌프로그램6P샘플
82103955,페이셜트리트먼트 UV 프로텍션 미니샘플
82104314,페브리즈 카사이즈 프로모션 팩 플로랄 향
82104894,페브리즈 화장실용 은은한 플로랄 (스티커)
82106115,페이셜트리트먼트 UV 프로텍션 샘플
82106649,어드밴스드WS팬케익EX 105
82106968,화이트닝소스 트윈세트 08
82107104,헤드앤숄더 헤어폴 클리닉 샴푸 200ML
82107830,헤드앤숄더 알로에 570린스 스티커
82108001,팸퍼스 대형 28개입
82108768,위스퍼 소프트 클린 울날중 2P 폴리
82110319,팬틴집중손상케어샴푸550ML
82110548,싸인즈 링클 세럼 50G
82110763,밀키 모이스춰 컨디셔너 200_프로모
82110999,헤드앤숄더 센서티브알로에 컨디 200ML
82111691,위스퍼 소프트클린 S 80p
82112653,비달사순 샤이닝 스타일링 젤 150G
82113085,SK-II페이셜트리트먼트클렌징오일
82113103,듀얼 마스크
82113177,팬틴 프리즈디펜스 세럼30
82113535,웰라_인텐시브_7B_추석한정할인팩
82117061,위스퍼 소프트클린 커브 대형 20
82117077,위스퍼 슬림 슈퍼롱 오버나이트 샘플 1P
82117565,팬틴밀키모이스춰컨디850ML
82118372,비달사순 컬 리바이탈라이징트리트먼트왁스
82118517,SGNS퍼펙트래디앙스 LIQFND320
82118826,프링글스 코스트코팩 6캔
82119331,헤드&숄더 쿨멘솔 샴푸 400ML
82120820,위스퍼 세이프티존 그린 100P_이마트
82122365,페이셜트리트먼트클리어로션 10ML
82123321,2010 추석 테스코1호
82123815,JAS'09 페브리즈 370ML+320ML 팩 허브 향
82124019,위스퍼 세이프티존 이마트 중대 365팩
82125803,위스퍼 베이직 패드 대형 30개입
82125888,SGNS퍼펙트래디앙스 LIQFND310
82125977,위스퍼 리프레쉬클린케어 울날중 36>
82126557,헤드&숄더 프레쉬 레몬그라스 샴푸 850ml
82126999,셀루미네이션 마스크인로션 100ml
82128982,수딩 두피 케어 코스트코 850 린스
82129150,헤드앤숄더 컨디850 건조한 두피 케어
82129159,헤드앤숄더 컨디550헤어 폴 클리닉
82129211,SK-II 컴팩트 파우더 화이트
82129430,팬틴클리니케어컨디550풀앤씨크CA
82131102,퓨전 MAMJ'10 파워
82131259,프링글스 양파맛 110GX12    (월드컵 AW)
82131550,팬틴 프리즈디펜스 삼푸 280
82131557,팬틴 풀앤씨크 삼푸 280
82131620,페브리즈 플러스 용기형 370ML
82132975,스킨 시그니처 2.5g 샘플
82133576,헤드앤숄더 수딩 컨디 850ML 스티커
82133641,크로스액션 탁월한 세정력 3+컴플리트7 35S
82134428,헤드 샴푸400 헤어폴
82134684,위스퍼 이마트 슈퍼롱 팩
82134864,위스퍼 리프레쉬케어 대형 2개입 샘플
82135454,페브리즈(MO) 370ML 용기형 은은한 향
82135936,토탈이펙트 7 인 1 안티에이징 세럼
82137903,듀라셀 디럭스 알카 AA 21개입
82138060,토탈이펙트 7 인 1 안티에이징 크림 노말
82138178,조이 리필 400ML
82138518,비너스 새틴케어 센서티브 젤
82138918,다우니 퍼플  200ML화이트티와 릴리 향
82139000,오랄-비 펄사 40모
82139102,오랄-비 크로스액션 40모
82140412,토탈이펙트 웻 클렌징 클로스
82140722,팬틴 인텐시브모이스쳐케어 1350팩
82141125,페브리즈(MO) 900ML 실속형 은은한 향
82141417,셀루미네이션 마스크인로션 100ml
82141434,ROCHAS 리미티드 에디션 골드 컴팩트
82141658,스킨시그니처 3D 리디파이닝 마스크 1p 샘플
82142233,팬틴 바운시볼륨케어 1000팩
82142272,팬틴 실키스무드케어 2550팩
82142678,위스퍼 리프레쉬클린케어 울날오 14>
82143024,헤드앤숄더 샴푸550 건조한 두피 케어 슬리브
82144387,방향 리드 디퓨져 그린티 시트러스 향
82144774,페이셜 트리트먼트 클렌징 오일 250ml
82145528,페브리즈 에어 (달콤한애플캔디) 슬리브
82145637,에스케이-투 광채 화이트닝 키트
82146163,페브리즈 에어 2개입 물빛 맑은계곡
82146248,오랄-비 후레쉬 클린 40모 4개입
82146313,팬틴 풀앤씨크 볼륨 리차징 미스트 150
82146389,팬틴 프리즈디펜스 삼푸 280
82146485,위스퍼 슈퍼롱 오버나이트 5개입
82146858,듀라셀 디럭스 AAA 40입_코스트코
82147099,화이트 래디언스 아이 세럼
82147273,셀루미네이션 에센스 30ML
82147698,퓨전 하이드라젤 센서티브 스킨 70g
82147866,듀라셀 알카 9V 4개입 코스트코
82149934,싸인즈 업 리프터 40g
82152081,팬틴 집중 수분 컨디셔닝 린스 850ML
82152102,팬틴 트리트먼트 200 실키 스무드
82152319,싸인즈 퍼펙트 래디언스 LIQ FND 310
82153017,위스퍼 슈퍼롱 오버나이트 30개입
82153327,FT 에센스 215ML 리미티드 에디션
82153814,에이지 리바이탈라이즈 로션 20G
82153834,LXP 퍼펙팅 세럼 50ML
82154918,팬틴 삼푸 500 내추럴 케어 스티커
82155826,팬틴 아이리스 850 집중손상 컨디셔너_이마트
82156082,셀루미네이션 딥서지 EX 50G
82156089,셀루미네이션 에센스 EX 50ML
82156641,화이트 래디언스 인텐시브 브라이트닝 세럼
82157372,셀루미네이션 에센스 인 FND 330
82157395,셀루미네이션 리퀴드 FND 310
82157945,오랄-비 어드밴티지 컴플리트 화이트닝
82158198,팬틴 올데이헤어폴프로텍트 트리트먼트 100
82159909,팬틴샴푸500집중수분케어STK
82159911,팬틴샴푸500바운시볼륨STK
82159916,팬틴컨디500모발강화STK
82160525,토탈이펙트 7 인 1 안티에이징 아이 세럼
82161625,토탈이펙트 세트 4 (TE노말크림50g + TE세럼10g + TE노말크림
82163598,헤드앤숄더 MMS 2250팩- 헤어 폴 클리닉
82163600,헤드앤숄더 MMS 2114팩- 헤어 폴 클리닉
82164296,토탈이펙트 7 인 1 안티에이징 인헨싱 클리어 로션
82164391,아이보리 10바
82169737,헤드앤숄더 1700팩- 쿨멘솔
82170526,스템파워 트라이얼 세트
82171025,위스퍼 리프레쉬 클린 케어 울트라 날개형 대형 10개입 X24
82172400,스템파워 50g
82172859,페브리즈 370ml+370ml 팩 은은한 향 올림픽
82173218,스템파워 크림 컴팩트 파운데이션 105
82176847,시리즈젤 퓨어&센서티브 젤 200ML
82178215,팬틴 클리니케어 F&T 트라이얼팩
82178678,페브리즈(MO) 900ML 실속형 상쾌한 향
82178700,페브리즈 하와이안 용기형 370ML
82178710,크로스액션 프로 엑스퍼트 항균 40모 부드러운모 3입 (이마트)
82178895,질레트일회용면도기24개입
82179052,헤드앤숄더 샴푸 1200MLX6 아이스 프레쉬_마운틴듀
82180243,팬틴 트리트먼트 (200X2)X12 극손상
82180596,비달사순 프리미엄 컬러 케어 컨디셔너 485g
82180697,팬틴 집중손상케어 컨디셔너 500
82181614,SK-II 맨 페이셜 트리트먼트 에센스 215ml
82181910,다우니 핑크 1L+700ml 팩 베리베리와 바닐라크림 향_Sep'12
82182031,헤드앤숄더 쿨멘솔 샴푸 550ml
82182110,페이셜 트리트먼트 마사지크림 80g
82183618,헤드앤숄더 로터스 2100샴푸팩- 쿨 멘솔
82184112,헤드앤숄더 가려운 두피케어 샴푸 850ml
82184261,위스퍼 핑크세스 중형 30개입
82184825,오랄비전동칫솔모2입EB20-2
82185015,다우니 퍼퓸 핑크 1L 이노센스 향
82185454,마하3터보 9입날 + 면도기 무료증정
82185456,퓨전 프로글라이드 스타일러
82186230,다우니 퍼플 2L+2L 팩 화이트티와 릴리 향_Sep'12
82187595,330s-4 레드 + 프로글라이드 기획팩
82187991,페브리즈(MO) 900ML 대용량 허브 향
82191033,마하3 센서티브 파워 면도기 1 up
82191186,헤드앤숄더 Bahams 애플프레쉬 샴푸 550ml
82191855,에스케이-투 컬러 클리어 뷰티 파우더 파운데이션 105 (스노우 스킨)
82192018,팸퍼스 이지업 팬티형 여아 5단계 메가 3/40
82194665,헤드앤숄더 MtDew 1950팩- 가려운 두피 케어_new
82195302,위스퍼 피부애 팬티라이너 무향 36개입
82196216,다우니 블루 1L+1L 팩 튤립과 달콤한 라일락 향
82196481,팸퍼스 베이비드라이 5단계 이코노미 박스1/172
82198202,위스퍼 피부애 기분이 좋아지는 향 대형 32개입 (RRP)
82198220,페브리즈 비치형 비내리는초원 3개입 코스트코팩
82198271,페브리즈 370ml+320ml 팩 상쾌한향 Jun'13
82198598,페브리즈 에어 하와이안 플로랄 275G
82199478,허벌 에센스 핑크 로즈 컬렉션 컨디셔너 490ml
82199998,팬틴 프로브이 아쿠아 퓨어 트리트먼트 200ml
82201284,팬틴 극손상케어 컨디셔너 500
82201355,마하3 터보 매뉴얼 면도기　
82201492,팸퍼스 BB 크루저 5단계 1/132
82201666,위스퍼 보송보송케어 중형 30개입
82201671,위스퍼 리프레쉬클린케어 벌키 중형56개입
82202101,위스퍼 리프레쉬클린케어 울날중 36>
82203374,위스퍼 보송보송케어 울트라 날개 대형30개입 (RRP)
82203382,위스퍼 리프레쉬클린케어 울날중 36> (RRP)
82203525,셀루미네이션 오라 에센스 75ml
82203671,위스퍼 코스모 인피니티 중형 10개입
82204463,퓨전 파워 BBGR 믹스드케이스(온라인용)
82204861,페브리즈 섬유탈취제370ml + 차량용 2ml*2
82205014,다우니 퍼퓸 핑크 200ml 이노센스 향
82205067,다우니 핑크 1LT 베리베리와 바닐라크림 >
82205916,맨 페이셜 트리트먼트 에센스 75ml
82206454,프로글라이드 파워 면도기 1UP TESCO
82206542,싸인즈 컨트롤 베이스 25g
82208825,로케트 알카 AA 2개입
82208923,듀라셀 디럭스 알카라인 AAA 14팩
82208933,로케트 알카 AA 2개입 스몰카드 (20+2 보너스팩)
82209728,스템파워 크림 50g 키트(FTE30ml+SSM1P)
82210271,싸인즈 퍼펙트 래디앙스 파우더 파데 버프
82210774,오라 화이트닝 키트
82211049,오랄-비 스테이지스 2단계 2입(National)
82211206,팬틴 트리트먼트 나이트에스테세럼 30ML 번들팩
82211386,페브리즈 파워 용기형 370ML
82211481,위스퍼 피부애 믹스케이스
82212345,다우니 블루 2L 레몬그라스와 달콤한 라일락 향
82212500,페이셜 트리트먼트 클렌징 오일 2.5ml (비매품)
82212512,질레트 퓨전 파워 16 입 팩 (롯데 VIC 마켓)
82212513,질레트 퓨전 매뉴얼 8 입 날 (LT)
82212728,맨 에센스150ml x Hugo Boss50ml 세트(면세점용)
82215294,　듀라셀 디럭스 테스코 AA 8팩
82215323,헤드앤숄더 두피마사지크림 155ML
82217147,페브리즈(MO) 370ML 용기형 은은한 향
82217285,듀라셀 D 12PK_블리스터_코스트코
82217533,위스퍼 피부애 울트라 프로모션팩 40P( 롯데마트)
82218579,컬러 클리어 뷰티 에나멜 크림 컴팩트440
82219870,대리점 퓨전 파워 믹스드케이스
82220621,팸퍼스 M5 베이비드라이 5단계 이코노미 박스1/160
82221312,질레트 포오미 멘솔 175G
82221418,다우니 핑크 4LX4 베리베리와 바닐라크림 향_PGP
82221743,비너스 임브레이스 핑크 시스터 FRR
82223030,팬틴 프로브이 극손상케어 1500팩
82223223,페브리즈 비치형 리필 (비내린초원)  
82223393,마하3 클래식 믹스드케이스
82225273,에스케이-투 페이셜 트리트먼트 UV 프로택션 30ml
82227094,다우니 핑크 리필 700ML 베리베리와 바닐라크림 향
82227645,화이트닝 스팟 스페셜리스트 컨센트레이트 28p
82228825,위스퍼 보송보송케어 울트라 날개 소형 18P
82228927,위스퍼 소프트라이트 2 일반형 32P
82229296,셀루미네이션 리퀴드 파운데이션330
82229305,싸인즈 퍼펙트 래디앙스 파우더 파데330
82229492,T 에스케이-투 페이셜 트리트먼트 에센스-아이 15g
82230065,스킨 퍼펙팅 파운데이션310
82230334,다우니 퍼퓸 핑크 1.7L 이노센스 향
82230484,프로글라이드 파워 4+1 팩 (플렉스볼)
82230617,페이셜 트리트먼트 클리어 로션 230ml
82231130,위스퍼 리프레쉬클린케어 울트라 날개 대형 32P(RRP)
82231903,위스퍼 피부애 울트라  날개 중형 36P
82232253,위스퍼 피부애 28개입
82232624,오랄비 고탄력 초미세모 저자극 케어 4입 이마트
82232768,오랄-비 크로스액션 항균케어 40모 3입(롯데마트)
82232791,오랄비 어드밴티지 항균모 이마트팩 4개입
82233179,팸퍼스 크루저 3단계 1/174
82233255,퓨전 파워 면도기 TMR 1CSX36IT*1X6X6
82233266,블루2 플러스 센서티브 5s
82233307,질레트 퓨전 매뉴얼 면도날8입
82235196,위스퍼 피부애 라이너 36개입 리프레쉬
82235245,바디 쉐이브 면도기 1up
82235265,화이트닝 소스 덤 브라이트너 75g
82235508,페브리즈 차량용 프리미엄 숲속의 콘체르토 스타터킷 7ml
82235552,다우니 김치 블루 2L+700ML팩 레몬그라스와 달콤한라일락 향
82235880,퓨전 파워 면도기 무료 팩
82236088,마하3 센서티브 파워 면도기 1 up
82236303,팸퍼스 베이비드라이 팬티 3단계(중형) 46X4
82236345,퓨전 매뉴얼 8+1 면도기 무료 팩
82237058,아티산 브러쉬 파운데이션 (유브이/라이트) 420
82238503,셀루미네이션 에센스 파운데이션 440
82238695,페브리즈 섬유탈취제 은은한 향 370mlX2 (PP)
82238831,팬틴 퀀텀 트리트먼트200X24 실키스무드
82239723,헤드앤숄더 발리 샴푸 850 헤어폴 클리닉
82240230,이마트 듀라셀 KCP RRP AAA 12입
82240582,헤드앤숄더 발리 샴푸 550 가려운 두피케어
82240861,페브리즈 에어 상큼한 라임오렌지 4개입 코스트코팩
82240995,다우니 퍼퓸 로즈골드 럭셔리 피오니 1.7L
82241236,오랄비 스테이지스 치약 2개입
82241627,오랄-비 크로스액션 항균케어 4입(이마트)
82241695,위스퍼 피부애 38P(대리점)
82241921,T 페이셜 트리트먼트 젠틀 클렌징 크림 2.5g(비매품)
82242080,T싸인즈 퍼펙트 래디앙스 파우더 파데 420
82242099,T 셀루미네이션 리퀴드 FND 320
82242606,제놉틱스 스팟 에센스 50ML
82242944,팬틴 퀀텀 트리트먼트 엑스트라볼륨 200_TE
82243206,마이크로 씬 클린 미세모 4입(National)
82243309,오랄-비 블랙티 크로스액션 콤보팩 (이마트)
82243524,오랄-비 크로스액션 젠틀케어 35모
82243899,페브리즈(MO) 900ML 대용량 허브 향
82244734,오랄비 크로스액션 TAJ 컴플리트7 3입
82244745,오랄비 크로스액션 향균케어 4입 (이마트)
82245029,페브리즈 포맨 보충형 320ml
82245540,다우니 퍼퓸 화이트 1L 클래식 향(테스코/롯데)
82245590,다우니 블루 700ml 레몬그라스와 달콤한 라일락 향(롯데)
82245729,브라운 시리즈 3 면도기 3020S
82248660,스킨 시그니처 멜팅 리치 크림 50g
82249164,알엔에이 파워 에센스 1ml(비매품)
82249167,프로글라이드 파워 8+1 올림픽 팩 (플렉스볼)
82249254,에이지리스 뷰티크림80g & 아이크림15g 세트
82249384,헤드앤숄더 1950팩- 쿨멘솔(Bali)
82250354,알엔에이 파워 에센스 세트 래디컬 뉴 에이지
82250383,퓨전 프로글라이드 플렉스볼 매뉴얼 면도기 1UP
82250537,셀루미네이션 마스크-인 로션 100ml
82250752,애트모스피어 씨씨 크림 0.8g(비매품)
82250917,오랄비 스테이지스2 6입
82251003,페브리즈 차량용 2MLX6 (맑은하늘바람)_TESCO
82251473,(샘플) 팸퍼스 베이비드라이 팬티 3단계(중형) 2P 2X92
82251636,페브리즈 섬유탈취제  이마트팩 허브 370mlX2 + 다우니 210ml
82251835,피테라 오일 에센셜 케어 키트
82252148,팸퍼스 뉴베이비 센서티브 2단계 샘플 8P(8x27)
82252225,다우니 블루 1L 레몬그라스와 달콤한 라일락 향(테스코/롯데)
82252462,오랄비 고탄력 초미세모 저자극 케어 6입 DBD
82252472,오랄-비 스테이지스 1단계 2입(이마트)
82252481,다우니 스포츠 1L+700ml 팩 액티브 시트러스 향
82252500,오랄-비 스테이지스 2단계 2입
82252518,다우니 김치 핑크 1L+1L 팩 베리베리와 바닐라크림 향
82252522,다우니 김치 블루 2L+700ML팩 레몬그라스와 달콤한라일락 향
82254555,헤드앤숄더 Bahamas샴푸 550 애플프레쉬
82255702,NEW 마하3 터보 13+1팩
82256150,위스퍼 보송보송케어 중형 보너스팩 36P+18P
82256911,브라운 여성용 페이스 SE80
82257481,페브리즈(MO) 320ML 리필형 상쾌한 향
82257487,페브리즈 다우니향 리필형 320ML
82257559,질레트 마하3 터보 매뉴얼 면도기
82258827,퓨전 프로쉴드 아이레이저 제국군
82260050,팬틴 콜로서스 트리트먼트 220ml 엑스트라볼륨
82260512,페브리즈 차량용 2MLX6 (맑은하늘바람) - TESCO (LEGO)
82260864,다우니 클래식 1+1 번들팩
82262331,페브리즈 섬유탈취제 다우니향 210ml(Harmony)
82263092,OLAY 리제너리스트 셀싸이언스 클렌저 120g
82263798,위스퍼 코스모 울트라 날개 대형 3개입 (E-comm)
82264362,다우니 섬유 데오도라이저 프레시 그린 480g
82265003,팬틴 퀀텀 트리트먼트 (150X2)X12 딥리페 헤어 마스크팩_T
82265035,다우니 퍼플 화이트티와 릴리 향 1LX3
82265037,다우니 스포츠 액티브 시트러스 향 1LX3
82265054,다우니 퍼퓸 그린 보타닉가든1LX3
82265325,팬틴 퀀텀 극손상 1500팩X6
82265555,다우니 블루 1.6L 레몬그라스와 달콤한 라일락 향
82266322,페브리즈 900ml+900ml 팩 다우니향 (Harmony)
82267193,오랄비 스테이지스1 6입 쿠팡팩
82268801,페브리즈 370mlX2 팩 다우니 향 (쿠팡)
82268804,페브리즈 370mlX2 팩 은은한 향 (쿠팡)
82268936,페브리즈 섬유탈취제 다우니 향 320ml (Harmony)
82269155,페브리즈 비치형 스타터킷 맑은하늘바람 2입(K-reach)
82270799,질레트 프로글라이드 롯데 창립팩 (2018)
82271452,퓨전 하이드라 젤 센서티브 75ml
82271468,헤드앤숄더 2250팩- 쿨 멘솔(Olympic)
82272158,페브리즈 부착형 화장실용 스타터킷 (깨끗한 오렌지향) (Kreach2)
82272523,페브리즈 비치형 리필 (바닐라라벤더의포근함) (Kreach2)
82272574,질레트 마하3 면도날 4입
82273880,스킨 퍼펙팅 파운데이션310
82274133,오랄비 고탄력 초미세모 저자극 케어 4입
82274494,디럭스 샘플키트 14G(Airy)
82275364,브라운 여성용 페이스 SE810 (증정용STK)
82275690,마스터피스 피테라 크림50g
82276056,오랄비 스테이지스3 카즈 2pX4입 (코스트코)
82276197,헤드앤숄더 2250팩- 쿨 멘솔(Bali)
82279024,프로글라이드 파워 4+1 팩 (Brownbox)
82279170,에스케이투 페이셜 트리트먼트 에센스 레드 카란 리미티드 에디션
82280239,다우니 블루 2L 레몬그라스와 달콤한 라일락 향
82280834,다우니 퍼플 4LX4 화이트티와 릴리 향_PGP
82281471,페브리즈 섬유탈취제 다우니 향 900ml (Harmony)
82281990,팸퍼스 M5 베이비드라이 3단계 이코노미 박스1/204
82282695,퓨전 프로쉴드 옐로우 4+1 쉐이브클럽 팩 (프리미엄)
82285000,센서3 일회용 스포츠 4팩
82285629,팸퍼스 크루저 5단계 박스 1/90_S7
82285841,다우니 핑크 3.8LX3 베리베리와 바닐라크림 향
82286741,퓨전 프로쉴드 칠 면도날 16입 (ECOM)
82286750,질레트 퓨전 프로쉴드 칠 면도날 10입 (ECOM)
82287447,페브리즈 차량용 프리미엄 아쿠아왈츠 스타터킷 7ml  (NMR)
82289552,팸퍼스 베이비드라이 5단계 이노머스 박스 1/132
82289917,페브리즈 차량용 2.2ML (맑은하늘바람)
82289924,페브리즈 차량용 3개입(2.2mlx3)제주의 맑은하늘바람(Genesis)
82292215,페브리즈 포맨 370mlX2+320ml 코스트코팩
82292235,오랄비 고탄력 초미세모 그린티 6개입
82292815,다우니 퍼퓸 핫핑크 블룸 1.6L
82292822,다우니 블루 3.8LX3 레몬그라스와 달콤한 라일락 향
82293550,페브리즈 섬유탈취제 상쾌한향 리필 320ml*2 + 페브리즈 휴대용85m
82293882,마하3 BBGR 팩
82294040,에스케이투 페이셜 트리트먼트 에센스 블루판타지스타유타마로리미티드에디션
82297207,다우니 블루 1.6LX2 레몬그라스와 달콤한 라일락 향 (Paper)
82297223,다우니 퍼퓸 블랙 미스티크 1L+1L (Paper)
82297929,팬틴 극손상케어 트리트먼트 쿠팡팩
82297997,팸퍼스 스와들러 S1 4P (샘플)
82298091,팸퍼스 크루저 5단계 박스 1/90_S7
82298117,팸퍼스 스와들러 3단계 26X4
82298135,팸퍼스 크루저 6단계 박스 1/72_S7
82298232,다우니 프리미엄 액체형 세제 핑크 1.7L
82298701,질레트 프로쉴드 적십자사 팩
82299171,다우니 퍼퓸 핫핑크 블룸 1LX3+200ML (쿠팡)
82299189,다우니 블루 4LX3 레몬그라스와 달콤한 라일락 향 (홈플러스)
82299242,화이트닝소스 덤 리바이벌 마스크10p
82300115,페이셜 트리트먼트 에센스 10ml(비매품)
82300518,질레트 히티드 레이저 트래블 키트
82301023,페이셜 트리트먼트 에센스 160ml
82302029,다우니 퍼퓸 블랙 미스티크 2LX2 팩 (이트레이더스)
82302643,다우니 고농축 로맨스 8.5L
82302669,다우니 퍼퓸 오션코랄퓨어러브 1.05LX3
82303298,질레트 스킨텍 면도날 16입
82303792,오랄-비 크로스액션 35모
82305374,질레트 벌크 퓨전 프로글라이드 4입
82305438,페브리즈 포맨 상쾌한허브향 용기형 370ml (Elixir P2)
82305444,팸퍼스 베이비드라이 밴드 M7 2단계_1/186
82305462,팸퍼스 스와들러 1단계 32X4
82305470,팸퍼스 스와들러 4단계 22X4
82306122,페브리즈 에어 바닐라 라벤더의 포근함 2개입 (hyper)
82306667,페브리즈 370ml+320ml 팩 다우니향
82308140,헤드앤숄더 쿨멘솔 샴푸 200ML
82308321,퓨전 프로쉴드 옐로우 면도날 8입
82309502,팸퍼스 스와들러 6단계 16X4
82310162,다우니 프리미엄 폼형 세제 실내건조 24입
82310377,질레트 스킨텍 1up+8ct 팩 (코스트코)
82310995,프로글라이드 센서티브 엑티브 스포츠 포오미 245g
82311199,페이셜 트리트먼트 클리어 로션 30ml(비매품)
82311734,OLAY GA 에센스 듀오 세트(ESS40ml*2)
82313567,오랄비 클릭 리필모 2입 (블랙)
82314251,오랄-비 초미세모 리필모 6개입
82314429,페브리즈 섬유탈취제 반려동물 냄새용 허브향 900ml*2 (Costco)
82314460,다우니 엑스퍼트 1L+1L 팩 스포츠 향
82316190,다우니 퍼퓸 코튼퓨어러브 1.05x3 CHP (구버전)
82318928,헤드앤숄더 애플프레쉬 2800팩
82319084,페브리즈 섬유탈취제 다우니 에이프릴 향 880ml 2입
82319457,페브리즈 에어 맑은하늘바람 2개입 (hyper)
82321458,페브리즈 370ML 용기형 은은한 향(PGP)
82321918,질레트 프로글라이드 파워 면도날 4입 (557)
82322027,브라운 시리즈 3 면도기 3030S
82322546,다우니 베이스 퍼플 맥퀸 화이트티와 릴리  4LX3 (PGP)
82323141,페브리즈 섬유탈취제 은은한향 보충형 640MLX2
82323217,질레트 매뉴얼 면도날 커버
82323768,오랄비 크로스액션 TAJ Lite 4입(China)
82324378,팸퍼스 밤낮묶음 4단계 8개입 샘플_QR
82325308,다우니 스프링 가든 러브 1.05LX3
82326770,다우니 스프링 가든 러브 1LX2 팩 (CHP)
82327223,오랄-비 고탄력초미세모 잇몸선케어 1입 (DBD LS)
82327308,페브리즈 화장실용 상쾌한비누향 6ml*2+상큼한레몬향 6ml*2
82327427,다우니 프리미엄 액체형 세제 블루 2.0L
82327964,다우니 PGP 핑크 3.8X3 베리베리와 바닐라 stk
82328194,오랄비 전동칫솔 D12.513 스타워즈
82329855,오랄-비 전동칫솔모 EB20-4 + EB20-2 (Sticker)
82330010,페브리즈 섬유탈취제 포맨 시원한 멘솔향 용기형 370ml
82330506,비너스 엑스트라 스무스 면도기 2UP (657)
82330736,다우니 보타니스 오션 코랄 퓨어 러브 1LX3 팩
82330795,페브리즈 섬유탈취제 상쾌한향 640MLX2
82330890,페브리즈 에어 (맑은하늘바람 PX)
82331043,질레트 스킨텍 매뉴얼 1up+7ct 팩 (ECOM)
82333050,다우니 엑스퍼트 실내건조 2LX2 이마트 팩
82333239,오랄비 저자극 케어 그린티 16입
82333390,페브리즈 항균플러스 깨끗한향 920mlX2 팩 (코스트코)
82333636,오랄비어린이칫솔모EB10-2 CARS
82334054,다우니 항균 파워 플러스 1.05LX3
82334057,다우니 퍼퓸 스프링 가든 러브 1.05LX3 (구버전)
82334079,질레트 프로글라이드 매뉴얼 면도날 4입 (PX)
82404203,안나수이 플라잇 오브 팬시 SG 200ML
82404350,AS 뷰티 트레이 S
82404637,AS 수이 립 글로스 601 테스터
82406574,AS 아이 칼라 액센트 205
82410142,AS 네일 칼라 N 600 테스터
82410303,AS 네일 칼라 N 300
82412573,AS 화이트닝 로션
82414578,안나수이 모.리치 플루이드 F. B02
82414583,안나수이 모.리치 파우더 F. B00
82414629,AS 모이스처 리치 PF B00 T
82416750,립 루즈 G 305
82418200,AS 프로텍티브 FF 엘 B00 테스터
82420305,AS 리퀴드 아이 라이너 WP 200 - 테스터
82421614,안나수이 넥클리스 루즈 02 - 테스터
82421651,안나수이 넥클리스 루즈 02
82422273,안나수이 립 글로스 C 401 -테스터
82422356,안나수이 립 글로스 R 650
83027981,프링글스콘소메맛스몰
83044150,프링글스마일드미디엄14*195G
84852689,프로글라이드 파워 4입 FWIP
84862389,듀라셀 디럭스 알카라인 9V 8개입
84865147,팸퍼스 크루저 5단계 점보1/140
84902685,프링글스피자맛184G*14
84944263,프링글스 프렌치 콘소메맛
80853918,페브리즈 신발장용 프레쉬코튼 6.3ml
82305436,페브리즈 섬유탈취제 내추리스 민트 앤 주니퍼베리 향 370ml
82243576,오랄비스테이지스 2단계
82234810,컬러 클리어 뷰티 에나멜 크림 컴팩트 310
82233546,오랄-비 DNA D16 롯데
81651204,브라운 시리즈 1 날망 10B
82223081,듀라셀 울트라 AAA 12개입_Tesco
82301687,화장용 퍼프(레드케이스 원형)
80703702,다우니 블루 레몬그라스 1.6LX6 F1
82157186,페브리즈 370ML+320ML 팩 은은한향
82322647,LXP 얼티미트 퍼펙팅 세럼50ml
81160002,AS EDT 50 T
82218697,팬틴 컨디셔너500X9 실키스무드
82206447,마하3 센서티브 파워 1UP TESCO
82271437,퓨전 하이드라 센서티브 젤 200ml
82206536,셀루미네이션 에센스인 파운데이션 105
82083622,팬틴 집중손상케어 컨디 500ML_SW
82243421,퓨젼 팬텀 파워 면도기
80256582,팸퍼스 M5 베이비드라이 3단계 이코노미 박스1/204
82101647,위스퍼 센서티브 시스템팩 72P
80825370,다우니 코튼 퓨어 러브 1.05LX3 M2
82008772,팬틴 1700팩-집중손상
82229243,페이스 트리트먼트 리페어C 30ml
82244770,오랄비 프로-엑스퍼트 클리니컬 프로-플렉스 3입
82145548,싸인즈 너리싱 크림 50g
80719124,브라운 시리즈 9 면도기 9576cc PC CHROME
82157938,오랄-비 크로스액션 7베네핏 35모
82322545,질레트 스킨텍 매뉴얼 면도날 2입 2X6X12
82291700,팬틴 콜로서스 실키스무드 1500팩
81355280,SP 오프닝 700 판촉물 패키지
82134423,헤드앤숄더 샴푸 850헤어 폴 클리닉
82252813,컬러클리어 뷰티에나멜 크림컴팩트320
80846740,헤드앤숄더 프로페셔널 안티-댄드러프 어드밴스드 가려운두피케어샴푸470ml
82110578,헤드앤숄더딥클린컨디375ML
82272257,컬러 클리어 뷰티 파우더 파데420
82043249,SK2화이트닝에센스29G
82085761,웰라 트리트먼트칼라 내츄럴 6
82328118,페브리즈 화장실용 2개입(6mlx2) 상큼한 레몬향 (Lotsell)
82272575,질레트 마하3 면도날8입
82065774,페브리즈210ml차량비치용
82147067,화이트 래디언스  리스토어링 로션
82412723,AS 수퍼 블랙 LL 마스카라 001
82172448,퓨전 하이드라젤 울트라프로텍션 (올림픽)
82288263,다우니 코튼 퓨어러브 2Lx2 팩 (이트레이더스)
80888508,제놉틱스 CC 프리마 50g 그린
82119500,SK-II 페이셜 마스크 하이드레이팅 세트
82294111,다우니 핑크 1LX12 DBD 베리베리와 바닐라크림 향
80344183,오랄-비 전동칫솔 Pro2500 핑크
82207711,헤드앤숄더 Bahamas 컨디셔너 850 딥클린
82181905,다우니 퍼플 2L+700ml 팩 화이트티와 릴리 향_Sep'12
82057858,위스퍼낮밤특별세트*16
82075656,팬틴 샘플팩 20ml_린스
82169446,페브리즈 엑스트라 스트렝스 900*2
82070642,위스퍼소프트클린시스템프로모션팩-E
80724037,오랄-비 스테이지스 2단계 미키 2입
80887957,팬틴 극손상 케어 컨디셔너 750ml
81274838,SP 트라이얼 150 패키지 판촉물
82093062,웰라칼라엑스트라케어 2/0 (DBD)
82271337,다우니 스포츠 1.6LX2+(700ml) 액티브 시트러스 향
82313197,질레트 프로글라이드 매뉴얼 믹스드케이스
82127056,헤드앤 숄더 딥 클린 400ML 스티커
80791888,오랄비 키즈 D100K+EB10s-2스파이더맨
82215446,타이드 플러스 다우니 액체 세제 2.72L
82195741,페브리즈 900MLX2 상쾌한 향 이마트 트레이더스
82002555,헤드앤숄더 쿨멘솔 샴푸 570ML
82189734,퓨전 하이드라젤 센서티브 스킨
84953601,프링글스치즈맛미디엄184G
82251319,팬틴 퀀텀 트리트먼트200X24 실키스무드
82058346,팬틴런아웃# 2-모이스춰
82283161,페브리즈 차량용 2ML (담배냄새제거용)(CT)　
80317974,오랄비 D16 오렌지
82284717,헤드앤숄더 2250팩- 가려운 두피 (바르셀로나)
82143473,에스케이-투 스팟 화이트닝 키트
80867273,브라운 시리즈 9 면도기 9660ccps BLACK
82184836,에스케이투 스템파워 에센스 50ml
82096846,페브리즈 베이스 항균 프로모션팩-플러스
82309493,팸퍼스 스와들러 4단계 22X4
80840168,페이셜 리프트 이멀젼 100g
82218276,팬틴 프로브이 아이스 샤인 샴푸 727mlX2 코스트코
82117819,헤드앤숄더 레몬그라스 컨디 850ML
82124731,페브리즈 (370*2) 팩 허브향
82327235,페브리즈 차량용 프리미엄플라워멜로디7ml
80714612,팸퍼스 3.0 통잠팬티 4단계 30 X 4
82201655,위스퍼 피부애 울트라  날개중형 5P
82138315,오랄비전동칫솔모1입EB17-1 (FFS)
80854614,레노아 화이트머스크 4Lx3 L1 (원제품)
82297229,다우니 퍼퓸 블랙 미스티크 1L+1L (Poly)
82277145,다우니 퍼플 1L+1.6L 화이트티와 릴리 향 (Agri)
80214582,오랄비 트라이존 500
82056331,헤드앤숄더샴푸모이스트400ML
80691076,OLAY WR CS 에센셜 세트(Ess30ml+Cream50g)
80868092,오랄비 깊은세정 초미세모 크로스액션 4입
82146306,팬틴 헤어타임리뉴얼 컨디셔너 550
80224949,비너스 프로스킨 면도기
82088258,위스퍼 그린 2 울일중 20개입
80265798,질레트 마하3 터보 매뉴얼 면도기
82147060,토탈이펙트 7 인 1 안티에이징 인텐시브 크림 (SPF20 PA++)
82275911,헤드앤숄더 Bali 컨디셔너 850 딥클린
82286692,마하3 BBGR 팩
83300024,VS샤이닝스타일링젤150ML*6
82204562,Tesco 다우니 핑크 1LT 베리베리와 바닐라크림
80836213,페이셜 트리트먼트 에센스 30ml
82101789,비달사순 2250 팩-살롱 모이스춰
81127087,SB 500ML 패네트레이트 마스
82034442,아이보리 3BAR
84956803,프링글스 올림푸스캔(양파맛)
82232498,페브리즈 차량용 2개입(2mlX2) (뉴질랜드 계곡)
81451544,브라운 Waterflex2_Black
82032447,팬틴시스템샴푸손상575ML 1*6
82293880,질레트 프로글라이드 면도기 핸들+프로쉴드 옐로우 면도날 12입 팩
82041608,위스퍼울트라후레쉬날개소20*24
82189653,듀라셀 디럭스 알카라인 AAA 2팩 스몰카드
82120416,팬틴 풀앤씨크 컨디셔너240_스티커
82316662,퓨전 프로글라이드 파워 면도날 10입 (ECOM)
82035067,헤드앤숄더 내추럴 허브 샴푸 850ML
80703705,다우니 블루 레몬그라스 2.6LX4 F1
82257493,페브리즈 엑스트라 스트랭스 보충형 320ML
80707592,헤드앤숄더 발리 샴푸 850ML 딥클린 (DBD)
81357663,11트렌드가운
82043753,팬틴샴푸일반모발1000ML
82221244,듀라셀 디럭스 알카라인 AAA 2팩_Tesco
82313451,팸퍼스 스와들러 마드레 2단계 10입 (샘플)_QR
82166590,헤드앤숄더 샴푸400 헤어폴클리닉
82001294,화이트닝소스 덤 데피니션 30ML
82131350,위스퍼 슈퍼롱 오버나이트 화이트 폴리 SH
82255957,WS 덤 리바이벌 프로그램6P
82275903,헤드앤숄더 2550팩- 가려운 두피(Bali)
82100063,웰라트리트먼트칼라내츄럴6
82144777,페이셜 트리트먼트 클렌징 오일 11ml 샘플
80742199,다우니 삶음파워 플러스 1LX12 Lotsell(DBD)
82331609,팸퍼스 스와들러 3단계 26X4
82296923,페브리즈 섬유탈취제 내추리스 민트 앤 주니퍼베리 향 370ml
82088893,위스퍼 그린 트윈윙 울날중 18 개입
80872038,다우니 퍼퓸 에메랄드 브리즈 480g P2
82289967,페브리즈 차량용 2.2ML (곰팡이냄새제거용)
82044773,SK-II FACE CRM SIGNS TRMT ESS RFL E-31
82259087,다우니 핑크 700ml 베리베리와 바닐라크림 향(롯데)
82212524,페브리즈 320ML 리필형 상쾌한 향
82252914,페브리즈 900ml+900ml 팩 다우니향
82305467,팸퍼스 스와들러 3단계 26X4
82192980,위스퍼 보송보송 시스템팩 102P
82212833,Olay 올레이토탈이펙트7인1데이크림노멀
82068906,팬틴 1900팩-모이스춰
80746683,페브리즈 화장실용 6.3ml 라벤더
82088625,어드밴스드화이트닝소스리퀴드FND310샘플
82178683,페브리즈 상쾌한향 용기형 370ML
82099864,플로랄향(투명) 페브리즈 보충형 320ML
82297926,헤드앤숄더 가려운 두피케어 샴푸 쿠팡팩
82051155,비달사순샴푸200ML
82110995,헤드앤숄더딥클린컨디200ML
82166100,퓨전 프로글라이드 매뉴얼 면도날 4입
81137349,디앤지 1 르 바틀뤄 EDT 100ML
82163706,헤드앤숄더 쿨멘솔 컨디셔너 850ml
82273733,컬러클리어 뷰티에나멜 크림컴팩트330
82250065,WS덤 데피니션 UV 로션30g
80693955,다우니 엑스퍼트 실내 건조 오메가 (그린)  1LX12 DBD
82265370,페브리즈 차량용 2ml (깨끗한 시트러스 파워)(LEGO)
81378760,Sp 최송현 매뉴얼
82100165,비달사순 살롱 모이스춰 컨디셔너 550ML
82223026,오랄비 스테이지스 치약 카즈&프린세스
82058477,팬틴1600팩볼륨DA JUN 03
82150137,질레트 퓨전 하이드라 젤 센서티브
80275096,2016년형 팸퍼스 크루저 5단계 1박스 (132매)
82144599,위스퍼 후레쉬라이너 향 40개입 RRP
82300529,퓨전 프로쉴드 옐로우 면도날 16입 (ECOM)
82219585,페브리즈 차량용 프리미엄 시트러스 심포니 리필 7ml
82291114,팸퍼스 스와들러 3단계 26X4
84916721,프링글스리지스오리지날미디엄160G
82002556,헤드앤숄더 겸용샴푸 570ML
82078763,헤드앤숄더 1335팩-모이스트
82265369,페브리즈 차량용 2ml (상쾌한 아침)
82286713,페브리즈 370mlX2 팩 상쾌한 향(쿠팡)(KREACH)
82325115,다우니 퍼퓸 코튼 퓨어러브 1.05LX3 (구버전)
82073221,위스퍼 소프트클린 날개중형 18P
82293392,질레트 스킨텍 매뉴얼 면도날 8CT 8x6x12
82225413,오랄비 크로스액션 TAJ Lite 4입
82119042,프링글스 미니 오리지날 40g (address stic
82103933,W소스덤리바이벌프로그램10P
82135459,페브리즈(MO) 320ML 리필형 상쾌한 향
82301772,다우니 엑스퍼트 2L+700MLx2 스포츠 향 (롯데마트)
80690925,다우니 생화향기 컬렉션 프리지아 앤 페어 리필 2.6Lx4
82315234,페브리즈 포맨 상쾌한허브향 370ML+320MLX2 팩
82147115,화이트래디언스 셋트 2 (브라이트닝세럼 50ml+ 리스토어링로션 20ml
82023825,팸퍼스　레고프리모　샘플1*48
82309849,오랄비 프로엑스퍼트 프로즌 2입
82063531,VS스타일리쉬스트레이트컨디셔닝린스500
82155194,팬틴 선물세트 E3호
82170697,다우니 블루 1L+700ml 팩 튤립과 달콤한 라일락 향
82216750,마스터피스 피테라 에센스 150ml
82315383,오랄-비 초미세모 리필모 6개입
82300536,질레트 클럽 4개월팩 플렉스볼 프로쉴드 칠 면도날 4입
82330770,페브리즈 섬유탈취제 다우니 에이프릴 향 360ml 3입 쿠팡 팩
82042792,SGNS퍼펙트래디앙스 LIQFND220
80684852,팸퍼스 2022년형 베이비드라이+통잠 4단계 샘플팩 8X30
82242000,질레트 마하3 터보 매뉴얼 면도기
82331030,질레트 프로글라이드 매뉴얼 면도날 16입 (ECOM)
82025017,큐티베이비조이대형52*6
82324020,질레트 프로쉴드 파워 이마트팩
82182133,화이트닝 스팟 스페셜리스트 50ml
81017328,AS 아이 라이너 브러쉬 테스터
82251346,페브리즈 370ml+370ml 팩 다우니향(PP)
82333193,페브리즈 370ml+320ml 팩 은은한향
82138749,헤드앤숄더 로터스 2550팩- 건조한 두피
82303800,오랄비 고탄력 초미세모 잇몸전문 케어 1입
82089724,팬틴 1500 이마트 팩 밀키모이스춰
82179385,위스퍼 리프레쉬케어 울날대 10개입
82038960,WHISPER SAPD LN 36Sx24 BLT CDU IW+ (TW)
82204056,헤드앤숄더 BAHAMAS 1500팩- 올인원
82302494,오랄비 구강세정기 OC20
82040699,SK2포밍마시지클로스트라이얼
82247393,팬틴 프로브이 아이스 샤인 트리트먼트 200ml
82096507,헤드앤숄더 770샴푸팩-딥클린
82255951,제놉틱스 스팟 에센스 50ml
82410326,AS 네일 칼라 엔 800
80726244,다우니 생화향기 컬렉션 시트러스 앤 버베나 2L (2023형)
82069444,SK-II페이셜트리트먼트클렌져
82204040,페브리즈 차량용 2개입(2mlX2 (라벤더의 포근함)
80709106,다우니 고농축 아로마 플로럴 8.5LX2
82077291,팬틴 밀키 모이스춰 케어 컨디 960ML
82263305,오랄비 초소형헤드 벨벳 3p(E-mart)
80730896,오랄-비 크로스액션 35모
82243510,컴플리트 5웨이 클린 40모 1개입
82042206,비달바겐세일팩웨이브1*6
82113661,W소스덤리바이벌마스크6P
82141425,셀루미네이션 리퀴드 FND 440
80700032,오랄비 클릭 라일락 리필모(잇몸케어) 2개
80314859,팸퍼스 베이비드라이 5단계 이노머스 박스 1/132
82111695,위스퍼 슈퍼롱  S 이랜드 80p
82195730,페브리즈에어 뉴질랜드향 4개입 코스트코팩
82251120,싸인즈퍼펙트 래디언스 리퀴드파데420
82160267,두피마사지크림 코스트코 X2팩_뉴패키지
82327471,페브리즈 에어 바람속의꽃향기 275g
82174759,오랄비 크로스액션 탁월한 세정력 40모 3입
82416758,립 루즈 G 701
82330967,질레트 프로쉴드 옐로우 파워 1up+8ct 팩 (코스트코)
82318724,페브리즈 차량용 3개입(2.2mlX3)(라벤더의 포근함)
82198605,페브리즈 에어 맑은하늘바람 275G
82416771,립 루즈 T 350
82043227,SK2화이트닝팬케익31
82328107,페브리즈 섬유탈취제 다우니향 대용량리필 650ml (Cass)
82224383,듀라셀 알카라인 디럭스 AA 벌크 1x144x4
82117609,비달사순 컬러케어 샴푸 850ML
82314443,다우니 퍼플 2L+700MLX2 화이트티와 릴리 향 (롯데마트)
82156731,페브리즈 비치형 스타터킷 바닐라라벤더의포근함
82291364,다우니 PGP 블루 3.8X2 레몬그라스와 달콤한 라일락 향 (EXP)
82139895,페이셜 트리트먼트 리페어 C 15ML
80714609,팸퍼스2023년형 베이비드라이+통잠 3.0샘플팩 8X30 4단계
82283981,페브리즈 차량용 라이트 6입 코스트코팩
82310701,다우니 블루 레몬그라스와 라일락 700MLx8
82135396,질레트 마하3 터보 면도날 8개입
82316051,제놉틱스 오라 에센스 0.7ml(비매품)
82172140,질레트 퓨전파워 면도날8입
82135453,페브리즈 상쾌한향 용기형 370ML
82326755,다우니 엑스퍼트 1L+1L 팩 스포츠 향 (MQ)
82172133,듀라셀 디럭스 알카 AA 20개입
82297217,다우니 핑크 2L+700MLX2 베리베리와 바닐라크림 향 (LT)
81770219,브라운 시리즈 5 면도기 51-M4300cs MINT
82100759,페브리즈 에어 팩275GX2- 봄의 소생
82236351,질레트 일회용 면도기 DR5 - Sauna channel
82188552,팬틴 프리미엄 내추럴케어 500*4팩
82244541,오랄비 어드밴티지 컴플리트 향균모
82275687,WS 덤 리바이벌 프로그램6P
82309183,질레트 퓨전 매뉴얼 면도날 16입 팩 (COUPANG)
82083847,팬틴 코스트코1200팩-밀키모이스춰
80337964,오랄비 스마트시리즈 4000 미세모(블랙)
82195745,페브리즈 (900+320) 팩 다우니향
82072675,헤드앤숄더1835모이스트
82196059,트라이존 D12 바이탈리티
82234058,듀라셀 C&B 9V 8팩_코스트코
80315329,팸퍼스 베이비드라이 5단계 이노머스 박스 1/132
82252505,퓨전 하이드라젤 센서티브스킨 3입
82075994,위스퍼 소프트클린 프로모션팩 -T-ML
82095328,큐티 슈퍼스타 팩 중형 120P-2차 업
82068916,팬틴 1800팩-볼륨
82265606,다우니 블루 레몬그라스와 달콤한라일락 향 200ml
82134914,위스퍼 보송보송 케어 중형 4개입
82227505,다우니 퍼퓸 화이트 1.7L 클래식 향
80872937,오랄비 깊은세정 크로스액션 플라그가드 40모 3입
82420668,AS 아이 칼라 900
82412323,AS 페이스 칼라 액센트 G350
81157607,보스 셀렉션 애프터 쉐이브 밤 75ml
82255971,페이셜 트리트먼트 젠틀 클렌져 20g(비매품)
82280224,다우니 퍼퓸 블랙 미스티크 향 1L (Chanel)
82294132,오랄비 크로스액션 리필모 EB50-6입 팩
82145863,FT 하이드레이팅 UV 크림 50g
80703694,다우니 핑크 베리베리 1.6LX6 F1
82252112,알.엔.에이 파워 래디컬 뉴 에이지 15G
82323450,오랄-비 스테이지스 3단계 2입 아이언맨
82117540,팬틴바운시볼륨컨디500ML
82044019,위스퍼울트라후레쉬일반중42*24
82145546,페이셜 트리트먼트 마스크 10p
82163239,퓨전 프로글라이드 클리어 쉐이빙 젤 75ml 1X6
82333612,다우니 핑크 2L+1.6L 이마트 팩
81726914,브라운 시리즈 7 면도기 70-B4200cs BLUE
80787284,브라운 시리즈 6 면도기 62-G7200cc GREY
82255983,스템파워 리치크림 15g(비매품)
81186756,구찌 바이 구찌 PH 스포츠 EDT 50ML
80746663,페브리즈 화장실용 6.3mlX2 비누향
82043225,SK2리페어C파우더FND 43
82191918,에스케이-투 컬러 클리어 뷰티 파우더 파운데이션 330 (레이디언트 오크
82123047,헤드앤숄더 스완 2550팩-센서티브알로에
80705276,다우니 베이스 블루 맥퀸 레몬그라스와 라일락 1L+1.6Lx2 창립팩
82204561,Tesco 다우니 블루 1LT 튤립과 달콤한 라일락 향
82303789,오랄비 프로-엑스퍼트 클리니컬 프로플렉스 1입 (하이퍼)
82206439,프로글라이드 매뉴얼 면도날 8입 TESCO
81164371,KP 12/11 엔
82067069,프링글스피크닉팩양파
80249122,팸퍼스 이지업 팬티형 여아 6단계 수퍼 1/60
80734705,오랄비 키즈 전동칫솔 스파이더맨 D100K
80248763,오랄비 배터리 전동칫솔 D2 카즈/프린세스 (DB4.510 Cars/Pr
82288478,페브리즈 화장실용 1개입(6ml) 은은한 라벤더향
82065724,팬틴1200온팩손상
82201348,위스퍼 피부애 울트라  날개대형 32P (RRP)
82244741,오랄비 어드벤티지 화이트닝 3+1입
82323577,오랄-비 Pro100 트윈팩 (화이트 + 블랙)
82180699,팬틴 바운시볼륨케어 컨디셔너 850
80786392,다우니 코튼퓨어 1L+2.6L 이마트창립팩 2023
82147028,WS 덤데피니션 UV로션 30g
82255960,스킨 시그니처 3D 리디파이닝 마스크 6p
82144234,오랄비 전동칫솔모2입 EB18-2
82305468,팸퍼스 스와들러 3단계 26X4
82117564,팬틴밀키모이스춰샴푸850ML
80775675,오랄비 EB50RX화이트 리필4입
80739135,오랄-비 Icon X 6개입
81065225,프링글스 라이트 후레쉬치즈
82098935,위스퍼 소프트클린 중형 보너스 팩
82309177,질레트 퓨전 프로쉴드 칠 면도날 16입 팩 (COUPANG)
82413631,안나수이 포비든 어페어 바디 로션 200ML
82165438,프링글스 멀티그레인 클래식 102G X 12
82279327,다우니 퍼퓸 쥬얼 자수정 베리-1 480g
82248298,허벌 에센스 핑크 로즈 컬렉션 샴푸 490ml
82302091,팸퍼스 크루저 4단계 박스 1/104_S7
80972549,프링글스양파맛스몰50G*12
82107673,페이셜트리트먼트에센스250ML
80772389,팸퍼스 2024 터치오브네이처 썸머팬티 6단계 32x3
81141785,디앤지 06 LAMOUREUX EDT 100 T
82223907,팸퍼스 베트남 베이비드라이 밴드 2단계(소형) 82X4
82420269, AS 리퀴드 아이 라이너 WP 200
81304894,브라운 시리즈 3 면도기 390cc-4
82031059,에어터치 FND OP-3 유상 A/S
82297222,다우니 오션코랄 퓨어러브 1L+1.6L 팩 (Paper)
82273847,페브리즈 차량용 2개입(2mlx2) (라이트 블루향) (CT)
82288551,질레트 클럽 4개월팩  플렉스볼 프로쉴드 면도날 4입
82133632,크로스액션 컴플리트 7 40S 3+1
82244775,오랄-비 크로스액션 40모 3입(롯데마트)
80690892,팸퍼스 2022에어차차+통잠 6단계 샘플팩 8X30
82308313,프로글라이드 매뉴얼 면도기 2up (플렉스볼)
82294528,오랄비 초미세모 크로스액션 7입 (코스트코)
82233301,질레트 일회용 면도기 블루투플러스 10+1
81340957,웰라 디스플레이
82251909,팸퍼스 크루저 3단계 1박스 (174매) 2P 샘플 삽입
82077290,팬틴 바운시 볼륨 케어 컨디 960ML
82050736,비달바겐세일펌프스트레이트2*6
82246229,셀루미네이션 데이서지 유브이 50G
82324819,퓨전 프로쉴드 옐로우 면도날 14입 (코스트코)
82242088,T 셀루미네이션 리퀴드 FND 440
82063480,큐티아기티셔츠 WINTER02
82100065,웰라트리트먼트칼라내츄럴8N
82208633,블루2 플러스 센서티브 5s
82153915,컬러 클리어 뷰티 아이 쉐도우 -11
82230305,팬틴 3분 미라클 앰퓰 트리트먼트 (15GX5) 롯데
80740663,페브리즈 차량용 맑하바2+라벤더2 쿠팡
80843082,페브리즈 차량용 방향제 라벤더의 포근함 2.2MLX6x2
82283631,헤드앤숄더 울트라맨 왁스리무버 SH 750ml
82031141,팬틴 헤어폴 컨트롤 샴푸 400ML
82095878,팬틴밀키모이스춰샴푸400ML
81523138,브라운 시리즈7 면도기 799-7WD
82413671,AS 헤어 트리트먼트 오일 테스터
82331872,다우니 핑크 1L+1L 팩 베리베리와 바닐라
82221480,듀라셀 디럭스 알카AAA 6+2 보너스팩 신규
83047479,프링글스매콤한맛미디엄184G
82070424,위스퍼소프트클린/그린입점용혼합팩II
82333262,스위퍼 먼지떨이 360 레귤러 리필5입X4
82105712,어드밴스드WS팬케익EX 420 미니샘플
82055979,비달ST 560+400ML JAN03팩
82421641,안나수이 아이 칼라 크레용 900
82412585,AS 인텐시브 화이트닝 세럼 테스터
82046885,팬틴샴푸일반1000ML1*6
82180599,비달사순 프리미엄 컬러 케어 샴푸 475ml
82300856,팬틴 프로브이 미셀라 프로브이 퓨어 & 클렌즈 샴푸
81115316,플로라 바이 구찌 바디로션 200ML
82024485,팬틴 1100팩-밀키모이스춰
82083175,팬틴 1100팩-밀키 모이스춰
82042329,WHISPER GREEN2 ULT W-EXT LONG 18*24
82040999,아텐드 대형52*1
80863030,오랄비 부드러운세정 고탄력 초미세모 그린티 6입
82118870,조이 870ml 오렌지향
80812508,다우니 블루레몬그라(1.05Lx3)x4 P3
82163703,헤드앤숄더 쿨 멘솔 샴푸 550ml
82319093,페브리즈 내추리스 민트앤주니퍼베리 360ml 3입
82087671,페브리즈 골든 스토어 PAD
82267202,오랄-비 컴플리트 5웨이 클린 1입 + 크로스액션 향균 2입 (홈플러스)
82280334,다우니 퍼퓸 헬로 스프링 1L+1L (롯데/Ntl)
82207559,듀라셀 디럭스 알카라인 AAA 4팩
82202086,위스퍼 소프트라이트 2 일반형 32개입
82043255,SK2 FT밀크5ML
82255564,페브리즈 차량용 2ml (아늑한 숲속향)
82238643,페브리즈 차량용 2ml (깨끗한 시트러스 파워)
82328044,브라운 IPL 제모의료기기 PL5014 (Costco)
82196727,퓨전 매뉴얼 2UP AMJ'13
82267768,다우니 블루 1.6LX2 레몬그라스와 달콤한 라일락 향
82111171,비달사순 살롱 모이스춰 샴푸 550ML
82163656,화이트 래디언스 크리스탈 클리어 로션
82227154,마하3 클래식 1UP_BB3  (롯데마트)
82208274,브라운 330s-4 레드+프로글라이드 기획팩
82332402,오랄비 클릭 핸들+리필 키트 (크롬 블랙)
82171562,위스퍼 리프레쉬클린케어 트라이얼팩 40개입
82079898,페브리즈 900ML 실속형 은은한 향(S)
82309176,질레트 퓨전 프로쉴드 옐로우 면도날 16입 팩 (COUPANG)
80739987,브라운 세정액 CCR 5+1 (신규)
84867286,비너스&올레이 코스트코팩
82267199,오랄비 고탄력 초미세모 블랙티 2입+크로스액션2입 CP
82275695,LXP 액티베이팅 마사지 프루이드200g
81153821,SP 200ML 밸런스스캘프 마스크
82314234,OLAY PROX 세럼 트리오 세트(40ml*3)
82327464,페브리즈 에어화장실용 상쾌한하늘향 275g
82246889,T페이셜 트리트 클렌징 오일 11ml (비매품)
82106640,팬틴 2200팩-실키스무드
80893369,질레트 랩스 딥클렌징바 4up + 랩스 젤
82075749,팬틴 1800팩 어워드-집중손상
80722301,다우니 생화향기 컬렉션 핫핑크 블룸 1.05LX3
82256927,브라운 시리즈 3 면도기 3020S (코스트코)
82262154,헤드앤숄더 발리 샴푸 750 쿨블래스트
82147055,토탈이펙트 어드밴스드 데일리 모이스처라이저 위드 쿨링 에센스
80702235,페브리즈 화장실용 1개입(6ml) 상쾌한 비누향 (Online)
81628882,퓨전 프로쉴드 아이레이저 반란군
80872935,오랄비 부드러운세정 아이콘엑스 3입
84850995,질레트 시리즈젤 모이스쳐라이징
82072339,팬틴1500팩 모이스춰+집중
82323928,페브리즈 에어 바닐라 라벤더의 포근함 4개입 코스트코팩
82219582,페브리즈 차량용 프리미엄 아쿠아왈츠 리필 7ml
82167349,위스퍼 소프트라이트 2 날개형 28개입
82244369,오랄비 슬림탑 잇몸케어 4입
82152816,팬틴 샴푸 1200mlX6 코스트코 토탈 모이스처 케어
82068628,PAMPERS DPR MD 84SX3 FALL 04 SP-J AWCG
82050025,위스퍼슬림커브대10*30
82030196,비달사순듀얼 스타일링 트리트먼트 왁스
80249121,팸퍼스 이지업 팬티형 남아 5단계 수퍼 1/72
82072872,큐티편안한아기중형124S*1FALL04
82407592,구찌 바이 구찌 뿌르 옴므 ASB 75ML
81629014,브라운 시리즈 5 PP5 5090cc gift
83036242,프링글스피자맛100G 1*8
80830237,팸퍼스 2025 터치 오브 네이처 썸머팬티 6단계 32X3
82099335,헤드앤숄더 2320팩-딥
82089564,팬틴바운시볼륨트리트200ML
81231577,SP 3.5 6ml 에너지 세럼
80229173,트라이존 D20
82075115,프링글스 랜치소스맛
82209738,페이셜 트리트 에센스 10ml (비매품)
82098933,위스퍼 MIXED CASE 특별할인판매
82328915,오랄비 크로스액션 35모 탁월한 세정력 3입 <1+1> 기획팩
82152345,듀라셀 울트라 AA 16개입 파워체크
81153926,SP 5ml 리페어 인퓨전
82110312,팬틴EXTRA스트레이트샴푸850ML
80697049,다우니 생화향기 컬렉션 오션코랄퓨어러브 1LX12 Lotsell DBD
82319721,다우니 스프링 가든 러브 1LX12 팩 (DBD)
82257438,팸퍼스 M6 베이비드라이 3단계 이코노미 박스 1/204
82205672,마하3 터보 면도기 2UP OND'13
82245902,(일본산) 팸퍼스 베이비드라이 4단계 대형 (54X4)
82247824,팬틴 프로브이 아쿠아 퓨어 트리트먼트 200ml
82289567,팸퍼스 베이비드라이 4단계 이노머스 박스 1/150
80833058,헤드앤숄더 샴푸 딥클린 90ml 증정 샘플
82154978,팬틴 선물세트 E2호
82184985,질레트 일회용 면도기 블루투플러스 10+1
82331015,질레트 프로쉴드 옐로우 면도날 10입 팩 (COUPANG)
82420573,AS 네일 칼라 N 011 - 테스터
82049091,페브리즈플러스보충용320ML*24
84939616,프링글스매운맛
82121053,클리니케어 곱슬거리는 모발용 트라이얼 팩
82228895,듀라셀 울트라 AAA 4팩 롯데마트
82226206,팸퍼스 베이비드라이 박스형 6단계 1/92 (독일산)
80774835,페브리즈 섬유탈취제 상쾌한향 리필 320ML
82420664,AS 아이 칼라 700
80714613,팸퍼스 3.0 통잠팬티 5단계 26 X 4
82203299,오랄비 구강세정기 MD20
82056954,바디 디자이너 50g
82072985,팬틴 750 린스-모이스춰
82328346,페브리즈 섬유탈취제 허브향 용기형 900ml (Cass)
84995232,프링글스  피자맛 미디엄캔
82082595,위스퍼 코스트코 전용팩
82203732,화이트닝 파워 스팟 스페셜리스트 0.7ml (비매품)
84953598,프링글스바베큐맛미디엄184G
84852694,오랄비 음파전동칫솔 S15
82113734,팬틴 헤어타임리뉴얼 에센스150_스티커
82420667,AS 아이 칼라 802
82230878,페브리즈 깨끗한 햇살 대용량 900ML
81151428,AS 리퀴드 아이 칼라 G 350
82255216,엘엑스피 얼티미트 퍼펙팅 크림 2.5g (비매품)
80739739,오랄-비 크로스액션 컴플리트7 7입
82077288,큐티 편안한아기 골드 중형 44P
82055546,비달컬러케어린스200
80709542,다우니 생화향기 컬렉션 프리지아 앤 페어  2Lx4
82142840,위스퍼 센서티브 72개입
82321455,페브리즈 320ML 리필형 은은한 향(PGP)
82169713,페브리즈 370ml+320ml 팩 허브향 2011
82316829,LXP 얼티미트 퍼펙팅 크림 50g
82201541,팸퍼스 BB 이지업 팬티형 여아 6단계 수퍼 1/60
82410337,AS 네일 아트 칼라 엔 370
82138194,브라이트닝 펄 피니셔 리필
82291363,다우니 PGP 핑크 3.8X2 베리베리와 바닐라크림 향 (EXP)
82162910,토탈이펙트 세트7 (TE세럼50ml + TE클리어로션20ml + TE크림
82252803,스킨 퍼펙팅 파운데이션440
82285100,페브리즈 비치형 맑은 하늘바람 3개입 (롯데빅)
82266132,뷰티 트래블 샘플키트 TR
82159679,팬틴 트리트먼트 150ML 어드밴스드 수분팩 케이스
82199521,GEM 액티브핏 5단계 1X136 이커머스 WE
82244977,브라운 WF2s 블루+질레트 쉐이브 젤 기획팩
82299143,OLAY GA 에센스 로션 150ml
80821938,에스케이-투 엘엑스피 크림 1g x 2
82155439,아쿠아액션 라이트 듀
82087561,헤드앤숄더 2320팩-딥
82120828,위스퍼 세이프티존 ML 80P
80825344,다우니 시트러스 앤 버베나 1LX12 M2
82284363,질레트 프로글라이드 매뉴얼 크롬 핸들 1up 프리미엄 팩
82330014,페브리즈 섬유탈취제 다우니향 보충용 650ml
80238489,질레트 보디 면도기 1up
80847386,브라운 시리즈 X 면도기 M1011+20MB
80796478,질레트 프글 파워 기1+날5
82056316,팬틴MAR 03 1435ML볼륨
82305663,FAB 울트라 리페어 크림 56.7g(2.0OZ)
82273727,스킨 퍼펙팅 파운데이션440
82178866,크로스액션 프로 엑스퍼트 수페리어 크린 40모 부드러운모 3입 (이마트)
82194674,헤드앤숄더 MtDew 2100샴푸팩- 쿨 멘솔_new
82155087,스킨 시그니처 크림 듀오 세트
82214718,위스퍼 피부애 하이퍼 42개입
82210280,스템파워 크림 2.5g (비매품)
82204601,팬틴 트리트먼트200X24 실키스무드
82319091,페브리즈 섬유탈취제 포맨 쿨아쿠아 향 360ml 3입
80838169,(T)질레트 프글 파워 면도날 8입
80842210,오랄비 고탄력 초미세모 그린티 6개입
82166311,퓨전 프로글라이드 콤보팩 1
81186766,구찌 바이 구찌 PH SPORT ASL 50ML
82135393,센서3 일회용 1팩
82324400,질레트 프로글라이드 매뉴얼 믹스드케이스
82240265,오랄비 스테이지스3 어벤져스 6입 Premium
80264351,팸퍼스 크루저 5단계 1/132
82294110,다우니 블루 1LX12 DBD 레몬그라스와 달콤한 라일락 향
81017111,AS 아이래시 컬러
82179524,팬틴 아쿠아 퓨어 샴푸 388ml
82075798,웰라칼라엑스트라케어 3/0 다크브라운
82110970,헤드앤숄더 센서티브알로에 컨디 375ML
82058476,팬틴1600팩모이스쳐DA JUN 03
82035085,헤드앤숄더 내추럴 허브 컨디 850ML
80871152,에스케이-투 스킨파워 리-뉴 크림 2.5g
82274484,다우니 블랙 4LX4 미스티크 향 리넨케어_PGP (OND’17)
82420651,AS 아이 칼라 102
82026052,페이셜 트리트먼트 클리어로션 20ML 샘플
82188615,다우니 핑크 1.8L리필 베리베리와 바닐라크림 향
82082853,팬틴 1750 샴푸린스팩-집중손상
80697587,피테라 디럭스 세트
82233313,프로글라이드 파워 면도날 8입 (플렉스볼)
80741483,다우니 생화향기 컬렉션 스프링 가든 러브 2LX2 이트레이더스
82292230,오랄비 고탄력 초미세모 틈새4입
82240135,위스퍼 리프레쉬클린케어 슈퍼롱 오버나이트 날개형 10P
82271327,페브리즈 370mlX2 팩 상쾌한 향(쿠팡)(Harmony)
82068731,팬틴2700팩모이스춰
82056339,헤드앤숄더컨디모이스트960ML
82118172,헤드&숄더 쿨멘솔 샴푸 850ML
82056349,헤드앤숄더컨디모이스트570ML
82256085,프로글라이드 플렉스볼 매뉴얼 믹스드케이스
82117824,헤드앤숄더 겸용삼푸 850ML
82042299,SK2리페어C미니어쳐샘플
84939113,프링글스바베큐맛184g
82102039,클리니케어 오래된 손상모발용 트라이얼팩
82077896,비달사순 스타일링 클레이 왁스 50G
82291598,이트레이더스 페브리즈 섬유탈취제 상쾌한향 900mlX2 팩
80727626,SK-II 피테라™ 헤리티지 세트
82334096,질레트 프로글라이드 매뉴얼 면도날 4입 (557) (CP STK)
81160041,SB 250ml 볼럽트 컨디셔너
82097217,팬틴 1450팩-바운시볼륨
82280853,헤드앤숄더 2550팩- 가려운 두피 (한정 기프트팩)
82063466,큐티드림골드용팜파인형1*40
82293505,오랄-비 크로스액션 컴플리트7 그린티 35모 3입 (이마트)
80742201,다우니 삶음파워 플러스 200mlX24
82242124,T 빅버프(타원형)
82330647,비너스 수딩케어 팩 (올레이 슈가베리 2UP + 새틴케어 젤)
82282754,퓨전 프로쉴드 옐로우 4입날 쉐이브클럽 팩 (프리미엄)
82257964,'프로글라이드 센서티브 젤 퓨어스포츠 170g
82182106,페이셜 트리트먼트 에센스 215ml
82250527,싸인즈 업 리프터 40g
82068737,팬틴1900팩집중손상
82245529,다우니 핑크 리필 700ML 베리베리와 바닐라크림 향
82316531,다우니 퍼플 1LX12 DBD 화이트티와 릴리 향
82163710,헤드앤숄더 애플프레쉬 컨디셔너 550ml
80853928,페브리즈 화장실용 프레쉬 스카이 6.3ml
82200887,아리엘 리퀴드 850GX12 리필
82245553,다우니 퍼퓸 블랙 700ml 미스티크 향
81667760,브라운 세정액 CCR 5+1
82249382,헤드앤숄더 2250샴푸팩- 쿨 멘솔(Bali)
82093102,웰라칼라엑스트라케어 8/2(10개입)
82292816,다우니 퍼퓸 샤인 향 1.6L
82129807,2010 설 GS3호
82163473,마하3 8입 면도기 무료 팩
82118868,조이 870ml 항균
82299735,팬틴 콜로서스 샴푸 500ML 극손상
82286775,페브리즈 370ml+320ml 팩 은은한향(KREACH)
82139001,페브리즈 비치형 스타터킷 (바닐라라벤더의포근함)    
82123030,헤드앤숄더 스완 2250팩- 헤어 폴 클리닉
80868119,질레트 프글 면도날 4입 PX
82147064,토탈이펙트 웻 클렌징 클로스
82203388,위스퍼 소프트라이트 2 날개형 28개입 (RRP)
82146684,헤드앤숄더 750_헤어폴
82251842,LXP 액티베이팅 마사지 프루이드 200g
82249333,헤드앤숄더 1950팩- 애플 프레쉬(Bali)
82279160,퓨전 파워 면도기 TMR 1X6X6
80742742,오랄-비 치실 글라이드 3D 화이트 35M RRP
82133764,헤드앤숄더 레몬그라스 삼푸 200ML
82024672,S&F 울트라레귤러BLT20*24
80354275,오랄비 스마트시리즈 7000미세모(메탈릭블루)
82230822,페브리즈(MO) 320ML 리필형 상쾌한 향
80693887,다우니 생화향기 컬렉션 클린 솝1.05x12
80733465,다우니 생화향기 컬렉션 와일드 라벤더1Lx12 (2023년형)
82200266,시리즈젤 퓨어 앤 센서티브 200ML
84902693,프링글스매콤한맛100G 1*8
82039671,팬틴샘플팩2*50*4
82212272,시리즈젤 퓨어 앤 센서티브 200ML
82207039,페브리즈 다우니향 리필형 320ML
81243597,SP 125 헤어스캘프 프로텍로션
82422286,안나수이 네일 칼라 N 013 -테스터
82141155,JAS'10 페브리즈 (900+320) 팩 은은한향
80873240,엔젤브리즈 소프트 팬티 5단계 36x4
82164694,페브리즈 다우니향 370ML (이마트) 온팩
82194741,오랄비어린이칫솔모EB10-4 (Club)
82116499,위스퍼 그린 S 롯데 알뜰 74P
82043232,SK2화이트닝리퀴드FND 22
82180265,퓨전 프로글라이드 매뉴얼 8입날 + 면도기 무료증정
82300111,페이셜 트리트먼트 젠틀 클렌져 20g(비매품)
82143094,헤드앤숄더 로터스 950팩- 건조한 두피OB
82166588,헤드앤숄더 컨디414 헤어 폴 클리닉
82149196,질레트 일회용 면도기 블루투플러스 2개입
84830965,퓨전 하이드라젤 200ML 퓨어 앤 센서티브
82217335,듀라셀 알카라인 C&B D2p팩
82095709,팬틴 2100팩-집중손상
82095302,위스퍼 소프트클린 중.대형 혼합팩
82057588,비달스타일스트레이트린스960
82326474,질레트 스킨텍 매뉴얼 1up+3ct 팩 (플렉스볼)
82186222,다우니 핑크 1L+700ml 팩 베리베리와 바닐라크림 향_Sep'12_스
80825394,다우니 미스티크 1LX12 M2
81269898,피카소 알케미 서클
82251430,오랄-비 프로헬스 3D화이트 3+1입 (이마트)
82273927,페브리즈 차량용 2ml (상쾌한 나뭇잎향) (CT)
82405350,AS 아이 메이크-업 리무버 WP
81188022,보스 보틀 나이트 샤워젤 50ml 샘플
80724346,에스케이-투 스킨파워 아이 크림 15g
80287809,팸퍼스 베이비드라이 2단계 점보 팩 34P*4
82165837,오랄비전동칫솔 D12.513 KIDS (E-MART)
81474056,브라운 시리즈9 날망 90B 검정
82034628,헤드앤숄더 실키모이스춰샴푸570ML-STKR
81188052,보스 보틀 나이트 애프터쉐이브로션 50ml
80738689,페브리즈 차량용 맑하바4+허브2 CC
82301264,헤드앤숄더 컨디셔너 850 헤어컨트롤
80779902,다우니 시트러스 앤 버베나 2LX4 M1
82069487,팬틴집중손상트리트먼트200ml-비매품
82144388,방향 리드 디퓨져 버드나무 꽃 향
82422346,안나수이 립 글로스 C 401
82250438,페브리즈 차량용 맑은하늘 2mlX2 + 투고 85ml 이마트팩
82297230,다우니 퍼퓸 골드 샤인 1L+1L (Poly)
80304926,오랄-비 D16
82164162,팬틴 바운시볼륨케어 컨디셔너 850
82111932,위스퍼 칼라드 코어 ML 울날중 2P 폴리
81576255,브라운 시리즈7 면도기 720S-7
82253624,오랄비 초소형헤드  블랙티 3p
80703723,다우니 엑스퍼트 실내건조 플로럴 프레쉬 1.35L
82178972,셀루미네이션 에센스 인 파운데이션 420
82196209,다우니 핑크 1L+700ML 팩 베리베리와 바닐라크림 향
82422365,안나수이 더블 치크 칼라 02
82065906,큐티드림골드중형 96S*4 SPRING04
80896488,제놉틱스 인피니트오라 에센스 50m
82229453,페이셜 트리트먼트 젠틀 클렌져 20g(비매품)
82275441,팬틴 콜로서스 트리트먼트 (220X2)X14 극손상 (이트레이더스)
82146305,팬틴 헤어타임리뉴얼 삼푸 550
82046410,상쾌한향페브리즈용기370ML*15
82313160,브라운 IPL BD5001 화이트 (코스트코)
82203367,위스퍼 슈퍼롱 오버나이트 10개입
82055276,은은한향페브리즈보충형320ML
82002453,롯데마트그린실속팩
82253816,블루2 플러스 센서티브 5s
82330812,페브리즈 370ml+320ml 팩 은은한향
81216457,FW 염색보
82034630,헤드앤숄더 쿨 멘솔 570 샴푸 스티커
82318725,페브리즈 차량용 2.2ML (담배냄새제거용)
81387932,브라운 시리즈1 날과 망 10BN
82306767,페브리즈 섬유탈취제 다우니향 코스트코 (920MLX2)X5
82047130,바운티화이트4R*8
82263115,오랄-비 어린이 전동칫솔D12 카즈 콤보 코스트코 팩
82099713,팬틴집중손상케어트리트먼트 200ML
81141778,디앤지 10 LA ROUE DLF EDT 5 MINI
82045102,팬틴컨디셔너모이스쳐100ML
82147130,화이트닝 소스 덤 브라이트너 75g
82274491,얼티미트샘플키트 리미티드40GAiry
82231749,바디 쉐이브 면도기 1up
82030199,프링글스 라이트 출시기념 기획팩
80707368,페브리즈 370ml+320ml 팩 깨끗한향
82254557,헤드앤숄더 Bahamas샴푸 550 가려운두피
82293421,오랄비 크로스액션 TAJ 컴플리트7 3+1입
80775678,오랄비 EB25RX리필모 2입
82166599,헤드앤숄더 컨디550 민감한 두피 케어
82259672,온라인 샘플 키트 20G
82309837,다우니 프리미엄 액체형 세제 블루 1.0Lx12
80881650,에스케이-투 엘엑스피 세럼 50ml
80709132,팬틴 극손상케어 트리트먼트 220ml x3 + 샴푸 90ml 세트
82147022,브라이트닝 루센트 베이스 25g
81010380,안나수이 EDT 50ML
82067385,위스퍼 PAD XLN 18SX24 그린 SALES 샘플
80734770,제놉틱스 울트라오라 에센스 50ml
82217122,페브리즈 대용량 다우니 용기형 900ML
82065582,팬틴595온팩모이스춰
82181218,토탈이펙트 세트 1 (TE크림50g + TE세럼10g + TE마스크1P)
82047004,팬틴린스볼륨375ML*12
80714909,팸퍼스 베이비드라이 팬티 3단계(중형) 46X4
82117825,헤드앤숄더 헤어 폴 클리닉 샴푸 850ML
82096397,위스퍼 슬림 수퍼롱 오버나이트 10
82089714,비달사순 1120팩-프로페셔널 스타일
82283212,헤드앤숄더 쿨멘솔 샴푸 쿠팡팩
82135488,질레트 일회용 면도기 블루투플러스 5개입
82067661,큐티코코인형32개입
82410119,AS 네일 칼라 N 004 테스터
81270966,WC 15ml엔리치 셀프 워밍 트리트
82201521,팸퍼스 BB 베이비드라이 5단계 이코노미 박스1/160
82320244,오랄-비 크로스액션 초소형헤드 6입 (쿠팡)
80871150,에스케이-투 스킨파워 리-뉴 크림 50g
82047133,바운티화이트&디자이너8R*4
82249420,페브리즈 섬유탈취제 370ml+(320mlX2) (은은한향)
82256056,컬러 클리어 뷰티 에나멜 크림 컴팩트(비매품)
80210314,팸퍼스 이지업 팬티형 남아 4단계 수퍼 1/80
80727758,오랄-비 비니 어린이 칫솔 10개입
82139887,페이셜 트리트먼트 콘센트레이트 30g
82283156,페브리즈 차량용 2ML (라벤더의 포근함)(CT)　
82259622,팬틴 콜로서스 컨디셔너 500ML 엑스트라볼륨
82156529,페브리즈 엑스트라 스트랭스 대용량 900ML new
82311453,다우니 오션코랄퓨어러브  2.6LX4
82313377,오랄비 어린이칫솔 스테이지스 배터리 스타워즈
82171035,다우니 핑크 2L+2L 팩 베리베리와 바닐라크림 향
82168766,다우니 블루 1L+1L 팩 튤립과 달콤한 라일락 향
81253250,브라운 크루저 날과망 20S
82252781,페브리즈 370ml+320ml 팩 상쾌한향(PP)
82045877,PANTENE SHP 550MLX6 AD (AD-I)
81727165,브라운 쿨텍 면도기망 40B
82416772,립 루즈 T 351
82182787,다우니 에이프릴 프레쉬향 3.06L
82014798,WHISPER LTFL 20SX24 ULTWIN DIANA NEW PKG
80853917,페브리즈 화장실용 프레쉬 스카이 6.3mlX3
82143990,팬틴컨디 850 실키스무드_IR_슬리브
80315327,팸퍼스 베이비드라이3단계 이노머스 박스1/168
80838167,(T)질레트 프쉴 옐로우 파워 면도기 기1+날
80757884,페브리즈 화장실용 상쾌한비누향3입+은은한라벤더향3입 코스트코팩
82302089,팸퍼스 크루저 3단계 박스 1/120_S7
82416839,립 루즈 디 테스터 770
81726910,브라운 시리즈 7 면도기 70-N7200cc BLACK
82255937,마그네틱 아이스틱
82304158,오랄-비 크로스액션® 리필모 6개입
82283167,페브리즈 차량용 3개입(2mlx3) 라이트 라임오렌지 (CT)
80838009,에스케이-투 스킨파워 리-뉴 아이 크림 15g
81164493,KP 5/04 엔
82217127,페브리즈 순 향료무첨가 용기형 370ml
82039371,아텐드대형13개입
82320544,오랄비 치간 칫솔 10개입
80250622,프로글라이드 파워 면도날 4입 (플렉스볼)
82267738,페브리즈 차량용 프리미엄 숲속의 콘체르토 스타터킷 7ml (NMR)
82298133,팸퍼스 스와들러 6단계 16X4
82209742,LXP 얼티미트 퍼펙팅 크림 15g (비매품)
80796090,질레트 프글 파워 면도날 12입 이트
82280331,다우니 퍼퓸 헬로 스프링 1L+1L 홈플러스팩
80709737,비너스 스월 면도날 4입 (657)
82300514,질레트 히티드 레이저 XL키트
82143829,오랄-비 크로스액션 젠틀케어 35모 3개입
82147080,아쿠아액션 딥 하이드레이션 듀
82200193,헤드앤숄더 BAHAMAS 2250 샴푸RRP팩- 쿨 멘솔
82420655,AS 아이 칼라 203
80706037,다우니 생화향기 컬렉션 와일드 라벤더 1.05LX3
82012806,WHISPER SWXL IW 10*12
82019067,SK2 FT에센스150ML
82409091,AS 아이 라이너 펜슬 WP 500
82043241,SK2 FT클렌져120G
82032460,페브리즈400ML 1*15
82293390,다우니 오션코랄 퓨어러브 1L+1L 팩 (Paper)
82022330,위스퍼 트윈윙 테스코78개입
82243993,페브리즈 아로마쥬얼 에메랄드브리즈향 용기형 370ML X2(테스코)
82288457,이커머스 질레트 프로쉴드 칠 추석팩
82192614,위스퍼 보송보송케어 울날중 90개입 RRP
82256159,위스퍼 피부애 대형 보너스팩 32P+16P
82058958,큐티드림골드소형샘플SPRING 03
82212498,페이셜 트리트먼트 젠틀 클렌징 크림 2.5g(비매품)
82154633,시리즈젤 모이스춰라이징 트윈팩
82286401,페브리즈 비치형 스타터킷 (바닐라라벤더의 포근함) (Kreach2)
80708678,팬틴 퀵 리페어 캡슐 비타밀크90g+콜라겐 트리트먼트400ml 증정기획
80275094,2016년형 팸퍼스 크루저 3단계 1박스 (174매)
82072873,큐티편안한아기대형100S*1FALL04
82096487,헤드앤숄더 2550팩- 쿨 멘솔
82129698,팬틴 샴푸15MLX480프리즈디펜스JP 96*70
82216564,코스트코 임브레이스 10+1 팩
82110326,팬틴 실키 스무드 케어 샴푸 550ML
82204287,듀라셀 디럭스 알카 AA 8팩
82047604,위스퍼100일기념번들2*24
80342396,557 스킨텍 매뉴얼 2ct (FWIP)
82265366,페브리즈 차량용 2ML (다우니향기)(LEGO)
82137913,듀라셀 디럭스 알카 AA 12개입
82192570,330s-4 레드 + 프로글라이드 기획팩
81600384,브라운 면도기 M90
80775674,오랄비 EB20RX 화이트 리필 4입
82242732,T 페이셜 리프트 이멀젼 100g
82309897,팬틴 콜로서스 엑스트라볼륨 샴푸 쿠팡팩
82184057,위스퍼 소프트 라이트 번들 - 코스트코
82167360,위스퍼 리프레쉬클린 슈퍼롱오버나이트10p
82295338,헤드앤숄더 울트라맨 왁스 리무버 샴푸 쿠팡팩
82330811,페브리즈 370ml+320ml 팩 상쾌한향
82293424,오랄-비 프로헬스 3D화이트 3+1입 (테스코)
82157586,위스퍼 보송보송케어 트라이얼팩 32개입
82143093,헤드앤숄더 로터스 950팩- 가려운 두피OB
82096502,헤드앤숄더 1225팩-딥클린
82123051,헤드앤숄더 스완 2250팩- 수딩두피케어
80872659,(T)질레트 프쉴 칠 면도날 11입
82107811,프링글스 미니캔 팩(오리지날+양파맛)
82408684,AS 오일 컨트롤 페이퍼
82323645,다우니 고농축 아로마 플로럴 8.5L
82205294,브라운 면도기 쿨텍 CT5cc
81019201,AS 아이 칼라 액센트 301
82045823,이지스폐셜50M 24R*3
82279267,다우니 오션코랄 퓨어러브 향 1L
82109862,위스퍼 트윈윙 농협전용 74P
80724301,FAB 울트라  리페어 크림 56.7g(2.0OZ) TUBE
82272593,퓨전 파워 면도기 TMR 1CSX36IT*1X6X6
82334061,다우니 퍼퓸 골드 샤인 1.05LX3
80883973,다우니 화이트머스크 2.6Lx6 D2
82140661,듀라셀 디럭스 AA 40입_코스트코
80850523,질레트 퓨전 매뉴얼 면도날 4입 PX
82307921,팸퍼스 베이비드라이 팬티 4단계 쿠팡팩 60P X 3
82128973,헤드앤숄더 컨디414 헤어 폴 클리닉
82124016,위스퍼 소프트클린 슬림 슈퍼롱 오버나이트 (에이원) 1 개입
82250551,컬러 클리어 뷰티 에나멜 크림 컴팩트320
82057711,헤드앤숄더컨디딥200ML
80828632,(557.1 ) 질레트 프로쉴드 칠 면도날 8입
82095045,팬틴바운시볼륨샴푸200ML
82276359,오랄-비 프로엑스퍼트 스타워즈/프로즌 행사팩 JFM18
82120395,팬틴 헤어타임리뉴얼 트리트먼트150
82137947,로케트 파워 알카 AAA 7+7개입
82193472,마하3 파워 면도기
81164327,KP 9/00 엔
82157177,페브리즈 (900+320) 팩 은은한향
82088879,페브리즈(MO) 320ML 리필형 플러스
82284867,퓨전 하이드라 젤 울트라 프로텍션 195g
82074557,에어터치 FND OB-2(트라이얼)
80716971,오랄-비 컴플리트 5 웨이 클린 9개입
80706038,다우니 생화향기 컬렉션 클린 솝 1.05LX3
82032837,축협PB 70M*24*3
82049245,팬틴샘플볼륨케어10ML 3*100
82251201,오랄비 어드벤티지5웨이 후레쉬 3입 + 크로스액션 탁월한 세정력 2
82316885,페브리즈 화장실용 2개입(6mlx2) 상쾌한 비누향 (Lotsell)
82202955,팬틴 베이스 850 바운시볼륨 믹스드케이스
82269584,다우니 스포츠 1.6LX2 액티브 시트러스 향
82083205,M-1 큐티 편안한 아기 대형 44P
82144767,페이셜 트리트먼트 클렌징 젤 100g
82149935,브라이트닝 펄 피니셔 리필
82172861,페브리즈 (900+320) 팩 허브향 올림픽
81164344,KP 10/34 엔
81164353,KP 8/68 엔
82106213,위스퍼 소프트클린 세이프티존 울날대 16P
82113127,위스퍼 소프트클린 S 롯데 90p
80726637,다우니 프리미엄 액체형 세제 실내건조 3L Lotsell (av)
82085528,위스퍼 골든 스토어 팩
82143628,헤드앤숄더 007 - 겸용샴푸스티커
82152103,팬틴 트리트먼트 200 극손상케어
80275437,2016년형 팸퍼스 스와들러 2단계 1박스 (76매)
82123406,2009추석 GS2호
82030191,비달사순 모이스춰 슬림 트리트먼트 왁스
81017526,AS 럭셔리 페이스 파우더 001 테스터
82182125,화이트닝 소스 덤 리바이벌 마스크 6p
82330800,페브리즈 항균플러스 산뜻한 향 640MLX2
82176234,SK-II 컴팩트 파우더 레드
82406760,AS 나잇 오브 팬시 EDT 75 T
82306954,47G KCP 샘플키트
82280626,페브리즈 에어 (맑은하늘바람)_PX
82279919,퓨전 프로쉴드 옐로우 4입날 쉐이브클럽 팩
82251106,싸인즈퍼펙트 래디언스 리퀴드파데320
82112784,비달사순 폼실크 스프레이 300ml
81017326,AS 치크 브러쉬 1 테스터
80872936,오랄비 깊은세정 크로스액션 컴플리트7 클린 3입
82082610,위스퍼 보송보송 실속기획팩
82310596,다우니 베이비 센시티브 2Lx4
82240961,다우니 퍼퓸 화이트 2.7L 클래식 향
82245822,다우니 스포츠 2L 액티브 시트러스향
82420591,AS 아이 칼라 듀오 (팬 필드 테스터) - 06
82126504,웰라 트리트먼트 칼라 내추럴 6N_스티커
82128841,헤드앤숄더 컨디550 건조한 두피 케어
82288801,오랄비 크로스액션 화이트닝 차콜 1입
82141429,셀루미네이션 팬케익 330
82133975,헤드앤숄더 컨디550헤어 폴 클리닉
82189895,팬틴 프로브이 아쿠아 퓨어 트리트먼트 200ml
82140687,오랄-비 스테이지스 2단계 2입
80842450,다우니 실내건조 플러스 (그린)  4LX2 Cstc
82099910,헤드앤숄더 2550 DM팩-실키모이스춰
80756895,비너스 Y존 제모기 2UP
82232765,오랄-비 크로스액션 컴플리트 7 35모 3입
82110594,헤드앤숄더 쿨멘솔 컨디 850ML
82250530,맨 UV 프로텍트 모이스쳐라이저 50g
80207522,팸퍼스 이지업 팬티형 여아 4단계 빅 1/60
82264906,오랄-비 크로스액션 컴플리트7 그린티 35모 1입
82272373,오랄비 스테이지스3 프린세스 8입 (코스트코)
82208380,화이트닝 소스 클리어로션 150ml
82032986,SK2 REPAIR C P.W/CMPCT 20P 33
81686800,브라운 시리즈9 면도기 9299PS (Ellida 4.0)
82318662,질레트 면도기 매뉴얼 여행용 케이스
82281933,다우니 퍼퓸 블랙 미스티크 1LX3 (Chanel)
82205912,LXP 액티베이팅 마사지 프루이드200g
82232579,오랄비 크로스액션 TAJ Lite 4입
82154713,팬틴 컨디 500 극손상 케어 슈링크
81474893,브라운 시리즈5 PP5 5050s
82416848,안나수이 립 루즈 T 351 T
82321895,질레트 퓨전 매뉴얼 면도날 4입 (557)
80344016,557 프로쉴드 옐로우 3ct FWIP
82111694,위스퍼  소프트클린 S 농협 70p
81216508,컷트가운
82121054,클리니케어 오래된 손상 모발용 트라이얼
82284100,페브리즈 섬유탈취제 스포츠 후레시 라임향 370ml
82099640,헤드앤숄더 1920팩-모이스트
82257990,오랄비 전동칫솔 D12.513 스타워즈
82264912,오랄-비 초미세모 벨벳 잇몸케어 그린티 1입
82065726,헤드앤숄더1710팩딥
82402908,AS 헤어 샴푸
82287590,팸퍼스 스와들러 2단계 29X4
82142231,팬틴 바운시볼륨케어 2400팩
82333823,스킨 시그니처 3D 리디파이닝 마스크 6p
82410291,AS 네일 칼라 N 001
82135460,페브리즈(MO) 320ML 리필형 은은한 향
82089503,비달사순 스타일링 클레이 왁스 60g
82055814,크레스트스핀브러쉬유스분홍
80826696,헤숄 샴푸 가려운 두피 케어 80ml 샘플
82111852,페브리즈 카사이즈 팩 깨끗한무향
80814721,오랄-비 전동칫솔 iO3 아이스 블루
82171020,위스퍼 보송보송케어 울트라 날개 중형18개입
80855475,질레트 퓨전 프글 센서티브 젤 170GX3X12
82063478,큐티코끼리인형남여0210
81164510,KP 8/47 엔
82013763,비달샴푸스트레이트1000G 1*12
82072869,큐티편안한아기대형60S*4FALL04Temp
82192015,팸퍼스 이지업 팬티형 남아 6단계 메가 3/33
80227690,퓨전 프로글라이드 파워 면도날 4입
82152349,듀라셀 알카 D 6개입
82260000,애트모스피어 유브이 에멀젼 0.8g(비매품)
80684247,오랄비 D12+EB20-2 Club pack
82330768,페브리즈 섬유탈취제 상쾌한 향 360ml 3입
82082378,소프트클린 오버나이트 2개입 샘플
82174753,오랄비 크로스액션 항균 40모 3입
82276394,제놉틱스 스팟 에센스75ml
82078278,H&S 딥 클린 케어 570ML (스티커)
82088375,코스트코번들팩 트리트먼트칼라인텐시브4B
82236305,팸퍼스 베이비드라이 팬티 5단계(특대형) 36X4
82146893,셀루미네이션 리퀴드 FND 105
81102284,프링글스 라이트 후레쉬치즈
81652827,브라운 시리즈 5 면도기 5190vs BLK (Ellida 3.0)
82328757,팬틴 콜로서스 컨디셔너 1200ML 극손상
82277977,페브리즈 차량용 3개입(2mlx3) 제주의 맑은하늘바람 (CT)
80678453,헤드앤숄더 샴푸 1200ML 애플프레쉬
82107762,헤드앤숄더 1225팩-헤어 폴 클리닉
82203378,위스퍼 보송보송케어 울날오 14P (RRP)
82253052,오랄-비 프로엑스퍼트 스타워즈/프로즌 행사팩 JFM17
80693952,다우니 베이스 핑크 맥퀸 베리베리와 바닐라크림 2L
80297306,크로스액션 파워 화이트닝 리필
82096738,페브리즈 항균 고무장갑-핑크
82265522,마그네틱 부스터
82244746,오랄비 고탄력 초미세모 저자극 케어 4입 이마트
82159674,팬틴 트리트먼트 200ML 집중 수분 스티커
82096488,헤드앤숄더 945트라이얼팩-실키모이스춰
82291005,에스케이-투 피테라 글로잉 오라 세트
82286071,다우니 코튼 퓨어러브 1L+1.6L 팩(이마트)
84995398,프링글스 양파맛 미디엄캔
82125892,SGNS퍼펙트래디앙스 LIQFND440
82420660,AS 아이 칼라 400
82041522,위스퍼슬림날개중형36*24
80753885,오랄-비 프리시즌 클린 리필모 8개입 (EB20-8)
82236396,팬틴 프로브이 아쿠아 퓨어 샴푸 388ml
82273816,페브리즈 차량용 2ML (상큼한 라임 오렌지)(CT)
82267100,페브리즈 상쾌한향 용기형 370ML - PGP
80875720,질레트랩스 화이트핸들+면도날1입+행어
82422340,안나수이 립 글로스 C 302
83901195,팬틴 프레스티지 데미지 리페어 트리트먼트450ml
82310705,다우니 퍼플 화이트티와 릴리 1.6Lx6
82085325,위스퍼 소프트클린 테스코전용 특별기획팩
82129808,팬틴 선물세트 8호
82313621,질레트 퓨전 파워 면도날 10입팩 (COUPANG)
82283228,질레트 퓨전 파워 믹스드케이스
82252536,피테라 디럭스 하이드레이팅 세트
82306857,컬러 클리어 뷰티 에나멜 크림 컴팩트420
82308880,질레트 스킨텍 파워 면도날 8입 8X6X12
82238500,셀루미네이션 에센스 파운데이션 320
82308812,다우니 퍼퓸 샤인 2Lx4
82047733,위스퍼울트라날개소13*24(JP)
82332705,질레트 프로쉴드 옐로우 면도날 16입+면도기 거치대 (빅)
80861954,다우니 미스티크 1.35Lx10 N1
82113817,팬틴 헤어타임리뉴얼 샴푸40_스티커
82321583,SK-II 페이셜 트리트먼트 에센스 도쿄걸 핑크 리미티드 에디션
82410149,AS 네일 칼라 N 702 - 테스터
82315118,오랄-비 초미세모 그린티 4입 + 블랙티 4입 (홈플러스)
82310625,다우니 엑스퍼트 실내 건조 1Lx12
82224148,에스케이-투 페이셜 트리트먼트 젠틀 클렌져 2.5g (비매품)
82092205,비달사순 살롱 모이스춰 컨디셔너 850ML
81548626,브라운 시리즈5 PP5 5040s W&D
80250493,다우니 에이프릴 프레쉬향 2.3L
82280248,다우니 베이스 엑티브 프레시 200ml (Calvin)
82210028,팬틴 집중손상케어 샴푸 850
80745899,페브리즈 에어 다우니향 275g
82265004,팬틴 퀀텀 트리트먼트 (200X2)X12 극손상
82261005,팬틴 퀀텀 엑스트라볼륨 샴푸 500X9_LT
82041868,SK-II OTHER SILVER COMPACT SP-S PROM
82082971,팬틴 엑스트라 스트레이트 케어 100ML 린스
82324896,브라운 세정액 CCR2 (QMPL)
82308286,페브리즈 상쾌한향 용기형 370ML(PGP)
82152960,위스퍼 ML 중형 2개입
80841664,다우니 실내건조 프레시클린 2Lx4 H1
82313625,비너스 임브레이스 스냅 면도기
80891051,질레트 랩스 1업 포메
82236647,2016년형 팸퍼스 스와들러 2단계 1박스 (76매)
82088378,코스트코번들팩 트리트먼트칼라인텐시브7B
82156730,페브리즈 비치형 스타터킷 바람속의 꽃향기
82313768,팬틴 데일리 모이스처 리뉴얼 샴푸 1200ml
82044422,페브리즈10L리필(업소용)
80791795,다우니 실내건조 플러스 (그린) 4LX3 (원제품)
82221281,팬틴 프로브이 아이스 샤인 샴푸 727ml+컨디388ml 이마트
82167778,토탈이펙트 세트 10 (TE세럼50ml + TE마스크3P + AA젤14g
80869957,팬틴실키스무드트리트먼트220ml2입+극손상케어샴푸90ml증정올리브영팩
82288336,다우니 엑스퍼트 스포츠 700ml
82323900,에센셜 트래블 샘플키트 TR 2021
82294901,다우니 프리미엄 액체형 세제 블루 1.5L
80828643,(557.1 ) 질레트 퓨전 매뉴얼 면도날 8입
82043000,내추럴 스타일 무스1*12
82214207,GEM 액티브핏 5단계 1X136 이커머스 WE
82187584,에스케이-투 엘엑스피 얼티미트 퍼펙팅 아이크림 15g
80851266,FT에센스 & 스킨파워 리-뉴 에어리 크림 세트
80719108,브라운 시리즈 9 면도기 9510s BLACK
82141415,화이트닝스팟스페셜리스트 50ml
82293359,다우니 핑크 1.6LX2 베리베리와 바닐라크림 향 (Paper)
82286712,페브리즈 상쾌한향 용기형 370ML(PGP)
82330597,페브리즈 항균플러스 산뜻한향 370ml+370ml
82183845,위스퍼 리프레쉬 케어 70개입
82298510,팬틴 프로-브이 컬러 케어 트리트먼트 220ml
82210321,에스케이-투 사인즈 아이 마스크 1p(비매품)
82040243,위스퍼 소프트클린 슬림 날개 중형 36P
82072343,팬틴스페셜세트모이스춰
80706024,"질레트 닥터스트레인지팩 프로글라이드 파워 1up+4ct, 거치대(빅)"
81164421,컬러후레시 캐럿오렌지44
82166605,헤드앤숄더 컨디850 건조한 두피 케어
82239436,팬틴 퀀텀 트리트먼트 150X12 마스크팩
82150105,질레트 시리즈 페이스 스크럽
81164352,KP 10/68 엔
82267045,다우니 퍼퓸 핫핑크 블룸 1L
80690914,다우니 생화향기 컬렉션 미스티크200mlX24
82113088,LXP 액티베이팅 마사지 플루이드 N
82220453,프로글라이드 파워 6+1 팩 (플렉스볼)
80748651,질레트 랩스 네온 나이트 에디션 1up (원제품)
82193246,페브리즈 차량용 벨트스트립 2ml*4
80853682,SK-II FY2425 70G 프리팩(GIE)
82073198,페이셜 하이드레이팅 유브이 크림 50G
82065722,팬틴1200온팩모이스춰
82304963,FAB 울트라 리페어 크림 듀오 세트(URC170.1g*2/6OZ*2)
82204052,헤드앤숄더 Bahamas 1950팩- 쿨멘솔
82152106,팬틴 샴푸90mlX48극손상케어
82075803,웰라 퍼펙트 케어 리페어 에센스
82109852,위스퍼 트윈윙 번들팩 80P
81262959,브라운 핸드블랜더 MR5550 MFP
82210304,셀루미네이션 데이 서지 UV 4.2g (비매품)
82147118,토탈이펙트 증정 2 (크림노말 10G+세럼 10G+마스크 1P)
82260869,다우니 퍼퓸 보타닉 가든 1+1 번들팩
84958491,페브리즈에어(봄의소생)
82236695,페브리즈(MO) 900ML 실속형 상쾌한 향
82181340,팬틴 아틀라스 컨디 1200MLX9 토탈 모이스쳐 케어 코스트코
80774837,페브리즈 섬유탈취제 상쾌한향 370ML
81153886,SP 400ml 샤인디파인 마스크
82292801,다우니 퍼퓸 그린 보타닉 가든 향 1L
82135436,페이셜 트리트먼트 마스크 1p (비매품)
82077341,페브리즈(투명) 370ML 상쾌한 향
80881648,에스케이-투 엘엑스피 크림 30g
82404566,AS 수이 립 글로스 305
82204689,Tesco 다우니 퍼퓸 핑크 1L 이노센스 향
82126565,헤드앤숄더 헤어폴 클리닉 컨디 550ML
82095876,팬틴집중손상케어샴푸400ML
81329910,SP 스타일링 기프트 박스
82164119,화이트 래디언스 나이트 리스토어링 크림
81387956,브라운 시리즈3 교체용 카세트 32S
82333997,페브리즈 차량용 맑은하늘바람2.2ML4입+라벤더2.2ML2입
82291729,질레트 퓨전 매뉴얼 면도날 16입팩
82115354,페브리즈 (370+210) 팩 은은한향
82059848,크레스트스핀브러쉬키즈소방차
82282710,에스케이-투 페이셜 트리트먼트 에센스 2019 뉴 이어 리미티드 에디션
82118480,팬케익 버프
82288331,다우니 엑스퍼트 스포츠 1.6L
81321287,커버필름
82047170,네모난물휴대10 1*120
80703834,에스케이-투 페이셜 트리트먼트 에센스 앤디워홀 리미티드 비매품(옐로우)
80779922,다우니 스프링 가든 러브2LX4 M1
80371677,오랄비 크로스액션 블랙 리필모 2입
82131337,JFM'10 페브리즈 (370+320X2) 팩 은은한향
82254553,헤드앤숄더 Bahamas샴푸 850 딥클린
82120361,AMJ'09 페브리즈 370ML+320ML 팩 상쾌한향
84978641,다우니 에이프럴 후레쉬 2.3L
82185686,페브리즈 차량용 2ML (뉴질랜드 계곡)
82079624,팬틴 1500팩-밀키 모이스춰
82171706,팬틴 모발 강화 컨디셔닝 린스 850ML
82292898,헤드앤숄더 샴푸 1200ML 쿨멘솔
82055651,큐티드림골드중형124TESCO
82272133,인덜젼스 샘플 키트 20G
82311068,오랄비 스테이지스3 아이언맨 1입
82295701,피테라 에센스 리미티드 레드  230ml(JJA21)
82312696,옐로우 스트리트 아트 페이셜 트리트먼트 에센스230ml(ND20)
82416759,립 루즈 D 270
82286400,페브리즈 차량용 3개입(2mlx3) 라이트 감귤향
80374223,오랄-비 전동칫솔 iO10 코스믹 블랙
82210305,스킨 시그니처 멜팅 리치 크림 13g (비매품)
82324813,페브리즈 섬유탈취제 은은한 향 370ml (ecom)
80781627,다우니 프리미엄 액체형 세제 냄새딥클린 퍼플 2.2L X 4
82331038,질레트 스킨텍 매뉴얼 1up+5ct 팩
82273734,컬러클리어 뷰티에나멜 크림컴팩트105
82107582,팬틴 3400팩-집중손상케어
82214878,비너스 올레이 3입 (RF)
82284716,헤드앤숄더 2250팩- 쿨 멘솔 (바르셀로나)
84939110,프링글스오리지날195g
81332811,브라운 물주전자 오닉스
82293388,다우니 퍼퓸 골드 샤인 1L+1L (Paper)
82326987,페브리즈 섬유탈취제 내추리스 로즈 앤 제라늄 용기형 360ml
82138122,2010 추석 테스코3호
82214425,퓨전 하이드라 센서티브 젤 200ml
82258369,위스퍼 피부애 울트라 날개 중형 50P
82099913,헤드앤숄더 2550 DM팩-프레쉬 레몬그라스
82206959,프로글라이드 매뉴얼 면도날 8입
82083417,팬틴 200 CVS팩-집중손상
82321900,질레트 프로쉴드 옐로우 면도날 4입 (557)
82173146,퓨전 프로글라이드 매뉴얼 6입날 + 면도기 기획팩
82134788,페이셜 트리트먼트 젠틀 클렌저 120G
82159903,팬틴샴푸850바운시볼륨STK
82140650,위스퍼 리프레쉬 클린 데이트팩
80286847,오랄비 GENIUS 8000 화이트
82245565,다우니 퍼퓸 로즈골드 럭셔리피오니 700MLX8
82235549,다우니 김치 퍼플 2L+700ML 팩 화이트티와 릴리 향
82063954,위스퍼후레쉬라이너향PAD 20X24
81731102,브라운 시리즈 9 면도기 9345s GRAPHITE
82192021,팸퍼스 이지업 팬티형 남아 4단계 메가 3/44
82301010,에스케이투 페이셜 트리트먼트 에센스화이트판타지스타유타마로리미티드에디션
82014885,헤드앤숄더 센서티브알로에 샴푸 200ML
82327056,다우니 엑스퍼트 1L+1L 팩 스포츠 향 (MQ)
82189577,듀라셀 디럭스 알카라인 AAA 2팩_Tesco
80735076,오랄비 크로스액션 플라그 가드 35모 3입
82080015,팬틴 1500팩_코스트코-볼륨
82403038,AS 프레스드 파우더 700 테스터
82093080,WB 워터젤 150 (DA)
81483718,브라운 쿨텍 CT2S_LSD
82205012,다우니 퍼퓸 핑크 2L 이노센스 향
82181413,팬틴 집중수분케어 컨디셔너 1200ml
82252306,마스터피스 피테라 터트니스 세럼50ml
82101686,위스퍼 그린 이마트전용 66P
82116024,스킨시그니처 미니샘플 2.5G
82085284,비달사순 1120팩-컬러케어
82325299,다우니 퍼퓸 블랙 미스티크 1.05LX3
81164328,KP 8/00 엔
82228831,위스퍼 보송보송케어 울트라 날개 중형 36P(RRP)
82228177,셀루미네이션 오라 에센스 30ml
82227646,더블유에스 덤 데피니션 UV 로션 30g
82280223,다우니 퍼퓸 샤인 향 1L (Chanel)
82405232,AS 바디 샴푸 테스터
82421601,안나수이 아이 칼라 크레용 200 - 테스터
83039678,프링글스양파맛미디움184G*14
81259234,브라운 면도기 M30
82178695,페브리즈 엑스트라 스트랭스 보충형 320ML
82113091,SK-II 페이셜 트리트먼트 마사지 크림
82316205,다우니 퍼퓸 블랙 미스티크 향 1L (구버전)
82102001,팬틴 실키 스무드 케어 샴푸 850ML
82245530,다우니 핑크 1L 베리베리와 바닐라크림 향
82075778,웰라폼 헤어로션
82164024,페브리즈 비치형 코스트코팩 바닐라 라벤더의 포근함 (S)
82243455,오랄-비 크로스액션 7베네핏 35모
80711659,스킨파워 크림 80g 듀오세트
82241920,맨 페이셜 트리트 에센스 30ml (비매품)
82155345,스킨시그니처 크림 인 FND 105
82116996,팬틴 실키스무드 케어 삼푸 550ML
82079986,팬틴 2700팩-엑스트라 스트레이트
80858685,다우니 화이트티 2LX4 D1
82412607,AS 화이트닝 밀크 미니
82145108,페브리즈 비치형 리필 (맑은하늘바람) STK
82288989,비너스 블루 면도날 4입
82405464,AS 컨디셔닝 바디 로션
82266529,브라운 여성용 페이스 SE80-E (각질제거용)
82242685,팬틴 퀀텀 트리트먼트 150x6 딥리페어 헤어 마스크팩_TE
82235019,오랄-비 스테이지스 3단계 어벤져스 2입
82322007,오랄비 왁스 치실 50M 4입 쿠팡 팩
82157642,스템파워 50g
82284113,오랄비 왁스 치실 50mX2입팩(New)
80690950,다우니 생화향기 컬렉션 스프링 가든 러브 1.05LX3
82142225,헤드앤숄더 로터스 950팩- 헤어 폴 클리닉
82026014,SK2 F T CLR 35G
80887964,팬틴 극손상 케어 컨디셔너 1200ml
82054640,뉴오픈코디50*24R
82176052,페브리즈 에어 바람속의 꽃향기 275G 올림픽
81741328,브라운 IPL PL5237
82250903,싸인즈 퍼펙트 래디앙스 파우더 파데320
82273827,페브리즈 차량용 2ml (라이트 블루향) (CT)
82095130,아쿠아 피직스 세럼 40ML
82125504,팬틴트리트먼트200실키스무드IR
82205766,셀루미네이션 리퀴드 파운데이션 310
82210307,에스케이-투 스킨 시그니처 멜팅 리치크림 13g(비매품)
82139100,오랄-비 어드밴티지 컴플리트 화이트닝
82289962,페브리즈차량용2개입(2.2mlx2) (라이트라임오렌지향)(Genesis)
82134791,페이셜 트리트먼트 젠틀 클렌징크림 100G
82296369,페브리즈 섬유탈취제 은은한향 370ML+320MLX2 팩
82268933,페브리즈 섬유탈취제 상쾌한 향 900ml (Harmony)
82199997,허벌 에센스 클래식 핑크 로즈 컬렉션 트라이얼 980팩
82244732,오랄-비 크로스액션 7 베네핏 40모 3입(롯데마트)
82101803,위스퍼 트윈윙 농협전용 74P
82043015,SK2 ADV WHITENING PAN-CAKE 21 BC
82256060,화장용 퍼프(레드케이스 타원형)
82041488,비달시스템스트레이트3*6
80697770,헤드앤숄더 샴푸 850 가려운 두피케어 레거시
82203379,위스퍼 리프레쉬클린케어 울날소 32> (RRP)
82252304,마스터피스 피테라레이디언스 세럼50ml
80826689,헤숄 샴푸 건조 두피 케어 800ml
82015466,헤드앤숄더 1420팩-릴랙스티트리
82285113,팸퍼스 크루저 3단계 1박스 1X174
82075779,웰라 스타일링 젤
80314860,팸퍼스 베이비드라이 6단계 이노머스 박스 1/112
82070207,헤드앤숄더 2880팩-모이스트
82183232,페브리즈 에어 하와이향 4개입 코스트코팩
82077567,위스퍼 보송보송 실속기획팩-T-ML
82315627,페브리즈 화장실용2개입(6mlx2) 향긋한 꽃향기 (Retail)
80355683,오랄-비 젠틀 케어 리필모 4입 (iO전용)
82033557,페브리즈플러스리필320ML 1*24
82004918,비달샴푸웨이브400 1X24
82193470,마하3 센서티브 매뉴얼 4입날
82037196,VIDAL SASSOON
82097991,팬틴 선물세트형 2호-집중손상
82187372,듀라셀 알카 울트라 D 4입
82328192,질레트 스킨텍 파워 1up+4ct 팩
82196036,질레트 마하 3 면도기 1up
82221283,팬틴 프로브이 아쿠아퓨어 샴푸 727ml+컨디388ml 이마트
82089549,어드밴스드 화이트닝 소스 팬케익 510
82210438,듀라셀 뉴 울트라 파워체크 AAA 8팩
82262788,퓨전 프로쉴드 옐로우 이마트 설날 기프트팩
82114428,허벌 에센스 머메이드 모이스쳐 컨디셔너
82233784,페이셜 트리트먼트 에센스 75ml
82232764,오랄-비 크로스액션 컴플리트 7 35모 3입
82067958,헤드앤숄더1710팩딥
82012190,비달울트라케어샴푸400
82095327,큐티 편안한아기 골드 특대형 42P
80799321,페브리즈 에어 다우니향 3개입 ET
82237840,듀라셀 디럭스 AA 4입_E
80978563,프링글스크리스피카레184G*14
82245145,팸퍼스 베이비드라이 4단계 1박스 (174매)
82189747,팬틴 프로브이 아이스 샤인 샴푸 400ml
82199477,팬틴 프로브이 아쿠아 퓨어 트리트먼트 194ml
82233185,팸퍼스 뉴베이비 센서티브1단계
80356519,오랄-비 전동칫솔 iO8 바이올렛 아메트린
82070082,위스퍼오버나이트+중형시스템프로모션팩T
82087841,위스퍼 소프트클린 중형 40개입 번들팩
82096511,헤드앤숄더 770팩-딥클린
82211730,페브리즈 320ML 리필형 다우니향
80735660,팸퍼스 베이비드라이 팬티 5단계 쿠팡팩 52P X 3
82183867,팬틴 아틀라스 모발강화 케어 샴푸 500ml
82321178,오랄비 전동칫솔 D12.513 스타워즈
82080016,팬틴 1500팩_코스트코-집중손상
82283009,질레트 퓨전 프로글라이드 센서티브 면도젤_3입 (코스트코)
82313740,허벌에센스 볼륨 화이트 그레이프 프루트 & 모사 민트 샴푸
82150984,프링글스 멀티그레인 양파
82155031,화이트 래디언스 크리스탈 클리어 로션
82144862,셀루미네이션 딥서지 EX 2.5G
82140837,팬틴 모근강화케어 1000팩
82274410,에이지 프로텍트 세트
82245552,다우니 퍼퓸 미스티크 200ml (카트리)
82277143,다우니 핑크 1L+1.6L 베리베리와 바닐라 크림 향 (Agri)
82057990,FEBREZE휴대용팩PROMO-AB
82247769,페이셜 트리트먼트 에센스 레드 리미티드 에디션
82328939,오랄-비 프로-플렉스 차콜 4입
81271037,WC 250m l리프레쉬 리프레싱 샴푸
82112892,헤드앤숄더 2550샴푸팩- 프레쉬 레몬그라스
82147096,화이트 래디언스 크리스탈 클리어 로션
80787673,브라운 IPL PL5054 (Costco)
82316231,다우니 퍼퓸 샤인 2.6Lx4
82030063,헤드앤숄더 1650팩-프레쉬레몬그라스
82412346,AS 수이 립 글로스 703 테스터
82033498,위스퍼슬림윙EX-LONG 5*48
82133974,헤드앤숄더 컨디550프레쉬 레몬그라스
82206178,에스케이-투 스템파워 에센스 75ML
82324418,제놉틱스 스팟 에센스 50ml
82298164,팸퍼스 스와들러 5단계 19X4
82265694,오랄-비 스테이지스 3단계 어벤져스 2입(홈플러스RRP)
82077261,팬틴 밀키 모이스춰 케어 샴푸 750ML
82071556,위스퍼소프트클린슬림날개대형30개입
82201142,퓨전 매뉴얼 8+1 면도기 무료 팩
82275697,알엔에이 파워 크림80g
82253623,오랄비 초소형헤드 벨벳 3p
82217407,페브리즈 370ml+320ml 팩 은은한향 JAS'14 - Sundry
82181907,다우니 핑크 2L+700ml 팩 베리베리와 바닐라크림 향_Sep'12
82284524,다우니 초고농축 블루 레몬그라스와 달콤한 라일락향 1LX3+200ml
82314425,페브리즈 섬유탈취제 반려동물 냄새용 가벼운 허브향 900ml*2 (쿠팡)
82277326,헤드앤숄더울트라맨 헤어컨트롤 SH 750ml
80777258,오랄비 민트왁스치실(1x24)
81127154,SB 200ML 젤 포르테 스트롱
82328022,제놉틱스 오라 에센스 50ml 듀오 세트
82165430,프링글스 양파맛 110G X 12
81387940,브라운 시리즈3 날과망 31S
80793502,팬틴 실키 스무드 케어 샴푸 750ml
80752459,다우니 미스티크 1.6L PX M1
82252499,오랄-비 스테이지스 2단계 2입(롯데마트)
82233111,페브리즈 아로마쥬얼 에메랄드브리즈향 용기형 370ML X 6_Tesco
82326480,브라운 8370 코스트코 팩
80748181,페브리즈 섬유탈취제 다우니 향 370ml 3입
82153866,셀루미네이션 에센스 EX 75ML
82217114, 페브리즈 깨끗한 햇살 용기형 370ML
82122175,팬틴 집중손상 딥리페어크림 100ml_스티커
82221419,다우니 블루 4LX4 레몬그라스와 달콤한 라일락 향_PGP
82056336,헤드앤숄더컨디딥클린960ML
82099366,헤드앤숄더 1530팩-멘솔
82292240,오랄-비 초미세모 벨벳 잇몸케어 블랙티 3입
82283963,프로글라이드 매뉴얼 면도날 4입 (PX)
82418087,AS 프로텍티브 FF 엘 B02
81127116,SB 300 셀로페인 골드레드
82171000,위스퍼 보송보송케어 울날오 14p
80315165,프로글라이드 플렉스볼 554 핸들FWIP
82162968,위스퍼 핑크세스 라이너 향 36개
82414630,AS 모이스처 리치 PF B01 T
82265259,페브리즈 차량용 2개입(2mlx2) (맑은하늘바람)(LEGO)
82112830,헤드앤숄더 헤어폴 850 린스 슈링크
82297001,페브리즈 차량용 프리미엄 아쿠아왈츠 스타터킷 7ml
82146312,팬틴 프리즈디펜스 세럼 30
80693957,다우니 엑스퍼트 실내건조 톰포드 (그린) 2LX4
82126202,팬틴샴푸500집중손상IR
82206494,오랄비 프로-엑스퍼트 클리니컬 프로플렉스 3입 (롯데마트)
81271220,WC 6*20ml서비스 칼라 포스트 트리트먼트
82053889,위스퍼후레시라이너샘플40P
82219884,다우니 퍼플 1L+700ml 팩 화이트티와 릴리 향
82051018,비달프리미엄팩펌프스트레이트
82281208,팬틴 프로브이 아이스 샤인 샴푸 400ml
82258571,엘엑스피 얼티미트 퍼펙팅 크림 50g
82083844,헤드앤숄더 컨디 레몬그라스960ML_SW
82054905,SK2싸인즈파운데이션BUFF
82099923,팬틴 1900팩-엑스트라스트레이트
80835263,다우니 세제 실내건조 4.1Lx4 J2
82057599,큐티드림골드중형52S*2
82152308,화이트닝 소스 클리어 로션 150ml
82238836,팬틴 퀀텀 샴푸500ml 실키스무드
81010413,AS 씨크릿 위시 EDT 75 T
82110710,팬틴 실키 스무드 케어 컨디 40ml
82185073,마하3터보 8입날 + 면도기 무료증정
82047329,큐티신생아샘플2*50
82242068,T 셀루미네이션 팬케이크 버프
80716975,질레트 퓨전 하이드라젤 센서티브스킨 3입
82284740,페브리즈 370ml+370ml 팩 다우니향(Harmony)
80842253,질레트 프쉴 파워 기1+날4 +하이드라 젤 70G
82164168,팬틴 집중수분케어 샴푸 850
82147087,토탈이펙트 7 인 1 안티에이징 인헨싱 클리어 로션
82271328,페브리즈 370mlX2 팩 은은한 향(쿠팡)(Harmony)
80796480,질레트 프쉴 파워 기1+날5
82046801,팬틴바겐세일비듬1*6
82298231,팬틴 콜로서스 엑스트라볼륨 트리트먼트 쿠팡팩
82245398,페이셜 트리트먼트 오일 50ml (비매품)
80843084,페브리즈 차량용 방향제 맑은 하늘 바람 (2.2MLX3)X8
82421615,안나수이 페이셜 비누 세트 - 테스터
82030095,싸인즈 링클 세럼 30G
82146495,퓨전라지슈퍼팩_면도기+3입날
82111851,페브리즈 카사이즈 팩 녹차향
82156977,퓨전 하이드라젤 퓨어 앤 센서티브 200ML
82138204,싸인즈 너리싱 크림 50g
82298118,팸퍼스 스와들러 1단계 32X4
81483725,브라운 쿨텍 CT4S_LSD
82231143,위스퍼 피부애 울트라 날개 오버나이트 14P
82251464,오랄-비 프로헬스 3D화이트 3+1입 (롯데Ntl)
82283240,질레트 마하3 매뉴얼 믹스드케이스
82008770,팬틴 1700팩-바운시볼륨
82104403,팬틴EXTRA스트레이트컨디850ML
82189629,듀라셀 디럭스 알카라인 AAA 15팩
82149933,싸인즈 업 리프터 5g 샘플
80354459,557 스킨텍 파워 1up FWIP
82293699,팬틴 미셀라 퓨어 & 모이스트 트리트먼트
82263084,OLAY 화이트 래디언스 셀싸이언스 에센스 30ml
82107457,프링글스라이트2팩(양파맛+토마토앤바질맛)
82041655,JOY HD 450ML 1SX18 ANBT LDL3 RFL EXP
82135484,질레트 일회용 면도기 블루투플러스 1개입
82210042,마하3 센서티브 파워 4입날
82159905,팬틴컨드850집중수분케어STK
81338389,브라운면도기 크루저6 프리시전
82319471,헤드앤숄더 1950팩-가려운 두피 케어(Barcelona)
82253359,화장용 퍼프(화이트케이스 타원형)
82043621,SK2 ADV WHITENING LIQ FND 43 BC
80690915,다우니 생화향기 컬렉션 미스티크  2Lx4
82242123,T 브라이트닝 펄 피니셔 리필
82212361,다우니 퍼플 2L 화이트티와 릴리 향
82317719,다우니 퍼퓸 골드 샤인 1.05LX3
82293877,팬틴 콜로서스 샴푸 500ML 엑스트라볼륨 롯데
82228884,위스퍼 피부애 슈퍼롱 오버나이트 1P
82405544,구찌 바이 구찌 EDP 50ML
82316881,페브리즈 화장실용 1개입(6ml) 상큼한 레몬향 (Lotsell)
82041109,팬틴 비타민 워터 트리트먼트 200ML
82245287,플렉스볼 매뉴얼 1up+8ct+센서티브 젤 기프트팩
80891453,(T)질레트 프글 파워 기1+날8 이트
82223222,페브리즈 비치형 리필 (맑은하늘바람)   
82093005,웰라톤트리트먼트칼라 8B (DBD)
82264208,다우니 퍼퓸 블랙 미스티크향 티몬 기프트팩
82275347,마스터피스 피테라 아이크림15g
82418085,AS 프로텍티브 FF 엘 B00
82059596,상쾌한향페브리즈보충형 320ml
82272909,퓨전 프로쉴드 옐로우 면도날 4입
82225677,오랄비 왁스 치실 100m
80269890,오랄-비 D20 플럼핑크
82263517,피테라 에센스 230ml 데스티니III
82194742,헤드앤숄더 MtDew 2250팩- 헤어 폴 클리닉_new
80779926,다우니 미스티크 1.35LX6 M1
82279293,다우니 리필 코튼 퓨어러브 향 1.6L
82147231,화이트닝 소스 덤 브라이트너 2.5g 샘플
82320729,팬틴 콜로서스 컬러케어 1220팩 EDTC
82146880,팬틴 트리트먼트 200 비타민 워터
82067685,팬틴모이스춰케어트리트먼트200
82206846,팬틴 프로브이 아이스 샤인 컨디셔너 400ml
82228813,위스퍼 보송보송케어 울트라 날개 소형32P(RRP)
82142235,팬틴 모근강화케어 1000팩
82097482,헤드앤숄더RELAX티트리컨디40ML
82418202,AS 프로텍티브 FF 엘 B02 테스터
82134333,헤드앤숄더 샴푸90 건조한 두피 케어
80241991,다우니 아로마 쥬얼 레드 루비 플로럴  375g
82024733,SK2화이트닝팬케익버프
81271019,WC 250ml엔리치 모이스쳐라이징 샴푸
82311529,페브리즈 섬유탈취제 은은한 향 370ml
82412342,AS 수이 립 글로스 308 테스터
82234785,코스트코 치간칫솔 콤보팩
82205194,헤드앤숄더 BAHAMAS 쿨 멘솔 컨디셔너 550
81270994,WC18ml 서비스 펌 프리 트리트먼트
82250904,싸인즈 퍼펙트 래디앙스 파우더 파데330
82251734,마스터피스 피테라 에센스 150ml
82073950,SK-II LXP 얼티미트 리바이벌 크림 50G
82107780,헤드앤숄더 1795팩-헤어 폴 클리닉
82403032,AS 프레스드 파우더 700
82113987,클리니케어샘플팩 손상모발
82224947,페브리즈 에어 봄의소생 275G
82203528,화이트닝 파워 스팟 스페셜리스트 50ml
82089595,어드밴스드 화이트닝 소스 팬케익 105 샘플
82193210,헤드앤숄더 2250팩 쿨멘솔 리미티드에디션
81747501,브라운 시리즈 8 면도기 8453cc GREY
82316187,다우니 퍼퓸 핫핑크 블룸 2L
82217133,페브리즈 상쾌한향 용기형 370ML
82250534,화이트닝 소스 클리어 로션 150ml
80372552,오랄-비 전동칫솔 iO3 아이스 블루
80782675,질레트 랩스 샤프 화이트 에디션 1up
80774146,다우니 세제 2X 딥클린 2.7LX4
82266337,페브리즈 370ml+320ml 팩 은은한향(Harmony)
82184653,헤드앤숄더 센서티브 알로에 샴푸 550ml
82163646,토탈이펙트 7 인 1 안티에이징 나이트 크림
82220622,팸퍼스 크루저 3단계 1/174
82275710,페이셜 트리트먼트 클리어로션160ml
82112944,SK2 FT에센스150ML
82189885,비달사순 프리미엄 베이스 케어 컨디셔너 485g
82313399,브라운 전기면도기 세정액 CCR 6입 (코스트코)
80997909,프링글스오리지날스몰50G*12
82134673,위스퍼 리프레쉬케어 롯데 시스템 74P
82032459,페브리즈보충용350ML 1*24
82284741,오랄-비 크로스액션 항균모 8입 (홈플러스)
82047113,위스퍼그린날개대형34*12
82144635,팬틴 아이리스 나이트 미라클 크림 90ML
80697377,팬틴 골든 미라클 극손상 케어 트리트먼트 400ML
80774976,다우니 세제 실내건조450MLX24 BD
80779919,다우니 코튼퓨어러브 200mlX24 M1
82315123,오랄비 초소형헤드 벨벳 1p 온라인 싱글
82297231,다우니 퍼퓸 핫핑크 블룸 1L+1L (Poly)
82144894,팬틴 비타민 워터 스프레이 200ML
80887969,팬틴 프레스티지 데미지 리페어 트리트먼트750ml
82088397,위스퍼 소프트클린 슬림 날개 대형 18P
82050625,비달익사이팅인텐시브TRMT200ML
82097961,팬틴 400팩-집중손상 코스트코
82209735,페이셜 트리트먼트 젠틀 글렌져 6g (비매품)
82236348,프로글라이드 매뉴얼 면도기 1up (플렉스볼)
82131623,페브리즈 허브향 용기형 370ML
82154795,헤드앤숄더 로터스 1950샴푸팩- 쿨 멘솔OB
81151162,플로라 바이 구찌 EDP 75ML
82041665,SK-II싸인즈트리트먼트미니샘플
82150503,클리니케어 헤어타임리뉴얼 코스트코 800ML 팩
82314987,다우니 프리미엄 액체형 세제 핑크 1.0L 온라인
82290346,OLAY RG CS 에센셜 세트(ESS30ml+CRM50g)
82322491,다우니 스프링 가든 러브 1LX12 팩 DBD
82118620,팬틴 풀앤씨크 컨디셔너240
82413637,안나수이 포비든 어페어 오 드 뚜왈렛 30ML
82276218,페브리즈 차량용 맑은하늘바람 2ML+(2MLX2) 팩 (이마트)
82205050,페브리즈 차량용 2ml (상쾌한 아침)
80719127,브라운 시리즈 9 면도기 9519s GOLD
82201148,질레트 마하3 터보 면도날4입
82163603,헤드앤숄더 007 1500팩- 포맨헤어폴클리닉
82205020,다우니 핑크 200ML 베리베리와 바닐라크림>
82113119,에스케이 투 스킨 리부스터
82143333,페이셜 트리트먼트 에센스 포 맨 30ml
82410123,AS 네일 칼라 N 103 테스터
82331012,질레트 스킨텍 매뉴얼 핸들+12ct팩 (COUPANG)
82304281,팬틴 3분 미라클 앰퓰 트리트먼트 (15GX5)
82223909,팸퍼스 베트남 베이비드라이 밴드 4단계(대형) 54X4
82116688,팬틴 실키 스무드 케어 트리트먼트 200ML
81183427,구찌 길티 팜므 오 드 뚜왈렛 50ML
82127013,화이트닝스팟스페셜리스트 30ml
82097051,에어터치 FND OB-2(리필)
80770235,오랄비 C자형 치실 30개X5입 팩
81625456,브라운 시리즈5 날과망 51S
80697045,다우니 생화향기 컬렉션 오션 코랄 퓨어 러브1Lx12
81183784,구찌 길티 뿌르 옴므 오 드 뚜왈렛 50ml
82048400,큐티골드용8월사은품*20
82248954,프로글라이드 1up+4ct+오션쿨 젤 기프트팩(테스코)
82278048,질레트 퓨전 파워 믹스드케이스
81019260,AS 아이 칼라 액센트 502 테스터
80711716,오랄-비 비버 어린이 칫솔 10개입
80778184,SK-II SPX LXP크림 80g
81550342,브라운 시리즈9 날망 92S 은색
82233183,위스퍼 피부애 울트라  날개중형 36P
82310990,다우니 엑스퍼트 실내 건조 향 1.05LX3
82099458,위스퍼  코스트코 소프트라이트 번들팩
82176942,스템파워 크림 컴팩트 파운데이션 440
82292829,다우니 블루 4LX3 레몬그라스와 달콤한 라일락 향 (홈플러스)
82319081,페브리즈 에어 맑은하늘바람 2개입 + 페브리즈 에어 다우니 2개입
82422351,안나수이 립 글로스 R 350
82076889,팬틴 엑스트라 스트레이트 컨디 500ML
82163989,위스퍼 보송보송케어 트라이얼팩 32개입
82182038,헤드앤숄더 헤어폴클리닉 샴푸 550ml
82241489,오랄비 고탄력 초극세모 그린티 4개입
82038723,위스퍼울트라후레쉬날개중18*24
82276696,에센셜 트래블 샘플키트 TR
82129163,헤드앤숄더 샴푸550 가려운 두피 케어
82328359,페브리즈 섬유탈취제 포맨 쿨 아쿠아향 370ml (Cass)
80840167,페이셜 트리트먼트 에센스 230ml
82116998,팬틴 밀키모이스춰 삼푸 550ML
82119873,비달사순 모이스춰 워터 200ML
82300041,헤드앤숄더 실키클린 850ml 컨디셔너
82138024,로케트 파워 알카 AAA 2개입 CVS
80842299,헤숄 퍼퓸 샴푸 800mlx2 + 90ml
82295935,오랄비 스테이지스 1단계 1입
82037195,VIDAL SASSOON
80811417,다우니 퍼플 화이트티와 릴리(700mLX8)x1
80722368,팬틴 프로-브이 씻어내는 트리트먼트 케라틴 실키 스무드 케어 220mlX
82196870,오랄비 트라이존 D20+리필 4입 기획세트
82410135,AS 네일 칼라 N 307 - 테스터
82129156,헤드앤숄더 컨디850쿨 멘솔
80730699,오랄비 클릭 라일락  키트(핸들1개+리필1개)+잇몸케어 리필모 2개
82221606,페브리즈 370ml+320ml 팩 다우니향
82013173,비달트리먼트10ML 1*500
82110773,팬틴EXTRA스트레이트컨디375ML
80853916,페브리즈 화장실용 프레쉬 스카이 6.3mlX2
81115837,휴고 엘리먼트  EDT 60ML
84918691,프링글스윈터솔트미디엄195G
82205398,다우니 김치 퍼플  2L+1.8L팩 화이트티와 릴리 향
82068480,PAMPERS DPR MD 54SX4 SPRING 03 JMB
82124180,위스퍼 그린 세이프티존 테스코 66P
82048307,팬틴바겐세일팩모이스처케어3*6
82319618,팸퍼스 베이비드라이 팬티 6단계 쿠팡팩 44P X 3
82205761,싸인즈 퍼펙트 래디앙스 리퀴드 파데 320
82009458,팬틴ET손상샴푸600G 1SX12
82180701,팬틴 집중수분케어 컨디셔너 850
80843079,페브리즈 차량용 방향제 다우니 에이프릴 2.2MLX6x2
82137928,듀라셀 디럭스 알카 AA 2개입 CVS
82253690,페이셜 트리트먼트 에센스 멀티컬러드 피닉스 리미티드 에디션
82204873,페브리즈 370ml+320ml 팩 은은한향 OND'13
82087353,팬틴 750 팩-밀키모이스춰
82281931,다우니 퍼퓸 그린 보타닉가든1LX3 (Chanel)
82251001,PGP 페브리즈 비치형 스타터킷 맑은하늘바람 특판용 6개입
82131496,클리니케어 헤어타임리뉴얼 800ML 팩
80868094,오랄비 브라이트닝세정 프로헬스 3D화이트 3입
82012632,프링글스　양파맛1*12
82282627,페브리즈 차량용 맑은 하늘 바람 2개입 + 다우니향 2개입_코스트코
82233260,센서3 일회용 스포츠 4팩
82284498,다우니 초고농축 핑크 베리베리와 바닐라크림향 1LX3+200ml
82152101,팬틴 집중 수분 트리트먼트 200ML
82089767,비달사순 40ML 컨디셔너-살롱 모이스춰
82243207,질레트 파워글라이드 본드 기프트팩 (이마트)
82319794,다우니 프리미엄 액체형 세제 실내건조 2LX2 팩
82226637,페브리즈 부착형 화장실용 리필 (포근한 숲속향)_5.5ML
80719500,질레트 프로글라이드 파워 TV홈쇼핑팩
82302501,오랄비 전동칫솔 D12.513 스타워즈
82065591,헤드앤숄더400/200팩-모이스트
82077414,팬틴 집중손상케어 샴푸 1000ML
82260515,페브리즈 차량용 2MLX6 (뉴질랜드 계곡) - TESCO (LEGO)
82206436,프로글라이드 파워 면도날 4입 TESCO
80698273,페브리즈 포맨 쿨아쿠아향 보충형 320ML
82123463,팬틴 선물세트 8호
82264351,헤드앤숄더 슈프림 모이스쳐 두피 토탈솔루션 컨디셔너 750ML
82044715,SGNS퍼펙트래디앙스 PWDFND320
82290011,퓨전 매뉴얼 면도날 14입 (홈플러스)
82255952,셀루미네이션 데이서지 UV 4.2g(비매품)
82206188,컬러 클리어 뷰티 파우더 파데310
82133992,헤드앤숄더 샴푸850 건조한 두피 케어
82310704,다우니 퍼플 화이트티와 릴리 4Lx3
82236863,질레트 퓨전 파워 16입 팩 (롯데 VIC 마켓)
82308875,질레트 스킨텍 파워 면도기 1up (플렉스볼) 1X6X6
82146572,팬틴 트리트먼트 100MLX24 실키 스무드 원제품
81192404,피카소 브러쉬
82299240,제놉틱스 스팟 에센스30ml
82210044,프로글라이드 실버터치 파워 BBGR (롯데)
82289803,페브리즈 에어 바닐라 라벤더의 포근함 3개입 (Hybrid)
82222213,에스케이-투 페이셜 트리트먼트 UV 프로택션 30ml
82082865,웰라 ON05 내추럴 믹스드케이스 III
82249034,팬틴 퀀텀 트리트먼트 (200X2)X14 극손상 RRP
82277765,헤드앤숄더 발리 샴푸 850 가려운 두피케어 (STK)
82080073,팬틴 400팩-집중손상
81037117,DG 더 원 EDP 75ML
82243792,페브리즈 차량용 프리미엄 후레시 하모니 스타터킷 7ml (K-Reach)
82174777,오랄비 검프로텍트 4입
82045355,팬틴파우치샘플팩2*200
82144130,조명용 방향 쉐이드 (건전지형) 그린티 시트러스 향
82141414,화이트닝스팟스페셜리스트 30ml
82194679,팬틴 모발강화케어 1500팩_new
82142230,팬틴 인텐시브모이스쳐케어 2400팩
82041652,위스퍼슬림날개중24*24
82228791,다우니 아로마 쥬얼 퍼플 바닐라자수정 375G
82251901,팸퍼스 베이비드라이 3단계 1박스 (198매) 2P 샘플 삽입
82205777,셀루미네이션 팬케이크 105
82245535,다우니 퍼플 1L 화이트티와 릴리 향
80698202,다우니 엑스퍼트 실내건조 톰포드 (핑크) 2LX4
82147413,셀루미네이션 에센스 7ML 샘플
82221605,페브리즈 370ml+370ml 팩 다우니향
80795552,팸퍼스 2025 베이비드라이 팬티 5단계(특대형) 36X4
82087835,위스퍼 보송보송 알뜰기획팩-이마트전용
82056352,해드앤숄더겸용샴푸570ML
82140840,팬틴 집중손상케어 2550팩
82209966,위스퍼 피부애 수퍼롱 오버나이트 20P
82299069,질레트 프로글라이드 매뉴얼8ct+파워3ct 팩 (홈플러스)
84852516,오랄비 배터리 전동칫솔 D2 카즈/프린세스 (DB4.510 Cars/Pr
82228828,위스퍼 리프레쉬클린케어 울트라 날개 소형 32P(RRP)
82041190,이마트PT 200*4
82063482,코디증정품(락앤락)
82110701,비달사순 컬러케어 샴푸 850ML
82253930,오랄비 고탄력 초미세모 저자극 케어 4입
82422288,안나수이 네일 칼라 N 405 -테스터
82186671,위스퍼 보송보송케어 74개입
82140697,오랄비 스테이지스 2단계 (소분)
82224376,제놉틱스 스팟 에센스 0.7ml(비매품)
82252474,오랄-비 스테이지스 1단계 2입(홈플러스)
82041615,위스퍼듀오밤시간8*24
81687978,브라운 IPL PL5124
82161661,오랄비어린이전동칫솔모 EB10-6 코스트코(FFS)
82313742,허벌에센스 노리쉬 패션 플라워 & 라이스 밀크 샴푸
80831281,다우니 삶음탈취 플러스 2L R3
82316742,질레트 프로쉴드 옐로우 7+1 이컴팩
82223578,페브리즈 차량용 창립기념 3팩 라벤더의 포근함
82332165,오랄비 크로스액션 화이트닝 차콜 6입 (쿠팡)
82229303,T 싸인즈 퍼펙트 래디언스 PWD FND 310
82001459,비달사순 컬 스타일링 워터 150ML
82181612,SK-II 맨 브라이트닝 세럼 30g
82224071,페이셜 트리트먼트 리페어 씨 2ml(비매품)
80770299,오랄비 전동칫솔 Smart7000 메탈릭 블루
82142775,시리즈젤 퓨어앤 센서티브
82187371,듀라셀 알카 울트라 C 4입
82223638,SK-II 마그네틱 아이케어 키트
82254549,헤드앤숄더 Bahamas샴푸 850 애플 프레쉬
82294911,다우니 프리미엄 액체형 세제 핑크 2.2L
80737233,스킨파워 어드밴스드 크림 & 아이크림 세트
82278619,질레트 블루3 심플 24입 코스트코 팩
82298128,팸퍼스 스와들러센서티브 2단계 1박스 1X76
82055656,큐티중형104머천다이징
81255562,브라운 시리즈7 면도기 765CC
81731106,브라운 시리즈 9 면도기 9355s CHROME
82124417,위스퍼 소프트클린 세이프티존 롯데 90p
82088880,페브리즈(MO) 320ML 리필형 상쾌한 향
82042109,위)울트라후레쉬일반중40*32
82252461,오랄비 고탄력 초미세모 잇몸선 케어 6입(대리점)
80337899,오랄-비 전동칫솔 Pro450 오렌지
80725997,오랄비 전동칫솔 D103 플로스액션 라일락
82221853,다우니 블루 4LX4 레몬그라스와 달콤한 라일락 향_PGP
80794291,질레트 프쉴 옐로우 면도날 16입
82253037,오랄비전동칫솔 D12.513 KIDS (E-MART)
82328807,다우니 엑스퍼트 항균파워 플러스 4LX3
82026416,위스퍼그린울트라날개대18*24
82242757,셀루미네이션 딥 서지 EX 15g (비매품)
82261292,페브리즈 섬유탈취제 상큼한 과일 향 370ml
82160048,페브리즈 비치형 스타터킷+리필 팩 맑은하늘 바람
80747055,FAB 페이셜 레디언스 패드 60Pads
82085756,헤드앤숄더프레쉬레몬컨디375ML
82207347,질레트 시리즈젤 센서티브 200ML
82231222,위스퍼 슈퍼롱 오버나이트 20개입 (RRP)
82247363,팬틴 퀀텀 샴푸500ml 실키스무드
82420662,AS 아이 칼라 501
82024505,SK2화이트닝팬케익33
82246215,위스퍼 후레쉬라이너 향 40*2개입 RRP
82068734,팬틴2700팩집중손상
82250241,질레트 마하3 면도날8입
82133973,헤드앤숄더 컨디550 건조한 두피 케어
82152394,싸인즈 퍼펙트 래디언스 LIQ FND 440
82252147,팸퍼스 뉴베이비 센서티브 1단계 샘플 4P(4x21)
82320574,오랄비 9000 엑스퍼트 초소형헤드 7입
82065055,팬틴볼륨케어컨디셔너500
82229008,퓨전 프로쉴드 옐로우 면도날 4입
80733698,헤드앤숄더 컨디셔너 850 애플프레쉬 레거시
82029594,팬틴 2250샴푸팩-바운시볼륨
82208809,듀라셀 디럭스 알카라인 AAA 15팩
82182134,FT 젠틀 클렌져 120g
82300114,페이셜 트리트먼트 마스크 1p(비매품)
82328358,페브리즈 섬유탈취제 허브향 370ml (Cass)
82198562,페브리즈 차량용 2ML (맑은하늘바람)
82157600,퓨전 하이드라젤 센서티브 스킨
82293370,다우니 블루 2L+1.6L 홈플러스 팩
80873035,헤드앤숄더 두피 토탈 솔루션 쿨멘솔 트리트먼트 400ml
82046407,CODI오래키친타월260 2R*16
82275346,마스터피스 피테라 크림50g
81300122,브라운 시리즈 3 면도기 380s-4 WD
82205892,페브리즈 차량용 2ML (맑은하늘바람)
82082804,프링글스 올림푸스캔(양파맛)
82243515,오랄비 고탄력 초미세모 클래식 1입
81270978,WC  8*10ml엔리치 리페어 세럼
82249332,헤드앤숄더 1950팩- 가려운 두피 케어(Bali)
82140719,팬틴 코스트코 집중손상케어 1700팩
80874037,터치오브네이처 2026 본품 6-7단계
82236091,마하3 센서티브 파워 면도날 8입
80831336,질레트 랩스  5UP TIN 샤프 화이트
80320404,팸퍼스 베이비드라이 2단계 이노머스 박스 1/186
82096179,헤드앤숄더 RELAX티트리 컨디 850ML
81695844,브라운 코털제거기 EN10 (원제품)
82248819,LXP 얼티미트 퍼펙팅 세럼50ml
82152318,싸인즈 퍼펙트 래디언스 LIQ FND 105
82057580,비달스타일올인원샴푸560
82256086,질레트 프로글라이드 파워 8+1 팩 (플렉스볼)
82334058,다우니 퍼퓸 핫핑크 블룸 1.05LX3
82187992,페브리즈 따뜻한 햇살 대용량 900ML
82043873,위) W팬티실키실루엣모카L
82281882,다우니 블루 2L+700ML팩 레몬그라스와 달콤한라일락 향
80740666,피테라 에센스 230ml 디럭스 듀오 세트
82318464,페브리즈 항균플러스 깨끗한향 370ml
82265687,오랄-비 스테이지스 2단계 2입(홈플러스RRP)
82308274,오랄-비 스테이지스 2단계 6입팩 하이브리드(Delorean)
82226465,미드-나이트 미라클 에센스 50ML
82246880,T페이셜 트리트먼트 클렌징 젤 2.5g(비매품)
82249042,팬틴 퀀텀 트리트먼트 (150X2)X12 딥리페 헤어 마스크팩_T
82318728,페브리즈 차량용 2개입(2.2mlx2)(담배냄새제거용)
82401457,AS 페이스 칼라 액센트 600 테스터
82085285,팬틴 나이트 미라클 오일 30ML
82300036,헤드앤숄더 발리 컨디셔너 550 애플프레쉬
82244750,오랄-비 크로스액션 항균케어 40모 3입(롯데마트)
82316189,다우니 퍼퓸 핫핑크 블룸 2.6LX4
82255607,페브리즈 차량용 프리미엄 플라워 멜로디 스타터킷 7ml (LEGO)
82073232,헤드앤숄더 2890팩-모이스트 클린
82110097,조이 870ML 오렌지향
82324006,다우니 섬유유연제 블루 2LX2 이마트 팩
82015444,페브리즈 에어 비치형 마일드 핑크 130G 본
80776143,오랄비 EB60X 화이트 리필 10입
82234712,다우니 페브릭 데오도라이저 그린 375g
82069733,헤드앤숄더1530팩딥
80793271,다우니 생화향기 컬렉션 스프링 피치 블라썸 2Lx2 2023
82245578,다우니 퍼퓸 그린 보타닉가든 2LX4
82127401,위스퍼 보송보송케어 울날오 14P
81164362,KP 8/04 엔
82155137,팬틴 선물세트 T4호
80743058,질레트 프로쉴드 옐로우 파워 1up+8ct 팩 (코스트코)
82311447,다우니 퍼퓸 보타닉 가든 2.6LX4
80792792,팬틴 실키 스무드 케어 트리트먼트 220ml
82192010,팸퍼스 이지업 팬티형 여아 4단계 빅 1/60
82282225,다우니 퍼플 2L+1.6L 홈플러스 창립팩
82101683,위스퍼 그린 이마트전용 104P
82305638,페브리즈 차량용 내추리스 2.2ml (화이트로즈 앤 코튼)
82152078,팬틴 모발 강화 컨디셔닝 린스 850ML
82205723,프로글라이드 매뉴얼 F14 독일
82233074,오랄비 크로스액션 리필모 6 입 코스트코
82275470,팸퍼스 베이비드라이 2단계 샘플 4P (4X111)
82118231,헤드&숄더 프레쉬레몬그라스컨디셔너850ML
82181972,페브리즈 비치형 스타터킷 태국의 열대과일 향기
81384830,브라운 시리즈5 PP5 날과 망 52S
81127279,SB 150ML 윕크림
82250442,오랄비 마이크로씬 클린 5입 (Lotte)
82157942,오랄-비 크로스액션 항균모 40S
82001632,테스코 물티슈 대형 팩
82100965,비달 아시아 스페셜 에디션 샴푸1000ML
82113064,팬틴 2450팩-실키스무드
82127368,팬틴클리니케어컨디240프리즈디펜스CA
82033440,큐티베이비조이소형84*3
82215389,오랄비 컴플리트 5웨이 클린 3+2온팩
82138928,클리니케어 헤어타임리뉴얼 800ML 팩
82251199,오랄비 프로-엑스퍼트 클리니컬 프로-플렉스 3+1입(롯데Ntl)
82125979,위스퍼 리프레쉬클린 케어 중형 30개입
82315323,질레트 프로글라이드 매뉴얼8ct+파워3ct 팩 (홈플러스)
82250586,싸인즈퍼펙트 래디언스 리퀴드파데330
82256930,콤펙트 케이스(레드 원형)
82291600,페브리즈 섬유탈취제 은은한 향 900mlX3 홈플러스 팩
80690467,질레트 프로쉴드 옐로우 면도기 2UP (557)
82085729,위스퍼 허브라이너 20개입
82310478,오랄-비 초미세모 벨벳 5입+그린티 2입 팩 (홈플러스)
80729398,페브리즈 차량용 맑은하늘바람2.2ML4입+허브향2.2ML2입 (코스트코)
82034937,팬틴모이스춰스무스린스100G
80709133,팬틴 엑스트라볼륨 트리트먼트 220ml x3 + 샴푸 90ml 세트
82071120,에스케이투 디링클 액티브 25G
82053169,팬틴프로모션팩모이스쳐1194ML
82280246,다우니 블루 700ml 레몬그라스와 달콤한 라일락 향
84912820,프링글스양파맛50G
82422361,안나수이 네일 칼라 N 405
82313202,질레트 프로글라이드 플렉스볼 매뉴얼 면도기 2업(PX)
82166587,헤드앤숄더 컨디414 가려운 두피 케어
82244992,오랄-비 크로스액션 프로엑스퍼트 주니어 행사팩
80833222,페브리즈 에어 화이트 페어 & 베르가못 165g
82201167,퓨전 프라이드 매뉴얼(1UP)
82216844,비너스 핑크 면도날 2입
82097213,팬틴 1550팩-집중손상
82096427,팬틴 1900팩-엑스트라스트레이트
82294043,에스케이투 페이셜 트리트먼트 에센스레드판타지스타유타마로리미티드에디션
82034086,샤민울트라50M 10R*8
80337950,오랄-비 D12 바이탈리티 3D 화이트
82256884,마스터피스 피테라 레이디언스 세럼 50ml
82208204,페브리즈 부착형 화장실용 스타터킷 (산뜻한 정원향)
82241694,위스퍼 피부애 울트라날개 오버나이트 14P X2
82086901,비달사순 모이스춰 워터리필  300ML
82276058,페이셜 트리트먼트 에센스 리틀레드심볼
82304160,오랄비 Pro 2000 미세 Dark Blue (E-traders)
82147268,위스퍼 프레쉬클린케어 울날오 14_테스코
80729879,페브리즈 섬유탈취제 다우니 리필 320ml
82127474,위스퍼 슈퍼롱 오버나이트 번들팩
82334049,다우니 베이스 핑크 맥퀸 베리베리와 바닐라크림 1.05Lx3
82238502,셀루미네이션 에센스 파운데이션 420
82198580,페브리즈 비치형 스타터킷 바닐라라벤더의>
82024698,위스퍼IW+SWL 20'S*24(TW)
82250007,화이트닝 스팟스페셜리스트 컨센트레이트28p
82179387,위스퍼 코스모 인피니티 오버나이트 10개입
82309490,다우니 프리미엄 액체형 세제 블루 2LX2 팩
80843091,페브리즈 차량용 방향제 다우니 클린코튼 (2.2MLX2)X6
82085800,웰라 트리트먼트칼라 인텐시브 7B
81253276,브라운 시리즈5 면도기망 51S
82065925,큐티드림골드대형 40S*4 SPRING04
80795770,질레트 프글 울트라 면도기 기1+날1
82089592,팬틴EXTRA스트레이트샴푸550ML
80779929,다우니 미스티크2LX4 M1
82169715,페브리즈 (900+320) 팩 은은한향 2011
82275908,헤드앤숄더 Bali 컨디셔너 850 가려운 두피케어
82242945,팬틴 퀀텀 실키스무드케어 샴푸 500X9_LT
82317246,오랄비 크로스액션 플라그 가드 35모 1입
82332489,SK-II 피테라 동안 세트 Sep21
82229234,페이셜 트리트먼트 클렌징 오일 250ml
82280636,다우니 퍼퓸 그린 보타닉 가든 향 1.6L (Bigbang)
82158419,코스트코 4+1 게이머
82180297,오랄비 민트왁스 치실 기획
80236701,퓨전 프로글라이드 실버터치 파워 1UP
82196443,팸퍼스 크루저 5단계 점보1/140
82002531,화이트닝 소스 트랜스폼 FND 컴팩트
82230329,헤드앤숄더 쿨멘솔 1650팩
82122376,HE 헬로우 하이드레이션 샴푸
82253907,비너스 임브레이스 4입
82140830,팬틴 모근강화케어 2200팩
82228854,위스퍼 리프레쉬클린케어 울트라 날개 중형56P
82117549,팬틴바운시볼륨샴푸550ML
82135493,질레트센서엑셀면도날5개입
82327411,다우니 프리미엄 액체형 세제 핑크 450mlx24
82114364,페브리즈 에어 코스트코 팩 봄의 소생
81271020,WC 1000ml엔리치 모이스쳐라이징 컨디셔너
80809345,"브라운 시리즈 8,9용 세척&충전 스테이션(신규)"
82157366,셀루미네이션 에센스 인 FND 105
81188030,보스보틀 나이트 애프터쉐이브로션 100ml
81164487,KP 크림디벨로퍼 6% 엔 960ml
82237305,오랄-비 스테이지스 3단계 행사팩
82083616,팬틴 바운시 볼륨 케어 컨디 960ML_SW
82116756,2009설 팬틴 선물세트 8호
82049718,팬틴트리트먼트모이스쳐200ML*12
80693940,다우니 엑스퍼트 실내 건조 오메가 (그린)  1.6L
82296171,오랄-비 크로스액션 항균모 8입 (홈플러스)
82294130,오랄비 크로스액션 항균모 35S 5입 쿠팡 팩
80278292,오랄-비 D16
82206550,페이셜 트리트먼트 에센스 75ml 키트(CL30ml+FTM1P)
82297228,다우니 오션코랄 퓨어러브 1L+1L 팩 (Paper)
82011118,팬틴ET정상샴푸600G 1SX12
82220352,페브리즈 에어 화장실용 (깨끗한 오렌지향)
80355672,오랄-비 iO Test Drive Handle (POH)
82289920,페브리즈 차량용 2.2ML (라벤더의 포근함)
82323942,페이셜 트리트먼트 마스크 1p(비매품)
82156665,"화이트 래디언스 울트라 유브이 블록커 (SPF 50+, PA+++ )"
82068660,WHISPER PAD LN 18SX24 GRN IC WING
81126613,BT 퓨리파잉 샴푸500ML
82143026,헤드앤숄더 컨디550 건조한 두피 케어 슬리브
80759593,질레트 포오미 레몬라임 175G 1X6
82272095,페브리즈 포맨 쿨 아쿠아 향 370ml+320ml 팩
82184058,위스퍼 소프트라이트2날개형28P*12
82024704,위스퍼IW+SWXL 20'S*24(TW)
81728415,브라운 시리즈 7 면도기 Design Edition BLACK
82326766,다우니 핑크 1L+1L 팩 베리베리와 바닐라 (MQ)
82102467,헤드앤숄더 1900팩- 쿨멘솔
82313996,에스케이-투 스킨파워 에어리 밀키 로션 80g
82229304,싸인즈퍼펙트 래디언스 파우더파데320
82299893,알엔에이 파워 에센스 50ml 듀오세트
82181221,토탈이펙트 세트 2 - TE세럼50g
82271308,오랄-비 DNA D16 하이퍼 (COO Change)
82126550,헤드&숄더 수딩 두피 케어 샴푸 550ML
82065725,헤드앤숄더1710팩모이스트
82296790,다우니 퍼플 1+1.6LX2 홈플러스 창립 팩
82221924,위스퍼 보송보송케어 울날오 14P
80236816,팸퍼스 BB 이지업 팬티형 여아 6단계 수퍼 1/60
83038466,프링글스매콤한맛미디엄
82064037,팬틴10월1100온팩모이스춰
82046860,SK-II FACE CRM 80G SIGNS TRMT AWCG EXP
80757666,페브리즈 섬유탈취제 상쾌한 향 370ml 3입
82054862,코디미용지300*4 롯데용
82332187,페브리즈 항균플러스 깨끗한향 370ml
82330502,비너스 컴포트 글라이드 화이트티 면도날 4입 (657)
82314289,퓨전 하이드라 젤 센서티브 75ml
82171704,팬틴 바운시 볼륨 컨디셔닝 린스 850ML
82152402,싸인즈 퍼펙트 래디언스 PWD FND 420
82309931,오랄비 스테이지스1 2입(홈플)
82227067,페브리즈 비치형 바닐라라벤더 3개입 코스트코팩
82179542,페브리즈 에어 봄의소생 275G
82224531,팬틴 EV 2000ML팩 이마트
80841653,다우니 실내건조 플로럴블로썸 200mlx48 H1
82142820,마하3 터보 센서티브 매뉴얼 1up
82052916,위스퍼후레시라이너20P*24
82232076,아티산 브러쉬 파운데이션 440
82219883,다우니 블루 1L+700ml 팩 레몬그라스와 달콤한라일락 향
82233041,페브리즈 부착형 화장실용 리필 (상쾌한 하늘향)
82281937,다우니 퍼플 1.6LX2 화이트티와 릴리 향
82164848,팬틴 극손상 케어 1500팩_테스코
82333335,페브리즈 섬유탈취제 다우니 에이프릴 향 880ml 2입
82236864,마하3 터보 13+1팩 (코스트코)
82290349,OLAY WR CS 크림 듀오 세트(50g*2)
82305061,오랄비 크로스액션 TAJ 컴플리트 7 온라인 싱글
82037996,팬틴 1600팩-집중손상케어
82228827,위스퍼 리프레쉬클린케어 울트라 날개 소형 32P
82039281,NEW큐티대형3S*45
82288706,에스케이-투 스킨파워 크림15g
82420654,AS 아이 칼라 202
82299909,제놉틱스 오라 에센스 50ml 듀오 세트
82300031,헤드앤숄더 발리 샴푸 850 딥클린 (STK)
82125744,팬틴컨디850집중수분케어IR
82171174,위스퍼 베이직 중형50RRP
82224393,로케트 알카 AAA 2개입 스몰카드(20+2 보너스팩)
82046967,PANTENE SHM 10MLX576 VOLUME UP
82058345,팬틴런아웃#1
82253038,오랄비 프로엑스퍼트 프로즌 2입(National)
82009166,비달컨디스트레이트550 1X12
82245808,T페이셜 트리트먼트 클렌징 오일 250ml
82066449,페브리즈혼합케이스
82060518,PAMPERS DPR LG (68+4)SX4 FALL03 BONUS PK
82250646,페이셜 트리트먼트 에센스-아이15g
82089761,어드밴스드 화이트닝 소스 팬케익 330 샘플
82167777,토탈이펙트 세트 9 (TE아이세럼15ml + WR나이트크림14g + TE
81133215,돌체앤가바나 라이트 블루 뿌르 옴므 애프터 쉐이브 밤 75ml
82182041,헤드앤숄더 건조한 두피케어 샴푸 550ml
80703714,다우니 퍼플 화이트티와 릴리 200mL F1
82298096,팸퍼스 베이비드라이 4단계 이노머스 박스 1/150
80743647,다우니 섬유유연제 항균파워 4LX4 코스트코
82251850,페이셜 트리트먼트 젠틀 클렌징 크림 2.5g(비매품)
82231453,오랄비 후레쉬클린 5입(롯데마트)
82106225,위스퍼 그린 세이프티존 날개대형 34P
82110328,팬틴바운시볼륨컨디850ML
81315128,피카소 타월
82194879,팬틴 집중손상케어 2550팩_new
82188319,맨 모이스처라이징 클렌져 120g
80868091,오랄비 깊은세정 초미세모 크로스액션 6입
82183122,다우니 퍼플 2LT 화이트티와 릴리 향_Oct’12
82010713,팬틴 1350팩-바운시볼륨
82308811,다우니 퍼퓸 골드 샤인 1.05LX3
82073195,파워 싸인즈 트리트먼트 파운데이션 OB-2
82418217,AS 프로텍티브 PF 엘 B03 테스터
82184990,질레트 센서엑셀 면도날 10입
80832699,다우니 세제 실내건조 3Lx4 J2
82061704,코스코후레쉬라이너트윈팩
80733472,다우니 생화향기 컬렉션 스프링 가든 러브200mlX24
82166598,헤드앤숄더 샴푸550 민감한 두피 케어
82318030,질레트 스킨텍 매뉴얼 1up + 3ct 팩
82206497,오랄-비 펄사 35모 2입(롯데마트)
80742195,다우니 삶음파워 플러스 4L
82152395,페이셜 트리트먼트 UV 프로텍션 30G
82253654,페브리즈 아로마쥬얼 에메랄드브리즈향 용기형 370ML X 6_Tesco
82280221,다우니 퍼퓸 핫핑크 블룸 1L
82232772,오랄-비 크로스액션 40모 3입(롯데마트)
82422280,안나수이 립 글로스 R 352 -테스터
82071122,에스케이투 디링클 액티브 3Gx10P 샘플
81286026,WC 110만원 package
82225264,컬러 클리어 뷰티 파우더 파데 105
82208202,페브리즈 부착형 화장실용 스타터킷 (깨끗한 오렌지향)
82172407,퓨전 하이드라젤 퓨어 앤 센서티브
82200264,질레트 포오미 멘솔 175G
80720697,팬틴 프로-브이 데일리 모이스처 케어 샴푸 1200ml
80729901,페브리즈 섬유탈취제 허브향370ml (Elixir)
82123506,위스퍼 소프트클린 테스코팩 36P*2번들
82331013,질레트 스킨텍 매뉴얼 면도날 10입 팩 (COUPANG)
82325103,다우니 초고농축 핑크 베리베리와 바닐라크림향 1.05LX3
82205607,퓨전 프로글라이드 매뉴얼 실버터치
80730679,"브라운 시리즈 8,9용 세척&충전 스테이션"
81164382,KP 10/88 엔
84849345,질레트 포오미 라임 175G
82070088,위스퍼소프트클린그린중형40개입번들팩
82328030,ND21 앤디워홀 공병 (레드)
82138690,다우니 블루 리필 700ML 튤립과 달콤한 라일락 향
82176227,에스케이- 투 컬러 클리어 뷰티 모이스처 립스틱 -121
82114043,위스퍼 컬러드 코어 ML 4P (판매용)
82271440,질레트 포오미 멘솔 175G
82134863,팬틴 컨디15GX480프리즈디펜스JP 96*70
82117548,팬틴밀키모이스춰샴푸550ML
82330893,페브리즈 에어 상쾌하늘2+정원2 쿠팡
81072457,SP 1.6 1000 센스티브 샴푸 -NEW-
82320361,다우니 프리미엄 액체형 세제 실내건조 3L 온라인
82322322,오랄-비 크로스액션 항균 6입 (쿠팡)
82300884,페브리즈 섬유탈취제 내추리스 민트 앤 주니퍼베리 향 대용량리필 640ml
82199520,GEM 액티브핏 4단계 플러스 1X140 이커머스 WE
82216747,스템파워 아이 크림 15g
82326747,페브리즈 항균플러스 깨끗한 향 360MLX3
84987433,타이드 위드 다우니
82207569,듀라셀 디럭스 알카 AA 12팩
82150779,헤드앤숄더 007 1500팩- 딥클린
82247367,페이셜 트리트먼트 클리어로션160ml
80250505,프로글라이드 실버터치 매뉴얼 면도기 1up (플렉스볼)
82287211,허벌에센스 노리쉬 패션 플라워 & 라이스 밀크 샴푸
82011569,VS HSPR 300ML 1SX12 SH
82044379,프링글스피자맛스몰50G
82221242,듀라셀 디럭스 알카라인 AAA 4팩_Tesco
82249268,페브리즈 차량용 2ML (라벤더의 포근함)
82305460,팸퍼스 크루저 6단계 박스 1/72_S7
82256210,프로글라이드 ST M1up+4ct+Gel 추석 기프트팩(롯데)
82061744,위스퍼그린3날개중형18P
82111593,팬틴 실키 스무드 케어 샴푸 850ML
82059849,크레스트스핀브러쉬키즈돌고래
82157937,오랄-비 펄사 35모
82306637,오랄비 L자형 치간 칫솔 18개입
82331390,다우니 프리미엄 액체형 세제 살균 파워 1.4L
82057596,큐티드림골드소형68*4
82223735,다우니 클래식 1+1 번들팩
82307877,다우니 핑크 1.6Lx2+200mlx4 이마트 창립 팩
80715991,(FWIP) 557.1 프로글라이드 파워 4ct 
82093106,WB 퍼펙트케어 수퍼 리퀴드 헤어 150ml DA
82289562,팸퍼스 베이비드라이3단계 이노머스 박스1/168
82333920,페브리즈 섬유탈취제 포맨 쿨아쿠아 향 360ml 3입
82164256,팬틴 극손상케어 샴푸 500
81141783,디앤지 01 LE BATELEUR EDT 100 T
82042465,비달사순린스스트레이트400ML1*12
82229231,트리트먼트 어드밴스드 프로텍트 루스파우더UV
82259089,다우니 퍼플 700ml 화이트티와 릴리 향(롯데)
82066338,위스퍼그린날개중형40개입
82135585,질레트 센서 엑셀 면도기 2UP
82259424,엘엑스피 얼티미트 퍼펙팅 세럼 10ml (비매품)
82142728,위스퍼 소프트라이트 2 일반형 32개입
82154632,퓨전 파워 8입날
82422279,안나수이 립 글로스 R 351 -테스터
82019038,SK2 FT피니싱파우더01
82319720,다우니 스프링 가든 러브 1L+1.6L 팩 (Emart)
82280409,다우니 퍼퓸 쥬얼 루비 피오니 480g
81214035,프레쉬 컬러 체리레드 45
80831280,다우니 핑크 목련과 베리 1.6LX6 P2
82321349,팸퍼스 에어차차21 샘플팩 4단계8X30
82131559,팬틴 풀앤씨크 컨디셔너 240
82278038,애트모스피어 유브이 크림30g
82305726,오랄-비 왁스 치실 50M
82255909,싸인즈퍼펙트 래디언스 파우더파데440
82138202,싸인즈 너리싱 크림 2.5g 샘플
82225155,로케트 알카 AAA 2개입 스몰카드
82413642,안나수이 포비든 어페어 오 드 뚜왈렛  75ML
82171196,페브리즈 차량용 섬유 탈취 200ml (무향)
82178712,크로스액션 프로 엑스퍼트 젠틀케어 35모 매우 부드러운 모 3입 (이마트
82045338,SK2 WHT SPOTS이레이즈SK1
82265133,위스퍼 코스모 울트라 날개 대형 6개입
82098473,헤드앤숄더프레쉬레몬샴푸850ML-COSTCO
82145104,페브리즈 비치형 스타터킷 (바람속의꽃향기) STK
82151659,듀라셀 디럭스 알카 AA 10개입
82286327,다우니 퍼플 2L+700MLX2 화이트티와 릴리 향 (롯데마트)
82298082,팸퍼스 베이비드라이 2단계 점보 팩 34P*4
82291080,페브리즈 차량용 다우니향2mlx3 이마트 창립팩
82236085,질레트 퓨전 매뉴얼 면도날 16입
81130400,SB 45ML 마이크로웹 파이버
83901781,브라운 바디 트리머 교체용 헤드 XT20
80734707,오랄비 키즈 전동칫솔 스파이더맨 D103K
82245133,팸퍼스 액티브핏(크루저) 5단계 1박스 (136매)
82298173,팸퍼스 스와들러센서티브 1단계 1박스 1X84
82324815,페브리즈 섬유탈취제 허브향370ml (ecom)
80715208,다우니 프리미엄 액체형 세제 살균 파워 1.9L (Goldie)
80794212,질레트 프쉴 칠 면도날 4입
82148162,싸인즈 퍼펙트 래디언스 PWD FND 330
82101808,위스퍼 DBD 트윈윙 번들팩 72P
80868091,오랄비 깊은세정 초미세모 크로스액션 6입
82143396,LXP 얼티미트 리바이벌 크림 2.5G 샘플
81408302,시크릿 인센티브 포스터
81192127,바이오터치 10ml 칼라프로텍션 샷
82051263,팬틴모이스쳐케어샴푸550*9
82131336,JFM'10 페브리즈 (370+320X2) 팩 상쾌한향
82120819,위스퍼 세이프티존 ML 100P_이마트
82067956,헤드앤숄더945팩맨솔
82232581,오랄비 검프로텍터 4입
82157979,오랄-비 크로스액션 프로엑스퍼트 항균모 35S 3+1
81271064,WC 150ml 브릴리언스 트리트먼트
82192973,다우니 퍼퓸 핑크 1.8L 이노센스 향
82182556,오랄비 마이크로씬 클린 5입 (Lotte)
82040881,큐티골드중형72S*4
82229348,스템파워 리치크림 2g 샘플 (비매품)
82165444,프링글스 비비큐 110G X 12
82185831,P&G 팬틴 선물세트 T1호
83025032,프링글스양파맛190G 1*14
80698188,다우니 엑스퍼트 실내건조 톰포드 (그린) 1.6LX6
82095365,헤드앤숄더 실키모이스춰 샴푸 40ML
80830228,페브리즈 에어 린넨 스카이 4개입 CC
82228026,오랄-비 스테이지스 3단계 행사팩
82237064,아티산 브러쉬 파운데이션 (유브이/라이트) 105
82144923,에이지 리바이탈라이즈 로션 5g
82278052,질레트 블루3 심플 120입 믹스드케이스
82134318,ROCHAS 리미티드 에디션 골드 컴팩트
82137963,화이트 래디언스 프로텍티브 크림 (SPF20 PA++)
82412575,AS 화이트닝 밀크
84957542,프링글스오리지날195G
82300761,다우니 퍼퓸 블랙 미스티크 1L+1L (Poly)
80774959,다우니 세제 퍼플 1.4LX6 BD
82267767,다우니 퍼플 1.6LX2 화이트티와 릴리 향
82201123,퓨전 매뉴얼 면도날 4입
80726642,다우니 프리미엄 액체형 세제 실내건조2LX2 (av)
82313767,팬틴 데일리 모이스처 리뉴얼 컨디셔너 1200ml
82158913,위스퍼 슈퍼롱 오버나이트 20개입
80779915,다우니 코튼 퓨어 러브 1LX12 M1
82146574,팬틴 150ML 트리플 집중 영양팩_IR
82306666,페브리즈 370ml+320ml 팩 상쾌한향
82112855,위스퍼 여름 할인 울날대 34P
82101858,헤드앤숄더570린스 -센서티브알로에쉬링크
82300112,페이셜 트리트먼트 클리어 로션 30ml(비매품)
82258055,헤드앤숄더 발리 샴푸 550 가려운 두피케어
82083176,팬틴 1100팩-바운시 볼륨
82328155,페브리즈 섬유탈취제 은은한향 보충용 320ml (Cass)
82171708,팬틴 집중 수분 컨디셔닝 린스 850ML
82052103,팬틴시스템팩1125볼륨
82192615,위스퍼 보송보송케어 74개입
80708352,다우니 프리미엄 액체형 세제 실내건조 1.4LX2 팩
82405377,AS 헤어 브러쉬 테스터
82290917,헤드앤숄더 슈프림 모이스쳐 샴푸 750MLX2 팩
80234922,트라이존 칫솔모 4개입
82140129,페이셜 트리트먼트 리페어 C 2ML 샘플
82146537,프링글스 150g 6팩 (Jan.'11)
82416755,립 루즈 G 601
82140119,페이셜 클리어 솔루션 100ml
82416894,돌체앤가바나 더 원 젠틀맨 오 드 뚜왈렛 100ml
82024782,큐티수퍼프리미엄신생아36*8
82084438,오리지날 싸커 프로모션팩
82272156,페브리즈 비치형 리필 (다우니향) (Kreach2)
82298677,페브리즈 차량용 (맑은하늘바람)_PX
80840591,(557.1 ) 질레트 프로글라이드 울트라 면도기 (기1+날2)
82201519,팸퍼스 BB 베이비드라이 4단계 이코노미 박스1/180
82252512,아티산 화이트케이스 & 브러쉬 세트
81153839,SP 200ml 컬러세이브 컨디셔너
82313735,팬틴 프로브이 미셀라 퓨어 & 클렌즈 트리트먼트
82120350,AMJ'09 페브리즈 370ML+210ML 팩 상쾌한향
82040698,SK2포밍마시지클로스레귤러
82189582,듀라셀 알카 C 2개입
82333014,페브리즈 내추리스 로즈 360ml X 3
80257713,팸퍼스 크루저 3단계 1/174
82294126,오랄비 고탄력 초극세모 블랙티 6입 팩
80763688,헤숄 샴푸 애플 프레쉬 850ml
82268161,페브리즈 섬유탈취제  이마트팩 은은 370mlX2 + 다우니 210ml(
82287120,질레트 마하3 클래식 4 입 날 (LT)
82275691,LXP얼티미트 퍼펙팅 에센스150ml
80757667,페브리즈 섬유탈취제 다우니 향 370ml 3입
80795862,질레트 프쉴 옐로우 기1+날12 CP
80746674,페브리즈 화장실용 6.3ml 비누향
82321919,질레트 프로글라이드 파워 면도날 8입 (557)
82264166,퓨전 파워 면도기 TMR 1X6X6
82078019,클린라이너 무향 36*2
82095880,팬틴 바운시볼륨 샴푸 400ML
82416830,안나수이 립 루즈 G 600 T
82205650,듀라셀 리튬 2025 2X6X12
82210034,팬틴 모발강화케어 트리트먼트 200ml
82057585,VS COND 10MLX576 STRT SP VIVID
82290717,다우니 퍼플 1.6Lx2+700ML 이마트 창립 팩
82160068,프링글스 치즈 110GX12
80222226,팸퍼스 이지업 팬티형 여아 5단계 수퍼 1/72
82182100,싸인즈 너리싱 크림 50g
82172404,스템파워 리치 크림 50g
82290454,다우니 디올 벚꽃 데이트 200ML
82164289,스팟 화이트닝 위드 피테라 트라이얼세트
82267085,다우니 아로마 쥬얼 퍼플 바닐라자수정 375G (ST)
82176836,퓨전 하이드라젤 울트라 프로텍션 200ML
82087710,어드밴스드 아이 트리트먼트 필름
82319130,페브리즈 차량용 맑은 하늘바람 2개입+다우니2개입_쿠팡
82309742,헤드앤숄더 2550팩- 쿨 멘솔(Bali)
80853920,페브리즈 화장실용 라벤더 부케 6.3ml
82147788,클리니케어 풀앤씨크 1100ML 팩
82321160,오랄-비 전동칫솔모 EB20-4 + EB20-2 (Sticker)
80812118,제놉틱스 에어리 UV 크림 30g
82292814,다우니 오션코랄 퓨어러브 향 1L
82402906,AS 헤어 컨디셔너
81694790,브라운 시리즈 5 면도기 50-M1000s MINT
82204594,팬틴 모발강화케어 트리트먼트 200ml
82231901,위스퍼 리프레쉬클린케어 울트라 날개 대형 16P
82118363,비달사순 스트레이트 스타일링 워터
82215692,페브리즈 370ml+370ml 팩 상쾌한향  AMJ'14 Uniform
82041322,큐티SP L3*45
84902683,프링글스펑키소이스몰50G*12
82046121,SGNS퍼펙트래디앙스 PWDFND440
82334091,질레트 BBGR 프로글라이드 파워 1UP+4CT
80743436,브라운 시리즈 7 면도기 72-N7200cc BLACK
82047150,팬틴샴푸모이스춰100ML*6
80690906,다우니 생화향기 컬렉션 클린 솝 200mlx24
82015446,페브리즈 에어 비치형 리프레쉬 그린 130G
82163709,헤드앤숄더 애플프레쉬 컨디셔너 414ml
82212342,다우니 블루 1.8L 레몬그라스와 달콤한 라일락 향
82039529,팬틴린스정상500ML
82201660,위스퍼 보송보송케어 울날오 14p
82041150,페브리즈에어비치형리필팩(그린+무향)
82135016,페이셜 트리트먼트 에센스 150ml
82016029,위스퍼 클레오 2P 샘플_CONTAINER
82308281,PGP 페브리즈 비치형 스타터킷 맑은하늘바람 특판용 6개입
82270106,위스퍼 코스모 울트라 날개 중형18입+대형16입(Coupang)
80778457,다우니 세제 추가헹굼제로 2.9Lx4 BD
82331017,질레트 프로쉴드 칠 면도날 10입 팩 (COUPANG)
82196073,에스케이투 스템파워 에센스 30ml
80817327,다우니 실내건조 플러스 (그린) 1LX12 v2
82283006,퓨전 하이드라젤 센서티브스킨 3입
82309342,오랄-비 크로스액션 젠틀케어 35모 싱글
82102356,팬틴 데이타임 리페어 에센스
82277764,헤드앤숄더 발리 샴푸 850 딥클린 (STK)
82179341,팬틴 바운시볼륨케어 1900팩
82318718,페브리즈 차량용 3개입(2.2mlX3)
82327420,다우니 프리미엄 액체형 세제 실내건조 2.7L
82106632,팬틴 1900팩-실키스무드
80743442,브라운 시리즈 7 면도기 72-C1200s GOLD
82228024,오랄-비 스테이지스 2단계 행사팩
80831277,다우니 핑크 목련과 베리 2LX4 P2
82331025,질레트 프로쉴드 옐로우 면도날 10입 (ECOM)
82312686,질레트 마하3 매뉴얼 믹스드케이스
82316173,다우니 퍼플 2L 화이트티와 릴리 향
82079627,팬틴 1500팩-집중손상
82233075,DNA D20 1+1 AMJ'15 코스트코팩
82190539,에스케이-투 브라이트닝 루센트 베이스
80796479,질레트 프쉴 파워 기1+날7
81315130,SP 피카소 노즐
82084916,싸인즈 너리싱 크림 PG샘플
82163817,위스퍼 보송보송케어 울트라 날개 중형36
82260532,위스퍼 피부애 울날대 60P (롯데마트)
82271656,다우니 퍼퓸 샤인 2L+700ml (Poly)
82296990,페브리즈 에어 봄의소생 275G
82126472,웰라 트리트먼트 칼라 내추럴 7N_스티커
80832705,다우니 세탁세제 퍼펙트클린 3.2Lx4 J2
82420614,AS 아이 칼라 (팬 필드 테스터) 801
81223295,SP 1L 샤인 디파인 샴푸
82324012,다우니 섬유유연제 퍼플2L+세제 핑크2.7L 팩 (LT)
82078337,프링글스유럽피안 MIXED CASE
82068775,프링글스바캉스팩양파
82334092,질레트 마하5 스포츠 2UP+4CT 트라이얼 키트
82038953,WHISPER SAPD RLN 20SX24 BLT CDU TUBE(HK)
82024770,큐티프리미엄중형64*4
82244731,오랄비 고탄력 초미세모 틈새 케어 4입 National
82273731,컬러클리어 뷰티에나멜 크림컴팩트420
82280236,다우니 스포츠 2L 액티브 시트러스향
82140833,팬틴 집중손상케어 1000팩
82039143,SK2 ADV WHITENING PAN-CAKE 21
82215142,스킨 시그니처 크림인 파운데이션 440
82195827,브라운 면도기 790cc 프로모션 (CCR2+70s)
80809376,브라운 시리즈 9 면도기 9615s GRAPHITE
82223036,팬틴 실키스무드케어 샴푸 500X9_LT
82313376,오랄비 어린이칫솔 스테이지스 배터리 프로즌
82228196,다우니 에이프릴 프레쉬향 3.06L
82085466,싸인즈트랜스폼 FND 미니 420 클리어베이지
82123401,2010 설 이마트2호
80294499,크로스액션 파워 화이트닝 항균 전동칫솔
80706970,질레트 프로쉴드 옐로우 면도날 16입+질레트 시리즈젤+질레트 하이드라젤
82155855,퓨전 하이드라젤 센서티브 스킨200ML
82219880,위스퍼 피부애 슈퍼롱오버나이트 20개입 (RRP)
82234232,다우니 섬유 데오도라이저 프레시 그린 375G + 375G
82204464,퓨전 매뉴얼 BBGR 믹스드케이스(온라인용)
82274242,퓨전 믹스드 케이스
80843152,브라운 시리즈8 날과망 83M (신규)
82166600,헤드앤숄더 샴푸550 헤어폴클리닉
82227108,다우니 블루 2L 레몬그라스와 달콤한 라일락 향
82063326,어드밴스드 싸인즈 트리트먼트 15G
80245906,팸퍼스 BB 스와들러 0단계 수퍼 1/80
82070935,페브리즈실속형카사이즈프로모션팩플러스
82309626,팸퍼스 베이비드라이 5단계 이노머스 박스 1/132
82318543,오랄-비 프로엑스퍼트 아이언맨 2입(홈플러스RRP) (Carbonite)
82077418,팬틴 집중손상케어 컨디 750ML
82159526,다우니 샤쉐 런치 샘플 킷 30ML*3
80725042,팬틴 콜라겐미라클 트리트먼트 220ml x3 + 샴푸 90ml 세트
82066447,위스퍼소프트라이트 프로모션팩
82233312,프로글라이드 매뉴얼 면도날 8입 (플렉스볼)
80707367,질레트 스킨텍 파워 면도날 8입 (557) (CP STK)
82042732,SK2리페어C PWD미니어쳐샘플
80793510,팬틴 트리트먼트 극손상 220mlx3+샴푸 90ml
82133993,헤드앤숄더 샴푸850 가려운 두피 케어
80767267,SK-II FY2324 피테라 익스클루시브 기프트
82274621,다우니블루1.6LX2+(700ml)레몬그라스와달콤한라일락향 (이마트)
82155333,팬틴 내추럴 케어 1000팩
82166376,팬틴 클리니케어 HTR 트라이얼팩
82209952,로케트 망간 D 2개입
82282703,퓨전 프로글라이드 매뉴얼 4입날 쉐이브클럽 팩 (프리미엄)
80794298,질레트 프쉴 옐로우 면도날 10입
82256084,376 프로글라이드 매뉴얼 13+1 (롯데빅)
82085319,위스퍼 롯데마트 알뜰기획팩
82286738,퓨전 프로글라이드 매뉴얼 면도날 16입 (ECOM)
82133638,크로스액션 탁월한 세정력 35S 3+1 (HYPER)
82277137,비너스 스월 면도기 2UP
82249046,팬틴 퀀텀 트리트먼트 150x6 딥리페어 헤어 마스크팩_T
82309843,오랄-비 스테이지스 3단계 - 카즈
81153849,SP 125ml 컬러피니쉬 에센스
81766141,브라운 시리즈 X 날과망 20MB
82096975,에어터치 FND OP-1(트라이얼)
80239067,바운티 듀라타월 화이트 2롤
82125737,팬틴컨디500집중손상IR
82063338,비달사순 컬러케어 트리트먼트 100G *48
82035114,팬틴 1500선물세트 3호
82078767,비달사순 펄젤리 왁스 60G
82210062,어드밴티지 4in1 구취케어 4입
82327963,팸퍼스 에어차차21 샘플팩 5단계8X30
82257484,페브리즈(MO) 320ML 리필형 은은한 향
81164378,KP 6/5 엔
82194588,팬틴 내츄럴케어 1000팩_new
82043879,팬틴샴푸손상모발1000ML
82416825,안나수이 립 루즈 G 304 T
80883978,다우니 미스티크 2.6Lx6 D2
82060279,팬틴8월1600팩-볼륨
82322841,질레트 프로글라이드 매뉴얼 1up+5ct 팩 (플렉스볼)
82334018,다우니 베이스 블루 맥퀸 레몬그라스와 라일락 1.6L (PX)
82321346,팸퍼스2021에어차차 팬티형 4단계 (60 X 3)
82251129,셀루미네이션 리퀴드 파운데이션420
82044774,SK-II FACE CRM SIGNS TRMT ESS RFL E-33
82204820,페브리즈 순 향료무첨가 보충형 320MLX6
82251121,페이셜 트리트먼트 마스크 1p(비매품)
82058734,WHISPER REG 13SX24 NEO SLIM S01 AWCG SQ
81127300,SB 400ML 셰이퍼 지로 그래
82250226,퓨전 파워 면도기 TMR 1X6X6
82309494,팸퍼스 스와들러 4단계 22X4
80872041,다우니 퍼퓸 쥬얼 루비 피오니 480g P2
82117636,헤드&숄더 두피마사지 크림
82124273,ADV 아이 트리트먼트 필름 15g 정품 샘플
82144861,셀루미네이션 딥서지 EX 15G
81164305,소프트터치8/34엔
82172471,위스퍼 리프레쉬클린 슈퍼롱오버나이트10p
82194664,헤드앤숄더 2800팩- 애플 프레쉬_new
82160047,페브리즈 비치형 스타터킷+리필 팩 바닐라라벤더의포근함
82223384,마하3 터보 13+1팩 (코스트코)
81271088,WC 200ml브릴리언스 컨디셔너
82243429,퓨전 파워 면도기 TMR 1CSX36IT*1X6X6
80726638,다우니 프리미엄 액체형 세제 냄새딥클린 블루 3L Lotsell (av)
82080457,SK-II FT 어드밴스 프로텍트 루스파우더UV
82300907,페브리즈 섬유탈취제 은은한 향 900ml (PGP)
82096980,에어터치 FND OB-2(트라이얼)
81019254,AS 아이 칼라 액센트 302 테스터
80751083,브라운 시리즈 9 면도기 9579cc GOLD
82088819,어드밴스드 화이트닝 소스 리퀴드 FND 105
82315366,오랄비 전동칫솔 D12.513 프로즌 (트레이더스)
82291730,질레트 퓨전 프로쉴드 옐로우 면도날 10입팩
80749884,공병 페이셜 트리트먼트 에센스 JF'24 메종키츠네(핑크)
82265247,페브리즈 차량용 2ML (다우니향기)(LEGO)
80372557,오랄-비 전동칫솔 iO9 아쿠아 마린
82291362,다우니 퍼플 4LX4 화이트티와 릴리 향_PGP (EXP)
80838290,에스케이-투 스킨파워 리-뉴 에센스 30ml
82317349,오랄-비 스테이지스 3단계 아이언맨 2입(National)
82147865,듀라셀 알카 D 6개입 코스트코
80715989,(FWIP) 557.1 프로글라이드 파워 2ct 
82305375,질레트 벌크 퓨전 프로글라이드 파워 4입
82156086,셀루미네이션 에센스 EX 75ML
82410133,AS 네일 칼라 N 305 - 테스터
82420291, AS 글리터링 아이 칼라 800
82067686,팬틴볼륨케어트리트먼트200
81232352,SP 40ml 엑스퀴지트 글로스
82244056,페이셜 트리트먼트 오일 에센스 케어키트
82288910,다우니 퍼플 1L+1L 팩 화이트티와 릴리 향
82219737,퓨전 하이드라젤 센서티브 스킨 70g
82001000,위스퍼 센서티브 울트라 날개 중형 18개입
82035058,팬틴엑스트라데미지트리트먼트100G
80374221,오랄-비 전동칫솔 iO3 콰이어트 화이트
82191204,헤드앤숄더 Bahamas 컨디셔너 550 헤어폴 클리닉
80264349,팸퍼스 크루저 4단계 1/152
82157386,셀루미네이션 팬케익 440
80791889,오랄비 키즈 D103K+EB10s-2 스파이더맨
82201513,팸퍼스 BB 베이비드라이 2단계 이코노미 박스1/222
82184637,헤드앤숄더 건조한 두피케어 샴푸 550ml
82155350,스킨시그니처 크림 인 FND 440
82042997,롱래스팅 스프레이1*12
82118365,비달사순솔리드스타일 왁스 60G
82309178,질레트 퓨전 프로쉴드 옐로우 면도날 10입 팩 (COUPANG)
82089558,팬틴집중손상케어샴푸850ML
82410232,AS 네일 아트 칼라 N 080 - 테스터
82334077,질레트 프로글라이드 매뉴얼 면도날 4입 (PX)
82229249,스킨 시그니처 3D 리디파이닝 마스크 6p
82127367,팬틴클리니케어컨디240헤어타임리뉴얼CA
82265250,페브리즈 차량용 2ML (맑은하늘바람)(LEGO)
82116753,2009설 팬틴 선물세트 4호
82219741,시리즈젤 센서티브 스킨 200ML
82231122,비너스 임브레이스 10+1 (면도기 2up+ 면도날 8입)
82249517,페브리즈 에어 맑은하늘바람 4개입 코스트코팩
82202091,위스퍼 보송보송케어 울트라 날개 소형18>
82065686,코코 아기매트 SZ
82292421,퓨전 프로쉴드 칠 8+1 BBGR팩
82056443,비달560+500 STRT PACK
82294876,오랄-비 프로헬스 3D화이트 3+1입 (롯데마트)
82127536,헤드앤숄더 헤어 폴 클리닉 스페셜 1700 팩
82067964,팬틴1250팩볼륨
82201749,트라이존 500
82054693,VS SH+CN 1000(+400)MLX6 CRL SYSPK DEC
81154453,디앤지 1 르 바틀뤄 오 드 뚜왈렛 1.5ml 럭스 소필룩스
82186672,위스퍼 리프레쉬클린 케어 시스템 74개입
82202114,위스퍼 리프레쉬클린케어 울날대 30>
82201432,에스케이-투 파워 스팟 화이트닝 키트
82149535,헤드앤숄더 샴푸 1200 코스트코 아이스 프레쉬
82174805,오랄비 인디케이터 항균 4입 + 크로스액션 항균모 2입
82254502,오랄-비 D12 카즈 행사팩
82251194,오랄비 프로-엑스퍼트 클리니컬 프로-플렉스 3+1입(이마트)
82101660,위스퍼 센서티브 테스코전용 90P
82208383,페이셜 트리트먼트 마스크 6P
82170836,위스퍼 보송보송케어 울트라 날개형 대형10개입 X 24
82138744,헤드앤숄더 로터스 2250팩- 건조한 두피
82316103,다우니 베이스 핑크 200ml (Calvin)
82133104,오랄비충전식전동칫솔 D27.526 (치과전용)
82217527,위스퍼 피부애 울트라 프로모션팩 58P( 이마트)
80714617,팸퍼스 베이비드라이+통잠3.0 샘플팩 6단계 8X30
80724040,오랄비 프로엑스퍼트 주니어 아이언맨 2입
82310597,다우니 엑스퍼트 센서티브 1LX12
82118364,비달사순 컬 스타일링 워터
82228950,퓨전 프로쉴드 옐로우 면도기 2up
82210695,다우니 김치 퍼플 1L+1L 팩 화이트티와 릴리 향
82046933,비달울트라케어575ML1*6
82207333,마하3 터보 13+1팩 (코스트코)
82147229,토탈이펙트 클렌징 클로스
82293883,퓨전 프로쉴드 옐로우 2019 새해 기프트팩 (코스트코)
82219885,Tesco 다우니 퍼플 1LT 화이트티와 릴리 향
82297043,브라운 시리즈7 7865CC+CCR+70S 코스트코 팩
82144713,에이지 리바이탈라이즈 로션 20g
82119603,스킨 시그니처 3D 마스크 6P
82276247,알엔에이 에어리 크림 뷰티 세트
82000357,헤드앤숄더 릴랙스티트리 샴푸 400ML
82135929,듀라셀 디럭스 AA 40입_코스트코
80338242,495 프로쉴드 옐로우 3ct FWIP
82310189,다우니 퍼퓸 블랙 미스티크 향 1LX12 DBD
82087184,헤드앤숄더컨디 멘솔 375ML
82144772,스킨 시그니처 15g 트라이얼 샘플
82205776,싸인즈 퍼펙트 래디앙스 파우더 파데 440
82099960,팬틴집중손상케어컨디200ML
82272564,질레트 마하3 터보 면도날4입
82151438,헤드앤숄더 가려운 두피 컨디셔너 850 슬리브
81286021,SP 오프닝 420 패키지 판촉물
82096489,헤드앤숄더 2550팩- 프레쉬 레몬그라스
81153656,SP 400ml 스무든 마스크
82096418,팬틴 950팩-밀키 모이스춰
82286720,페브리즈 900ml+900ml 팩 다우니향 (KREACH)
82220197,SK-II 마그네틱 아이케어 키트
82311521,페브리즈 포맨 시원한 멘솔향 용기형  370ml
82147063,토탈이펙트 7 인 1 안티에이징 스트레치 마스크
80746822,FAB 퓨어 스킨 페이스 클렌저 142g(5OZ)
82280227,다우니 퍼퓸 블랙 미스티크 향 2L (Chanel)
82042488,팬틴바겐세일팩손상모발케어1*6
81765548,브라운 IPL PL5054
82302090,팸퍼스 크루저 4단계 박스 1/104_S7
81770212,브라운 시리즈 5 면도기 51-B1200s BLUE
82157066,브라운 550CC-4 CCR2 프로모션
82150859,듀라셀 알카 9V 1개입
82064028,팬틴10월2414팩모이스춰
82211045,오랄-비 스테이지스 2단계 2입(Emart)
82082850,팬틴 1750 샴푸팩-집중손상
82331841,SK-II 피테라 풀라인 세트(스킨파워)
80746627,페브리즈 비치형 6.3mlX3 라일락쿠팡
82053395,SK-II FACE GEL 30ML WHT SRC W-UNT CRT SP
82084593,큐티 편안한 아기 대형 88 이마트
82217391,팬틴 트리트먼트 100ml 딥 리페어 크림_롯데마트
80868090,오랄비 깊은세정 하이로우 3입
82192011,팸퍼스 이지업 팬티형 남아 5단계 빅 1/54
82077147,위스퍼 해피 시스템팩 - L
82296286,클래식 허벌 에센스 리플레니싱 컨디셔너 컬러/펌/드라이/손상모
82328031,ND21 앤디워홀 공병 (옐로우)
80888006,팬틴 실키 스무드 샴푸 450ml 2입 올리브영팩
82054687,팬틴모이NDJ시스템(1250ML)
80763669,헤숄 샴푸 딥 클린 1200ml
82231943,알.엔.에이 파워 래디컬 뉴 에이지 에센스 75ml
82311526,페브리즈 섬유탈취제 허브 향 320ml
81216493,염색타월
82045390,SK-II OTHER COMPACT ESS W UN CRTN SP
82097352,컬 리바이탈라이징 트리트먼트 왁스
81019196,AS 아이 칼라 액센트 201
82306856,컬러 클리어 뷰티 에나멜 크림 컴팩트320
82332177,팸퍼스 아르모니 밴드형 1단계 4X35
82227676,페브리즈 (900+320) 팩 은은한향 OND'14 poly bagJAS
82268934,페브리즈 섬유탈취제 은은한 향 900ml (Harmony)
81576250,브라운 Waterflex2_Black(LSD)
82285096,다우니 블랙 4LX4 미스티크 향 리넨케어_PGP (Kreach2)
82111487,위스퍼 팬티라이너 클린라이너 향취 36P
82300029,헤드앤숄더 발리 샴푸 550 가려운 두피케어
82110059,페브리즈 비치형팩 핑크
82204870,페브리즈 차량용 2MLX6 (바닐라의 달콤함)_TESCO
82196056,오랄비 트라이존 3000
82255585,페브리즈 차량용 프리미엄 시트러스 심포니 리필 7ml (LEGO)
82082218,큐티 3종 증정품
82247328,맨 페이셜 트리트먼트 에센스 160ML
82281452,허벌 에센스 클래식 핑크 로즈 컬렉션 트라이얼 980팩
82323717,시리즈젤 센서티브 스킨 200ML
82281913,다우니 퍼플 1L+1L 팩 화이트티와 릴리 향
82093093,웰라칼라엑스트라케어 3/0 (DA)
82215001,위스퍼 슈퍼롱 오버나이트 20개입 (RRP)
82224675,GEM 액티브핏 6단계 1X64
82093104,웰라칼라엑스트라케어 9/7(10개입)
80701961,팸퍼스 베이비드라이 밴드형 기저귀 3단계 1박스 (168매)
82309736,헤드앤숄더 2550팩- 애플프레쉬(Bali)
84970958,프링글스 매운맛(축구) 170G
82004910,비달샴푸스트레이트400 1X24
82286716,페브리즈 370ml+370ml 팩 다우니향(KREACH)
82333922,페브리즈 포맨 상쾌한허브 향 360ml 3입 쿠팡 팩
80690917,다우니 생화향기 컬렉션 미스티크 리필 2.6Lx4
80794406,페브리즈 섬유탈취제 실내건조 리필 320ml
81687052,브라운 시리즈 9 면도기 9390cc SILVER
82190901,듀라셀 울트라 알카라인 AA 2팩 MARS PI
82058790,SK2 PW싸인트리트파운데이션OP-1
82037865,코디버섯위의곰300매3*8
82313169,다우니 퍼퓸 블랙 미스티크 향 1.6L (PX)
82047276,SK2ADV화이트리퀴드FND33/42SP
82135570,질레트 마하3 면도기 2UP
82330012,페브리즈 섬유탈취제 포맨 시원한 멘솔향 보충용 320ml
83046422,프링글스양파맛스몰50G
82326558,팬틴 컨디셔너200MLX6 데일리 모이스처 리뉴얼
82133362,클리니케어리브온트리트먼트150풀앤씨크CA
82205399,다우니 김치 핑크 2L+700ML팩 베리베리와 바닐라크림 향
82044481,위벌크팬티실키실루엣블랙L
82174751,오랄비 크로스액션 항균 35모 5입
82233043,페브리즈 부착형 화장실용 리필 (깨끗한 오렌지향)
82121942,헤드&숄더 딥클린 컨디셔너 550ml
82238138,페브리즈 차량용 프리미엄 살사 나이트 리필 7ml
82269241,팬틴 퀀텀 샴푸 500mlX3 + 트리트먼트 200ml 팩 CP
84968326,프링글스 오리지날맛 170G
82112958,SK-II페이셜클리어솔루션
82074616,후레쉬라이너 무향 40
81017332,AS 아이브로우 브러쉬 2 테스터
82278200,브라운 시리즈7 7865CC+CCR+70S 코스트코 팩
82150860,듀라셀 울트라 AAA 12개입 파워체크
80784934,질레트 퓨전 파워 면도기 스탠드
82215139,피테라 에센스 기프트 세트
82247175,다우니 퍼퓸 화이트 200ml 클래식 향
82326760,다우니 퍼퓸 골드 샤인 1L+1L (CHP)
82178679,페브리즈(MO) 900ML 대용량 허브 향
82273879,스킨 퍼펙팅 파운데이션105
82065298,프링글스임팩트1오리지날세트
82138680,다우니 퍼플 2L 화이트티와 릴리 향
82221241,듀라셀 디럭스 알카 AAA 10개입 신규
82047459,코디이플러스루럴260 3*8
81192405,피카소 바울
82045766,위스퍼생리대가방
84854961,비너스 올레이 면도기
82102797,화이트 소스 트랜스폼 FND 330
82273825,페브리즈 차량용 2ml (달콤한 과일향) (CT)
82411502,AS 미니 루즈 600 테스터
82260378,다우니 핑크 4LX4 베리베리와 바닐라크림 향_PGP
82264361,다우니 섬유 데오도라이저 쿨 프레시 480g
82317524,오랄-비 후레쉬 클린 40모 6개입
82056943,WHISPER PAD LN 18SX24 GRN WING
82049873,팬틴트라이얼팩볼륨3*6
80693624,제놉틱스 울트라오라 에센스 0.7ml*3
82255906,싸인즈 퍼펙트 래디앙스 파우더 파데330
82314113,팸퍼스 베이비드라이 4단계 이노머스 박스 1/150
82050700,프링글스와일드콘소메50G DBD PRM
82229367,맨 UV 프로텍트 모이스쳐라이저 50g
80888003,팬틴극손상케어트리트먼트220ml2입+극손상케어샴푸90ml증정올리브영팩
82327434,다우니 프리미엄 액체형 세제 블루 1.8L
82155236,프링글스 치즈110GX12
82281991,팸퍼스 M5 베이비드라이 3단계 이코노미 박스1/204
82237535,피테라 에센스 230ML 블루 허밍버드 LTD
82065669,코디증정품(행주)
82241184,질레트 프로글라이드  플렉스볼 8+1 프로모션팩 (매뉴얼)
82328154,페브리즈 섬유탈취제 상쾌한향 보충용 320ml (Cass)
82070547,비달사순모이스춰워터200ml
82157656,스템파워 리치 크림 2.5g
82224375,제놉틱스 오라 에센스 30ml
80690167,브라운 시리즈 6 면도기 60-B1200CC (트레이더스)
82159199,페이셜 트리트먼트 & 셀루미네이션 EX 에센스 세트
82039582,팬틴데일리비듬샴푸프로모션팩575ML
82302031,다우니 퍼퓸컬렉션 스노우 화이트 1LX3+200ML 팩
80784545,LXP 얼티미트 퍼펙팅 크림 2.5g
82026182,페브리즈 보충용 350ML 1*24
82237903,페브리즈 차량용 2ML (담배냄새제거용)
82252110,알.엔.에이 파워 래디컬 뉴 에이지 100G
82101346,팬틴 실키 스무드 케어 샴푸 550ML
82085688,위스퍼 울트라 대형34개입 번들팩
82313476,팸퍼스 베이비드라이 6단계 이노머스 1/112_QR
82014886,헤드앤숄더 센서티브알로에 컨디 850ML
82289121,페브리즈 다우니향 900mlx2 + 투고 85ml_쿠팡
82191370,팸퍼스 크루저 5단계 점보1/140
82255923,오라액티베이터 씨씨 크림 30g
82199517,GEM 액티브핏 5단계 1X102 GB WE
82174756,오랄비 크로스액션 젠틀케어 3입
82188283,에스케이-투 엘엑스피 마사지 플루이드 200g
82046884,팬틴린스일반960ML1*6
82107746,탐팩스 펄 슈퍼 18개입
82268533,블루3 일회용 면도기 1입
82209731,페이셜 트리트먼트 에센스 330ml
80779928,다우니 미스티크 1.05LX3 M1
82190413,퓨전 하이드라젤 센서티브스킨 200ML
82154571,헤드앤숄더 가려운 두피케어 1500ML 팩
82050645,WHISPER PAD REG 32SX24 NEO SLIM S01
82291121,팸퍼스 스와들러 2단계 29X4
82093087,웰라톤트리트먼트칼라내츄럴 8N (DA)
82192489,에스케이- 투 스킨 시그니처 멜팅 리치 크림 50g
82134476,스테이지스치약 위니더푸우(코스트코)
82312699,Street Art 리미티드 피테라 듀오 세트(ND20)
80715984,(FWIP) 557.1 프로쉴드 칠 3ct 
82096395,위스퍼 소프트클린 슬림 날개 대형 18
82420665,AS 아이 칼라 800
82099342,웰라트리트먼트칼라인텐시브5B
82140649,위스퍼 보송보송 꿀잠미인팩
82113664,WSDD UV로션
80781214,팸퍼스 2024 아르모니 터치오브네이처 5단계 40X3
81271041,WC  250ml브릴리언스 샴푸
82124236,위스퍼 그린 울날중 4개입
80784518,LXP 얼티미트 퍼펙팅 에센스 10ml
82264908,오랄-비 크로스액션 컴플리트7 그린티 35모 3입
82260870,다우니 퍼퓸 블랙 2.7L 미스티크 향
81137353,디앤지 18 라 륜 EDT 100ML
82201292,위스퍼 핑크세스 중형 40pX8
82280234,다우니 퍼퓸 블랙 200ml 미스티크 향
82323684,오랄-비 고탄력 초미세모 그린티 6개입 + 왁스치실 1개입
82281936,다우니 핑크 1.6LX2 베리베리와 바닐라크림 향
82164686,팬틴 트리트먼트 30MLX12 나이트 에스테 세럼
80871608,(T) 질레트 프로쉴드 옐로우 면도날 16입 (ECOM)
81282034,브라운 시리즈 1 면도기 130S
81024493,보스 셀렉션 EDT 50ML
82322005,오랄비 왁스 치실 50M 6입 팩
82149226,브라운 믹서 MX2050 코스트코
82267125,질레트 저스티스리그 기획팩
80838174,(557.1 ) 질레트 프로글라이드 매뉴얼 면도날 2입
82243060,다우니 아로마쥬얼 화이트 펄클래식 375g
82308161,다우니 퍼퓸 블랙 미스티크 2LX2 팩 (이트레이더스)
82290716,다우니 블루 1.6Lx2+700ML 이마트 창립 팩
82212349,다우니 핑크 2L 베리베리와 바닐라크림 향
82145542,페이셜 트리트먼트 클리어로션 150ml
81135333,사히라 파워
82010727,위스퍼 센서티브 울날중 2p 에어
81277542,브라운면도기 크루저5 페이스
82305447,팸퍼스 베이비드라이 5단계 이노머스 박스 1/132
82317341,오랄비 스테이지스3 프로즌 6입 쿠팡팩
82200198,헤드앤숄더 BAHAMAS 1950 RRP팩- 쿨멘솔
82138032,로케트 망간 C 2개입 슈링크팩
80853919,페브리즈 화장실용 다우니 클린 코튼 6.3mlX2
82288328,다우니 엑스퍼트 실내 건조 700ml
80337948,오랄-비 D12 바이탈리티 크로스 액션 (May'16)
82304493,팸퍼스 스와들러 4단계 22X4
82071793,위스퍼그린중형40개입번들팩폴리
82268947,페브리즈 섬유탈취제 다우니 향 370ml (Harmony)
82243952,페브리즈 부착형 화장실용 스타터킷 (깨끗한 오렌지향) (K-Reach)
80711442,페브리즈 화장실용3개입(6mlx3) 향긋한 꽃향기
80786390,다우니 시트러스 앤 버베나 1L+2.6L 이마트창립팩 2023
82327419,다우니 프리미엄 액체형 세제 블루 2.8L
81164508,KP 10/7 엔
82309890,팬틴 극손상케어 트리트먼트 쿠팡팩
81031962,보스 셀렉션 EDT 90 T
82085753,헤드앤숄더실키모이컨디375ML
83046407,프링글스매콤한맛미디엄184G
82275958,헤드앤숄더 쿨멘솔 2800팩 RRP(Bali)
81294661,리치 챠트
80335221,오랄비 PRO100 크로스액션 (블랙)
82002441,팬틴 트리플집중 영양팩 185G
82013868,위스퍼NEW 날개대형20*30
82250512,페이셜 트리트먼트 마스크 6p
82310713,다우니 퍼퓸 미스티크 1Lx12
80809036,질레트 랩스 1up + 페이스워시
81730877,브라운 시리즈 9 면도기 9340s NOIR
82231141,위스퍼 피부애 울트라  날개 소형 32P(RRP)
82241839,'프로글라이드 플렉스볼 매뉴얼 믹스드케이스
82217131,페브리즈(MO) 900ML 실속형 상쾌한 향
82110595,헤드앤숄더프레쉬레몬그라스컨디셔너850ML
82144678,소이 블렌드 향초 크랜베리와 서양배 향
81349549,SP 알케미 헤어캡
80808089,인피니트오라 케어 에센셜 컬렉션 세트
82298520,헤드앤숄더 가려운 두피케어 샴푸 1.2L 이트레이더스 팩
82319094,페브리즈 포맨 시원한 멘솔향 360MLX3
82181549,LXP 얼티미트 퍼펙팅 에센스 150ML
82170696,다우니 핑크 1L+700ml 팩 베리베리와 바닐라크림 향
82328532,페브리즈 370ml+320ml 팩 은은한향
82304966,FAB진저&튜머릭 마스크 듀오 세트(GTMask118ml*2/4OZ*2)
82193342,위스퍼 보송보송케어 72개입
82202302,페브리즈 에어 화장실용 (산뜻한 정원향)
82131619,페브리즈 비치형 리필 (비내린초원)   
82093009,WB 논에어졸스프레이 125 (DBD)
82198600,페브리즈 에어 (상큼한라임오렌지) 슬리브 SWEET CITRUS
82070303,헤드앤숄더1530팩맨솔
80343866,오랄비어린이칫솔모 EB10-2 FROZEN
82330441,SK-II 피테라 헤리티지 세트 (RNA)
82247438,맨 아이 리바이탈라이징 트리트먼트 15g
82015155,헤드앤숄더 센서티브알로에 샴푸 40ML
82321819,옐로우 스트리트 아트 페이셜 트리트먼트 에센스230ml(ND20)
82147091,토탈이펙트 7 인 1 안티에이징 크림 노말
82043659,SK2 WHITENING SPOT ERASE SK-1(BC)
82168768,다우니 퍼플 1L+1L 팩 화이트티와 릴리 향
82171795,퓨전 파워 팬텀 면도기 (올림픽)
80867116,에스케이-투 엘엑스피 크림 30g
82041605,위스퍼울트라후레쉬일반소20*24
82164312,토탈이펙트 7 인 1 안티에이징 세럼
82004156,프링글스 크리스마스팩 양파맛
82215066,GEM 액티브핏 4단계 1X168 이커머스 WE
82275906,헤드앤숄더 Bali 컨디셔너 850 쿨멘솔
82287011,페브리즈차량용2ml다우니향2개입+섬유탈취제다우니향210ml(Hybrid)
80210076,프링글스 미니캔 오리지널 40G X 12
82124071,프링글스 오리지날 110G 파이오니어
82178696,페브리즈 대용량 다우니 용기형 900ML
80710709,다우니 세제 블루 1.4L X 6 AV
82096554,위스퍼 소프트클린 커브 대형 10
82087195,비달사순 스트레이트 스타일링 워터 150ML
81192164,BT 6x10 엑스트라인스턴트 리페어 앰플
82031076,에어터치 FND BE-2 유상 A/S
82048875,팬틴일반CN+SH(500*2+575)*6
82314542,오랄비 크로스액션 프로-엑스퍼트 초소형헤드 6개입
82094294,팬틴 2960DM 팩-집중손상
82300156,프로글라이드 센서티브 젤 오션쿨 170g
82137948,로케트 파워 알카 AA 7+7개입
82250048,셀루미네이션 딥서지 EX50g
82046206,비달샴푸웨이브헤어용200ML
80740067,페이셜 트리트먼트 에센스 & 스킨파워 Adv크림 세트
80856639,크리스탈 클리어 마스크 10P 디럭스 세트
81164331,KP 5/00 엔
82253817,블루투 플러스 일회용 5입
82079626,팬틴 1500팩-바운시 볼륨
82420679,AS 미니 루즈 V 03
82139336,오랄-비 후레쉬 클린 40모
82242607,제놉틱스 스팟 에센스 75ML
82316207,다우니 퍼퓸 블랙 200ml 미스티크 향
81464829,GEM 액티브핏 4단계 1X168 이커머스 WE
82209946,다우니아로마쥬얼레드루비플로럴375g+퍼퓸블랙200ml
84836619,페브리즈 에어 (달콤한애플캔디)
82182554,오랄비 스테이지스 어린이치약 카즈/프린세스 75ml*2입 (이마트)
82176230,콤펙트 케이스(레드 원형)
82286981,페브리즈 차량용 맑은 하늘 바람 2개입 + 다우니향 2개입_쿠팡
82276405,싸인즈퍼펙트 래디언스 리퀴드파데320
80337972,오랄비 Pro 500 미세모
82287256,오랄-비 어린이 전동칫솔D12 프로즌 콤보 코스트코 팩(NEW)
82229214,페이셜 트리트먼트 클리어 로션 10ml(비매품)
82309845,오랄비 프로엑스퍼트 주니어 스타워즈 1입
82100158,비달사순 살롱 모이스춰 컨디셔너 850ML
82319609,팸퍼스 베이비드라이 팬티 5단계(특대형) 36X4
82217118,페브리즈 다우니향 370ML 용기형
80703718,다우니 베이스 레몬그라스&라일락  4Lx3 PGP (2022년형)
82048847,큐티드림골드대형샘플2*50
82043228,SK2화이트닝팬케익33
82134516,헤드&숄더 쿨멘솔 컨디셔너 850ML 슬리브
82071785,비달2960팩웨이브
82303657,프로글라이드 센서티브 젤 퓨어스포츠 170g (1X2)X3
82221243,듀라셀 디럭스 알카 AA 2개입_Tesco
82032860,팬틴시스템샴푸일반1000ML 1*6
82404355,AS 럭셔리 페이스 파우더 케이스
82289960,페브리즈 차량용 2개입(2.2mlx2) (라이트 블루향) (Genesis
82138003,썬파워 알카 AAA 2개입 스몰카드
82311446,다우니 퍼퓸 핫핑크 블룸 2.6LX4
82220195,마그네틱 아이스틱
82063955,위스퍼후레쉬라이너향PAD 40X24
82132915,헤드앤숄더 두피마사지크림 코스트코 X3팩
82141150,페브리즈 따뜻한 햇살 보충형 320ML
82316120,다우니 블루 2L 레몬그라스와 달콤한 라일락 향
82133634,DISTRIBUTOR 전용팩 A (PS+GP)
82333331,페브리즈 섬유탈취제 상쾌한향 640ML 2입
82170998,위스퍼 리프레쉬클린케어 울날오14p
82079628,팬틴 1800팩-엑스트라 스트레이트
82199493,허벌 에센스 핑크 로즈 컬렉션 샴푸 490ml
81342267,스캘프 글로리파이어
82140723,팬틴 바운시볼륨케어 1350팩
80818379,제놉틱스 인피니트오라 에센스 50ml
82083462,팬틴 2050팩-바운시 볼륨
81694981,브라운 시리즈 6 면도기 60-N1000s BLACK
80796537,질레트 프글 울트라 기1+날12
82207743,오랄-비 크로스액션 항균모 35S
80836449,다우니 세제 퍼플 1.4Lx10 J2
82025039,폴저스커피그리운드캔13OZ 1*12
80327168,비너스 트로피컬 일회용 3입
84984407,페브리즈에어275GX15바닐라 라벤더의 포근함
82189743,팬틴 프로브이 아쿠아 퓨어 샴푸 400ml
82010714,팬틴 1350팩-집중손상케어
82153818,LXP 얼티미트 퍼펙팅 크림 2.5G 샘플
82046066,SK2딥WHT BC SAMPLE
82007019,위스퍼 소프트 클린 울트라 날개 중형 30P
82409022,AS 아이 라이터 펜슬 WP 800 테스터
82278478,PGP 페브리즈 비치형 리필 맑은하늘바람 특판용 6개입(K-reach2)
82312978,팬틴 콜로서스 컬러케어 1500팩
81216243,패러랠러그램 샴푸대
81153824,SP 400ML 밸런스스캘프 마스크
82322013,Waterflex 날망_검정
81644834,브라운 시리즈 7 면도기 7899cc SILV/BLK
82064086,이지CPG용50 M 18롤
82139016,페브리즈 비치형 리필 (맑은하늘바람)   
82320468,크로스액션 프로-엑스퍼트 7 토탈케어
80883933,다우니 섬유스프레이 화이트티 360mlX3쿠팡
82328934,오랄비 IConX 민트 1입
82172468,위스퍼 슈퍼롱 오버나이트 20개입
82309981,다우니 프리미엄 액체형 세제 실내건조 1.9L
82251353,페브리즈 섬유탈취제 허브향 370mlX2 (PP)
80872936,오랄비 깊은세정 크로스액션 컴플리트7 클린 3개입
82327911,페브리즈 차량용 2개입 (2.2ml x2) 담배냄새제거용
82139266,퓨전 매뉴얼 8입날 + 면도기 무료 아트웍변경
80710878,다우니 프리미엄 액체형 세제 냄새딥클린 퍼플 2.0LX6
82166810,팬틴 클리니케어 트리트먼트 5mlX10X24 앱솔루트 퓨전 크림
82095914,헤드앤숄더프레쉬레몬컨디200ML
82055669,팬틴1123ML대리점모이스춰
84914790,페브리즈 100ml
82232794,오랄비 어드벤티지 항균모 3+1입
82244808,위스퍼 피부애 리프레쉬 라이너 36개입 x 3
82033017,큐티수퍼프리미엄샘플2*50
82292789,다우니 블루 1.6L 레몬그라스와 달콤한 라일락 향
82082389,큐티 편안한 아기 대형 76 롯데마트
82211051,오랄-비 프로엑스퍼트 주니어 2입(Star)
82083330,조이 프로모션팩 - 500ML X 2 (ND'05)
82181906,다우니 블루 2L+700ml 팩 튤립과 달콤한 라일락 향_Sep'12
82075802,웰라 리퀴드 헤어
82012334,PANTENE COND 550ML 1SX9 DMG
82076755,코스트코 웰라톤 5B 번들팩
80300553,오랄비어린이칫솔모 EB10-2 FROZEN
82319363,오랄비 왁스 치실 50mX2입팩(New)
82252458,오랄비 고탄력 초미세모 틈새 케어 4입(Homeplus)
80256439,오랄-비 D20
82138675,다우니 핑크 2L 베리베리와 바닐라크림 향
82175156,오랄비 인디케이터 항균 4입+ 인디케이터 항균 2입
82313738,허벌에센스 리페어 아르간 오일 오브 모로코 샴푸
82123583,위스퍼 소프트클린 세이프티존 S3 2P 샘플
82309894,허벌에센스 바이오리뉴 자몽 샴푸+컨디셔너 팩
82153840,셀루미네이션 에센스 EX 50ML
82283909,다우니 스포츠 액티브 시트러스 향 1LX3+200ML (쿠팡)
82261807,위스퍼 보송보송케어 시스템 90개입
82228432,질레트 비너스 스파 브리즈 2UP
82047009,SK2싸인즈트리트먼트15G
82267077,다우니 퍼퓸 블랙 미스티크 200ml
82151437,헤드앤숄더 가려운 두피 샴푸 850 슬리브
82174427,위스퍼 보송보송 케어 울트라 날개형 중형-씨 30개포장 x 3개입
82243999,페브리즈 370ml+320ml 팩 상쾌한향(PP)
82205185,헤드앤숄더 BAHAMAS 딥클린 샴푸 550
82333480,오랄-비 후레쉬 클린 40모 1입 (DBD LS)
82198568,페브리즈 차량용 2ML (상큼한 라임 오렌지)
82080689,웰라 트리트먼트칼라 인텐시브 4B
82217531,위스퍼 피부애 울트라 프로모션팩88P( 이 트레이더스)
82310610,다우니 엑스퍼트 실내 건조 1.05L
82322552,페브리즈 화장실용 1개입(6ml) 상쾌한 비누향 (Online)
82163660,화이트 래디언스 아이 세럼
82085750,헤드앤숄더 딥클린 컨디 570ML
82142316,팬틴 집중수분케어 트리트먼트 번들팩
80964210,링클 트리트먼트 마스크 1장
82134253,프링글스 오리지날 4캔 팩
84806054,다우니 에이프럴 후레쉬 일반형 1.89L
82139124,아쿠아액션 인텐시브 너리싱 에멀전
82051856,비달익사이팅시스템팩웨이브3*6
80873235,엔젤브리즈 소프트팬티 체험팩4단계
82047930,위)울후레쉬날개중SP7*50
80794289,질레트 프쉴 옐로우 파워 기1+날3
82204868,페브리즈 차량용 2MLX6 (상큼한 라임 오렌지)_TESCO
82210436,듀라셀 뉴 울트라 파워체크 AAA 4팩
80758490,팸퍼스 2024 낮밤패키지 체험팩 4단계
82204591,팬틴 모발강화케어 트리트먼트 200ml
82310715,다우니 퍼퓸 미스티크 1.6Lx16
80714806,다우니 프리미엄 액체형 세제 실내건조 2LX2 팩 Cosmic
82332733,오랄비 왁스 치실 50M 4입 쿠팡 팩
82165589,팬틴 실키 샤인 에센스 200ML
80824980,다우니 미스티크2.6LX6 v2 M1
80739986,브라운 세정액 CCR4 (신규)
82304180,허벌에센스 리페어 아르간 오일 오브 모로코 샴푸
82265382,페브리즈 차량용 2개입(2mlX2) (뉴질랜드 계곡)(LEGO)
81575873,브라운 시리즈 9 면도기 9260s SILV
81127175,SB 150ML 포션 9 트리트먼
82232809,오랄비 프로-엑스퍼트 클리니컬 프로-플렉스 3입 (이마트)
82191733,듀라셀 울트라 AA 12개입 파워체크
82043592,SKII CLEAR WHITENING CLOTH REFILL
82194673,헤드앤숄더 MtDew 2114팩- 헤어 폴 클리닉_new
82311790,프로글라이드 파워 면도날 8입 (플렉스볼)
82180595,비달사순 프리미엄 베이스 케어 샴푸 475ml
82296791,다우니 핑크 1+1.6LX2 홈플러스 창립 팩
82291065,팸퍼스 베이비드라이 팬티 6단계(점보형) 28X4
81193774,피카소 딥클렌저 샴푸 펌프
82319087,페브리즈 섬유탈취제 다우니 에이프릴 향 640MLX2
82275706,스킨 리부스터75g
82210043,마하3 센서티브 파워 8입날
82108664,위스퍼 센서티브 울날중 4P 폴리
82298228,헤드앤숄더 울트라맨 왁스 리무버 샴푸 기획팩
80831275,다우니 실내건조 플러스 (핑크) 2LX4 P2
82261014,팬틴 퀀텀 실키스무드케어 컨디셔너 500X9_LT
84997301,다우니 에이프럴 후레쉬 일반형 2.95L
82044661,WHISPER XLN 14SX20 SLIM TUBE IP AWCG
80703821,다우니 프리미엄 액체형 세제 실내건조 2.0L (PX)
82405543,구찌 바이 구찌 EDP 30ML
82320932,페브리즈 섬유탈취제 내추리스 라벤더 앤 유칼립투스 용기형 370ml
82068147,위스퍼그린오버나이트+중형테스코프로
81223288,SP 30ml 컬러 세이브 샴푸
82410276,AS 베이스 코트 엔 테스터
82144988,스킨시그니처 크림 인 FND 330
82093082,WB 스타일링젤(대)/덕용겔 375 (DA)
82209734,페이셜 트리트 젠틀 클렌져 20g (비매품)
81253239,브라운 모바일면도기 면도망 5S
82148387,위스퍼 JFM 보송보송케어 트라이얼팩
82047091,PAMPERS DPR XLG 63SX3 FALL2000 SP-J
82252782,페브리즈 섬유탈취제 370ml+(320mlX2) (상쾌한향)
82040709,CUTIE BDIA XLG 28SX6 SCT+MF
82110749,팬틴 컨디셔너 100ml
82134675,위스퍼 보송보송케어 78P_이랜드
81115828,휴고 엘리먼트  ASL 60ML
80864070,헤드앤숄더 두피 토탈 솔루션 샴푸 쿨멘솔 1.2L
82209585,프로글라이드 쉐이브 쿨링젤 195g
82044140,위스퍼그린날개소형20*24
82165509,오랄비 마이크로씬 클린 7팩
82332926,제놉틱스 오라 에센스 10ml(비매품)
82241850,T 스템파워 리치 크림 2.5g
82318741,페브리즈 차량용 2.2ml (쿨 아쿠아향)
81679537,브라운 시리즈9 면도기 9293S
82189569,듀라셀 디럭스 알카라인 AA 14팩
81153809,SP 1L 밸런스스캘프 샴푸
82034443,아이보리 10BAR
82333056,질레트 바버샵 쉐이브 폼 311G
82191366,팸퍼스 크루저 6단계 점보1/92
80337890,오랄-비 프리시즌 클린 + 플로스 액션 (EB20-3 + EB25-1)
82228047,오랄비 스테이지스2 6입 Premium
82314424,페브리즈 포맨 시원한 멘솔향 용기형  360ml*3 (쿠팡)
82108777,피테라 디럭스 세트 08
82211050,오랄-비 스테이지스 3단계 2입(National)
82420640,AS 아이 칼라 듀오 03
82323049,비너스 엑스트라 스무스 면도기 2UP (657)
80686806,다우니 프리미엄 액체형 세제 실내건조 1.4L
82129155,헤드앤숄더 컨디550쿨 멘솔
80726811,다우니 생화향기 컬렉션 미스티크 리필 1.6Lx6 PX
82099577,웰라트리트먼트칼라인텐시브6B
82187198,팬틴 트리트먼트 100mlX12 내츄럴 케어 미스트
82234293,LXP 얼티미트 퍼펙팅 에센스 150ml
82050575,팬틴구정감사선물세트손상3*6
82076119,비달사순 1820팩-컬러케어
82176934,스템파워 크림 컴팩트 파운데이션 105
82045841,PANTENE SHP 400MLX12 VOL-DOWN BC96AP
82323711,퓨전 하이드라젤 센서티브스킨 3입
82288804,페브리즈 미스트 에어
82273996,페브리즈 차량용 2개입(2mlX2) (다우니향기)(CT)
82212964,다우니 아로마쥬얼 블루 에메랄드브리즈 375G*2EA
82300113,RNA파워 에어리 밀키 로션15g(비매품)
82252232,다우니 블루 1L 레몬그라스와 달콤한 라일락 향
82297555,(샘플) 팸퍼스 스와들러 밴드 1단계 10P
82135463,페브리즈 엑스트라 스트랭스 보충형 320ML
84958492,페브리즈에어(바람속의꽃향기)
82087171,비달사순 CVS 믹스드케이스
82007261,어드밴스드 화이트닝 소스 리퀴드 FND 420
81164333,KP 6/7 엔
82287588,팸퍼스 스와들러 6단계 16X4
82410792,AS MOIST. 미스트 테스터
82255970,셀루미네이션 딥서지 EX 50g
82043242,SK2 FT밀크75ML
82124015,위스퍼 그린 세이프티존 오버나이트 14 개입
82079983,팬틴 2700팩-바운시 볼륨
82002521,헤드앤숄더 프레쉬 레몬그라스 샴푸 850ML
80842250,질레트 퓨전 프글 센서티브 면도젤_4입
82220990,위스퍼 피부애 슈퍼슬림 2개입 (올리브영 리플렛)
82188554,헤드앤숄더 애플프레쉬 850*4팩
82132431,브라운 핸드블랜더 MR4050 RCA W. LID
82171311,에이지리스 뷰티 에센스 & 크림 세트
80830238,팸퍼스 2025 에어차차 썸머팬티 4단계 60X3
80861122,다우니 섬유스프레이 미스티크 370ml
82206499,오랄-비 크로스액션 항균모 35모 3입(롯데마트)
82230837,페브리즈 대용량 다우니 용기형 900ML
82211480,위스퍼 보송보송케어 울날대 슈퍼롱 팩
80746675,페브리즈 화장실용 6.3mlX2 향긋한꽃향
82265368,페브리즈 차량용 2ML (담배냄새제거용)(LEGO)
82048613,위스퍼낮+밤특별세트2
82284892,시리즈젤 센서티브 스킨 200ML
80706034,다우니 생화향기 컬렉션 핫핑크 블룸 1.05LX3
81046226,프링글스 양파맛(축구) 170G
82117889,페이셜트리트먼트에센스 10ML
82166586,헤드앤숄더 컨디414 건조한 두피 케어
81378752,Sp 레디메이드 파우치
82133980,헤드앤숄더 컨디850프레쉬 레몬그라스
82055908,코디알로에소프트45M*6R*12
82204684,PGP 페브리즈 깨끗한 햇살 대용량 900ml 특판용6개입
82049692,코디일반50M24R BEAR*3
82068726,팬틴1600팩볼륨
80726371,팸퍼스 아르모니 터치오브네이쳐 5단계 40X2
82152826,HE 헬로우 하이드레이션 컨디셔너
82331033,질레트 프로쉴드 면도날 옐로우8입+칠3입 팩 (이마트)
82006768,팬티라이너 실속 혼합팩
82314451,다우니 퍼퓸 블랙 미스티크 향 1LX12 DBD
82304186,헤어레시피 꿀&살구 수분 샴푸 530ml
80824976,다우니 시트러스앤버베나 2.6LX6 v2 M1
82262405,팬틴 콜로서스 트리트먼트 220mlX2 엑스트라볼륨
82223204,듀라셀 알카 C 2개입_Tesco
80742034,오랄비교정용칫솔
82047141,팬틴샴푸비듬400ML*12
82059090,크레스트스핀브러쉬키즈XMAS
82094807,팬틴 1050팩-엑스트라스트레이트
82329991,페브리즈 섬유탈취제 허브향 용기형 370ml
80733704,페브리즈 항균플러스 깨끗한향 370ml
82204560,Tesco 다우니 퍼플 1LT 화이트티와 릴리 향
82103934,W소스덤리바이벌프로그램데모테스터
82089532,어드밴스드 화이트닝 소스 팬케익 420
82077473,헤드앤숄더 1360팩-모이스트
82096484,헤드앤숄더 2550팩- 딥클린
82289180,페브리즈 포맨 쿨아쿠아향 용기형 370ML
82047160,위스퍼그린날개소20*24
80832710,다우니 세제 퍼플 2.2Lx6 J2
84968327,프링글스 양파맛 43G
82333030,FAB 페이셜 레디언스 패드 듀오 세트(FRP60CT*2/60CT*2)
82044485,위벌크팬티소프트업코튼블루M
82065135,큐티 중형 52SX4
82133775,페브리즈 에어 바람속의 꽃향기 275G
82252453,오랄비 고탄력 초미세모 잇몸전문 케어 4입(National)
82100183,HE 데인저러슬리 실키앤스트레이트컨디
82107761,헤드앤숄더 1250팩-헤어 폴 클리닉
82043597,SKII CLEAR WHITENING CLOTH REGUAIR
82259628,팬틴 콜로서스 샴푸 90ML 극손상
82333795,브라운 세척카트리지 CCR 8입 (Costco)
82275177,위스퍼 보송보송케어 울트라날개 중형 108P (이마트)
82121952,위스퍼 세이프티존 ML 78p_홈에버
82067244,위스퍼소프트클린일반중형42개입
82290479,스위퍼 막대걸레 스타터킷 (핸들1입+정전기청소포8입)
82113736,팬틴 프리즈디펜스 샴푸280_스티커
82206541,셀루미네이션 에센스인 파운데이션 440
82227520,이마트 듀라셀 KCP RRP AA 40입
82034281,WHISPER ULTRA TUBE LONG(MUTI)5*48
82034106,비달사순딥클렌징샴푸575ML 1*9
82178876,비너스 임브레이스 10+1 코스트코 팩
82093089,웰라칼라엑스트라케어 8/4(10개입)
81164503,KP 14/00 엔
82312938,오랄-비 스테이지스 2단계 2입 롯데
82051390,팬틴볼륨케어샴푸550ML
82104160,팬틴 선물 세트 2호
82249900,제놉틱스 오라 에센스30ml
82108660,위스퍼 센서티브 울날중 4P 박스
82314433,다우니 퍼플 1.6LX2 화이트티와 릴리 향
82194065,WHISPER DIANA ULTRA S02 20SX24 HKTW
82134514,헤드&숄더 쿨멘솔 삼푸 850ML 슬리브
82002451,골든스토어  기획팩
82420557,AS 아이 칼라 700 - 테스터
80853913,페브리즈 화장실용 프레쉬 포레스트 6.3mlX3
82100173,싸인즈 트랜스폼 FND 220 클리어 핑크
82189498,위스퍼 코스트코소프트라이트 84개입
82275682,화이트닝 소스 덤 브라이트너75g
82066451,페브리즈카팩프로모션플러스
82272613,질레트 퓨전 파워 면도날 4입
82278475,PGP 페브리즈 에어 맑은하늘바람 275g 특판용6개입(K-reach2)
82063469,큐티증정품라면용기
82084603,비달사순 아쿠아 젤리 왁스60G
80203239,프로글라이드 파워 면도기 (올림픽)
82299243,셀루미네이션 딥서지 EX50g
82147270,셀루미네이션 딥 서지 15G TRI 샘플
82082859,팬틴 엑스트라 스트레이트 케어 100ML 샴푸
82147101,화이트 래디언스 프로텍티브 크림 (SPF20 PA++)
82258030,다우니 퍼퓸 윈터로맨스 700MLX8
82122367,화이트닝소스클리어로션 10ML
82201663,위스퍼 리프레쉬클린케어 울날오14p
82147110,토탈이펙트 셋트 1 (크림노말 50G+클리어로션 20ML+마스크 1P)
82031124,에스케이 투 싸인즈 트리트먼트 토탈리티 1
82180612,팬틴 실키 스무드 케어 트리트먼트 200ml
82180615,팬틴 아틀라스 내츄럴 케어 트리트먼트 200ml
82024507,SK2화이트닝팬케익42
84912832,프링글스바베큐맛
82189601,토탈이펙트 클리어로션 세트 (코스트코)
82104315,페브리즈 카사이즈 프로모션 팩 녹차 향
82045972,SK2 WHT SPOT이레이즈SK3
82244932,페브리즈 다우니 아로마쥬얼 에메랄드 브리즈향 용기형 370ML
82246887,T 페이셜 트리트먼트 젠틀 클렌징크림 15G
82149914,페이셜 트리트먼트 리페어 C 2ML 샘플
82077452,헤드앤숄더샴푸멘솔200ML
82133644,인디케이터 미세모 35XS 3+2
82067934,헤드앤숄더1715팩딥
81483714,브라운 쿨텍 CT2S_화이트
82038544,향기나는페브리즈370ML SAMP
82145632,오랄비 어드밴티지 항균모 이마트팩
82046400,큐티드림골드특대형42*4 FALL01
82254317,팬틴 프로브이 아쿠아 퓨어 샴푸 400ml
82185851,위스퍼 보송보송케어 울날대 슈퍼롱팩
82252593,다우니 김치 블루 1L+1L 팩 레몬그라스와 달콤한라일락 향
82159666,팬틴 삼푸 200 극손상케어 세트
81237499,페데 모데라토 400
82253440,비너스 컴포트 글라이드 화이트티 4입날
82183319,SK-II 셀루미네이션 데이 서지 유브이 8.4g
82013800,SK2 FT마스크N(1PC)
82292236,오랄비 초소형헤드 벨벳 3p(E-mart)
82300882,페브리즈 섬유탈취제 내추리스 민트 앤 주니퍼베리 향 보충형 320ml
82171449,위스퍼 팬티라이너 클린 향 36개입*2 RRP
82229700,비너스 임브레이스 10+1 (면도기 2up+ 면도날 8입)
80715104,질레트 퓨전 매뉴얼 면도날 4입 (557) (CP stk)
82404633,AS 수이 립 글로스 306 테스터
82207563,듀라셀 디럭스 알카라인 AAA 14팩
82324617,질레트 스킨텍 매뉴얼 면도날 2입 (557)
82273736,싸인즈퍼펙트 래디언스 파우더파데420
80702237,페브리즈비치형 실내용 1개입 (7ML) 화이트티앤릴리 (Online)
80864068,헤드앤숄더 두피 토탈 솔루션 샴푸 애플 1.2L
82038479,BABYJOY IN-STORY샘플100*50
82326811,오랄-비 센시티브 클린 10입
82276054,오랄비 스테이지스2 미키 2pX4입 (코스트코)
80701624,팸퍼스 베이비드라이 밴드형 기저귀 2단계 1박스 (186매)
80769597,페이셜 트리트먼트 에센스 ND'23 메종키츠네 리미티드(레드)
82157388,FT 젠틀 클렌져 120G
82420684,AS 네일 칼라 N 504
82002522,헤드앤숄더프레쉬레몬샴푸400ML
82095401,비달사순 소프트 웨이브 무스 150G
82079830,헤드앤숄더컨디셔너570멘솔-래핑(5사인즈)
82203523,셀루미네이션 오라 에센스 30ml
81019256,AS 아이 칼라 액센트 400 테스터
82222083,에스케이-투 싸인즈 아이 마스크 14매
80714911,팸퍼스 베이비드라이 팬티 6단계(점보형) 28X4
82319085,페브리즈 섬유탈취제 상쾌한 향 880ml 2입
82289545,팸퍼스 베이비드라이3단계 이노머스 박스1/168
82260868,다우니 럭셔리 피오니 1L(테스코/롯데)
82208475,에스케이-투 컬러 클리어 뷰티 파우더 파운데이션 105 (스노우 스킨)
82014835,위스퍼 코스트코 그린 2월
82319653,질레트 프로글라이드 파워 1up + 3ct 팩
82111548,프링글스 라이트 양파맛 미디엄캔
80888153,팬틴 실키 스무드 케어 트리트먼트 220ml
82327082,팸퍼스 베이비드라이 5단계 이노머스 박스 1/132
82328805,다우니 엑스퍼트 항균파워 플러스 2L
82256890,브라운 여성용 페이스 SE810
82050470,큐티대형52S 2*1 EDLP
82093075,웰라폼헤어로션 250 (DA)
82001698,이랜드 물티슈 중형
82080141,위스퍼 파우더샤워 3단계 시스템팩
82260733,페브리즈 포맨 용기형 370ml_PX
80774953,다우니 세제 추가헹굼제로 3.2Lx4 BD
82322431,47G KCP 샘플키트
82236394,팬틴 프로브이 아쿠아 퓨어 트리트먼트 194ml
80929851,프링글스 토마토 맛
81153637,SP 1L 스무든 샴푸
82145418,페브리즈 비치형 뉴질랜드 리필 5.5ML
82147864,듀라셀 알카 C 6개입 코스트코
82253622,오랄비 왁스 치실 50mX2입팩(New)
84937693,프링글스임팩트1오리지날195G
82304144,다우니 프리미엄 액체형 세제 핑크 2.8L
82145627,헤드앤숄더 건조한 두피 컨디셔너 850 슬리브
82260560,비너스 올레이 컴포트 글라이드 면도기 2UP
82097391,위스퍼 트윈윙 골든스토아팩
82253658,페브리즈 아로마쥬얼 자수정 바닐라향 용기형 370ML X 6_Tesco
82079825,헤드앤숄더 겸용샴푸 570 - 래핑(5사인즈)
82085310,위스퍼 오버나이트 번들팩 (가로)
82236020,에스케이-투 제놉틱스 오라 에센스 키트 30ml
82416815,AS 네일 칼라 N 318 테스터
81010161,구찌 러쉬 2 EDT 75ML
82258608,헤드앤숄더 발리 샴푸 850 딥클린
82140808,탐팩스 펄 레귤러 20P
81127304,SB 400ML 리셰이퍼
82291597,페브리즈 상쾌한향 900mlx2 + 투고 85ml_쿠팡
82318885,오랄-비스테이지스3단계2입 프로즌
80698696,질레트 퓨전 매뉴얼 면도날 8입 (557)
82165424,오랄-비 검프로텍트 40모 6개입
82236392,팬틴 프로브이 아이스 샤인 컨디셔너 388ml
82315114,오랄-비 크로스액션 항균모 35S 온라인 싱글
82119300,헤드&숄더 수딩두피케어 샴푸 400ML
82274238,질레트 퓨전 매뉴얼 12+1 팩 (롯데 VIC 마켓)
82406551,AS 미니 루즈 600
82157684,광채 화이트닝 트라이얼 세트
82056579,비달1000+400팩WAVY
82135582,질레트 마하3 터보 면도날4입
82058347,팬틴CPG 기획상품2
82210262,싸인즈 퍼펙트 래디앙스 파우더 파데 컴팩트(레드)
80823426,오랄-비 전동칫솔 Pro1000 화이트
82089359,큐티 수퍼스타 업그레이드 대형 50P
81300120,브라운 시리즈 3 면도기 360S-4
82069910,위스퍼소프트라이트32개입코스트코번들팩
82252231,다우니 스포츠 1L 액티브 시트러스 향(테스코/롯데)
82209710,스템파워 크림 100g
80697780,헤드앤숄더 컨디셔너 550 애플프레쉬 레거시
82089589,어드밴스드 화이트닝 소스 팬케익 440 샘플
82324899,브라운 펄소닉 교체용 카세트 70S
82141823,헤드앤숄더 샴푸400 겸용샴푸 포맨 스티커
82183874,페브리즈 (900+320) 팩 상쾌한향 OND'12
82146728,오랄-비 전동칫솔 D20 (HYPER)
82168942,위스퍼 슈퍼롱 오버나이트 10개입 SH
80697590,피테라 디럭스 하이드레이팅 세트
82067394,SK-II 더블유 소스 브라이트 팬케이크 OP-3
82263522,피테라 에센스 230ml 데스티니II
81019248,AS 아이 칼라 액센트 201 테스터
82242946,팬틴 퀀텀 실키스무드케어 컨디셔너 500X9_LT
82219742,시리즈 젤 모이스쳐라이징 200ml
82250753,화이트닝 소스 덤 리바이벌 마스크 6p
82052676,팬틴볼륨케어500ML린스
80843081,페브리즈 차량용 방향제 담배 냄새용 블루아이스 (2.2MLX2)X6
82209727,화이트닝 소스 덤 리바이벌 프로그램 6P
82250272,마스터피스 피테라 터트니스 세럼 50ml
82406781,구찌 바이 구찌 EDT 75ML
80832701,다우니 세제 퍼펙트클린 1.4Lx10 J2
82096416,헤드앤숄더 2490팩-딥
82044378,프링글스피자맛미디움184G
80883934,다우니 섬유스프레이 미스티크 360mlX3쿠팡
81576243,브라운 시리즈5 PP5 5090cc_LSD
82247465,페이셜 리프트 이멀젼100g
82152391,싸인즈 퍼펙트 래디언스 LIQ FND 330
80793380,헤드&숄더 두피토탈솔루션 샴푸 애플프레쉬 850ml (CP)
82295706,피테라 에센스 리미티드 블랙  230ml(JJA21)
82100267,싸인즈 트랜스폼 FND 510 크리스탈아이보리
82289549,팸퍼스 베이비드라이 4단계 이노머스 박스 1/150
82111015,스킨시그니처 크림인 파운데이션 310
82305434,페브리즈 섬유탈취제 허브향370ml (Elixir P2)
82204687,PGP 페브리즈 비치형 리필 맑은하늘바람 특판용 6개입
82077259,팬틴 밀키 모이스춰 케어 샴푸 1000ML
82323121,오랄비 GENIUS 9050 블랙
82043219,SK2리페어C리퀴드FND 43
82041985,마운틴스파향1*12
82245534,다우니 퍼플 700ml 화이트티와 릴리 향
80752076,질레트 프로쉴드 파워 1up+6ct 팩
82320315,오랄-비 센시클린 1입
82272586,퓨전 매뉴얼 2UP 면도기
82135476,질레트 비너스 면도날 2개입
82333334,페브리즈 섬유탈취제 은은한향 보충형 640MLX2
82019092,링클 트리트먼트 마스크 1장
82258139,허벌 에센스 클래식 핑크 로즈 컬렉션 트라이얼 980팩
80733700,헤드앤숄더 컨디셔너 850 딥클린 레거시
80343517,557 프로글라이드 매뉴얼 1ct FWIP
80988539,프링글스양파맛50G
80823450,질레트 랩스 손흥민 2.0 에디션 (1up+젤)
82105774,SGNS퍼펙트래디앙스 LIQFND220
82123405,2009추석 GS3호
82210309,스킨 시그니처 아이 크림 0.5g (비매품)
82077294,팬틴 바운시 볼륨 케어 트리트먼트 200ML
82205762,싸인즈 퍼펙트 래디앙스 리퀴드 파데 330
82049272,팬틴샘플모이스춰볼륨30ML*200
82319610,팸퍼스 베이비드라이 팬티 6단계(점보형) 28X4
82272364,프로글라이드 매뉴얼 4+1 팩 (Brownbox)
82301949,롯데 면세점 단독 기프트 셀렉션 세트(Oct19)
82102174,헤드앤숄더 쿨 멘솔 850 샴푸 스티커
82093095,웰라칼라엑스트라케어 6/04 (DA)
82013846,SK2리페어C파우더FND 41
82308807,다우니 퍼플 1LX12 DBD 화이트티와 릴리 향
82070086,위스퍼중형+소프트라이트시스템프로모션팩L
82248444,페이셜 트리트먼트 에센스 250ml(슬리브)
82035086,헤드앤숄더 내추럴 허브 컨디 570ML
82181889,스템파워 50g
82237917,페브리즈 차량용 2개입(2mlX2) (뉴질랜드 계곡)
82330777,페브리즈 항균플러스 깨끗한 향 360MLX3
80706966,페이셜 리프트 이멀젼 100g
82313995,에스케이-투 스킨파워 에어리 밀키 로션 50g
82149835,퓨전 파워 면도기 무료 팩_MAMJ11
82275713,페이셜 트리트먼트 에센스75ml
80250463,프로글라이드 파워 면도기 1up (플렉스볼)
80256440,오랄-비 PRO 4000 D36
82075787,웰라칼라엑스트라케어 9/7 엘레강스브라운
82059540,팬틴2960팩손상
81164418,컬러후레시 핑크브라운05
82046880,팬틴비듬샴푸400ML1*12
82108265,위스퍼 그린 2P 샘플
82215793,오랄비D16 핑크
82319458,페브리즈 에어 바닐라 라벤더의 포근함 2개입 (hyper)
82083347,팬틴 300 코스메틱 팩-집중손상
82204869,페브리즈 차량용 2MLX6 (라벤더의 포근함)_TESCO
80679972,헤드앤숄더 샴푸 1.13L 가려운 두피케어
82007074,팬틴 백화점 선물세트팩 4호 -집중손상
80678641,팬틴 콜로서스 샴푸 500ML 실키스무드
82286744,퓨전 프로쉴드 옐로우 면도날 10입 (ECOM)
82315369,오랄-비 어린이 전동칫솔D12 카즈 콤보 코스트코 팩(NEW)
82047081,PAMPERS DPR LG 52SX4 UNS FALL01 JMB
82230591,다우니 아로마쥬얼 화이트 펄 클래식 375G*2EA
82205186,헤드앤숄더 BAHAMAS 딥클린 컨디셔너 550
82306197,다우니 프리미엄 폼형 세제 블루 16입
82308852,퓨전 파워 면도기 TMR 1CSX36IT*1X6X6
82242102,T싸인즈 퍼펙트 래디앙스 파우더 파데 컴팩트(레드)
81141430,DG 로즈 더 원 EDP 75ML
82241255,오랄비 어린이 전동칫솔D12 콤보 코스트코 팩(칫솔+리필+치약)
82223064,다우니 김치 핑크 2L+1.8L팩 베리베리와 바닐라크림 향
82143831,오랄-비 크로스액션 젠틀케어 소분
82100369,팬틴 풀앤씨크 샴푸40
82300097,스킨시그니처 3D리디파이닝 마스크6p
82064516,비달 11월 560/500 팩-웨이브
82086904,비달사순 트리트먼트 100g-컬러 케어
82057589,VS COND 10MLX576 CRL SP VIVID
82121168,스킨 시그니처 멜팅리치크림 13G
82194576,팬틴 아틀라스 바운시볼륨 2200팩_new
82227105,다우니 블루 200ml 레몬그라스와 달콤한 라일락 향　
80840737,(557.1 ) 질레트 프로글라이드 매뉴얼 (기1+날9) (코스트코)
80866499,제놉틱스 어드밴스드 스팟 에센스 50ml
82066431,위스퍼소프트클린날개대형34개입
80875316,엔젤 브리즈 썸머 샘플팩 5 단계 (8X30)
82156128,듀라셀 울트라 AAA 24개입 파워체크
82001457,워터 리필 300
82211044,오랄-비 스테이지스 1단계 2입(Emart)
82044024,위스퍼울후날개오버나이트14*24
82151444,링클 스페셜리스트 2g 샘플
80868095,오랄비 깊은세정 프로엑스퍼트 클리니컬 프로플렉스 3입
82255962,페이셜 트리트먼트 에센스 30ml(비매품)
80356089,오랄비 키즈 리필모 프로즌 2입
82328102,페브리즈 섬유탈취제 640ml 상쾌한향
80744817,다우니 프리미엄 액체형 세제 실내건조 3.2L X 3
82259896,다우니 퍼퓸 윈터로맨스 1L+1L 롯데마트팩
82292280,페브리즈 섬유탈취제 은은한 향 320ml (Elixir)
82157983,크로스액션 항균모 40S 3+1
82326465,스위퍼 더스터 먼지떨이 스타터킷 (핸들1입+청소포3입)
82132408,탐팩스 trial pack reg 10개입
82077295,팬틴 밀키 모이스춰 케어 트리트먼트 200ML
82230325,팬틴 집중손상케어 1500ML 팩
82282782,퓨전 프로글라이드 파워 12입날 쉐이브클럽 팩 (프리미엄)
82224468,듀라셀 딜럭스 AAA 16입_DR
82267032,다우니 퍼퓸 샤인 향 700ML (Chanel)
82015513,화이트닝소스 덤데피니션 30ML 샘플
82412340,AS 페이스 칼라 액센트 G 350 테스터
80872936,오랄비 깊은세정 크로스액션 컴플리트7 클린 3입
80796087, 질레트 프글 매뉴얼 기1+날9
82065536,팬틴12월1450팩-볼륨
80718460,NFS 미드-데이 미라클 에센스 50ml 비매품
82047517,위)울트라날개중SP2*200
80723318,SK-II FY2223 65G KCP 샘플키트
82171024,위스퍼 보송보송케어 울트라 날개 소형32개입
82124085,프링글스 매운맛 110G 파이오니어
82010772,루슨트 베이스 미니샘플 2.5g
82184642,헤드앤숄더 가려운 두피케어 샴푸 850ml
81587294,브라운 시리즈 3 면도기 3020S
80742194,다우니 삶음파워 플러스 1.35LX6 Lotsell(DBD)
82422358,안나수이 립 글로스 R 850
81065221,프링글스 라이트 오리지날맛
82144557,OND'10 페브리즈 (900+320) 팩 은은한향
80694385,페이셜 트리트먼트 마스크 10P
82113898,HE 헬로우 하이드레이션 컨디셔너
80807674,오랄-비 전동칫솔 iO7 블랙 오닉스
80708387,다우니 퍼플 1.6LX6 DBD
82251354,페브리즈 370ml+320ml 팩 다우니향(PP)
82024412,비달사순무스150ML 1*12
82123779,위스퍼 소프트클린 세이프티존 울날중 64P
81153883,SP 200ml 샤인디파인 마스크
80207534,팸퍼스 이지업 팬티형 여아 6단계 빅 1/46
82224057,오라 화이트닝 키트
82253906,비너스 블루 면도날 4입
80715118,질레트 스킨텍 매뉴얼 면도날 8입 (557)(CP stk)
82152082,팬틴 집중 손상 트리트먼트 샴푸 850ML
82211729,페브리즈 320ML 리필형 엑스트라 스트랭스향
82093090,웰라칼라엑스트라케어 9/3(10개입)
82052163,PAMPERS DPR LG (52+2)SX4 FALL02 BONUS PK
80356500,오랄-비 어린이용 배터리 전동칫솔 카즈 DB4
82110892,위스퍼 소프트클린 슬림 날개 대형 10P
82246270,다우니 블루 4LX3 레몬그라스와 달콤한 라일락 향_PGP
80703698,다우니 핑크 베리베리 200mL F1
82231444,위스퍼 보송보송케어 울트라 날개 중형 90P
82247365,팬틴 퀀텀 샴푸 500ml 극손상
82067391,위스퍼 PAD XXLN 14SX24 그린 SALES 샘플
82113539,웰라_내추럴_7N_추석한정할인팩
82171028,위스퍼 보송보송케어 울트라 날개 대형16개입
82282224,다우니 핑크 2L+1.6L 홈플러스 창립팩
80783913,페브리즈 섬유탈취제 다우니 향 920ml
82127409,위스퍼소프트클린세이프티존 울날중 18P+2
82250478,페이셜 트리트먼트 에센스160ml
82275957,헤드앤숄더 애플프레쉬 2800팩 RRP(Bali)
82311528,페브리즈 섬유탈취제 은은한 향 320ml
82063800,위스퍼슬림날개중형10P
82319095,페브리즈 섬유탈취제 상쾌한 향 360ml 3입
82080626,위스퍼 해피 시스템 프로모션-L
82300094,스템파워 리치크림50g
82163705,헤드앤숄더 쿨멘솔 컨디셔너 550ml
82206437,프로글라이드 파워 면도날 8입 TESCO
82248226,오랄-비 크로스액션 프로엑스퍼트 주니어 행사팩
82232821,오랄-비 D16 플럼핑크
82283907,다우니 핑크 베리베리와 바닐라크림 향 1LX3+200ML (쿠팡)
82324893,브라운 시리즈 8 면도기 8330s SILVER
81153768,SP 125 웨잇리스피니쉬 에센스
80796239,오랄-비 젠틀 케어 리필모 4입 (iO전용)
82315373,오랄-비 DNA D16 하이퍼 (COO Change)
81726911,브라운 시리즈 7 면도기 70-S7320cc SILVER
82163637,토탈이펙트 어드밴스드 데일리 모이스처라이저 위드 쿨링 에센스
82232766,오랄비 크로스액션 TAJ 720 3입
80704523,오랄-비 비버 어린이 칫솔 7입
82043829,F.T 마스크 1장
82303078,오랄비 세정 베스트 컬렉션 3입 팩 (롯데마트)
82130119,버프 11
82032451,비달프로샴푸손상 575ML 1*6
82097379,위스퍼 트윈윙 테스코전용 특별기획팩78P
82215795,트라이존 D20
82054726,SK-II OTCC COMPACT SILVER
82265421,페브리즈 차량용 2개입(2mlX2) (라벤더의 포근함)(LEGO)
81430734,브라운 면도기 790CC-4 프로모션 팩 FY1314
82191364,팸퍼스 베이비드라이 6단계 이코노미 박스1/140
82235014,오랄-비 스테이지스 3단계어벤져스 2입(테스코)
82180869,질레트 센서 4+1팩
82043028,SK2 ADV WHITENING PAN-CAKE 42 BC
82121609,팬틴 아이리스 인텐시브 트리트먼트 프로그램 75ml
82241698,위스퍼 보송보송 104P(이트레이더스)
82310589,다우니 핑크 베리베리와 바닐라크림 2.6Lx4
82103914,헤드앤숄더 레몬그라스 믹스드 케이스
82060280,팬틴8월1600팩-손상
82319459,페브리즈 에어 다우니향 2개입 (hyper)
82116420,팬틴 오버나이트 모이스쳐 세럼 50ml
82063442,위스퍼생리대가방
82261296,페브리즈 섬유탈취제 달콤한 바닐라 향 370ml
82178659,위스퍼 코스모 인피니티 중형 10개입
82154916,팬틴 삼푸 500 극 손상케어 스티커
82307197,비너스 센서티브 일회용 3입
82317342,오랄비 스테이지스3 아이언맨 2pX4입 (코스트코)
82247404,스킨 리부스터75g
82003225,싸인즈 아이크림 0.5G
82000400,프링글스 에스닉 칠리맛
82147108,아쿠아액션 롱-라스팅 하이드레이션 젤
82155274,조이병 260ML
82416843,안나수이 립 루즈 V 460 T
82290012,퓨전 프로쉴드 옐로우 면도날 14입 (홈플러스)
81325817,브라운 시리즈 3 면도기 350CC-4 Red
82327430,다우니 프리미엄 액체형 세제 실내건조 1.9L
82285652,팸퍼스 베이비드라이 1단계 점보 팩 44P*2 (M6)
82243787,페브리즈 차량용 프리미엄 플라워멜로디 리필 7ml (K-Reach)
82176478,아이보리 비누 알로애 10바
82125736,팬틴컨디500집중수분케어IR
82077566,위스퍼 해피 시스템 프로모션-L
81286445,알케미 컬러 텐트카드 세트
82152043,AMJ'11 페브리즈 370ml+320ml 팩 상쾌한향
82310193,다우니 엑스퍼트 실내 건조 1LX12 DBD
81153854,SP 30ml 컬러세이브 마스크
82200189,헤드앤숄더 BAHAMAS 2250샴푸팩- 쿨 멘솔
82287007,페브리즈 에어 바닐라 라벤더의 포근함 3개입 (Hybrid)
80826677,헤숄 샴푸 딥클린 1.2L
82201357,마하3 면도기 2up
80746671,페브리즈 비치형 6.3MLX2 코튼블루향
82132656,위스퍼 블랙 패드 샘플용 화이트 폴리
80858681,다우니 화이트티 200mlX48 D1
82194780,페브리즈 (900+320) 팩 허브향 DJF'13
82233268,블루2 플러스 센서티브 1s
82046523,VS인트로린스STR 960+400ML
82218572,컬러 클리어 뷰티 에나멜 크림 컴팩트105
80887010,럭셔리 트래블 샘플키트 TR
82063799,위스퍼슬림날개중형24P
82403048,AS 스틱 컨실러 01
80783190,LXP 얼티미트 퍼펙팅 아이크림 0.5g
82148495,헤드앤숄더 스완 특별 1650팩- 센서티브
82269054,페브리즈 포맨 쿨아쿠아향 용기형 370ml (Kreach)
80873234,엔젤브리즈 소프트팬티 체험팩6-7단계
80357971,질레트랩스 1ct FWIP
82066453,페브리즈카팩프로모션상쾌한향
80868098,오랄비 깊은세정 크로스액션 35모 탁월한 세정력 6입
82256886,마스터피스 피테라 아이크림15g
80957553,프링글스 후레쉬 토마토맛
82205782,셀루미네이션 팬케이크 420
81686070,브라운 시리즈 3 날망 32S (Florence)
82178781,팬틴 트리트먼트 100ml 딥 리페어 에센스
81739018,브라운 시리즈 8 면도기 8325s BLACK
82276057,오랄비 스테이지스3 어벤져스 2pX4입 (코스트코)
80704060,오랄비 클릭 라일락 (핸들1개+리필1)
82246404,아티산 브러쉬 파운데이션 320 (유브이/라이트)
80849034,SK-II 피테라™ 얼티미트 오라 세트(GIE)
82327405,다우니 프리미엄 액체형 세제 핑크 1.0Lx12
82301332,다우니 퍼퓸 리필 핫핑크 블룸 1.6LX2 (paper)
82145173,위스퍼 후레쉬라이너 향 40*2개입 RRP
82275700,페이셜 트리트먼트 클렌징오일250ml
82111625,팬틴 헤어타임리뉴얼 트리트먼트150
82144558,OND'10 페브리즈 (900+320) 팩 허브향
82034620,헤드앤숄더 릴랙스티트리샴푸850ML-STKR
82279900,퓨전 프로글라이드 파워 12+1 쉐이브클럽 팩
82291723,질레트 퓨전 매뉴얼 면도날 10입팩
82126171,팬틴 150ML 어드밴스드 비타민 수분팩_IR
82233174,팸퍼스 크루저 5단계 1/132
82240229,이마트 듀라셀 KCP RRP AA 40입
82273888,싸인즈퍼펙트 래디언스 리퀴드파데330
82039888,코디오래오래하나로OEM260 2*12
82183886,오랄-비 민트향 왁스 치실
82194571,팬틴 집중손상케어 1900팩_new
82219872,퓨전 프로글라이드 매뉴얼 면도기 12+1 (이트레이더스)
82054120,팬틴볼륨1000ML A타입
80737236,스킨파워 어드밴스드 크림 듀오 세트
82052190,WHISPER SAPD RLN 20SX24 BLT CDU TUBE(TW)
82181609,LXP 얼티미트 퍼펙팅 에센스 30ML 트라이얼
82182121,싸인즈 아이마스크 1p 샘플
82271466,헤드앤숄더 2550팩- 애플프레쉬(Olympic)
80712149,페브리즈 화장실용 상쾌한비누향 6ml*2+은은한라벤더향 6ml*2
82116940,팬틴 삼푸100ML
81615207,브라운 시리즈5 면도기 5190cc BLK/BLK
80841650,다우니 실내건조 삶음탈취 200mlx48 H1
80733148,질레트랩스 래피드 포밍 쉐이브 젤 2입
82190894,듀라셀 울트라 C 2입
82039144,SK2 ADV WHITENING PAN-CAKE 31
82300090,페이셜 트리트먼트 에센스230ml
82243969,페브리즈 섬유탈취제 370+320 허브향
81127287,SB 400ML 셰이퍼 피어스
82219542,페브리즈 차량용 프리미엄 시트러스 심포니 스타터킷 7ml
80743445,브라운 시리즈 5 면도기 52-N7000cc BLACK
82279593,질레트 퓨전 프로쉴드 옐로우 11BBGR
82206185,컬러 클리어 뷰티 파우더 파데105
80841656,다우니 실내건조 프레시클린 1Lx12 H1
82241458,오랄비음파전동칫솔전용모2입SR18-2 (FFS)
82228376,미드-나이트 미라클 에센스 50ml
80794306, 질레트 퓨전 매뉴얼 믹스드케이스
80825353,다우니 스프링 가든 러브 1LX12 M2
82181954,위스퍼 리프레쉬 클린 케어 중형 4개입　
82403491,AS 퍼프 L
82088185,팬틴 2100팩-집중손상
82064038,팬틴10월1100온팩볼륨
82180263,팬틴 집중수분케어 1850팩
82196054,팬틴 100mlX2 내추럴케어 리프트 업 미스트_코스코
82035112,팬틴 1800선물세트 2호
82126200,팬틴샴푸500실키스무드IR
82322493,다우니  코튼 퓨어러브 향 1LX12 DBD
82196451,팸퍼스 베이비드라이 5단계 메가팩
82042337,WHISPER GREEN2 ULT W-LONG 18*24
82172914,탐팩스 펄 레귤러 18p
82319619,팸퍼스 베이비드라이 + 통잠 4단계 샘플팩8X30
82422281,안나수이 립 글로스 R 450 -테스터
80748941,오랄비 프로엑스퍼트 아이언맨 2입
82015938,LXP 마사지 프루이드 미니샘플
82075991,위스퍼 소프트클린 울트라 72P
82206440,퓨전 파워 면도날 4입 TESCO
80831291,다우니 삶음탈취 플러스 1.35LX6 R3
82172435,다우니 핑크 4LX3 베리베리와 바닐라크림 향_PGP
82232818,오랄-비 D16 비비드그린
82274414,질레트 일회용 면도기 블루투플러스 5팩
81185112,구찌 길티 퍼스 스프레이 오 드 뚜왈렛 60ml
82313477,팸퍼스 베이비드라이 6단계 이노머스 1/112_QR
82123066,헤드앤숄더 스완 1775팩-센서티브알로에
82334059,다우니 퍼퓸 그린 보타닉가든 1.05LX3
82044882,팬틴샘플팩2*200
80868098,오랄비 깊은세정 크로스액션 35모 탁월한 세정력 6개입
81254476,브라운 시리즈3 면도기망 31S
80371327,오랄비 전동칫솔 D100 플로스액션 블루
82179437,링클 스페셜리스트 25g
80974445,프링글스메콤한맛미디엄184G*14
80693762,다우니 엑스퍼트 항균 파워 플러스 1LX12 Lotsell
80710700,다우니 프리미엄 액체형 세제 냄새딥클린 퍼플450MLX24
82328760,팬틴 프로브이 미셀라 프로브이 퓨어 & 클렌즈 샴푸
80781058,페브리즈 향균플러스 깨끗한향 370ml
82233044,페브리즈 부착형 화장실용 스타터킷 (산뜻한 정원향)
82319467,헤드앤숄더 2250팩- 가려운 두피 (일렉트로맨)
82142778,질레트퓨전하이드라 면도용 젤 200ML
82188004,페브리즈(MO) 320ML 리필형 허브 향
82416764,립 루즈 V 060
82206448,마하3 센서티브 매뉴얼 1UP TESCO
82189401,퓨전 프로글라이드 파워 면도날 14입 (코스트코)
82229235,T 브라이트닝 펄 피니셔 리필
82038946,VS클린올인원프리미엄팩400ML
82034091,워치맨디스펜서커버1*50 D9595
82332178,팸퍼스 아르모니 밴드형 2단계 3X39
82205919,맨 에이지 리바이탈라이즈 로션 50g 　
82121288,위스퍼 세이프티존 테스코 70P
81031960,보스 셀렉션 EDT 90ML
82099957,헤드앤숄더 프레쉬레몬그라스 컨디200ML
82063801,위스퍼후레쉬라이너향20P샘플
82247806,페이셜 트리트먼트 에센스 블루 리미티드 에디션
82299182,다우니 오션코랄 퓨어러브 1LX3+200ML (쿠팡)
82265059,오버나이트 미라클 마스크
82039886,SK2 FT 스킨마스크(6P)
82215790,오랄비 전동칫솔 D12W
82255935,페이셜 트리트먼트 젠틀 클렌징 크림 2.5g(비매품)
82180629,팬틴 집중손상케어 샴푸 850
82290010,질레트 프로글라이드 파워 면도날 12입 코스트코팩
82143411,싸인즈 퍼펙트 래디언스 LIQ FND 320
82066789,코디프리미엄알로에오렌지플라워130X32
82249902,LXP 엘티미트 퍼펙팅 에센스 30ml(비매품)
82310293,질레트 퓨전 매뉴얼 믹스드케이스
80796243,오랄비 iO얼티밋클린 블랙 리필4입
81546434,브라운 여성용 페이스 SE830
82228835,376 프로글라이드 매뉴얼 13+1 (롯데빅)
80344182,오랄-비 전동칫솔 Pro2500 화이트
80224965,비너스&올레이 면도기 2up
82307956,오랄비 초미세모 그린티 4개입(홈플)
82319086,페브리즈섬유탈취제내추리스민트앤주니퍼베리향대용량리필640ml*2(쿠팡)
82066933,코스코용팬틴집중손상린스960
82250371,오랄비 고탄력 초미세모 그린티 6개입
82096426,팬틴 1900팩-집중손상
82261239,페브리즈 섬유탈취제 은은한 향 370ml (Harmony)
80794214,질레트 퓨전 매뉴얼 면도날 4입
82205677,프로글라이드 파워 BBGR_ TESCO
82152311,LXP 모이스트 소프트닝 세럼 100ml
82333055,"질레트 손흥민팩 스킨텍 매뉴얼 핸들+5ct, 거치대 (빅)"
81230035,KP 66/74 오렌지브라운
82206505,오랄비 후레쉬클린 5입(롯데마트)
82330000,페브리즈 섬유탈취제 상쾌한향 보충용 320ml
80872939,맨 페이셜 트리트먼트 에센스 160ML
82192630,위스퍼 리프레쉬케어 울날중 72P
82216456,미드-데이 미라클 에센스 50ML
82019083,SK2 FT밀크75ML
82176868,헤드앤숄더 MtDew 1950팩- 쿨멘솔
82212072,오랄비 스테이지스 치약 1개입
82043584,팬틴컨디셔닝린스일반100ML
82152015,AMJ'11 페브리즈 (900+320) 팩 상쾌한향
84809042,프링글스 오리지날맛 140G
82138424,헤드앤숄더 샴푸8ML포맨헤어폴클리닉샘플
82422272,안나수이 립 글로스 C 400 -테스터
82181955,위스퍼 보송보송케어 74개입
82076278,비달사순 프로패셔널 린스 560_넥행어
80697729,피테라 에센스 230ml 디럭스 듀오 세트
82230973,페브리즈 370ml+370ml 팩 다우니향
83036237,프링글스펑키소이스몰50G*12
82231136,위스퍼 피부애 울트라  날개 대형 16P
82157655,스템파워 리치 크림 15g
80286845,오랄비 GENIUS 9000 블랙
82033655,샤민울트라50M24R*3
82196467,팸퍼스 베이비드라이 4단계 이코노미 박스1/192
82186219,다우니 핑크 1L+1L 팩 베리베리와 바닐라크림 향_Sep'12_스티커
82047104,위스퍼그린날개중18*24
82110380,헤드앤숄더 딥클린 샴푸 570ML
82194667,헤드앤숄더 MtDew 1950팩- 헤어 폴 클리닉_new
82180630,팬틴 집중수분케어 샴푸 850
82228845,위스퍼 보송보송케어 울트라 날개 오버나이트 14P
82286328,다우니 블루 2L+700MLX2 레몬그라스와 달콤한 라일락 향(롯데마트)
82323448,오랄-비 스테이지스 3단계 아이언맨
82228246,비너스 임브레이스 4입
82044138,위스퍼그린일반중형20*24
82212266,퓨전 하이드라젤 센서티브스킨 200ML
82140831,팬틴 실키스무드케어 1350팩
82173649,헤드앤숄더 Olympic 2250팩- 헤어 폴 클리닉
82142273,팬틴 모발강화케어 2550팩
82286717,페브리즈 섬유탈취제 가벼운 시트러스향 370MLX4 (이트레이더스)
82123117,클리니케어헤어세럼30프리즈디펜스CA
82227411,다우니 퍼퓸 로즈골드 럭셔리피오니 2LX4
82039139,SK2 ADV WHITENING PAN-CAKE 41N
80809406,브라운 시리즈9 날과망 96M
82135355,페이셜 트리트먼트 클렌징 젤 100g
82272256,컬러 클리어 뷰티 파우더 파데105
82307120,에스케이-투 엘엑스피 얼티미트 퍼펙팅 크림 50g
82155438,아쿠아액션 인텐시브 너리싱 에멀전
82290482,스위퍼 더스터 먼지떨이 스타터킷 (핸들1입+청소포3입)
82230384,다우니 아로마쥬얼 블루 에메랄드브리즈 375G+ 퍼퓸 블랙 미스티크 20
82331832,질레트 히티드레이저 (2up+4ct) 아이언맨 패키지
80772832,헤숄 퍼퓸 프레쉬 샴푸 750mlx2 + 90ml
82241862,T 맨 페이셜 트리트먼트 에센스 2ml(비매품)
82300691,오랄비 초소형헤드 벨벳 1p 온라인 싱글
82248862,페이셜 트리트먼트 에센스 멀티컬러드 피닉스 리미티드 에디션
82238047,듀라셀 울트라 파워첵 AA 4입_E
82140712,팬틴 실키스무드케어 1850팩
82315771,페브리즈 화장실용 2개입(6mlx2) 상큼한 레몬향 (Retail)
82325114,다우니 퍼퓸 오션코랄 퓨어러브 1.05LX3 (구버전)
82289268,OLAY 매직 AA 앰포(4ml*4)
82007243,어드밴스드 화이트닝 소스 팬케익 220
80748969,오랄비 스테이지스1 2입(홈플)
80702258,페브리즈비치형 실내용 1개입 (7ML) 코튼앤블루자스민
80753457,오랄-비 전동칫솔모 EB20-4 + EB20-2 (Sticker)
82267741,페브리즈 차량용 프리미엄 마운틴 에코 스타터킷 7ml (NMR)
82089811,비달사순 1400 샴푸팩-살롱 모이스춰
82077049,클린라이너 향 18
84987272,타이드 LQ 2X HE
81286444,알케미 컬러 미니 X 배너
82127998,헤드&숄더 두피 마사지 크림 185G
82214155,비너스올레이 면도기 1up
82211930,듀라셀 충전지 AA 1300mah 4개입
80840590,(557.1 ) 질레트 프로글라이드 울트라 면도날 8입
82087558,헤드앤숄더 2320팩-모이스트
82123398,2009추석 롯데3호
80703673,다우니 엑스퍼트 실내 건조 1.7LX2 팩
82131019,듀라셀 울트라 내셔러 12팩 AA
82286183,페브리즈 에어 바람속의꽃향기 275G(Kreach2)
82102919,WSDD UV로션
82144530,오랄비 믹스 케이스 A
82283173,페브리즈 차량용 2MLX6 (라벤더의 포근함) (쿠팡)
82042787,SGNS퍼펙트래디앙스 LIQFND420
80718629,다우니 생화향기 컬렉션 와일드 라벤더 1.05LX3
82178966,페브리즈 뉴질랜드 보충형 320ML
82043229,SK2화이트닝팬케익41
82210027,팬틴 집중수분케어 컨디셔너 850
82247401,맨 모이스쳐라이징 클렌저 120G
82088415,비달사순 스타일링 코스메틱 믹스드 II
82297556,팸퍼스 베이비드라이 S3 5P (샘플)
82133759,페브리즈 에어 275G X15 바닐라 라벤더의 포근함
80789831,(FWIP) 557.1 프로글라이드 플러스 2ct 
80692206,퓨전 하이드라 센서티브 젤 200ml
80698687,질레트 스킨텍 매뉴얼 면도날 8입 (557)
82273876,컬러 클리어 뷰티 파우더 파데320
82284077,페브리즈 섬유탈취제 다우니 향 370ml (Harmony)
82233178,팸퍼스 크루저 3단계 1/174
82065018,팬틴모이스춰케어샴푸1000
80763681,헤숄 샴푸 쿨 멘솔 550ml
82322670,엘엑스피 얼티미트 퍼펙팅 세럼 10ml(비매품)
82230971,페브리즈 370ml+320ml 팩 상쾌한향 AMJ’15
82418114,AS 화이트닝 마스크 엔
82189069,프로글라이드젤 쿨링 + 헤드앤숄더 맨 샴푸 무료증정
82331604,팸퍼스 스와들러 1단계 32X4
82313463,팸퍼스 베이비드라이 2단계 이노머스 1/186_QR
82178243,맨 페이셜 트리트먼트 에센스 디럭스 듀오 세트
82040879,큐티골드중형40S*4
82304256,팬틴 콜로서스 실키스무드 1500팩
82250533,맨 모이스쳐라이징 클렌저120g
81164295,소프트터치6/71엔
82247344,팬틴 퀀텀 샴푸 500ml 엑스트라볼륨
82321907,질레트 프로쉴드 칠 면도기 2UP (557)
82038225,비달컨디셔너정상400ML번들2*12
82303619,FAB 진저&튜머릭 비타민 C 젤리 마스크 118ml(4.0OZ)
80881646,에스케이-투 엘엑스피 아이 크림 15g
82412343,AS 수이 립 글로스 309 테스터
82245599,다우니 퍼퓸 화이트 700ml 클래식 향(롯데)
80872040,다우니 퍼퓸 에메랄드 브리즈 950g P2
82265052,다우니 퍼퓸 화이트 클래식 향 1LX3
84912831,프링글스치즈맛미디엄184G
82240860,페브리즈 에어 맑은하늘바람 4개입 코스트코팩
82242719,T스킨 리부스터 75g
82223047,GIL MACH3 CLASSIC RAZOR 1UP 1X6X5
82280173,다우니 퍼퓸 골드 샤인 1L+1L (Chanel) - poly
82269052,페브리즈 섬유탈취제 은은한 향 320ml (Harmony)
80342395,557 스킨텍 매뉴얼 1ct (FWIP)
82224672,GEM 액티브핏 3단계 1X90
82138316,오랄비전동칫솔모3입EB17-3 (FFS)
80818383,제놉틱스 씨씨 프라이머 베이지 30g
82182026,헤드앤숄더 센서티브 알로에 컨디셔너 850ml
82169523,브라운 커피메이커 KF560
80831292,다우니 실내건조 플러스 (그린) 1LX12 P2
82311449,다우니 퍼퓸 샤인 2.6Lx4
82006469,허벌 에센스 머메이드 모이스쳐 샴푸
82076754,코스트코 웰라톤 7B 번들팩
82266335,페브리즈 370ml+320ml 팩 상쾌한향(Harmony)
81193776,피카소 하이드레이트 컨디셔너 펌프
81317999,오랄비 전동칫솔모 2입 EBS17-2
82085764,웰라 트리트먼트칼라 인텐시브 3B
82039135,SK2 ADV WHITENING LIQ FND 41N
82327907,페브리즈 차량용 2.2mlx3 라벤더
82275343,마스터피스 피테라 에센스150ml
82138747,헤드앤숄더 로터스 2550팩- 가려운 두피
82074614,후레쉬라이너 향 20
82272621,질레트 퓨전 매뉴얼 면도날8입
82039116,SK2 TRMT ESNC LIP 121C
82053921,큐티아기모자 0208
82259006,질레트 프로쉴드 8+1팩 코스트코
80698689,질레트 프로쉴드 옐로우 면도날 4입 (557)
82074559,에어터치 FND BE-2(트라이얼)
82333451,오랄비 초소형헤드 벨벳 6입 (쿠팡)
82129801,2010 설 테스코5호
82210030,팬틴 집중수분케어 샴푸 500
82217718,브라운면도기 크루저6 프리시전
82420343,모이스처 리치 파운데이션 프라이머 8.0ml 샘플
80842449,다우니 실내건조 플러스(그린)4LX3 Cstc
82230059,스킨 퍼펙팅 파운데이션420
80701407,오랄-비 <겨울왕국2> 스테이지스 4단계 8개입
81211823,SB 250ml 라이트 컨디셔너
82257436,팸퍼스 M6 베이비드라이 6단계 이코노미 박스1/128
82334050,다우니 엑스퍼트 실내 건조 1.05Lx3
82011117,팬틴ET정상샴푸400G 1SX24
82094689,에스케이 투 스킨 리부스터
82153813,에이지 리바이탈라이즈 로션 5G
82307632,SK-II 피테라 헤리티지 세트
82134332,헤드앤숄더 샴푸90 가려운 두피 케어
82019105,SK2 FT클렌징젤100G
80777216,질레트랩스 면도날 16입
82298169,팸퍼스 베이비드라이 팬티 4단계(대형) 42X4
82307191,비너스 올레이 컴포트 글라이드 면도날 3입
82161485,오랄비전동칫솔모8입EB20-8 (FFS) (E-mart)
82228894,듀라셀 울트라 AA 4팩 롯데마트
82333595,질레트 시리즈 폼 245G 3입 + 질레트 하이드라 젤 70G
82334083,다우니 프리미엄 액체형 세제 핑크 3L Lotsell
82420666,AS 아이 칼라 801
82083200,웰라 트리트먼트칼라 인텐시브 6B
80371682,오랄비 EB50RX화이트 리필8입
84865136,팸퍼스 크루저 4단계 점보1/160
82246726,페브리즈 차량용 프리미엄 스타터킷+리필팩_코스트코
82134669,위스퍼 리프레쉬케어 66P
82327585,오랄비 전동칫솔 D12.513 스타워즈 (트레이더스)
81200005,"TECHNIQUE SERVICE, REPAIR, SPAR PARTS"
83905132,SK-II 피테라™ 얼티미트 오라 세트(GIE)
82046918,팬틴비듬샴푸575ML1*6
82006213,헤드앤숄더 믹스드케이스-릴랙스티트리
82097376,위스퍼 트윈윙 이마트전용 94P
82268347,헤어레시피 꿀살구 쿠팡팩
80746680,페브리즈 화장실용 6.3mlX3 비누향
82421613,안나수이 넥클리스 루즈 01 - 테스터
82044137,위스퍼그린일반소형20*24
82144945,헤드앤숄더 007 RRP 800팩- 겸용샴푸
82156633,토탈이펙트 7 인 1 안티에이징 나이트 크림
82110590,헤드앤숄더 센서티브알로에 샴푸 850ML
82096423,팬틴 1900팩-밀키모이스춰
82107101,헤드앤숄더 헤어폴 클리닉 컨디 850ML
82174764,오랄비 어드벤티지4웨이 후레쉬 3입 + 크로스액션 탁월한 세정력 2입 
82283960,질레트 프로글라이드 플렉스볼 매뉴얼 면도기 2업(PX)
82047461,코디50M30R*1
82101806,위스퍼 코스트코 트윈윙 86P
82154919,팬틴 컨디 500 내추럴 케어 스티커
82205906,페이셜 트리트먼트 UV 프로텍션 30g
82171169,위스퍼 보송보송케어 울트라 날개 대형30개입RRP
81148183,DG 로즈 더 원 BL 100ML PWP
82138167,퓨전 파워 6X1 PACK
82204865,페브리즈 차량용 2MLX6 (맑은하늘바람)_TESCO
82167499,팬틴 바운시볼륨케어 뉴 1900팩
82289968,페브리즈 차량용 2개입(2.2mlx2)(곰팡이냄새제거용)
82133985,헤드앤숄더 컨디850 민감한 두피 케어
82052882,VS COND 200GX6X4 COLR PTCT SC-CG
82173225,스템파워 크림 컴팩트 파운데이션 330
82289565,팸퍼스 베이비드라이 4단계 이노머스 박스 1/150
82126570,헤드앤숄더 센서티브알로에 컨디 850ML
82279592,질레트 퓨전 프로글라이드 파워 4개입
82118420,비달사순 딥살롱 에센스100G
82148496,헤드앤숄더 스완 특별 1650팩- 딥클린
80827725, 헤드앤숄더 샴푸 퍼퓸520ml
82098936,위스퍼 소프트클린 오버나이트 보너스 팩
82214237,질레트 마하3 면도날 4개입(EM)
82292968,제놉틱스 스팟 에센스 50ml
82033446,큐티베이비조이대형48*4
82138028,로케트 파워 알카 AA 2개입 CVS
84939112,프링글스매콤한맛184g
82225011,팬틴 극손상케어 2000ML팩 이마트
82095406,팬틴 2450팩-엑스트라스트레이트
82298613,질레트 블루3 심플 8s
82315768,페브리즈 화장실용 1개입(6ml) 상쾌한 비누향 (Retail)
82227106,다우니 퍼플 200ml 화이트티와 릴리 향　
82309892,팬틴 미셀라 모이스쳐 샴푸 쿠팡 팩
80318721,오랄비어린이칫솔모 EB10-2 FROZEN
80747911,헤드앤숄더 애플 프레쉬 샴푸 850ml (PX)
82263026,퓨전 프로쉴드 옐로우 홈플러스 창립 기프트팩
82245580,다우니 퍼퓸 블랙 1L 미스티크 향(테스코/롯데)
82200268,비너스 새틴케어젤 200ML
82215184,페브리즈 다우니 아로마쥬얼 자수정 바닐라향 용기형 370ML
80319236,오랄비 GENIUS 9050 블랙
82183119,다우니 퍼플 700ml 화이트티와 릴리 향_Oct’12
82418103,AS 프로텍티브 PF 엘 P04
82138121,오랄-비 크로스액션 젠틀케어 35모 3개입
81225766,오랄비 스테이지스 치약 푸우
80812115,제놉틱스 CC 프리마 30g 로즈
80715703,페이셜 트리트먼트 젠틀 클렌저120g
82093099,웰라톤트리트먼트칼라 9B (DA)
82296285,클래식 허벌 에센스 리플레니싱 샴푸
82420593,AS 아이 칼라 (팬 필드 테스터) 001
82308288,페브리즈 320ML 리필형 상쾌한 향(PGP)
82158257,듀라셀 울트라 파워체크 AAA 24팩
81192408,피카소 트레이
82148991,셀루미네이션 에센스 인 FND 310
80809035,질레트 랩스블랙앤골드
82089345,큐티 편안한아기 골드 대형 44P
82320478,다우니 어도러블 1LX2+세제 블루1L (ET)
82133105,오랄비충전식전동칫솔 D20.525 (치과전용)
82058990,코디70MX24R*3
82314312,오랄비 크로스액션 화이트닝 차콜 1입
82299252,컬러클리어 뷰티에나멜 크림컴팩트310
82158767,퓨전 파워 프라이드 샘플
82416821,안나수이 립 루즈 G 300 T
82304258,팬틴 데일리 모이스처 리뉴얼 샴푸 1200ml
82248223,오랄-비 스테이지스 2단계 행사팩　
82049717,팬틴트리트먼트볼륨200ML*12
82145556,페이셜 트리트먼트 클리어로션 10ml 샘플
82242602,제놉틱스 오라 에센스 50ML
82093008,WB 헤어스프레이 250 (DBD)
82148999,셀루미네이션 에센스 인 FND 105
82142277,팬틴 집중손상케어 1500팩
82308857,질레트 스킨텍 매뉴얼 면도날 8CT 8x6x12
82323054,비너스 스월 면도기 2UP (657)
82255601,페브리즈 차량용 프리미엄 숲속의 콘체르토 스타터킷 7ml (LEGO)
80794222,질레트 프글 울트라 면도날 8입
81212914,BT 150ml 에이지 인슈어 마스크
82203394,후레쉬라이너 무향 40*2 (RRP)
80774971,다우니 세제 실내건조 1LX12 BD
82065136,큐티 대형 60SX4
82103033,헤드앤숄더 내추럴 허브 770CD팩
82057556,비달샤순웨이브샴푸560
82138970,퓨전 MAMJ'10 F10 파워
82410141,AS 네일 칼라 N 501 - 테스터
82244735,오랄비 고탄력 초미세모 틈새 케어 4입 이마트
82311514,오랄비 스테이지스4 프로엑스퍼트 스타워즈 6입 쿠팡팩
82243563,오랄비수퍼플로스민트50개입(치과전용)
82333453,오랄비 크로스액션 플라그 가드 6입 (쿠팡)
82234618,헤드앤숄더 Bahamas샴푸 850 헤어폴
82119861,스킨시그니처 80g
82110993,헤드앤숄더 센서티브알로에 샴푸 200ML
82316119,다우니 블루 레몬그라스와 달콤한라일락 향 200ml
82046036,SK2 ADV WHT리퀴드FND 33 SP
82242604,제놉틱스 오라 에센스 0.7ML (비매품)
82156133,듀라셀 디럭스 알카 AA 20개입
82145128,페브리즈 비치형 리필 (바닐라라벤더의포근함) STK
82418084,AS 프로텍티브 FF 엘 E99
82045804,샤민로즈45M 18R
82255959,페이셜 트리트먼트 젠틀 클렌징 크림 80g
82252516,다우니 김치 핑크 2L+700ML팩 베리베리와 바닐라크림 향
82316889,오랄비 스테이지스3 프로즌 2pX4입 (코스트코)
82019130,SK2 AQUA PACK
82230821,페브리즈 다우니향 리필형 320ML
82041582,MFI EYE MASCARA CRV/CRL NAVY
80799839,팬틴 트리트먼트 극손상 (400lx3)X14 코스트코
82082320,비달사순 1520팩-컬러케어
80354281,오랄-비 전동칫솔 Genius9000 화이트
80778461,다우니 세제 실내건조 2LX6 BD
82243512,오랄-비 어드밴티지 컴플리트 화이트닝
80219209,컴플리트 5웨이 클린 40모 3입
80777213,질레트랩스 면도날 12입
82242756,셀루미네이션 딥 서지 EX 2g (비매품)
82296480,질레트 포오미 레몬라임 175g 3입_핸드타올
82258566,마스터피스 피테라 서플니스 세럼 50ml
80718463,페이셜 트리트먼트 에센스 ND22 하이퍼 리미티드 에디션 (블랙)
82229416,콤펙트 케이스(화이트 타원형)
82217406,페브리즈 370ml+320ml 팩 상쾌한향 JAS'14 - Sundry
84849344,질레트 포오미 센서티브 175G
80887960,팬틴 극손상 케어 샴푸 1200ml
80853932,페브리즈 화장실용 프레쉬 스카이 6.3mlX3 쿠팡
82229545,알.엔.에이 파워 래디컬 뉴 에이지 2.5G
82179726,프링글스 비비큐 110G X 12
82250993,페브리즈 차량용 프리미엄 스타터킷 + 리필*2 팩_이트레이더스
82137879,듀라셀 리튬 CR2 3V 1개입 JAPAN
82164702,페브리즈 에어 태국의 열대과일 향기 275G 온팩
80796244,오랄비 iO얼티밋클린 블랙 리필2입
82274240,마하3 클래식 8입+면도기 1up팩 (트레이더스)
82072255,팬틴1510팩 볼륨
80767219,SK-II FY2324 동안 세트
82096495,헤드앤숄더945트라이얼팩-프레쉬레몬그라스
82116510,SK-II 셀루미네이션 에센스-인 FND(미니어처)
82313311,다우니 핑크 4LX3 베리베리와 바닐라크림 향_PGP
82052884,팬틴모이스쳐컨디셔너500*9
80230834,F14 Mach3 클래식 면도기 1UP
82099885,헤드앤숄더 릴랙스티트리컨디셔너 200ML
82003253,팬틴 헤어 폴 컨트롤 컨디셔너 375ML
82183865,프로글라이드 파워 8입날 + 파워 면도기 무료 증정팩
82152856,프링글스 미니 번들팩 (Apr'11)
82052558,위스퍼울트라날중64*12
82050308,큐티드림골드대형40*4
80781486,페브리즈 향균플러스 깨끗한향 370ml
80821252,다우니 블루 레몬그라스와2.6LX6 P1.1
82071412,비달사순 컬러케어 트리트먼트200
82163664,화이트 래디언스 나이트 리스토어링 크림
82267732,헤드앤숄더 2250샴푸팩- 쿨 멘솔 (PYC)
82167974,듀라셀 울트라 AAA 18개입 파워체크
82050729,팬틴린스960ML팩불륨2*6
81131505,AS 모이스처라이징 밀크
82068908,팬틴 1900팩-볼륨
82082855,팬틴 2050팩-볼륨
82220626,팸퍼스 크루저 4단계 1/152
82255588,페브리즈 차량용 프리미엄 후레시 하모니 리필 7ml (LEGO)
80746630,페브리즈 화장실용 6.3mlX3 다우니쿠팡
82103462,팬틴 실키스무드 40ML 컨디셔너
82409020,AS 아이 라이너 펜슬 WP 300 테스터
82135937,토탈이펙트 어드밴스드 데일리 모이스처라이저 위드 쿨링 에센스
82194662,헤드앤숄더 1700팩- 애플프레쉬_new
82251906,팸퍼스 액티브핏(크루저) 3단계 1박스 (204매) 2P 샘플 삽입
80714219,다우니 베이스 핑크 맥퀸 베리베리와 바닐라크림(2L+1.6L+200MLX
82076705,페브리즈(투명) 900ML 실속형 플러스
82313769,클래식 허벌 에센스 모이스쳐-밸런싱 샴푸
82320362,다우니 프리미엄 액체형 세제 실내건조 2.8L 온라인
82060749, 클렌징젤 15G
82219378,페브리즈 차량용 2ML (뉴질랜드 계곡)
82238561,아티산 브러쉬 파운데이션 310 (모이스트)
82286774,페브리즈 370ml+320ml 팩 상쾌한향(KREACH)
82155007,오랄비 전동칫솔모 EB20-3 + EB25-1
82123068,헤드앤숄더스완 1775팩-수딩두피케어
82315119,오랄비 고탄력 초극세모 그린티 1입(Hyper)
82156657,토탈이펙트 7 인 1 안티에이징 세럼 샘플 10g
81548627,브라운 시리즈5 PP5 5050s_LSD
82173655,헤드앤숄더 로터스 2550샴푸팩- 쿨 멘솔
80711991,질레트 프글 매뉴얼 면도기
82208939,로케트 알카 AAA 4개입
82117063,위스퍼 그린 세이프티존 오버나이트 14P
82015448,페브리즈 에어 비치형 마일드 핑크 130G 리
80748457,오랄비 스테이지스1 6입 쿠팡팩
80812503,다우니 실내건조 플러스 (그린) 1.05Lx3 P2
82160757,팬틴 트리트먼트 200mlX2 내추럴케어_트레이더스
82149539,허벌 에센스 터쳐블 스무드 샴푸
82040878,큐티골드소형34S*6
82196245,스킨 시그니처 멜팅 리치 크림 50g
82260900,질레트 마하 3 면도기 1up
82266730,페브리즈 에어 화장실용 (상쾌한 하늘향) (Kreach2)
82330898,페브리즈 에어 다우니 3개입
82077434,팬틴 집중손상케어 트리트먼트 100ML
82249924,페브리즈 비치형 바닐라라벤더 3개입 코스트코팩
80838176,(T)질레트 프글 파워 면도날 4입
80856908,팬틴 실키 스무드 케어 트리트먼트 400MLX3 Traders
82047882,위스퍼대리점쿠폰행사S5*9
82271465,오랄-비 크로스액션 컴플리트7 그린티 35모 6입 (코스트코)
82033798,코디절약티슈70 1*100 12925
82010366,플로랄향 페브리즈 대용량 900ml
80683114,팬틴 콜로서스 샴푸 1200ML 극손상
82200265,질레트 포오미 센서티브 175g
80343978,557 프로쉴드 옐로우 4ct FWIP
82089565,팬틴EXTRA스트레이트 트리트200ML
80693691,울트라오라 케어 에센셜 컬렉션 세트
80720702,팬틴 프로-브이 실키 스무드 케어 컨디셔너 500ml
82147104,화이트 래디언스 나이트 리스토어링 크림
82076279,비달사순 컬러케어 린스 560_넥행어
82271304,퓨전 프로쉴드 옐로우 면도기 1up+8입팩 (e-Comm)
82286748,퓨전 파워 면도날 16입 (ECOM)
80711443,페브리즈 화장실용2개입(6mlx2) 향긋한 꽃향기 (Online)
82233259,퓨전 매뉴얼 면도기 1UP
82131351,위스퍼 슈퍼롱 오버나이트 보너스팩 10+2개입 SH
82138208,싸인즈 업 리프터 5g 샘플
82296795,다우니 PGP 핑크 3.8X2 베리베리와 바닐라크림 향
82245561,다우니 퍼퓸 화이트 1L 클래식 향
82192582,다우니 핑크 4LX4 베리베리와 바닐라크림 향_PGP
82135030,페이셜 트리트먼트 에센스 10ml 샘플
82088424,MJ'06 (900ML+320ML) 프로모션팩(상쾌한향)
81164346,KP 10/44 엔
82240480,헤드앤숄더 발리 샴푸 90 딥클린
82166594,헤드앤숄더 샴푸550 건조한 두피 케어
80841663,다우니 실내건조 프레시클린 (1.05Lx3)x4 H1
82420610,AS 아이 칼라 (팬 필드 테스터) 501
82242684,팬틴 퀀텀 트리트먼트 150x12 딥리페어 헤어 마스크팩
80864076,헤드앤숄더 두피 토탈 솔루션 샴푸 쿨멘솔 850ml
80711449,페브리즈 화장실용 1개입(6ml) 상큼한 레몬향 (Online)
82077426,헤드앤숄더 샴푸 레몬그라스 200ML
82272078,다우니 퍼퓸 골드 샤인 1LX3 (Chanel)
82161014,듀라셀 디럭스 AA 4+2 프로모션 팩
82206534,스템파워 크림인 파운데이션 420
82280878,질레트 프로쉴드 옐로우 면도날 12입 코스트코팩
82256873,오랄비 스테이지스2 6입
80698201,다우니 엑스퍼트 실내건조 톰포드 (핑크) 200mLX24
84809054,프링글스 양파맛 40G
80314856,팸퍼스 베이비드라이 2단계 이노머스 박스 1/186
80208931,팸퍼스 스와들러 0단계 수퍼 1/88
82259664,팸퍼스 M5 베이비드라이 3단계 이코노미 박스1/204
82144858,브라운 무선 핸드블랜더 MR730cc CA
82333747,다우니 베이스 핑크 맥퀸 베리베리와 바닐라크림 1.05Lx3
82032825,큐티물티슈수퍼리필240*8
81647601,브라운 면도기 M30
82160566,스템파워 크림 컴팩트 파운데이션420 샘플
82084688,비달사순 50주년기념 샴푸550ML-프로페셔널
82230577,T스템파워 아이 크림 15g
82126899,셀루미네이션 마스크인로션 10ml 미니어처
82280854,헤드앤숄더 1950팩- 쿨멘솔 (한정 기프트팩)
82326738,비너스 엑스트라 스무스 면도날4입
82268536,브라운 면도기 M30
80746681,페브리즈 비치형 6.3MLX2 라일락피오니
82009457,팬틴ET손상샴푸400G 1X24
80701274,헤숄 두피컨트롤 샴푸 1.2L
82125953,위스퍼 소프트클린 오버나이트 14개입
82094800,위스퍼 소프트클린보송보송대만족실속기획E
82287939,페브리즈 포맨 쿨 아쿠아향 370ml+320mlx2
82331035,질레트 프로글라이드 매뉴얼8입+프로쉴드 옐로우3입 팩 (롯데마트)
82243431,질레트 퓨전 파워 면도기 1up
80774974,다우니 세제 블루 1LX12 BD
82181913,다우니 핑크 1L+1L 팩 베리베리와 바닐라크림 향_Sep'12
82034623,헤드앤숄더 딥클린샴푸850ML-STKR
82247406,페이셜트리트먼트 젠틀 클렌징크림80g
82303801,오랄비 고탄력 초미세모 그린티 1입
82081602,SK-II AST 파우더 파운데이션 OP-1
82050310,큐티드림골드중형144*1
81019259,AS 아이 칼라 액센트 501 테스터
82265319,헤어레시피 꿀&살구 수분 트리트먼트 530ml
82163601,헤드앤숄더 MMS 1950팩- 헤어 폴 클리닉
82100178,SK-II 컴팩트 이멀전 레드
81153950,SP 5ml 컬러세이브 인퓨전
82245436,오랄-비 스테이지스 3단계어벤져스 2입(테스코)
82206958,프로글라이드 매뉴얼 면도날 4입]
82330507,비너스 스월 면도날 4입 (657)
81188019,보스보틀 나이트 애프터쉐이브밤 50ml 샘플
81766143,브라운 시리즈 X 면도기 M1012 BLACK
82407843,AS 모이스처라이징 바디 로션 테스터
81694788,브라운 시리즈 5 면도기 50-B1000s BLUE
80693939,다우니 베이스 핑크 맥퀸 베리베리와 바닐라크림 700ml
80690949,다우니 생화향기 컬렉션 스프링 가든 러브 리필 2.6Lx4
82016006,엑스트라 데미지 케어 샴푸 100ML
82138183,질레트 벡터면도기 1UP
82300414,페브리즈 차량용 3개입(2.2mlx3) (맑은하늘바람)
82315322,질레트 프로글라이드 매뉴얼8ct+프로쉴드 옐로우3ct 팩 (롯데마트)
82208818,듀라셀 디럭스 알카 AAA 8팩
80354276,오랄-비 전동칫솔 Genius9050 블랙
82164170,팬틴 집중수분케어 컨디셔너 850
82150861,듀라셀 울트라 AA 12개입 파워체크
82249409,페이셜 트리트먼트 에센스 그린 리미티드 에디션
84850833,프링글스 양파 40GX12
82263637,다우니 퍼퓸 그린 보타닉 가든 200ml
82174758,위스퍼 보송보송케어 중형 30개입
82185833,P&G 팬틴 선물세트 T3호
82288663,다우니 블루 4LX3 레몬그라스와 달콤한 라일락 향 (홈플러스)
80764776,LXP 얼티미트 퍼펙팅 아이크림15g
82319129,페브리즈 차량용 맑은하늘바람 2개입 + 페브리즈 차량용 라벤더 2개입
82292819,다우니 핑크 2.6L 베리베리와 바닐라크림 향
82140674,크로스액션 프로엑스퍼트 주니어 6입 코스트코
82164130,토탈이펙트 7 인 1 안티에이징 스트레치 마스크
82171628,헤드앤숄더 샴푸850 쿨멘솔 이마트 RRP
82250041,화이트닝 소스 덤 리바이벌 마스크 10p
82227115,다우니 퍼퓸 화이트 700ml 클래식 향
82289964,페브리즈 차량용 2개입 (2.2mlX2) (쿨 아쿠아향)
81115317,플로라 바이 구찌 샤워 젤 200ML
82143601,화이트닝 소스 덤 리바이벌 마스크 1P 샘플
80710231,피테라 에센스 230ml 디럭스 듀오 세트
80725193,다우니 베이스 블루 레몬그라스와 라일락1.6LX6 Lotsell (202
80775671,오랄비 EB60X화이트 리필모 4입
82403029,AS 프레스드 파우더 001
82281920,위스퍼 보송보송케어 울트라 날개 오버나이트 14P
82288752,다우니 퍼퓸 핫핑크 블룸 1LX3 (쿠팡)
80725191,다우니 생화향기 컬렉션 미스티크 1.6x6
82288713,에스케이-투 스킨파워 스킨파워 아이 크림 2.5g
80755669,다우니 세탁세제 퍼플2LX2 (TRADERS OFF TRAY)
82217146,페브리즈(MO) 900ML 실속형 은은한 향
82079971,팬틴 2960팩-바운시 볼륨
82249032,팬틴 퀀텀 엑스트라볼륨 1500팩X6
82060278,팬틴8월1600팩-모이스춰
82216883,비너스 스월 면도기 2Up
82322574,다우니 베이스 블루 맥퀸 레몬그라스와 라일락 4LX3 (PGP E)
82043764,뉴S-FOLD TOWEL 30*1
80319553,팸퍼스 베이비드라이 5단계 이노머스 박스 1/132
82285995,다우니 퍼퓸 블랙 미스티크 1L+1.6L
82014834,팬틴 1900팩-집중손상
82072987,팬틴 750 린스-집중손상
80809379,브라운 시리즈 9 면도기 9660cc BLACK
82096183,헤드앤숄더RELAX티트리컨디570ML
82227111,다우니 퍼퓸 블랙 700ml 미스티크 향
82137910,듀라셀 디럭스 알카 AA 8+6개입
80703711,다우니 퍼플 화이트티와 릴리 1LX12 F1
82253013,위스퍼 보송보송케어 시스템 기획 74P(롯데마트)
82059523,비달사순 모이스춰 워터
82288479,페브리즈 화장실용 1개입(6ml) 산뜻한 사과향
82310479,오랄-비 초미세모 그린티 4입 + 블랙티 4입 (홈플러스)
82273890,싸인즈퍼펙트 래디언스 리퀴드파데440
82309940,오랄-비 프로엑스퍼트 스타워즈 행사팩 JFM18
80713594,다우니 엑스퍼트 실내건조 헐크 (그린)  4LX3
82212273,비너스 새틴케어 센서티브 젤
80354267,오랄-비 전동칫솔 Pro100 크로스액션 블랙
82144236,오랄비전동칫솔모2입EB25-2
82221482,로케트 파워 알카 AAA 7+7개입
82153678,듀라셀 믹스드 케이스 A (듀라셀 AA4 + AAA4)
80887963,팬틴 극손상 케어 샴푸 1800ml
82275839,싸인즈퍼펙트 래디언스 리퀴드파데330
82145393,페브리즈 비치형 태국 스타터킷 5.5ML
82306661,페브리즈 370ml+320ml 팩 은은한향
81773391,브라운 IPL PL5124
82227054,페브리즈 370ml+320ml 팩 다우니향 AMJ’15
82094302,비달사순 2880 DM팩-프로페셔널
82249905,LXP얼티미트 퍼펙팅 에센스150ml
82195733,페브리즈 370ml+320ml 팩 허브향 DJF'13
82135389,위스퍼 슈퍼롱 오버나이트 2P
82131972,팬틴 아이리스 미스터리 샘플 삼푸 40ML
80714908,팸퍼스 베이비드라이 팬티 4단계(대형) 42X4
82212357,다우니 퍼플 1L 화이트티와 릴리 향
82145242,위스퍼 보송보송케어 울날중 90개입 RRP
82219871,대리점 프로글라이드 파워 믹스드케이스
82404217,안나수이 플라잇 오브 팬시 EDT 75ML
82410330,AS 네일 아트 칼라 엔 071
81342262,SP 400 마스크 마일리지 카드
82210025,팬틴 바운시볼륨케어 컨디셔너 850
81666137,브라운 시리즈 8 면도기 8330s SILVER
82157974,오랄비 크로스액션 프로엑스퍼트 항균모 35모 3개입
82293402,다우니 오션코랄 퓨어러브 1L+1.6L 팩 (Paper)
82296924,페브리즈 섬유탈취제 내추리스 레몬그라스 앤 진저 향 360ml
80345461,오랄비 구강세정기 아쿠아케어6
82233134,페브리즈 아로마쥬얼 자수정 바닐라향 용기형 370ML X 6_Tesco
82283961,질레트 프로쉴드 옐로우 면도기 2업(PX)
82056326,해드앤숄더샴푸딥클린570ML
82106637,팬틴 1700팩-실키스무드
82089878,비달사순 1700 샴푸팩-컬러케어
80264347,팸퍼스 크루저 4단계 1/152
80342400,프로쉴드 옐로우 1입 FWIP
82051159,위스퍼이마트전용특별팩
80717378,브라운 세정액 CCR 5+1
82323127,오랄비 GENIUS 8000 화이트
82195996,로케트 망간 9V 1개입
82333028,FAB 울트라 리페어 크림 듀오 세트(URC170.1g*2/6OZ*2)
82070809,팬틴400트리트먼트팩볼륨
82146726,오랄-비 충전식전동칫솔 D20 3MODE
82196231,브라운면도기 크루저5 페이스(코스트코)
82314461,다우니 퍼퓸 블랙 미스티크 2LX2 팩 (이트레이더스)
82414612,립 스틱 비. 02
82031907,큐티WET티슈사각80 1*12
82237431,팬틴 극손상케어 1500팩X6
82292293,페브리즈 포맨 상쾌한허브향 용기형 370ml (Elixir)
82333864,페브리즈 370ml+320ml 팩 상쾌한향
82113046,탐팩스 펄 레귤러 20P
82310733,다우니 엑스퍼트 실내건조 700MLx8
82241855,T 스템파워 리치크림 15g (비매품)
82066231,코디일반50미터24롤
82283255,팸퍼스 베이비드라이 1단계 점보 팩 44P*2
82333874,다우니 베이스 블루 맥퀸 레몬그라스와 라일락 700ml Lotsell
82234711,다우니 페브릭 데오도라이저 블루 375g
80353002,557 스킨텍 매뉴얼 1up FWIP
82287958,페브리즈 차량용 베이스 6입 코스트코팩(리모넨)
80745841,페브리즈 포맨 쿨아쿠아 리필 320ml
82138192,화이트닝 소스 덤 브라이트너 2.5g 샘플
80853930,페브리즈 화장실용 시트러스 6.3mlX3
82096497,헤드앤숄더 1250팩-실키모이스춰
82281993,팸퍼스 M6 베이비드라이 6단계 이코노미 박스1/128
82163183,퓨전 프로글라이드 파워 면도기
82195744,페브리즈에어 라벤더의포근함 3개입 롯데빅마트
82275365,제놉틱스 오라 에센스50ml
80742196,다우니 삶음파워 플러스 2L
82041598,SK-II ESNC ADV/PTCT/UV SACH 10P BC SP
82046413,이플러스CODI키친타월200 4R*12
80778459,다우니 세제 퍼플 1.9LX6 BD
82246800,T 스킨 시그니처 3D 리디파이닝 마스크1P (비매품)
82089591,어드밴스드 화이트닝 소스 팬케익 320 샘플
80707104,질레트 스킨텍 파워 면도기 1UP(PX)
80840736,(557.1 ) 질레트 스킨텍 면도날 12입
82229452,페이셜 트리트먼트 젠틀 클렌저 120g
82273732,컬러클리어 뷰티에나멜 크림컴팩트310
82196151,다우니 아로마 쥬얼 블루 에메랄드 브리즈 375g
82080692,웰라 트리트먼트칼라 인텐시브 7B
82104345,팬틴집중손상케어컨디850ML
82142281,팬틴 모근강화케어 1500팩
82404354,AS 뷰티 미러 로즈
82300099,LXP 얼티미트 퍼펙팅 크림50g
82088418,페브리즈 MA'06 카팩프로모션 플러스
82410786,AS 딥 클렌징 오일 테스터
80319554,팸퍼스 베이비드라이 6단계 이노머스 박스 1/112
82103904,헤드앤숄더 센서티브 알로에 믹스드 케이스
82416753,립 루즈 G 500
80846776,다우니 블루 3.8Lx4 레몬그라스와라일락 P2
82275187,오랄비 초소형헤드 벨벳 5p
82250522,페이스 트리트먼트 리페어C 30ml
82077293,팬틴 밀키 모이스춰 케어 컨디 750ML
80840382,헤숄 쿨멘솔 샴푸 520mlx2 올리브영팩
82183879,페브리즈 (900+320) 팩 허브향 OND'12
82253621,프로글라이드 파워 면도날 14입 (플렉스볼)
82333738,프글 센서티브 엑티브 스포츠 포오미 245g
82227502,다우니 퍼퓸 블랙 1.7L 미스티크 향
82420713,안나수이 립 칼라 컬렉션 AN IV - 테스터
81019241,AS 아이 칼라 액센트 004 테스터
82173769,퓨전 프로글라이드 파워 6+1 코스트코팩
82229486,맨 아이 리바이탈라이징 트리트먼트 15g
82232799,오랄비 스테이지스3 4입+크로스액션 탁월한 세정력 2입
82242603,제놉틱스 오라 에센스 75ML
82163700,헤드앤숄더 딥클린 샴푸 400ml
82116023,스킨시그니처 트라이얼샘플 15G
80836454,질레트 프로쉴드 파워 이마트 창립기념팩
82320299,다우니 핑크 1+1.6LX2팩 베리베리와 바닐라크림 향
81153733,SP 40ml 퍼펙트 엔즈 에센스
81192018,휴고 엘레먼트 오 드 뚜왈렛 90ml 사은품
82311527,페브리즈 섬유탈취제 허브 향370ml
80770792,질레트 퓨전 매뉴얼 면도날 4입
82289806,PGP 페브리즈 에어 맑은하늘바람 275g 특판용6개입
82314000,에스케이-투 스킨파워 아이 크림 15g
82039457,큐티골드특대형28S*6
82093081,WB 스프레이젤 150 (DA)
82203673,위스퍼 코스모 인피니티 오버나이트 10개입
82224369,제놉틱스 스팟 에센스 30ml
82079709,팬틴 1600팩-엑스트라 스트레이트
82045800,샤민울트라33M 18R
82311793,질레트 스킨텍 매뉴얼 면도기 2up 1x6x6
82234739,오랄비 고탄력 초미세모 저자극 케어 4입 (이마트)
82205059,다우니 퍼퓸 블랙 700ml 미스티크 향
82205680,마하3 센서티브 매뉴얼 BBGR_OND
82256164,위스퍼 리프레쉬클린케어 중형 50P
82089182,프링글스 코스트코 6캔 팩-축구
82146136,페브리즈 비치형 하와이 스타터킷 5.5ML
82311534,페브리즈 섬유탈취제 내추리스 라벤더 앤 유칼립투스 향360ml
80355681,오랄-비 젠틀 케어 리필모 2입 (iO전용)
80887967,팬틴 프레스티지 데미지 리페어 샴푸 1200ml
82260522,다우니 블랙 4LX4 미스티크 향 리넨케어_PGP
80691240,에스케이-투 페이셜 트리트먼트 에센스 앤디워홀 리미티드 비매품(레드)
82068892,팬틴 2960팩-집중손상
82119038,프링글스 미디엄 양파맛 140g (address sti
82184650,헤드앤숄더 레몬그라스 컨디셔너 850ml
82328731,페브리즈 향균플러스 산뜻한향 370m+640ml (트레이더스)
80843078,페브리즈 차량용 방향제 다우니 에이프릴 (2.2MLX2)X6
82070539,비달 1500팩-웨이브
82070639,위스퍼소프트클린시스템프로모션팩-T
82253357,화장용 퍼프(레드케이스 타원형)
82080059,팬틴 1250팩-집중손상
82063471,큐티팜파티셔츠(분홍)
82067286,크레스트스핀브러쉬스파이더맨
82056578,비달1000+400팩STRT
82111006,헤드앤숄더 딥클린샴푸 200ML
82104346,팬틴집중손상케어컨디500ML
82164314,토탈이펙트 7 인 1 안티에이징 크림 노말
82258134,허벌 에센스 클래식 릴렉싱 카모마일컬렉션 컨디셔너 490ml
80784032,브라운 시리즈 9 면도기 9450cc BLACK
82157398,셀루미네이션 리퀴드 FND 440
82284813,다우니 퍼퓸 보타닉가든 2LX2 팩 (이트레이더스)
82047145,팬틴샴푸모이스춰550ML*6
80737935,오랄-비 전동칫솔 iO9 블랙 오닉스 기프트패키지 블루 (네이버)
82182104,LXP 액티베이팅 마사지 플루이드 200g
80726127,오랄비 크로스액션 7 35모 3입(롯데마트)
80717956,질레트 퓨전 매뉴얼 믹스드케이스
82201143,퓨전 매뉴얼 면도기 1UP
82043619,SK2 ADV WHITENING LIQ FND 41N BC
82310729,다우니 퍼퓸 블룸 1Lx12
82267031,다우니 퍼퓸 샤인 200ml
82255898,스킨 퍼펙팅 파운데이션310
80711921,질레트 프쉴 옐로우 면도기 2업
82104316,페브리즈 카사이즈 프로모션 팩 깨끗한무향
82038328,큐티대형52S*4
82194752,오랄비전동칫솔 D29.525.4X  (Club)
80793379,헤드&숄더 두피토탈솔루션 샴푸 쿨멘솔 850ml (CP)
82333865,페브리즈 370ml+320ml 팩 은은한향
81037119,DG 더 원 EDP 30ML
82252218,더블유에스 덤 리바이벌 프로그램 10P
82041423,위)울트라후레쉬날개중대78*12
84970955,프링글스 오리지날맛(축구) 170G
82110055,페브리즈 화장실용팩 상쾌한 초원
81211835,SB 250ml 패네트레이트 샴푸
82226080,페브리즈 차량용 맑은하늘바람 2개입 + 다우니 2개입 코스트코
80788996,오랄비 EB20RX 화이트 리필 8입
82209019,듀라셀 디럭스 알카라인 AAA 15팩
82039136,SK2 ADV WHITENING LIQ FND 42
81153721,SP 200ml 리페어 마스크
82089562,팬틴집중손상트리트먼트200ML
82186102,리프레쉬슈퍼롱오버나이트20개입
82087173,비달사순 COSMETIC 믹스드 II
82093066,WB 리퀴드헤어 55ml (견본)
80208997,오랄비 전동칫솔모 EB20-3 + EB25-1
82205917,맨 페이셜 트리트먼트 에센스 150ml
82096508,헤드앤숄더 770샴푸팩-쿨멘솔
81770223,브라운 시리즈 6 면도기 61-N1200s BLACK
82077638,헤드앤숄더 770팩-멘솔
80693756,다우니 엑스퍼트 항균 파워 플러스 2.6L
82244776,오랄비 크로스액션 TAJ Lite 4입
82299247,RNA파워 에어리 밀키 로션50g
82068897,팬틴1200팩볼륨
82046392,큐티드림골드대형60*4 FALL01
80872937,오랄비 깊은세정 크로스액션 플라그가드 40모 3개입
82408148,AS 리퀴드 아이 라이너 N 001 테스터
82321183,오랄비어린이칫솔모 EB10-4 STARWARS (트레이더스)
82207346,퓨전 하이드라 센서티브 젤 200ml
80770790,질레트 퓨전 파워 면도날 8입
82153803,페이셜 트리트먼트 에센스 포 맨 10ML
80887970,팬틴 프레스티지 데미지 리페어 샴푸 750ml
82118801,헤드&숄더 센서티브 알로에 컨디셔너 550ML
82154917,팬틴 컨디 500 극 손상케어 스티커
82184643,헤드앤숄더 쿨멘솔 샴푸 550ml
81153712,SP 50ml 리페어 에멀젼
82323219,질레트 면도기 그루밍 스테이션
80767624,오랄-비 바이탈리티(크로스액션) 리필모 세트
82041634,위스퍼슬림날대10*24
82052195,WHISPER REG FL 34SX24 CDU WING WHITEBULL
80690946,다우니 생화향기 컬렉션 스프링 가든 러브200mlX24
82206850,허벌 에센스 클래식 릴렉싱 카모마일 컬렉션 샴푸 490ml
82309838,다우니 프리미엄 액체형 세제 핑크 1.0Lx12
82155332,팬틴 극손상 케어 1000팩
82125583,페브리즈 엑스트라 스트랭스 보충형 320ML
80851841,터치오브네이처 밴드 2단계 52X3
82236597,팸퍼스 크루저 5단계 1박스 (132매)
82412334,AS 아이브로우 라이너 500 (리필) T
82185213,헤드앤숄더 애플프레쉬 컨디셔너 414ml
82331022,질레트 스킨텍 면도날 16입 (ECOM)
82326079,페브리즈 향균플러스 산뜻한향 대용량리필 650ml
82118171,헤드&숄더 프레쉬레몬그라스 샴푸850ML
81126615,BT 아쿠아 에센스 150ML
82080009,팬틴 2500팩-엑스트라 스트레이트
82088826,어드밴스드 화이트닝 소스 리퀴드 FND 510
82243764,페브리즈 차량용 프리미엄 아쿠아왈츠 스타터킷 7ml (K-Reach)
80248722,오랄-비 스테이지스 2단계 2입
82416829,립 루즈 지 테스터 500
82054448,코디베어머천다이징250 3*8
82180264,팬틴 집중손상케어 1850팩
82410780,AS 인텐시브 MOIST 세럼 미니
82243519,오랄-비 크로스액션 7베네핏 40모
82250443,오랄비 마이크로씬 클린 7팩
82308325,퓨전 프로쉴드 옐로우 면도기 2up
82253211,퓨전 매뉴얼 BBGR_Tesco (1RZR+8CRT)
81286749,WS 200ml 컬 크래프트
82263008,알엔에이 파워 에센스 마그네틱 세트
80729981,다우니 항균 파워 플러스 2L
82119147,팬틴 트리플 집중 영양팩 150g
82313472,팸퍼스 베이비드라이 5단계 이노머스 1/132_QR
82093017,웰라톤트리트먼트칼라내츄럴 6N (DBD)
80713018,프글 퓨어스포츠 젤 170g X2 듀오 팩
82073224,위스퍼 소프트클린 날개중형 40P
82259668,팸퍼스 M6 베이비드라이 5단계 이코노미 박스1/160
82087794,헤드앤숄더 770샴푸팩-딥
84968328,프링글스 오리지날맛 43G
80250574,프로글라이드 실버터치 파워 면도기 1up (플렉스볼)
82077897,비달사순 딥 리페어 에센스 100ML
82158727,팬틴 컨디 500 실키 스무드 케어 뉴
81164398,KP 8/45 엔
82312285,질레트 프로글라이드 매뉴얼 6+1 팩
82139123,아쿠아액션 딥 하이드레이션 듀
82194880,팬틴 집중수분케어 2550팩_new
82267196,오랄비 스테이지스3 프린세스 6입 쿠팡팩
82255982,LXP  엘티미트 퍼펙팅 에센스 10ml(비매품)
80863602,다우니 화이트티 4.1LX4 D1
80358010,질레트랩스 FWIP 4ct
82139014,페브리즈 비치형 리필 (봄의소생)
82221608,페브리즈 엑스트라 스트렝스 900X2 ES
81451607,브라운 Waterflex2_Blue
80827452,오랄-비 배터리 전동칫솔DB5 화이트 (NEW)
80696670,스킨파워 어드밴스드 크림 100g
82064027,팬틴1600팩볼륨
82138015,썬파워 알카 AA 2개입
81154440,디앤지 01 LE BATELEUR EDT 1.5 SOFI
82139271,토탈이펙트 7 인 1 안티에이징 나이트 크림
82208446,팸퍼스 크루저 대형(42SX3)X1_Costco
82014893,헤드앤숄더 센서티브알로에 컨디 200ML
82318036,오랄비 C자형 치실 30개입
82275333,퓨전 프로쉴드 옐로우 면도기 1up TMR (w.organizer)
82289122,페브리즈 차량용 라이트 6입 코스트코팩
82323116,오랄비 PRO100 초미세모 (핑크)
82313806,페브리즈 포맨 쿨아쿠아향 보충형 320ml
82189744,팬틴 프로브이 아쿠아 퓨어 컨디셔너 400ml
82313466,팸퍼스 베이비드라이 3단계 이노머스 1/168_QR
82045353,페브리즈플러스용기형370ML*15
82145188,위스퍼 센서티브 108개입 RRP
82097551,위스퍼 트윈윙 이마트전용 104P
82070598,위스퍼소프트클린울트라트윈팩Costco40*2
80843760,다우니 미스티크 2.6L (MW2C)
82266101,프로글라이드 매뉴얼 4+1 팩 (플렉스볼) RECY
82156132,듀라셀 디럭스 알카 AAA 20개입
82258069,다우니 퍼퓸 샤인 1L
80881644,에스케이-투 엘엑스피 크림 1g x 2
82420602,AS 아이 칼라 (팬 필드 테스터) 202
80249123,팸퍼스 이지업 팬티형 남아 6단계 수퍼 1/60
82085763,웰라 트리트먼트칼라 내츄럴 8N
82219484,페이셜 트리트먼트 젠틀 클렌징 크림 80g
82334090,질레트 프로쉴드 파워 올리브영 발렌타인 기획팩
82269656,오랄-비 클래식40부드러운모
82308287,페브리즈 370ML 용기형 은은한 향(PGP)
82224392,로케트 알카 AA 2개입 스몰카드 (20+2 보너스팩)
82069833,딥 리페어 트리트먼트 크림 40ml
82273867,페브리즈 포맨 상쾌한허브향 용기형 370ml
82093027,웰라칼라엑스트라케어 2/8 (DBD)
82316171,다우니 베이스 퍼플 200ml (Calvin)
84836618,페브리즈에어(바람속의꽃향기)
82216644,알.엔.에이. 파워 아이 크림 래디컬 뉴 에이지 2.5g (비매품)
82316208,다우니 퍼퓸 블랙 미스티크 향 2L (구버전)
80710703,다우니 프리미엄 액체형 세제 냄새딥클린 퍼플 1.8L X 6
82318548,오랄-비 스테이지스 3단계 6입 프로즌팩
82225070,페이셜 트리트먼트 마사지 크림 80G
82143879,팬틴 집중수분케어 1900팩
82147269,셀루미네이션 딥 서지 50G
81216417,SP 소비자 전단지
82248437,페이셜 트리트먼트 마스크 10P(슬리브)
82321821,화이트 스트리트 아트 페이셜 트리트먼트 에센스230ml(ND20)
82309179,질레트 퓨전 프로글라이드 매뉴얼 면도날 16입 팩 (COUPANG)
80851842,터치오브네이처 밴드 1단계 58X3
82107585,팬틴 3400팩-엑스트라스트레이트
81770236,브라운 시리즈 7 면도기 71-S7200cc SILVER
82044021,위스퍼울트라후레쉬일반중20*24
80740060,스킨파워 어드밴스드 크림 80g 듀오 세트
82233249,퓨전 매뉴얼 2UP 면도기
82157571,위스퍼 보송보송케어 74개입 RRP
83037196,헤어리페어에센스1*12
80744818,다우니 프리미엄 액체형 세제 실내건조 2.20L X 3
82138743,헤드앤숄더 로터스 2250팩- 가려운 두피
82147100,화이트 래디언스 프로텍티브 크림 (SPF20 PA++)
82250554,컬러 클리어 뷰티 에나멜 크림 컴팩트440
82127523,위스퍼 세이프티존 이마트 슈퍼롱 365팩
82089768,헤드앤숄더샴푸 멘솔 40ML
82254305,콤펙트 케이스(화이트 원형)
82247548,페이셜 트리트먼트 클리어 로션 10ml(비매품)
82209020,듀라셀 디럭스 알카라인 AAA 16팩
82151661,듀라셀 디럭스 알카 AA 4개입
82301262,헤드앤숄더 샴푸 850 헤어컨트롤
80833694,페브리즈 항균플러스 깨끗한향 920ml
84857269,질레트 새틴케어 센서티브스킨 쉐이빙젤 200ML
82324895,브라운 시리즈 3 면도기 310wd
82196466,팸퍼스 베이비드라이 2단계 이코노미 박스1/246
82317252,오랄-비 펄사 35모 (Rainbow)
82137925,듀라셀 디럭스 알카 AAA 8+6개입
82095048,팬틴집중손상케어컨디200ML
82288392,다우니 블루 3.8LX3 레몬그라스와 달콤한 라일락 향
82180144,팬틴 아틀라스 트리트먼트 200mlX2 내추럴케어_트레이더스
82239755,헤드앤숄더 발리 샴푸 850 쿨멘솔
82420595,AS 아이 칼라 (팬 필드 테스터) 003
82013838,SK2리페어C리퀴드FND 31
82255986,알엔에이 파워 에센스 75ml
80840581,(557.1 ) 질레트 프로쉴드 칠 면도날 16입 (ECOM)
82152526,프링글스 150g 6팩 (Mar.'11)
82189495,듀라셀 디럭스 알카라인 AAA 4팩
82101687,위스퍼 그린 롯데마트전용 78P
82146848,셀루미네이션 리퀴드 FND 320
82089670,위스퍼 그린 울트라 날개중형 32*2 번들팩
80698702,질레트 프글 파워 면도날 4입
82076890,팬틴 엑스트라 스트레이트 컨디 960ML
82328117,페브리즈 화장실용 2개입(6mlx2) 은은한 라벤더향 (Lotsell)
80745193,오랄-비 프리시즌 클린 리필모 4입 (EB20-4)
82332166,오랄-비 크로스액션® 화이트닝 차콜 12개입
80759592,질레트 포오미 멘솔 175G 1X6
82297221,다우니 코튼 퓨어러브 1L+1.6L 팩 (Paper)
82143007,위스퍼 소프트클린 슬림 날개 대형 10P
81154447,디앤지 11 라 포호스 1.5ML 오 드 뚜왈렛 소필룩스
82310728,다우니 퍼퓸 코튼퓨어러브 1.6Lx6
82303355,오랄비 배터리 전동칫솔 D2카즈 (DB4.510 Cars)
80712304,다우니 항균 파워 플러스 1L+1L 팩 TESLA W2
82258809,퓨전 하이드라젤 센서티브스킨 3입
82210329,스템파워 크림 15g (비매품)
82103884,다우니심플플레져스워터릴리&재스민향1.56L
82210320,퓨전 프로글라이드 파워 프로모션 팩(면도날7개 + 면도기1 개+ 젤 70
82254550,헤드앤숄더 Bahamas샴푸 850 가려운두피케어
82281908,다우니 핑크 1L+1L 팩 베리베리와 바닐라크림 향
82108662,위스퍼 소프트 클린 울날중 4P 폴리
81262966,브라운 커피메이커KF560
82155390,팬틴트리트먼트200X2내추럴케어 트레이더스
80779443,헤숄 샴푸 애플 프레쉬
82098477,헤드앤숄더 쿨멘솔컨디 850ML-코스트코
82332180,팸퍼스 아르모니 밴드형 3단계 4X22
82107620,팬틴 실키스무드 200ML 컨디셔너
82137932,듀라셀 디럭스 알카 AAA 12+4개입
81395044,팸퍼스 GEM액티브핏 5단계 1X136 이커머스
82330064,다우니 엑스퍼트 센서티브 1LX3 2차
82156664,화이트 래디언스 프로텍티브 로션 (SPF20 PA++)
80845461,질레트 프로글라이드 12입
82024749,위스퍼　울트라슬림일반소20*2*20
82249166,위스퍼 보송보송케어 울트라날개형 중형 2개입
82333930,닌자마스 S8 그린 4X11
82157966,크로스액션 프로엑스퍼트 컴플리트 7 35모 3개입
82149135,FT 에센스 215ML 리미티드 에디션
82083331,비달사순 프로페셔널 샴푸 560ML_STKR
80717952,질레트 프로쉴드 옐로우 면도날 4입 (557) (CP STK)
82300859,팬틴 프로브이 미셀라 퓨어 & 모이스트 트리트먼트
82013836,SK2리페어C리퀴드FND 21
84804757,팬틴 오버나이트 모이스춰 세럼 스티커링
82094819,팬틴 1700팩-바운시볼륨
82112961,SK-II페이셜트리트먼트클렌져
80828636,질레트 프글 파워 면도날 4입
82255944,페이셜 트리트먼트 에센스 포 맨 160ml
82161018,듀라셀 울트라 파워체크 AA 4+2 프로모션 팩
83020597,프링글스치즈맛50G*12
82305140,프로글라이드 매뉴얼 면도날 4입 (플렉스볼)
82034627,헤드앤숄더 딥클린 570 샴푸 스티커
82281382,팬틴 프로브이 아이스 샤인 트리트먼트 200ml
82067390,위스퍼 PAD XXLN 날개형 14SX24 SALES 샘플
80729886,페브리즈 섬유탈취제 상쾌한 향 900ml
82288704,스킨파워 크림 100g
82313736,팬틴 프로브이 미셀라 퓨어 & 모이스트 샴푸
82157401,셀루미네이션 리퀴드 FND 105
82173650,헤드앤숄더 Olympic 2250샴푸팩- 쿨 멘솔
82128846,프링글스미니캔2팩(오리지널+양파맛)Nov09
82201338,위스퍼 팬티라이너 클린 향 36개입*2
82164267,퓨전 프라이드 매뉴얼(1UP)
80748464,오랄-비 어린이용 전동칫솔 프로즌 D100K 기획팩
82105893,SGNS퍼펙트래디앙스 PWDFND105
82084971,팬틴 코스트코 2400팩-밀키모이스춰
82135938,토탈이펙트 7 인 1 안티에이징 크림 노말
80868094,오랄비 브라이트닝세정 프로헬스 3D화이트 3입
82137949,로케트 파워 알카 AA 6+2개입
80726641,다우니 프리미엄 액체형 세제 냄새딥클린 블루 1.4L X 2
82178699,페브리즈 뉴질랜드 용기형 370ML
82280232,다우니 퍼퓸 그린 보타닉 가든 200ml
82094824,팬틴 2250팩-밀키모이스춰
82129162,헤드앤숄더 컨디550 가려운 두피 케어
82330925,헤드앤숄더 샴푸 쿨멘솔 1200MLX2 KR ET
82317067,다우니 어도러블 1.05Lx12
82215068,GEM 액티브핏 4단계 플러스 1X140 이커머스 WE
82217150,페브리즈 뉴질랜드 용기형 370ML
82089797,팬틴집중손상올인원샴푸550ML
80320406,팸퍼스 베이비드라이 4단계 이노머스 박스 1/150
80754288,팸퍼스 2024 베이비드라이 팬티 6단계(점보형) 30X4
82133979,헤드앤숄더 컨디850 건조한 두피 케어
82218104,다우니 아로마쥬얼 레드 루비 플로럴 375G+퍼퓸 블랙 미스티크200ML
81165066,소프트터치6/68엔
82193300,팬틴 집중손상케어 850*4팩
82292782,다우니 퍼플 2L 화이트티와 릴리 향
82330813,페브리즈 370ml+320ml 팩 다우니향
82177042,위스퍼 핑크세스 대형 32pX8
82110052,페브리즈(MO) 900ML 실속형 은은한 향
82327960,팸퍼스 베이비드라이 팬티 6단계 쿠팡팩 44P X 3
82311422,OLAY WR CS 에센스 2020 리미티드 듀오세트(30ml*2)
82173429,프로글라이드 매뉴얼 면도기 (올림픽)
82042233,큐티BABYJOY M&L 2P*50
82102194,헤드앤숄더 겸용 570 스티커
82074334,위스퍼 소프트클린 실속기획팩-E
82231134,위스퍼 피부애 울트라 날개 중형 56P
82322560,페브리즈 화장실용2개입(6mlx2) 향긋한 꽃향기 (Online)
81010388,AS 수이 드림 EDT 75 T
82230980,페브리즈 (900+320) 팩 상쾌한향 OND'14 poly bagJAS
82229544,알.엔.에이 파워 래디컬 뉴 에이지 15G
82255164,브라운 세정액 CCR4
82198583,페브리즈 비치형 스타터킷 봄의 소생
82230969,페브리즈 370ml+320ml 팩 은은한향 AMJ’15
80709680,질레트랩스 모이스처라이져 100ML
82110702,비달사순 컬러케어 컨디셔너 850ML
82246130,오랄비 컴팩트 잇몸케어 1입
82174430,위스퍼 보송보송케어 벌키 중형 56개입
82190315,다우니 튤립과 달콤한 라일락향 200ml_스티커
82246181,오랄비 고탄력 초미세모 저자극 케어 4입
80704087,페브리즈 항균플러스 깨끗한향향 보충형 320ML
82206357,비너스 임브레이스 면도기 2UP TESCO
82057579,비달스타일울트라케어샴푸200
80687469,오랄-비 Pro100 트윈팩 (화이트 + 블랙)
82215061,팸퍼스 BB 스와들러 0단계 수퍼 1/80
82298170,팸퍼스 베이비드라이 팬티 6단계(점보형) 28X4
82263089,OLAY 리제너리스트 셀싸이언스 에센스 30ml
82123453,위스퍼 소프트클린 세이프티존 울날중 90P
82310722,다우니 퍼퓸 보타닉 가든 1.6Lx6
80888005,팬틴 극손상케어 샴푸 450ml 2입 올리브영팩
82186226,다우니 블루 2L+700ml 팩 튤립과 달콤한 라일락 향_Sep'12_스
82280115,오랄-비 크로스액션 컴플리트7 베이스 4입+그린티2입 (코스트코)
82069486,팬틴볼륨트리트먼트200ml-비매품
80369388,오랄-비 전동칫솔 GeniusS7500
82183241,오랄비 마이크로씬 클린 3+3팩
80849691,오랄비 C자형 치실 30개입
82038323,큐티중형64S*4
82129292,페브리즈 370ML+370ML 팩 상쾌한향
82081091,SK-II LXP 모이스트 소프트닝 세럼 미니
82421602,안나수이 아이 칼라 크레용 700 - 테스터
82420599,AS 아이 칼라 (팬 필드 테스터) 102
82019104,SK2 FT리페어C 30ML
82038951,WHISPER SAPD XLN 16SX24 BLT CDU IW+ (HK)
82139010,페브리즈 비치형 스타터킷 (비내린초원)
80850524,질레트 프글 매뉴얼 면도날 4입 PX
80776141,오랄비 프리시즌 클린 리필모 10입
82293391,다우니 퍼퓸 블랙 미스티크 1L+1.6L (Paper)
82327896,페브리즈 차량용 내추리스 화이트로즈 앤 코튼 2.2ml
82196242,페이셜 트리트먼트 클리어로션 150ml
82253050,오랄비 크로스액션 주니어 4입+크로스액션 탁월한 세정력 2입
82206372,오랄비 스테이지스 치약 미키 75ml
82252756,비너스 스월 면도기 2up
82138008,썬파워 알카 AAA 2개입
82187618,퓨전 하이드라젤 센서티브스킨 200ML
82217530,위스퍼 피부애 울트라 프로모션팩28P
82191358,팸퍼스 베이비드라이 1단계 이코노미 박스1/276
82054654,코디알로에소프트 45*18
82244720,오랄비 고탄력 초미세모 잇몸전문 케어 4입 롯데 Natl
82094296,비달사순 CVS 믹스드케이스II
82043230,SK2화이트닝팬케익42
82228389,알엔에이 파워 크림 2.5g (비매품)
82235200,위스퍼 후레쉬 라이너 향 40개입
82065907,큐티드림골드중형 104S*4 SPRING04
80875721,699질레트랩스 딥클렌징바 1UP(PX)
80842252,질레트 프글 파워 12BBGR+프글 폼
82316222,다우니 퍼퓸 스프링 가든 러브 2L (구버전)
80815161,제놉틱스 에어리UV 크림 듀오 세트
81164388,KP 8/03 엔
82229454,맨 모이스쳐라이징 클렌저 120g
80822641,오랄비 크로스액션 탁세 35모 12개입
82141822,헤드앤숄더 샴푸400 딥 클린 포맨 스티커
82097983,팬틴 프리즈디펜스 트리트먼트150
81770226,브라운 시리즈 6 면도기 61-N4200cs BLACK
82024885,SK2포밍마사지클로스리필
82106215,위스퍼 소프트클린 세이프티존 울날오버 14
82055555,팬틴설날선물세트3호
82072340,팬틴1510팩 모이스춰
82305445,팸퍼스 베이비드라이 밴드 M7 3단계_1/168
82216403,마스터피스 피테라 서플니스 세럼 50ml
82267780,다우니 블루 2L+700ML팩 레몬그라스와 달콤한라일락 향
80742198,다우니 삶음파워 플러스 1.05LX3
82322504,페브리즈 포맨 시원한 멘솔향 370ml*2+320ml (E-traders
82328912,오랄-비 크로스액션 초미세모 차콜 6입 팩 (쿠팡)
82200201,팬틴 트리트먼트 150x6 딥리페어 헤어 마스크팩_TE
82107771,헤드앤숄더 1420팩-헤어 폴 클리닉
82112300,팬틴 프리즈디펜스 컨디셔너240
82251318,팬틴 퀀텀 트리트먼트200X24 엑스트라볼륨
82205769,셀루미네이션 리퀴드 파운데이션 440
82248641,스템파워 리치크림50g
80742169,스킨파워 어드밴스드 크림 80g 공병
82281918,위스퍼 보송보송케어 울트라 날개 대형16P
82145786,팬틴 트리트먼트 150 극손상 케어
82422275,안나수이 립 글로스 C 601 -테스터
82089529,어드밴스드 화이트닝 소스 팬케익 105
80745844,페브리즈 포맨 시트러스우드 리필 320ml
80813345,질레트 프쉴 파워 기1+날4 +젤 70G
81137350,디앤지 3 렘프하트리스 EDT 100ML
80731164,페브리즈 강력탈취+ 370ml X12 다우니향
80886831,페브리즈 섬유탈취제 다우니 실내건조 프레시클린향  360ML x3
82096078,팬틴 1650팩-집중손상
82252457,오랄비 고탄력 초미세모 틈새 케어 4입 National
80833707,SK-II FY2425 30G 프리팩
82098954,웰라트리트먼트칼라인텐시브3B
82323045,비너스 컴포트 글라이드 화이트티 면도기 2UP (657)
80874899,페브리즈 화장실용 비누2+ 신발장용 블루 2 ET
82180698,팬틴 집중수분케어 컨디셔너 500
82034138,위스퍼그린울트라날개대34*12
80696566,다우니 프리미엄 액체형 세제 살균 파워 1.8LX6 (Goldie)
82176852,JP 팸퍼스 액티브 팬츠 대형 (60+4)X3
82157389,FT 젠틀 클렌징 크림 80G
82276187,헤드앤숄더 1950팩- 가려운 두피 케어(Bali)
82198345,페브리즈 900ML*2 팩 상쾌한 향_Jun'13
82208275,스킨 리부스터 75g
80316779,오랄비 PRO100 3D 화이트 (화이트)
82019037,SK2모이스춰메이크업베이스
82107103,헤드앤숄더 헤어폴 클리닉 컨디 375ML
82075467,클린라이너 무향 36
82147787,클리니케어 프리즈디펜스 1100ML 팩
82127522,위스퍼 소프트클린 이마트 해피 맞춤 팩
82202957,팬틴 프리미엄 500 실키스무드케어 믹스드케이스
82304204,허벌에센스 리바이터라이즈 블루 진저 컨디셔너
82010717,위스퍼센서티브 PAD
82183123,다우니 퍼플 1LT 화이트티와 릴리 향_Oct’12
82233808,페이셜 트리트먼트 클리어 로션 160ml
80371328,오랄비 전동칫솔 D100 초미세모 화이트
81701748,브라운 시리즈 9 면도기 9355s CHROME
82183210,다우니 퍼플  200ML화이트티와 릴리 향_Oct’12
82248301,허벌 에센스 클래식 릴렉싱 카모마일컬렉션 컨디셔너 490ml
82022333,위스퍼 트윈윙 골든스토아 32개입
82099195,웰라트리트먼트칼라인텐시브4B
82329995,페브리즈 섬유탈취제 은은한향 용기형 900ml
82319194,오랄-비 SS4000C 코스트코팩 (휴대용케이스)
82297928,팬틴 콜로서스 극손상 컨디셔너 쿠팡팩
82420611,AS 아이 칼라 (팬 필드 테스터) 600
82416756,립 루즈 G 602
80693950,다우니 베이스 핑크 맥퀸 베리베리와 바닐라크림 1LX12 DBD
82146387,팬틴 풀앤씨크 삼푸 280
82268949,페브리즈 섬유탈취제 가벼운 시트러스 향 370ml
82208374,브라운 330s-4 블루+프로글라이드 기획팩
82300037,헤드앤숄더 발리 컨디셔너 850 애플프레쉬
82133981,헤드앤숄더 컨디850헤어 폴 클리닉
82171557,위스퍼 보송보송케어 울날중 90개입 RRP
80831296,다우니 퍼플 화이트티와 릴리700mLX8 P2
82236895,페브리즈 포맨 쿨아쿠아향 보충형 320ML
82237797,듀라셀 디럭스 AAA 2입_E
82180135,팬틴 트리트먼트 200X2 실키스무드 ROT
82065584,팬틴1160온팩볼륨
82097224,팬틴 750팩-바운시 볼륨
82041945,바운티화이트4R*8
80794405,페브리즈 섬유탈취제 다우니 370ml
82285653,팸퍼스 베이비드라이 2단계 점보 팩 34P*4 (M6)
82123585,위스퍼 그린 세이프티존 코스트코 72P
82295584,페브리즈 섬유탈취제 대용량 리필 다우니 에이프릴향 640ml
82242197,팸퍼스 M5 베이비드라이 2단계 이코노미
82126566,헤드&숄더 수딩 두피 케어 컨디셔너 850ml
82316216,다우니 퍼퓸 리필 오션코랄 퓨어러브 향 1.6L (구버전)
82150065,오랄-비 스테이지스 3단계 행사팩
82334098,질레트 프로쉴드 옐로우 면도날 4입 (557) (CP STK)
82166065,페브리즈 370ml+320ml 팩 허브향
82052196,WHISPER NIGHT 14SX24 CDU WING WHITE BULL
82135455,페브리즈 허브향 용기형 370ML
82081396,큐티 편안한 아기 대형82 테스코 전용팩
80693758,다우니 엑스퍼트 항균파워 200mLX24
80690905,다우니 생화향기 컬렉션 클린 솝1Lx12
82093074,웰라톤트리트먼트칼라 8B (DA)
82294907,다우니 프리미엄 액체형 세제 핑크 1.9L
82127199,팬틴클리니케어트리트먼트150풀앤씨크CA
82416734,립 루즈 G 300
82184989,질레트 콘투어 플러스 면도날 10입
82126572,헤드앤숄더 겸용삼푸 550ML
82118368,비달사순클레이왁스 60G
82038945,VS 클린올인원프리미엄팩575ML
82281248,팬틴 프로브이 아이스 샤인 트리트먼트 200ml
80702240,페브리즈비치형 실내용 1개입 (7ML) 라일락앤피오니 (Online)
82134422,헤드앤숄더 샴푸850프레쉬 레몬그라스
82253006,위스퍼 피부애 울날중 36Px2(이마트)
82288056,페브리즈 에어 바닐라 라벤더의 포근함 3개입 (Hybrid)
82318886,오랄-비 <스타워즈> 스테이지스 4단계 8개입
80826684,헤숄 컨디셔닝 린스 쿨멘솔 850ml
82291587,페브리즈 섬유탈취제 상쾌한 향 370mlX2(KREACH)
82256070,아티산 퍼펙팅 브러쉬
82053888,위스퍼후레시라이너샘플20P
82057725,팬틴NEW 1500팩모이스처
82097422,팬틴 1750팩-집중손상
82187620,퓨전 프로글라이드젤 쿨링 200ML
82058991,코디알로에소프트30R
82198579,페브리즈 비치형 스타터킷 (바람속의꽃향>
82303182,페브리즈 섬유탈취제 반려동물 냄새용 가벼운 시트러스향 900ml
82223125,듀라셀 울트라 AAA 2개입_Tesco
82114008,클리니케어샘플팩 곱슬모발
82274234,퓨전 파워 면도기 무료 팩
82084477,팬틴 2510팩-집중손상
82322427,27G 샘플키트
82158650,셀루미네이션 EX 에센셜 광채 세트
82263087,OLAY 화이트 래디언스 셀싸이언스 클렌저 120g
82127410,위스퍼 그린 세이프티존 울날중 18P+2
82212047,위스퍼 피부애 슈퍼슬림 2개입
82205608,프로글라이드 매뉴얼 2up
80714614,팸퍼스 3.0 통잠팬티 6단계 22 X 4
82192189,오랄-비 인디케이터항균 40모
80836448,다우니 세제 실내건조 450mlx24 J2
81153858,SP 200ml 컬러세이브 마스크
82189649,듀라셀 디럭스 알카라인 AA 2팩 스몰카드
82306662,페브리즈 섬유탈취제 상쾌한향 370ML+320MLX2 팩
82268667,다우니 블루 1LX2+700ml 레몬그라스와 달콤한 라일락 향(Agri)
82247539,SK-II 한국 면세점 단독 - 윙스 오브 체인지 세트
82320472,다우니 어도러블 1L+1L 팩 Hyper
82056280,팬틴FM 03 2960ML볼륨
82080281,팬틴 집중손상 컨디셔너 100ML
82147117,토탈이펙트 증정 1 (크림노말 10g+TE 마스크1P)
82205072,다우니 블루 2LT 튤립과 달콤한 라일락 향>
82225624,시리즈젤 센서티브 스킨 200ML
80881642,에스케이-투 엘엑스피 크림 8g(비매품)
82235435,비너스 새틴케어젤 200ML
81271010,WC 1000ml 리지스트 스트렝스닝 샴푸
82180552,위스퍼 대리점 보송보송 시스템 팩 46개입
82331394,다우니 프리미엄 액체형 세제 살균 파워 2.2L
82313237,다우니 퍼플 4LX3 화이트티와 릴리 향_PGP
81770208,브라운 시리즈 5 면도기 51-R1000s RED
80704742,FAB 울트라 리페어 크림 듀오 세트
82252907,페브리즈 섬유탈취제 370ml+(320mlX2) (은은한향)
82327733,브라운 크루저 날과망 20S
82185835,P&G 팬틴 선물세트 E2호
82028334,팬틴데일리샴푸손상샘플1*576
82052557,위스퍼울트라후레쉬날중40*24
82259572,다우니 퍼퓸 윈터로맨스 1L+700ml*2 이마트팩
82180613,팬틴 모발강화케어 트리트먼트 200
82281951,오랄-비 초미세모 벨벳 5입+그린티 2입 팩 (코스트코)
80725192,다우니 베이스 핑크 베리베리와 바닐라크림 1.6LX6 Lotsell(20
82316833,엘엑스피 얼티미트 퍼펙팅 세럼 10ml(비매품)
82249038,팬틴 퀀텀 트리트먼트 200X2 엑스트라볼륨
82275834,페이셜 트리트먼트 에센스330ml
82237432,팬틴 엑스트라볼륨 1500팩X6
80693759,다우니 엑스퍼트 항균 파워 플러스 2L
82317526,오랄비 크로스액션 화이트닝 차콜 3입(Ntl)
82298303,페브리즈 섬유탈취제 대용량 상쾌한향 880ml
80842208,오랄비 고탄력 초미세모 그린티 1입
82182109,페이셜 트리트먼트 마스크 6p
82024488,팬틴 1100팩-집중손상케어
82212491,에스케이-투 피테라 에센스 세트 레드 플라워 리미티드 에디션
82070546,비달사순펄젤리왁스60g
80742979,브라운 IPL PL5054
82298992,오랄-비 고탄력 초미세모 클래식 12개입
82331878,페브리즈 향균플러스 무향 640ml 2입
80772796,팸퍼스 2024 에어차차 썸머팬티 4단계 60X3
82191056,퓨전 매뉴얼 면도기 12입+ 1up 기획팩
82410297,AS 네일 칼라 N 101
81253254,브라운 시리즈3 날과망 30B
82116677,팬틴밀키모이스춰트리트200ML
82321911,질레트 스킨텍 매뉴얼 면도기 2UP (557)
80872655,(T) 프글 매뉴얼 기1+날6
82285633,팸퍼스 크루저 4단계 박스 1/104_S7
82069829,코스트코H&S샴푸멘솔960ml
82328946,다우니 퍼플 1.6Lx2+200mlx4 이마트 팩 2021
82087244,팬틴 1300 이마트 팩-밀키모이스춰
82015445,페브리즈 에어 비치형 프레쉬 블루 130G 리
82235504,페브리즈 차량용 프리미엄 아쿠아왈츠 스타터킷 7ml
82325864,브라운 면도기 시리즈 3 3050VS
82224572,376 프로글라이드 파워 6+1 pack (코스트코)
82205061,다우니 퍼퓸 핑크 1L 이노센스 향
82039114,SK2 TRMT ESNC LIP 552F
82176874,헤드앤숄더 MtDew 1500팩- 딥 클린
82030093,에스케이 투 싸인즈 트리트먼트 토탈리티 P
82304184,허벌에센스 노리쉬 패션 플라워 & 라이스 밀크 샴푸
82318028,질레트 프로쉴드 옐로우 1up+3ct 팩 (플렉스볼)
82252826,스킨 퍼펙팅 파운데이션105
82145314,위스퍼 허브라이너 40개입 RRP
82157943,오랄-비 크로스액션 35모
82087992,비달사순 살롱 모이스춰 샴푸 850ML
82259755,퓨전 프로쉴드 칠 면도기 2up
82293427,오랄비 컴팩트 잇몸케어 4입
81686120,브라운 시리즈9 날망 92S 은색
82006189,팬틴 2550샴푸 DM팩-밀키모이스춰
80831478,페브리즈 차량용 맑하바4+허브2 CC
82156630,토탈이펙트 7 인 1 안티에이징 크림 노말 샘플 20g
82327764,헤드앤숄더 발리 샴푸 850ML 딥클린 (DBD)
82137951,로케트 파워 알카 AAA 12+4개입
82032458,위)울후레쉬일반중BLT40*24
82233299,코스트코 퓨전 매뉴얼 6+1
82046271,위스퍼울트라날대오버나이트10*24
82229493,페이셜 트리트 에센스 아이 0.5g (비매품)
82065677,코디증정품 (쉐이크컵 )
80848826,FT에센스 & 스킨파워 리-뉴 크림 세트
82293696,팬틴 미셀라 퓨어 & 모이스트 샴푸
82203055,에스케이- 투 페이셜 트리트먼트 에센스(크리스탈 리미티드 에디션)
80825794,브라운 시리즈 9 면도기 9565cc+PC
82293504,오랄비 크로스액션 7 35모 3입(롯데마트)
82292234,오랄비 고탄력 초미세모 6입 DBD
82313209,질레트 프로쉴드 옐로우 면도기 2업(PX)
82192139,페브리즈 370+320ML 상괘한향 롯데마트팩
82253053,오랄-비 프로엑스퍼트 프로즌 2입 (홈플러스)
82294233,오랄비 왁스 치실 50M 6입 팩
82313469,팸퍼스 베이비드라이 4단계 이노머스 1/150_QR
82095323,큐티 편안한아기 골드 대형 38P
82125890,SGNS퍼펙트래디앙스 LIQFND330
80844856,다우니 화이트머스크 2Lx4 M3
82289961,페브리즈 차량용 2.2ml (라이트 라임오렌지향) (Genesis)
81189138,BT 1500 엑스트라 리치 샴푸
82229451,LXP 액티베이팅 마사지 프루이드 200g
82300148,엘엑스피 얼티미트 퍼펙팅 크림 2.5g (비매품)
80839839,헤숄 hydro 가려운두피 300mlx2 + 90ml
80770292,오랄비 D103 초미세모 민트 그린(쿠팡)
82199449,에스케이-투 오라 화이트닝 키트
81192409,피카소 트롤리
82203412,위스퍼 리프레쉬 슈퍼롱 오버나이트 트라이얼팩 20개입
82047646,키친타올프리미엄1R*48
82190332,질레트 퓨전 프로글라이드 스타일러
80742363,팸퍼스 2023터치 오브 네이처 팬티 체험팩4단계(8x30)
82205909,화이트닝 소스 덤 데피니션 UV 로션 30g
80794389,다우니 호놀룰루 비치 2L M1
81340918,웰라 프리미엄 디스플레이
82072341,팬틴1510팩 집중손상
82264205,다우니 퍼퓸 윈터로맨스 티몬 기프트팩
80726243,다우니 생화향기 컬렉션 시트러스 앤 버베나 200ml (2023형)
82028330,팬틴시스템린스일반500ML 1*9
82143685,WHISPER PAD LTFL 20SX24 ULTUBE SUSAN
82147699,퓨전 하이드라젤 울트라 프로텍션 200ML
80787973,질레트 랩스 네온 나이트 에디션 1up
80813053,페이셜 트리트먼트 마스크 10P
82286999,오랄비 스테이지스3 6입 - 카즈 이마트팩
82334025,다우니 베이스 핑크 맥퀸  베리베리와 바닐라 3.8X2 PGP
82223235,페브리즈 비치형 스타터킷 뉴질랜드 계곡>
80320405,팸퍼스 베이비드라이3단계 이노머스 박스1/168
82280511,질레트 프로쉴드 옐로우 면도날 4입
82282784,퓨전 프로쉴드 옐로우 12+1 쉐이브클럽 팩 (프리미엄)
80720694,팬틴 극손상케어 컨디셔너 1800ml
82271480,헤드앤숄더 2550팩- 쿨 멘솔(Olympic)
84854364,팸퍼스 이지업 팬티형 남아 5단계 메가 3/40
82159900,팬틴샴푸850집중손상STK
82210323,LXP 리바이벌 마스크 7P (비매품)
82295267,다우니 퍼플 1L+1L 팩 화이트티와 릴리 향
82307170,(샘플) 팸퍼스 스와들러 밴드 2단계 10P
82048865,SK-II FACE LOT 100ML LIFT EMULSION
80698198,다우니 엑스퍼트 실내건조 톰포드 (핑크) 1LX12
82208816,듀라셀 디럭스 알카 AA 8팩
82289708,질레트 프로쉴드 매뉴얼 8+1 쇼미더머니 에디션
82164695,페브리즈 다우니향 370ML 온팩
82118799,헤드&숄더 프레쉬레몬그라스컨디셔너550ML
82274548,팬틴 컨디셔너200MLX6 데일리 모이스처 리뉴얼
82066471,헤드앤숄더570/375팩맨솔
82133809,프링글스 파이오니어110G 4팩-양파맛 (APRIL. '10)
82140841,팬틴 인텐시브모이스쳐케어 2550팩
82015886,페브리즈 화장실용 상쾌한 초원의 향
82072972,팬틴 750 샴푸-볼륨
80742202,다우니 실내건조 플러스 (핑크) 1.35LX6 Lotsell(DBD)
82054808,프링글스크리스마스메가캔
82143395,LXP 얼티미트 리바이벌 크림50G
82193372,팬틴 바운시볼륨 850*4팩
82255408,페이셜 트리트먼트 에센스 세트
82126156,팬틴컨디90집중손상IR
82079828,헤드앤숄더컨디셔너570딥-래핑(5사인즈)
82404641,AS 수이 립 글로스 701 테스터
82156092,스팟스페셜리스트 콘센트레이트 0.5GX28
82414623,AS 모이스처 리치 FF B01 테스터
82408878,AS 리브 유어 드림 EDT 50 T
82328163,페브리즈 포맨 쿨아쿠아향 보충형 320ml (Cass)
82158256,듀라셀 울트라 파워체크 AA 24팩
81216467,NEW KP 듀얼스케일 06
82208171,트리트먼트 어드밴스드 프로텍트 루스파우더UV
80703695,다우니 핑크 베리베리 1LX12 F1
80797695,SK-II SPX LXP아트 오브 킨츄기 아이 크림 듀오세트
82246797,페이셜 트리트먼트 클렌징 오일 250ml
82089786,비달사순 1120팩-프로페셔널 스타일
81269769,피카소 진열대
82408673,AS C. 칼라 프라이머 UV 200
82165431,프링글스 치즈맛 110G X 12
82309311,롯데 면세점 단독 기프트 셀렉션 세트 2021
80840391,헤숄 가려운두피 샴푸 520mlx2 올리브영팩
82115195,페브리즈 (370*2) 팩 상쾌한향
80811902,다우니 세제 실내건조 1LX12 J1
82101682,위스퍼 코스트코 그린 번들 80P
82043792,큐티수퍼프리미엄(중형)
82064084,코디50M 10R+1프로모션
80769244,질레트 마하3 면도날8입
82297489,질레트 프로쉴드 칠+젤 기프트 팩
82064004,위스퍼소프트라이트날개형28개입
82181922,페브리즈 비치형 스타터킷 비내린초원
82043075,비달헤어무스150ML1*12
82120822,위스퍼 세이프티존 ML 74P_테스코
82068148,위스퍼오버나이트+중형테스코프로모션팩
82306656,페브리즈 섬유탈취제 은은한 향 900mlX3 홈플러스 팩
80845462,질레트 프글 액티브 스포츠 쉐이빙폼 2P
82316123,다우니 블루 2.6LX4 레몬그라스와 달콤한 라일락 향
82065079,팬틴집중손상케어투인원샴푸550
82249396,헤드앤숄더 1950 RRP팩- 쿨멘솔(Bali)
80678645,팬틴 콜로서스 샴푸 500ML 극손상
82119887,프링글스 미니번들팩 40g*2
82255886,싸인즈 퍼펙트 래디앙스 리퀴드 파데440
84851812,비너스 프로스킨 면도날 4입
82216878,듀라셀 울트라 AA 12개입 파워체크
82031713,비달프로샴푸손상 400ML 1*12
82243822,페브리즈 에어 (상큼한라임오렌지) 슬리브 SWEET CITRUS (K-R
82047650,팬틴미스테리샴푸10ML*576
80301387,오랄비 스마트시리즈 7000미세모(메탈릭블루)
80867117,에스케이-투 엘엑스피 에센스 150ml
82037995,팬틴 1600팩-바운시볼륨
80684320,오랄-비 전동칫솔 Pro500 초미세모
80337891,오랄-비 전동칫솔 Pro450 비비드그린
80883956,다우니 스프링가든 2LX4 D2
82311319,다우니 오션코랄 퓨어러브 1L+1L 팩
82075181,프링글스 페타 치즈맛
82242475,다우니 에이프릴 프레쉬향 3.06L_Emart
82190890,듀라셀 울트라 D 2입
82206498,오랄-비 크로스액션 항균모 40모 3입(롯데마트)
82058700,큐티드림골드소형샘플
82255568,페브리즈 차량용 2개입(2mlX2) (다우니향기) (LEGO)
82247330,팬틴 퀀텀 컨디셔너500ml 엑스트라볼륨
82420673,AS 스팟 컨실러 03
82238833,팬틴 퀀텀 컨디셔너500ml 엑스트라볼륨
80797744,다우니 베이스 퍼플 화이트티와 릴리 3.8LX3 (2024형)
82085762,웰라 트리트먼트칼라 내츄럴 7N
82096818,위스퍼 소프트클린 DBD 중형 36p 번들팩
80726590,팸퍼스 2023아르모니 에어차차 팬티 체험팩 6단계 (8X30)
82184646,헤드앤숄더 쿨멘솔 샴푸 850ml
82229496,페이셜 트리트먼트 에센스 75ml 키트
82201109,비너스 핑크 면도기
82160844,피테라 하이드레이팅 세트
82228357,다우니 아로마 쥬얼 블루 에메랄드 브리즈 375g
81458365,브라운 여성용 페이스 SE810 JP
82047928,SK2아이트리트먼트필름BC SP
82323124,오랄-비 D16 플럼핑크
82209745,LXP 얼티미트 퍼펙팅 에센스 30ml (비매품)
82084436,프링글스 산타사커팩(오리지날2+양파미니1)
82157079,팬틴 트리트먼트 15mlx5 3분 집중 손상 케어
82243940,페브리즈 비치형 스타터킷 (뉴질랜드 계곡) (K-Reach)
80733474,다우니 생화향기 컬렉션 스프링 가든 러브 리필 2.6Lx4 (2023년형
82416751,립 루즈 G 400
80867526,제놉틱스 CC 프리마 50g 로즈
82154912,팬틴 극손상 케어 1500팩
80718506,오랄-비 전동칫솔 iO6 그레이 오팔 기획팩 (코스트코)
82120827,위스퍼 세이프티존 그린 40P*2_코스트코
82248649,알엔에이 파워 에센스50ml
82418228,AS 프로텍티브 PF 엘 케이스 테스터
81609462,퓨전 프로쉴드 옐로우 면도날 1입
82244778,페브리즈 투고 85ml 스프레이 타입
82228433,비너스 올레이 1업 (TMR)
82106901,팬틴 2550팩-실키스무드
82145101,화이트래디언스 리스토어링 로션 스티커링
82280208,다우니 베이스 퍼플 200ml (Calvin)
81074472,DG 더 원 EDP 5 MINI
84851059,퓨전 프로글라이드 젤 쿨링200ML
82248644,알엔에이 파워 크림50g
82315596,오랄-비 크로스액션® 화이트닝 차콜 12개입
82209743,LXP 얼티미트 퍼펙팅 크림 2.5g (비매품)
82165432,프링글스 비비큐 110G X 12
82182037,헤드앤숄더 가려운 두피케어 컨디셔너 550ml
82102181,헤드앤숄더 실키 티트리 570 린스
82316110,다우니 엑스퍼트 실내 건조 1L
80753469,질레트랩스 스탠드 악세서리 FWIP
82138117,오랄-비 크로스액션 젠틀케어 소분
82209021,듀라셀 디럭스 알카 AAA 16팩
80885379,브라운 시리즈 X 면도기 M1011+20MB (신규)
82264350,다우니 퍼퓸 쥬얼 루비 피오니 205g
82074217,팬틴 2500팩-볼륨
82313478,비너스 블루 1업
82140924,브라이트닝 루센트 베이스 2.5g 샘플
82146432,셀루미네이션 팬케익 105
82133556,위스퍼 이마트 전용 슈퍼롱 팩
82093003,웰라톤트리트먼트칼라 5B (DBD)
82245068,오랄비 스테이지스 치약 카즈&프린세스
80344527,557 프로글라이드 매뉴얼 1up FWIP
80871605,(T) 질레트 프로쉴드 옐로우 파워 (기1+날3) (ECOM)
80874038,터치오브네이처 2026 본품 5단계
82247352,에스케이-투 페이셜 트리트먼트 에센스 160m
82117076,위스퍼 허브라이너 40개입
82327424,다우니 프리미엄 액체형 세제 핑크 2.0L
82066230,코디라벤더50미터24롤
82274353,인덜젼스샘플키트 리미티드에디션20G
82093113,믹스드케이스 A
82057701,팬틴볼륨케어린스100ML
82224147,셀루미네이션 딥 서지 EX 2g(비매품)
82195743,페브리즈 다우니 900X2 롯데빅마트
81269770,피카소 진열대 하이라이터
82198597,페브리즈 에어 비내린초원 275G
82306651,페브리즈 포맨 용기형 370ml (PX)
82214825,맨 모이스처라이징 클렌저 120g
82095901,헤드앤숄더실키모이샴푸400ML
80743269,질레트랩스 딥 클렌징 바 블랙앤골드 기프팅팩
82088822,어드밴스드 화이트닝 소스 리퀴드 FND 420
82210443,듀라셀 리튬코인2016 X 2팩
82057707,헤드앤숄더겸용샴푸200ML
82243508,오랄-비 클래식 40부드러운모 1입
82066353,팬틴2700팩집중손상
82422276,안나수이 립 글로스 C 700 -테스터
82227277,페이셜 트리트먼트 마사지 크림 80G
82188550,팬틴 집중수분케어 850*4팩
82241235,오랄비 스테이지스 치약 1개입
82163741,질레트 시리즈 모이스춰라이져 알로에 베라
82296993,페브리즈 에어 화장실용 (상쾌한 하늘향)
82115197,페브리즈 (370*2) 팩 은은한향
80735661,팸퍼스 베이비드라이 팬티 4단계 쿠팡팩 60P X 3
80707006,프로글라이드 센서티브 젤 퓨어 스포츠(PX)
80872935,오랄비 부드러운세정 아이콘엑스 3입
80757668,페브리즈 섬유탈취제 라벤더 향 370ml 3입
82010369,페브리즈(MO) 320ML 리필형 플러스
82244763,오랄비 프로-엑스퍼트 클리니컬 프로플렉스 1입 (하이퍼)
82235697,프로글라이드 센서티브 젤 오션쿨 170g
82110706,팬틴집중손상트리트먼트200ML
82306765,페브리즈 섬유탈취제 상쾌한 향 880ml 2입 쿠팡 팩
82142274,팬틴 바운시볼륨케어 삼푸 2400팩
82065012,코디각티슈250매프로모션 팩
82300032,헤드앤숄더 실키클린 850ml 샴푸 (STK)
82327415,다우니 프리미엄 액체형 세제 핑크 3L
82293789,(샘플) 팸퍼스 스와들러 밴드 1단계 10P
80848515,FT에센스 & 스킨파워 리-뉴 크림 세트
82186256,다우니 튤립과 달콤한 라일락 향 700ml_스티커
82113819,팬틴 프리즈디펜스 샴푸40_스티커
82422336,안나수이 립 글로스 C 001
82160526,토탈이펙트 7 인 1 안티에이징 크림 노말
82271306,퓨전 프로쉴드 칠 면도기 1up+4입팩 (e-Comm)
82117543,팬틴 실키스무드 케어 컨디 500ML
82244743,컴플리트 5웨이 클린 40모 1개입
82311444,다우니 엑스퍼트 실내 건조 2.6LX4
82176840,비너스 프로스킨 면도기 2UP
80281988,오랄-비 D12 바이탈리티 프리시즌 클린 (May'16)
82219881,다우니 김치 퍼플 2L+700ML 팩 화이트티와 릴리 향
82067072,코디프리미엄돗자리
82265542,다우니 스포츠 1.6L 액티브 시트러스 향
82047474,아이 트리트먼트 필름
82074968,비달사순 컨디셔닝 린스 190ML
82225065,피테라 에센스 세트 - 핑크 플라워 리미티드 에디션
82165506,오랄-비 검프로텍트 (1SW)
82163666,아쿠아액션 라이트 듀
82266862,퓨전 프로글라이드 매뉴얼 1UP + 프로쉴드 칠 8CT (트레이더스)
82052416,큐티드림골드대형40*4
82055409,PAMPERS DPR MD 54SX6 SPRING 03 TAPED
82212412,다우니 핑크 4LX3 베리베리와 바닐라크림 향_PGP
82010716,위스퍼센서티브 18p 번들팩
82044143,위스퍼그린날개중형40*24
84809052,프링글스 오리지날맛 40G
82072344,팬틴스페셜세트볼륨
82132453,듀라셀 디럭스 알카 AA 30개입
82309184,질레트 퓨전 파워 면도날 16입 팩 (COUPANG)
82207746,오랄-비 어드밴티지 컴플리트 4웨이 35모
82171017,오랄비 마이크로씬클린 3+1입
82110399,헤드앤숄더프레쉬레몬그라스컨디셔너570ML
83046418,프링글스피자맛스몰50G
82117611,비달사순 살롱 모이스춰 컨디셔너 850ML
82138173,퓨전 DBD 디스트리뷰션 팩
82316530,다우니 초고농축 퍼플 화이트티와 릴리향 1.05LX3
82133770,페브리즈 에어 맑은하늘바람 275G
82250222,제놉틱스 스팟 에센스 0.7ml(비매품)
81702954,브라운 시리즈 3 면도기 300s Green
82034468,화이트 소스 트랜스폼 FND 310
82252804,아티산 퍼펙팅 브러쉬
82205189,헤드앤숄더 BAHAMAS 애플 프레쉬 샴푸 550
82015889,페브리즈 화장실용 은은한 플로랄
82256913,시리즈젤 센서티브 폼 245G
82079102,SK-II 팬케이크 컴팩트 (은색)
82299739,팬틴 콜로서스 트리트먼트 220ml 엑스트라볼륨
80690951,다우니 생화향기 컬렉션 스프링 가든 러브 1LX12 (DBD)
82289401,다우니 오션코랄 퓨어러브 1LX3 (쿠팡)
82308309,프로글라이드 매뉴얼 면도날 8입 (플렉스볼)
82123073,헤드앤숄더 스완 2075팩-쿨 멘솔
82256895,알엔에이 파워 에센스 세트 래디컬 뉴 에이지
81495974,브라운 시리즈9 9090 CC _LSD
82224940,페브리즈 에어 맑은하늘바람 275G
81651195,브라운 시리즈 9 면도기 9290cc SILV
82229261,싸인즈 퍼펙트 래디앙스 리퀴드 파데330
82166686,프링글스 110G 4팩_오리지날_TRADERS
82247803,페이셜 트리트먼트 에센스 그린 리미티드 에디션
82173110,페브리즈 에어 뉴질랜드향 4개입 코스트코팩
80731879,페브리즈 섬유탈취제 실내건조 370ml
80840381,헤숄 레몬 샴푸 520mlx2 올리브영팩
82330909,오랄비 L자형 치간 칫솔 18개입 RRP
81270968,WC 15ml엔리치 모이스쳐라이징 트리트먼트
82048129,SK-II FACE CRM 50G TRT UV N
82275640,스킨 퍼펙팅 파운데이션105
82325809,페브리즈 섬유탈취제 내추리스 라벤더앤유칼립투스 370MLX3
82194573,팬틴 바운시볼륨케어 1900팩_new
82002769,헤드앤숄더 2500 이랜드팩-릴랙스티트리
82318329,팸퍼스 통잠팬티 6단계 22 X 4
80721753,CNY 리미티드Rabbit 에디션 에센셜 케어 세트(JF23)
82292776,다우니 블루 1L 레몬그라스와 달콤한 라일락 향
82043701,팬틴샴푸일반400MLR (BC96)
82085086,팸퍼스 특대형 24개입
81090057,프링글스 라이트 후레쉬치즈
82206180,페브리즈 370ml+320ml 팩 다우니향
82030058,헤드앤숄더 1650팩-실키모이스춰
82082376,큐티 New 슈퍼스타 중형 120P
82065712,Pampers DPR LG(68+4)Sx4 SPR04 KOKUUHASU
82133571,헤드앤숄더 알로에 샴푸 850 스티커
82205112,다우니 퍼퓸 블랙 2L 미스티크 향
82210311,맨 페이셜 트리트 에센스 10ml (비매품)
82206495,오랄-비 펄사 40모 2입(롯데마트)
82324009,다우니 섬유유연제 엑스퍼트 실내건조 2LX2 이마트 팩
82209971,위스퍼 팬티라이너 후레쉬 향 36개입
80779913,다우니 시트러스 앤 버베나 1.05LX3 M1
82321906,질레트 프로쉴드 옐로우 면도기 2UP (557)
82060654,PAMPERS DPR MD (80+4)SX4 FALL03 BONUS PK
82308319,퓨전 프로글라이드 플렉스볼 매뉴얼 면도기 1UP
80765679,페브리즈 퀵드라이 클린코든솝 320ml
82327766,팬틴 콜로서스 트리트먼트 220mlX24 실키스무드 DBD
80317973,오랄-비 D16 플럼핑크
80823937,SPX LXP 샘플키트 TR
82072041,싸인즈 컨트롤 베이스 2.5G
80794398,페브리즈 섬유탈취제 실내건조 370mlX3
82304183,허벌에센스 볼륨 화이트 그레이프 프루트 & 모사 민트 컨디셔너
82250504,페이셜 트리트먼트 클리어 로션 230ml
82249252,알엔에이 파워 에센스 세트 래디컬 뉴 에이지
82103200,페브리즈 집먼지제거 프로모션팩
82410327,AS 네일 칼라 엔 900
82049072,SK-II클리어로션40ML
82228882,위스퍼 피부애 슈퍼롱 오버나이트 4P
82284040,페브리즈 섬유탈취제상쾌한 향 370ml (HarmonyKreach2)
82244988,오랄-비 스테이지스3 6입 Premium
82072643,팬틴코스트코1200팩볼륨
80810315, 팬틴 미라클 딥 리페어 샴푸 440ml
82192679,퓨전 프라이드파워  면도기 TMR 1CSX24IT*1X6X4
82077263,M-1 큐티 편안한 아기 대형 60P
82151663,듀라셀 디럭스 알카 AA 2개입
80714218,다우니 베이스 퍼플 맥퀸 화이트티와 릴리 (2L+1.6L+200MLX8)
82148388,위스퍼 팬티라이너 믹스드 케이스
82196362,팸퍼스 크루저 4단계 점보1/160
82321750,다우니 퍼퓸 블랙 미스티크 향 1LX12 DBD (구버전)
80724039,오랄비 스테이지스3 아이언맨2입
80702241,페브리즈 화장실용 2개입(6mlx2) 상쾌한 비누향 (Retail)
80737761,팸퍼스 베이비드라이 밴드형 기저귀 2단계 1박스 (186매)
81610564,브라운 쿨텍 CT4CC_LSD
82331023,질레트 스킨텍 면도날 10입 (ECOM)
82089361,큐티 미드티어케이스 대형 100P-업그레이드
84912825,프링글스피자맛미디엄184G
82242656,페이셜 트리트먼트 클렌징 젤 80G
82047453,코디곰디자인250 6*4
82307666,페브리즈 섬유탈취제 은은한 향 360ml 3입
82274354,디럭스샘플키트 리미티드에디션14G
82286065,다우니 코튼 퓨어러브 1L+1L 팩
82131616,페브리즈 비치형 리필 (바람속의꽃향기)
82057847,비달2960팩 WAVY JUN 03
82123581,2010추석 클리니케어 1호
82304354,다우니 스프링 가든 러브 2L
82033153,WHISPER PAD 26SX24 S01 ULTRA STICKERING
80744715,스킨파워 어드밴스드 크림 50g
82288333,다우니 엑스퍼트 스포츠 2L
82134968,퓨전 팬텀 파워
80849853,오랄-비 리필모 프로즌 8개입 (EB10S 8)
82243572,클리니컬 프로엑스퍼트
82075780,웰라 스타일링 워터젤
82318469,페브리즈 항균플러스 산뜻한향 370ml
80807670,오랄-비 전동칫솔 iO7 화이트 알라바스터
82163644,헤드앤숄더 샴푸 1200MLX9 아이스 프레쉬
82173668,헤드앤숄더 로터스 2114팩- 가려운 두피
82135462,페브리즈 따뜻한 햇살 보충형 320ML
82176237,SK-II 컴팩트 파우더 화이트
82107438,프링글스라이트2팩(오리지날+후레쉬치즈맛)
82185204,헤드앤숄더 헤어폴클리닉 컨디셔너 550ml
82287116,마하3 클래식 8입+면도기 1up팩 (트레이더스)
81010162,구찌 러쉬 2 EDT 50ML
82190414,시리즈젤 센서티브 스킨 200ML
81188021,보스보틀 나이트 애프터쉐이브밤 75ml
82076834,슬림 슈퍼롱 오버나이트 10+2
80853925,페브리즈 화장실용 라벤더 부케 6.3mlX3
80719118,브라운 시리즈 8 면도기 8563cc GREY
80781665,팸퍼스 2024 터치오브네이처 썸머팬티 체험팩6단계(8x30)
82293526,오랄-비 크로스액션 7 베네핏 35모 3입(롯데마트)
80774964,다우니 세제 블루 3.2LX4 BD
82095453,큐티 편안한 아기 대형 82 테스코
82157397,셀루미네이션 리퀴드 FND 420
82412574,AS 인텐시브 화이트닝 세럼
82250953,프로글라이드 파워 면도기 1up (플렉스볼)
82097041,에어터치 FND OP-3(리필)
82145653,트라이엄프
81164367,KP 8/07 엔
82313593,질레트 퓨전 프로쉴드 칠 면도날 10입팩 (COUPANG)
82134815,위스퍼 이마트 패션라이너 번들팩
82186709,페브리즈 차량용 맑은하늘바람 4개입 코스트코
82080693,웰라트리트먼트칼라 인텐시브 8B
82253497,프로글라이드 파워 6+1 팩 (플렉스볼)
82200188,헤드앤숄더 Bahamas 2250팩- 헤어 폴 클리닉
82150106,질레트 시리즈 페이스 워시
80201351,비너스 임브레이스 면도기
82242730,팬틴 퀀텀 트리트먼트 200X2 엑스트라볼륨
82332744,FAB 울트라  리페어 크림 56.7g(2.0OZ) JAR
80689630,프로글라이드 센서티브 젤 퓨어스포츠 170g
80746679,페브리즈 화장실용 6.3mlX3 라벤더
82410296,AS 네일 칼라 N 100
82256091,오랄비 전동칫솔 D12.513 프로즌 (트레이더스)
82139006,페브리즈 비치형 스타터킷 (봄의소생) 
82164262,팬틴 내츄럴케어 샴푸 500
82053294,팬틴추석선물세트2호-A
82088241,위스퍼 소프트클린 트윈윙 울날대 34개입
82283461,다우니 블루 2L+700MLX2 레몬그라스와 달콤한 라일락 향(롯데마트)
82200202,팬틴 실키샤인 트리트먼트 에센스 200ML 테스코
82187594,330s-4 블루 + 프로글라이드 기획팩
82328913,오랄비 고탄력 초미세모 틈새 케어 4입 <1+1> 기획팩
82201747,트라이존 3000
82181888,스템파워 리치 크림 50g
82235187,시리즈 젤 모이스쳐라이징 200ml
82317889,다우니 프리미엄 액체형 세제 블루 2.8L
82313480,비너스 컴포트 글라이드 화이트티 면도기 2UP
82259373,헤어레시피 꿀&살구 수분 트리트먼트 530ml
82331874,다우니 코튼 퓨어러브 1L+1L 팩
82158738,LXP 얼티미트 퍼펙팅 에센스 10ML 미니
82328519,페브리즈 섬유탈취제 다우니향 코스트코 (920MLX2)X10
81342269,SP 헤어 퍼펙션 메뉴
82144655,헤드앤숄더 건조한 두피 케어
82244933,페브리즈 다우니 아로마쥬얼 자수정 바닐라향 용기형 370ML
82201340,위스퍼 팬티라이너 후레쉬 향 40개입 *2
80868092,오랄비 깊은세정 초미세모 크로스액션 4입
82420590,AS 아이 칼라 듀오 (팬 필드 테스터) - 05
82045205,위스퍼그린오버나이트2*100
82205908,화이트닝 소스 덤 브라이트너 75g
82295583,페브리즈 섬유탈취제 대용량 리필 상쾌한향 640ml
82142325,헤드앤숄더 로터스 1950팩- 가려운 두피
82176595,헤드앤숄더 MtDew 2114팩- 헤어 폴 클리닉
80757669,페브리즈 섬유탈취제 실내건조 370mlX3
82225035,스템파워 리치 크림 2g(비매품)
82046404,큐티대형36*4 NEW
82007244,어드밴스드 화이트닝 소스 팬케익 310
82006472,허벌 에센스 엔젤 스무드 컨디셔너
82293523,오랄비 프로엑스퍼트 프로플렉스 4입
82050563,페브리즈카팩프로모션
82290662,헤드앤숄더 쿨멘솔 샴푸+팬틴 트리트먼트 팩
80746677,페브리즈 비치형 6.3MLX2 화이트릴리
81487070,브라운 Waterflex2_Blue(LSD)
80754286,팸퍼스 2024 베이비드라이 팬티 5단계 쿠팡팩 52P X 3
82279591,질레트 퓨전 프로쉴드 칠  4개입
82242077,T 스템파워 크림인 파운데이션 버프
82283770,헤드앤숄더 슈프림 모이스쳐 샴푸 480ML (STK)
82295640,다우니 핑크 4LX3 베리베리와 바닐라크림 향 (홈플러스)
82134421,헤드앤숄더 샴푸850쿨 멘솔
82281111,오랄비 초미세모 크로스액션  1입
82234802,컬러 클리어 뷰티 에나멜 크림 컴팩트 420
82290457,다우니 디올 벚꽃 데이트2.0 1L
82202959,팬틴 트리트먼트 15mlx5 3미닛미라클
82406550,AS 미니 루즈 400
82157652,스템파워 리치 크림 50g
82205921,맨 UV 프로텍트 모이쳐라이져 50g
82306769,페브리즈 섬유탈취제 다우니 에이프릴 향 880ml 2입 쿠팡 팩
82314200,다우니 프리미엄 액체형 세제 블루 2.7LX2 코스트코 팩
82134254,프링글스 양파맛 4캔 팩
82063423,샤민주방용타올30개
80725485,다우니 퍼플(2LX2+200MLX2) 이마트팩
82327423,다우니 프리미엄 액체형 세제 블루 2.2L
82082802,프링글스 올림푸스캔(오리지날)
80715979,(FWIP) 557.1 프로글라이드 파워 1ct 
80746804,브라운 시리즈 5 면도기 52-B1200s BLUE
82314426,페브리즈섬유탈취제내추리스민트앤주니퍼베리향대용량리필640ml*2(쿠팡)
82259667,팸퍼스 M6 베이비드라이 5단계 이코노미 박스1/160
82420677,AS 미니 루즈 V 01
82124201,위스퍼 패션 팬티 라이너 향 40개입
82208812,듀라셀 디럭스 알카라인 AAA 16팩
80794402,페브리즈 섬유탈취제 시트러스 리필 320ml
82153666,토탈이펙트 증정 3(토탈 이펙트 클렌징 클로스 30P+ 토탈 이펙트 세
80868095,오랄비 깊은세정 프로엑스퍼트 클리니컬 프로플렉스 3입
81221255,오랄비 스테이지스 치약 카즈&프린세스
82255567,페브리즈 차량용 2개입(2mlX2) (라벤더의 포근함) (LEGO)
82275372,피테라 풀라인 세트(롯데)
82243001,오랄비 전동칫솔모 EB20-4
82275703,페이스 트리트먼트 리페어C 30ml
82099921,팬틴 1900팩-바운시볼륨
82225622,퓨전 하이드라 센서티브 젤 200ml
82315129,오랄-비 크로스액션 35모 탁월한 세정력 온라인 싱글
82035070,헤드앤숄더 내추럴 허브 샴푸 570ML
82254551,헤드앤숄더 Bahamas샴푸 850 센서티브 알로에
82063425,큐티압소바대형T-SHIRT XL
82085806,조이 프로모션팩 - 500ml X 2 (JF06)
82272618,질레트 퓨전 파워 면도날 8입
82111256,데이앤드나이트세트
82179343,팬틴 집중손상케어 2200팩
82247550,페이셜 트리트먼트 젠틀 클렌징크림 15g(비매품)
82046415,하나로CODI키친타월260M 2S*16
82322495,다우니 오션코랄 퓨어러브 향 1LX12 DBD
82233140,위스퍼 피부애 울날중 36Px2(이마트)
82249270,페브리즈 차량용 2ML (상큼한 라임 오렌지)
82265261,페브리즈 차량용 2개입(2mlX2) (다우니향기)(LEGO)
82232817,오랄비 크로스액션 주니어 4입+크로스액션 탁월한 세정력 2입
82143393,화이트닝 소스 덤 리바이벌 마스크 10P
82243821,페브리즈 에어 비내린초원 275G (K-Reach)
82255562,페브리즈 차량용 2ml (깨끗한 시트러스 파워) (LEGO)
82320479,다우니 어도러블 1L+세제 블루1L (OM)
82320265,질레트 히티드 레이저 면도날 4입
82171543,위스퍼 리프레쉬클린 케어 시스템 74개입
82102178,헤드앤숄더 실키모이스쳐 570 린스
82328111,페브리즈 섬유탈취제 내추리스 레몬그라스 앤 진저향 보충용 320ml
82008671,팬틴 1800 선물세트팩 5호-집중손상
82117821,헤드앤숄더 센서티브알로에 컨디 850ML
82214827,페이셜 트리트먼트 젠틀 클렌져 120g
82176149,HE 헬로우 하이드레이션 샴푸300
82134674,위스퍼 보송보송케어 70P
82329654,스위퍼 막대걸레용 프리미엄 정전기 청소포 10입
82243517,오랄비 고탄력 초미세모 저자극 케어 1입
80274518,오랄비 스테이지스 치약 프로즌 75ml
82093108,웰라칼라엑스트라케어 6/074 (DBD)
81153687,SP 200ml 하이드레이트 마스크
82191228,헤드앤숄더 Bahamas 컨디셔너 850 헤어폴 클리닉
82229014,퓨전 프로쉴드 옐로우 면도날 8입
80807066,프로글라이드 센서티브 젤 퓨어 스포츠 170g
82298137,팸퍼스 스와들러센서티브 1단계 1박스 1X84
82120834,위스퍼 세이프티존 ML 롯데 90P
82165094,퓨전 프로글라이드 파워 면도날 14입 (코스트코)
82134793,페이셜 트리트먼트 젠틀 클렌징크림 2.5G
82140380,다우니 핑크 30ML 베리베리와 바닐라크림 향
82089541,팬틴밀키모이스춰컨디500ML
81581111,브라운 시리즈5 PP5 5090cc_LSD
82418196,AS 프로텍티브 F 프라이머 엘 테스터
82065594,비달560/200팩웨이브
82047948,SK2아이트리트먼트필름2G
82107052,헤드앤숄더 헤어폴 클리닉 마사지크림185ML
81153699,SP 30ml 리페어 샴푸
81164396,KP 5/05 엔
82235946,페이셜 트리트먼트 클리어 로션 30ml(비매품)
80853922,페브리즈 화장실용 다우니 클린 코튼 6.3ml
82197595,허벌 에센스 1200Gx9 터쳐블 스무드 컨디셔너_코스코
82268749,오랄-비 스테이지스 3단계 행사팩(어벤져스)  JAS17
82292811,다우니 오션코랄 퓨어러브 향 2L
82307640,오랄비 스테이지스3 겨울왕국 6입 코스트코 팩
82309504,팸퍼스 스와들러 6단계 16X4
81017201,AS 페이스 브러쉬
80704650, FAB 퓨어 스킨 페이스 클렌저 듀오 세트
82075607,팬틴 1880 선물세트 프로모션팩-볼륨
82298162,팸퍼스 베이비드라이 팬티 3단계(중형) 46X4
81387938,브라운 시리즈3 날과망 31B
82046038,SK2 ADV WHT리퀴드FND 41 SP
82127532,헤드앤숄더 실키 모이스처 스페셜 1140 팩
82088376,코스트코번들팩 트리트먼트칼라인텐시브5B
82216194,브라운 시리즈 1 날과 망 10BN
80831479,페브리즈 차량용 맑하바4+다우니2 CC
82293522,오랄비 크로스액션 향균케어 4입 (이마트)
81253263,브라운 시리즈3 날과망 31S
82040438,페브리즈카프로모션팩-깨끗한 무향
82308326,퓨전 프로쉴드 옐로우 면도기 1up
82152076,팬틴 바운시 볼륨 컨디셔닝 린스 850ML
82002397,팬틴 헤어폴 컨트롤 헤어 캡슐 15GX10
82201532,팸퍼스 BB 베이비드라이 4단계 메가팩
82404632,AS 수이 립 글로스 305 테스터
80778196,에스케이-투 엘엑스피 에센스 30ml(비매품)
82059729,PAMPERS DPR LG 68SX4 SPR03 TP PDC ICON
84858385,오랄비 충전식 전동칫솔 D34.525.5X
82075763,실속형+210ml 프로모션팩(상쾌한향)
80886836,페브리즈 섬유탈취제 맨 쿨아쿠아향 360ML x3
82315120,오랄비 고탄력 초미세모 그린티 1입
82275678,셀루미네이션 마스크-인 로션100ml
82131621,페브리즈 상쾌한향 용기형 370ML
82328029,ND21 앤디워홀 공병 (핑크)
82236698,페브리즈 엑스트라 스트랭스 대용량 900ML
82317720,다우니 퍼퓸 그린 보타닉가든 1.05LX3
82272155,페브리즈 비치형 스타터킷 (다우니향) (Kreach2)
82230328,헤드앤숄더 가려운두피케어 1650팩
81211838,SB 250ml 볼럽트 샴푸
82030192,비달사순 컬 리바이탈라이징 트리트먼트 왁
82111261,스킨 시그니처 3D 마스크 1P 샘플
82147674,질레트 시리즈젤 퓨어앤센서티브 200ML
81164373,KP 6/2 엔
81188048,보스보틀 나이트 오 드 뚜왈렛 50ml
82047836,SK2트리트먼트에센스립251C
82297097,다우니 블루 1L+1L 팩 레몬그라스와 달콤한라일락 향
82403031,AS 프레스드 파우더 200
80230637,팸퍼스 BB 크루저 3단계 1/174
82296792,다우니 스포츠 1+1.6LX2 홈플러스 창립 팩
82119950,스킨시그니처 크림인 파운데이션 420
82328795,헤드앤숄더 울트라 쿨멘솔 샴푸 1.2L
82031058,에어터치 FND OP-1 유상 A/S
82083613,팬틴 바운시 볼륨 케어 샴푸 550ML_SW
82063468,큐티드림골드용아기모자
82255604,페브리즈 차량용 프리미엄 후레시 하모니 스타터킷 7ml (LEGO)
80358009,질레트랩스 FWIP 2ct
82263085,OLAY 화이트 래디언스 셀싸이언스 프리 에센스 30ml
82245141,팸퍼스 베이비드라이 6단계 1박스 (124매)
82204874,페브리즈 (900+320) 팩 상쾌한향 OND'13
82320725,헤드앤숄더 2250팩 애플프레쉬 EDTC
82191335,오랄비 크로스액션 항균 35모 5입
82231451,오랄-비 후레쉬 클린 40모 6개입
82331027,질레트 프로쉴드 칠 면도날 10입 (ECOM)
80709543,다우니 생화향기 컬렉션 프리지아 앤 페어 리필 1.6x6
82076276,비달사순 컬러케어 샴푸 560_넥행어
82244733,오랄비 고탄력 초미세모 틈새 케어 4입 테스코
82305190,질레트 퓨전 프로글라이드 센서티브 면도젤_3입 (코스트코)
82119263,헤드&숄더 딥클린 샴푸 550ML
82058478,팬틴750팩모이스쳐DBD JUN 03
81126747,SB 1L 패네트레이트 샴푸
82293557,페브리즈 차량용 맑은하늘바람 2개입 + 페브리즈 차량용 라벤더 2개입
82077462,M-1 큐티 편안한 아기 CP 중형 88P
82281212,팬틴 딥리페어 트리트먼트 에센스 100ML 롯데
82131156,헤드앤숄더 헤어폴클리닉 스페셜 1885팩
82071930,VS 프로패셔널 스타일 컨디셔닝 린스560
82112299,팬틴 프리즈디펜스 샴푸280
82282783,퓨전 프로글라이드 매뉴얼 12입날 쉐이브클럽 팩 (프리미엄)
82129300,페브리즈 370ML+370ML 팩 허브 향
82102799,화이트 소스 트랜스폼 FND 420
82151171,헤드앤숄더 두피마사지크림 155ML
82312682,질레트 퓨전 매뉴얼 믹스드케이스
82315769,페브리즈 화장실용 2개입(6mlx2) 상쾌한 비누향 (Retail)
81625454,브라운 시리즈3 날과망 30B
82410144,AS 네일 칼라 N 602 테스터
82055070,비달MDO웨이브2+1
81212919,BT 150ml 에이지 인슈어 리브인컨디셔너
80759517,질레트 포오미 센서티브 175g 1X6
82293553,페브리즈 섬유탈취제 다우니향 리필 320ml*2 + 페브리즈 휴대용85m
82328123,오랄비 크로스액션 플라그 가드 온라인 싱글
82266118,애트모스피어 유브이 크림30g
82300108,페이셜트리트먼트 젠틀 클렌징크림80g
81666138,브라운 시리즈 8 면도기 8385cc BLACK
82232018,아티산 브러쉬 파운데이션 310
82328108,페브리즈 섬유탈취제 상쾌한향 대용량리필 650ml (Cass)
82305501,(샘플) 팸퍼스 스와들러 밴드 2단계 4P
82116873,클리니케어 헤어타임리뉴얼 트리트먼트150_
84953605,프링글스양파맛50G
82262789,퓨전 프로쉴드 칠 롯데마트 구정 기프트팩
82309842,오랄비 스테이지스3 카즈 6입 쿠팡팩
82046076,SK2 ADV WHT팬케이크42 BC SAMPLE
82150870,헤드앤숄더 007 800팩- 겸용 샴푸
82067374,소프트클린 울날중 40개입 시제품 샘플
82275763,다우니 퍼퓸 컬렉션 헬로 스프링1LX12
82309839,팸퍼스 베이비드라이 팬티형 S4 5p (샘플)
82293389,다우니 퍼퓸 핫핑크 블룸 1L+1L (Paper)
82420703,안나수이 핸드 앤 네일 크림 N 50G - 테스터
82001003,위스퍼 센서티브 울트라 날개 대형 18개입
82322405,팸퍼스 스와들러 마드레 2단계 4입 (샘플)_QR
81017495,안나수이 링 루즈 301
82255611,페브리즈 차량용 프리미엄 마운틴 에코 스타터킷 7ml (LEGO)
82227501,다우니 퍼퓸 핑크 2.7L 이노센스 향
82055553,팬틴설날선물세트1호
82070041,큐티중형128개입
80301684,오랄비 스마트시리즈 4000 미세모(블랙)
82188098,SK-II 셀루미네이션 오라 에센스 50ml
81019262,AS 아이 칼라 액센트 700 테스터
82200805,위스퍼 슈퍼롱 오버나이트 10개입 SH
82104809,페브리즈 화장실용프로모션팩릴렉스아로마
81164294,소프트터치2/7엔
80690895,팸퍼스 2022에어차차+통잠 5단계 샘플팩 8X30
82088000,헤드앤숄더 딥클린 컨디 850ML
82139084,오랄-비 크로스액션 항균모 35S
80794301,질레트 프쉴 옐로우 면도날 16입CP
82243765,페브리즈 차량용 프리미엄 숲속의 콘체르토 스타터킷 7ml (K-Reach
82294930,오랄비 프로-엑스퍼트 클리니컬 프로-플렉스 3+1입 (롯데마트)
82306763,오랄비 초미세모 크로스액션 차콜 7입 팩 (코스트코)
80843090,페브리즈 차량용 방향제 다우니 시트러스 (2.2MLX3)X8 
82199134,JP 팸퍼스 액티브 팬츠 특대형 (50+2)X3_PS
80300552,오랄비어린이칫솔모 EB10-2 STARWARS
82087763,비달사순 나이트 살롱 에센스-증정용
82204917,토탈 이펙트 노말 크림 코스트코팩(50GX2+50G)
82255217,엘엑스피 얼티미트 퍼펙팅 세럼 10ml (비매품)
80774952,다우니 세제 블루 1.4LX6 BD
82303631,FAB 스킨랩 리서페이싱 에센스 30ml(1OZ)
82131548,위스퍼 MIXED CASE
82037863,코디담장위의곰250 3*8
80725963,질레트 프로쉴드 옐로우 6BBGR+PG폼 (트레이더스)
84957539,프링글스오리지날50G
82083620,팬틴 집중손상케어 올인원 550ML_SW
80720705,팬틴 프로-브이 씻어내는 트리트먼트 콜라겐 극손상케어 220ml
82199475,팬틴 프로브이 아쿠아 퓨어 컨디셔너 400ml
80275003,2016년형 팸퍼스 크루저 6단계 1박스 (104매)
82088548,듀얼 마스크
80696564,다우니 프리미엄 액체형 세제 실내건조 1.9LX6 (Goldie)
82046209,비달컨디셔닝린스헤어용200G
82256177,알엔에이 파워 에센스 1ml(비매품)
82192026,팸퍼스 이지업 팬티형 여아 4단계 수퍼 1/80
80765677,페브리즈 퀵드라이 화이트머스크 320ml
82139007,오랄-비 클래식40부드러운모
82409085,AS 아이 라이너 펜슬 WP 001
82327769,퓨전 프로쉴드 옐로우 면도날 10입 (ECOM)
80843756,다우니 시트러스 앤 버베나 2.6LX6 MW2C
81142577,SP 1.7 250 레귤레이트 샴푸 -NEW 2009-
82229518,오라액티베이터 씨씨 크림 30g
82110998,헤드앤숄더프레쉬레몬컨디200ML
82288399,페브리즈 섬유탈취제 은은한 향 900mlX3 홈플러스 팩
80698272,페브리즈 포맨 쿨아쿠아향 370ML
82280632,페브리즈 차량용 (맑은하늘바람)
82224669,팸퍼스 뉴베이비 센서티브 1단계 (39X4)
82246219,위스퍼 팬티라이너 허브 40개입 RRP
80690923,다우니 생화향기 컬렉션 프리지아 앤 페어  2Lx4
80782133,팸퍼스 2024 여름낮밤패키지 체험팩 6단계 8X30 (에어차차 썸머팬티
82297561,다우니 프리미엄 액체형 세제 핑크 2.8L
82189624,듀라셀 디럭스 알카 AAA 10개입 신규
82294127,오랄비 왁스 치실 50M 4입 쿠팡 팩
82045329,SK2 ADV WHT리퀴드파운데이션42
82288325,다우니 엑스퍼트 실내 건조 1L
82223230,페브리즈 비치형 스타터킷 바닐라라벤더의>
82307920,팸퍼스 베이비드라이 팬티 3단계 쿠팡팩 66P X 3
80740888,피테라 디럭스 하이드레이팅 세트
82308813,다우니 퍼퓸 샤인 200MLx24
82272616,질레트 퓨전 매뉴얼 면도날 4입
82063380,큐티드림골드대형40*4 FALL03
82297968,SK-II 피테라 풀라인 세트
80829407,다우니 블루 3.8L 트레이더스 P1
82330928,페브리즈 차량용 (맑은하늘바람)_PX
82250525,알엔에이 파워 에센스 50ml
82058795,SK2 PW싸인트리트파운데이션OB-4
82264353,다우니 퍼퓸 쥬얼 에메랄드브리즈 205g
82118933,위스퍼소프트클린세이프티존 울날중 18p+2
80794957,(FWIP) 557.1 스킨텍 매뉴얼 1up 
82302500,오랄비 전동칫솔 D12.513 스타워즈 (트레이더스)
82178692,페브리즈(MO) 320ML 리필형 은은한 향
80315328,팸퍼스 베이비드라이 4단계 이노머스 박스 1/150
81747478,브라운 시리즈 8 면도기 8410s BLACK
82269392,오랄비 고탄력 초미세모 클래식 1입
82173666,헤드앤숄더 로터스 2100샴푸팩- 쿨 멘솔
82249864,페브리즈 차량용 2ML (맑은하늘바람)
82286402,페브리즈 비치형 리필 (바닐라라벤더의포근함) (Kreach2)
82248448,맨 페이셜 트리트먼트 에센스 2ml(비매품)
81726933,브라운 시리즈 6 면도기 60-N4200cs BLACK
82248642,알엔에이 파워 크림80g
81160031,SB 10ml 볼럽트 컨디셔너
80706975,LXP얼티미트 퍼펙팅 세럼50ml
80831268,다우니 삶음탈취 플러스 2.6L R3
82304259,팬틴 컨디셔너200MLX6 데일리 모이스처 리뉴얼
80715107,질레트 프로글라이드 매뉴얼 면도날 8입 (557)(CP stk)
82255709,프로쉴드 매뉴얼 8+1팩
82171467,팬틴 헤어타임리뉴얼 컨디셔너550
82040679,SK2아쿠아팩
82228850,위스퍼 리프레쉬클린 케어 울트라 날개 중형 30P
82404221,AS 루스  파우더 002 테스터(리필)
82206960,프로글라이드 파워 면도날 4입
82297927,헤드앤숄더 애플 프레쉬 샴푸 쿠팡팩
82182553,오랄비 인디케이터 컴플리트 미세모 8입 (이마트)
82305640,페브리즈 차량용 내추리스 2.2ml (민트 블라썸)
82171396,오랄비 프로-엑스퍼트 클리니컬 프로플렉스 1입 (하이퍼)
82206507,오랄비 크로스액션 젠틀케어 5입(롯데마트)
81262970,브라운 핸드블랜더 MR5550 MCA
82332191,페브리즈 항균플러스 산뜻한향 370ml
82205773,싸인즈 퍼펙트 래디앙스 파우더 파데 320
82158253,듀라셀 울트라 파워체크 AA 18팩
82182022,헤드앤숄더 헤어폴클리닉 컨디셔너 850ml
82185836,P&G 팬틴 선물세트 E3호
80808812,다우니 시트러스 앤 버베나2Lx2 M1
82010168,위스퍼소프트클린 2 울트라오버나이트14P
82138022,로케트 파워 알카 AAA 4개입
82176193,위스퍼 코스모 인피니티 울트라 날개형 중형
82046239,SK-II SKIN LTN 40ML FT CLR 10P SP TEST
80690934,다우니 생화향기 컬렉션 코튼 퓨어 러브 리필 2.6Lx4
80712305,다우니 항균 파워 플러스 4LX4 (코스트코) TESLA W2
82148498,헤드앤숄더 스완 특별 2550팩- 겸용
82208112,허벌 에센스 194G 터쳐블 스무드 트리트먼트
82420564,AS 스팟 컨실러 01 - 테스터
82196457,팸퍼스 크루저 5단계 점보1/140
80773102,질레트 랩스 손흥민 에디션 (1up+3ct)
80720695,팬틴 프로-브이 극손상케어 샴푸 1200ml
82255888,트리트먼트 어드밴스드 프로텍트 루스파우더UV
82291602,페브리즈 900ml+900ml 팩 다우니향 (KREACH)
82259669,팸퍼스 M6 베이비드라이 3단계 이코노미 박스 1/204
82304263,페브리즈 화장실용 1개입(6ml) 향긋한 꽃향기
80690181,애트모스피어 씨씨 크림30g
82071407,VS 프로패셔널 스타일 컨디셔닝 린스960
82311070,오랄비 프로엑스퍼트 주니어 아이언맨 1입 (Carbonite)
80780794,페브리즈 섬유탈취제 상쾌한향 370mlX3
82053920,큐티아기티셔츠0208
82194782,페브리즈 370ml+370ml 팩 상쾌한향 DJF'13
82267735,위스퍼 리프레쉬클린케어 슈퍼롱 오버나이트 날개형 40P CP
82323123,오랄-비 D16 비비드그린
82259671,온라인 샘플 키트 12G
82156745,페브리즈 비치형 스타터킷 비내린초원
82045910,위스퍼울트라후레쉬일반중20*24
82165503,오랄-비 델리케이트 화이트 (1SW)
82312838,오랄비 스테이지스3 프린세스 2pX4입 (코스트코)
80788275,브라운 시리즈 9 면도기9576cc 올인원 기프트팩
82212497,페이셜 트리트먼트 젠틀 클렌져 2.5g (비매품)
82103030,헤드앤숄더 1250팩-내추럴허브
82257480,페브리즈 상쾌한향 용기형 370ML
82315591,오랄-비 크로스액션® 탁월한 세정력 35모 12개입
82185946,위스퍼 피부애 슬림 향 중형 32P
82087672,페브리즈 SMALL/ TRA PAD
82126549,헤드앤숄더 레몬그라스 샴푸 550ML
80735073,오랄비 크로스액션 플라그 가드 35모 1입
82420671,AS 스팟 컨실러 01
80343864,오랄-비 어린이용 리필모 카즈 2입 (EB10-2)
82009864,팬틴 1700팩-엑스트라스트레이트
80712154,페브리즈 화장실용 상쾌한비누향3입+향긋한 꽃향기2입
80840170,스킨파워 아이 크림 15g
82267782,다우니 스포츠 2L+700ml 팩 액티브 시트러스 향
82409008,AS 수퍼 마스카라 DX WP 001 테스터
80733354,질레트 프로쉴드 파워 이마트 창립기념팩
82140648,위스퍼 보송보송 스포츠팩
80830234,팸퍼스 2025 여름낮밤패키지 체험팩 4단계
82134429,헤드앤숄더400 - 딥클린
82414716,AS 모이스처 리치 PF B02 샘플
82012633,프링글스치즈맛1*14
82223228,페브리즈 비치형 리필 다우니향
82255596,페브리즈 차량용 프리미엄 마운틴 에코 리필 7ml (LEGO)
82176587,헤드앤숄더 MtDew 2250팩- 가려운 두피
82304205,허벌에센스 리쥬버네이트 버번 & 마누카 허니 컨디셔너
81439127,GEM 액티브핏 3단계 1X90
81081020,BT 1.5L밸런스드 리바이탈샴푸
82145171,위스퍼 후레쉬라이너 무향 40*2개입 RRP
82414574,안나수이 모. 리치 F. 프라이머
80773127,질레트 프글 매뉴얼 면도날 2입
82140158,오랄비 어린이칫솔 기획팩 (4단계)
82176022,팬틴 바운시볼륨케어 뉴 2200팩
82065376,팬틴집중손상케어샴푸1000
82241450,PC7000 화이트
80729984,다우니 엑스퍼트 항균 파워 플러스 1L
82296528,질레트 프로글라이드 매뉴얼8ct+프로쉴드 옐로우3ct 팩 (롯데마트)
82283932,오랄비 전동칫솔 D12.513 프로즌 (트레이더스)
80706143,브라운 시리즈6 면도기 61-B1200s+CC
82046489,위스퍼슬림일반소10*48
82033682,큐티남양샘플 50
82166103,FT 에센스 215ml 리미티드 에디션
82271434,프로글라이드 센서티브 젤 퓨어스포츠 170g
82094821,팬틴 1700팩-집중손상
82288707,에스케이-투 스킨파워 에어리 밀키 로션 50g
82330932,페브리즈 차량용 맑은 하늘바람 2개입+다우니2개입_쿠팡
82178686,페브리즈 허브향 용기형 370ML
82146547,비달사순 프리미엄 컬러 케어 컨디셔너 485g
82110241,WHISPER PAD LTFL 20SX24 ULTUBE DIANA1.75
82306770,페브리즈 내추리스 민트앤주니퍼베리 360ml 3입 쿠팡 팩
82277319,헤드앤숄더 울트라맨 왁스리무버 SH 750ml
80867115,에스케이-투 엘엑스피 세럼 50ml
82004277,프링글스 코스트코팩 6캔
82070763,플로랄향(투명) 페브리즈 용기형 370ML
82055819,크레스트SPBR유스분홍리필
82249163,알엔에이 파워 크림 15g
81153796,SP 200ML 클리어스캘프 마스크
82307876,다우니 퍼플 1.6Lx2+200mlx4 이마트 창립 팩
82157120,WHISPER PAD (22SX12)X1 S1 AEON CHONAN
82283252,팸퍼스 크루저 6단계 1박스 (104매)
80875317,엔젤 브리즈 썸머 샘플팩 6 단계 (8X30)
82208920,듀라셀 디럭스 알카라인 AA 15팩
82000999,위스퍼 센서티브 울트라 일반 중형 18개입
82047132,바운티디자이너4R*8
82101112,페브리즈에어(허브정원속의 산책)
82121871,위스퍼 그린 세이프티존 대형 30p
82194749,헤드앤숄더 MtDew 2550팩- 가려운 두피_new
80988507,프링글스양파맛미디엄190G
80887956,팬틴 극손상 케어 샴푸 750ml
82257556,프로글라이드 센서티브 엑티브 스포츠 포오미 245g
80693886,다우니 생화향기 컬렉션 프리지아 앤 페어1.05x12
82316440,다우니 어도러블 1Lx12
82015479,W소스덤리바이벌마스크10P
82330809,페브리즈 향균플러스 깨끗한향 370mlx2+650ml (코스트코)
82328116,페브리즈 화장실용 2개입(6mlx2) 상쾌한 비누향 (Lotsell)
81727167,브라운 시리즈5 PP5 날과 망 52S
82137927,듀라셀 디럭스 알카 AA 2개입
82180174,위스퍼 핑크세스 라이너 향 36*3
82141140,페브리즈 허브향 용기형 370ML
82166687,프링글스 110G 4팩_양파맛_TRADERS
82414725,AS 모이스처 리치 FF B03 테스터
82216654,알엔에이 파워 에센스 75ml
82001283,팬틴 믹스드케이스
82133631,크로스액션 컴플리트 7 35S 3+1 (HYPER)
82327063,다우니 오션코랄 퓨어러브 1L+1L 팩 (CHP)
82116488,위스퍼 그린 S 이마트 64P
82083332,비달사순 프로페셔널 샴푸 960ML_STKR
82250995,페브리즈 차량용 프리미엄 스타터킷+리필팩_코스트코
82103894,2배농축 울트라 타이드 다우니 2.95L
82268944,페브리즈 섬유탈취제 은은한 향 370ml (Harmony)
82131547,위스퍼 시스템 오픈 박스
82271474,헤드앤숄더1950팩-헤어 폴 클리닉(Olympic)
82160845,피테라 디럭스 세트
81230045,KP 88/75 로즈브라운
82048824,프링글스크리스마스프로모션캔
82075790,웰라칼라엑스트라케어 2/0 트렌디블랙
82134676,위스퍼 리프레쉬케어 울날중 72P
81164381,KP 6/68 엔
82289869,다우니 블루 4LX3 레몬그라스와 달콤한 라일락 향_PGP E
82006193,팬틴 2550샴푸 DM팩-바운시 볼륨
82225030,시리즈젤 쿨 클렌징 200ML
82075762,실속형+210ml 프로모션팩(은은한향)
80832711,다우니 세제 실내건조 200mlx48 J2
82294865,다우니 프리미엄 액체형 세제 블루 3L
82207275,프로글라이드 실버터치 매뉴얼 BBGR 믹스드케이스 (온라인용)
82409528,AS 락 미 EDT 75 T
82096403,비달사순 40+40 샘플-살롱 모이스춰
82208387,셀루미네이션 딥 서지 EX 50g
82325008,질레트 스킨 쉐이브 크림 177ML
82289185,페브리즈 섬유탈취제 가벼운 허브 향 370ml
82410238,AS 네일 아트 칼라 N 370 테스터
80841651,다우니 실내건조 프레시클린 2.6Lx6 H1
80709549,질레트랩스 딥클렌징바 3UP TIN
82173424,페브리즈 차량용 맑은하늘바람 2ml + 페브리즈 차량용 200ml 팩
82095884,팬틴EXTRA스트레이트샴푸400ML
82410233,AS 네일 아트 칼라 N 081 - 테스터
82212546,듀라셀 디럭스 알카라인 9V 1개입_National
82015481,WS 덤 리바이벌 프로그램 6p
82241449,PC7000 블랙
82110332,팬틴집중손상케어컨디850ML
82297355,다우니 엑스퍼트 스포츠 1LX3+200ML
82410316,AS 네일 칼라 N 501
82042943,아텐드중형30S
82191857,에스케이-투 컬러 클리어 뷰티 파우더 파운데이션 310 (크리스탈 오크)
82316049,제놉틱스 오라 에센스 50ml
82152927,헤드앤숄더 샴푸850 헤어폴클리닉
82330769,페브리즈 섬유탈취제 은은한 향 360ml 3입
82291593,페브리즈 370mlX2 팩 다우니 향(쿠팡)(Fall'18)
82214242,퓨전 하이드라 젤 센서티브 75ml
82270790,질레트 프로글라이드 이마트 추석팩'17
82229458,페이셜 트리트먼트 젠틀 클렌져 6g(비매품)
82124294,팬틴 트리트먼트 트라이얼팩 400ML
82422338,안나수이 립 글로스 C 300
82330994,질레트 퓨전 파워 믹스드케이스
82019142,SK2 FT CLEAR LOTION215
80811861,다우니 세제 블루 1LX12 J1
82256092,오랄비어린이칫솔모 EB10-4 FROZEN (트레이더스)
80356516,오랄-비 전동칫솔 iO9 블랙 오닉스
82085315,위스퍼 보송보송 알뜰기획팩-이마트전용
82313844,다우니 스프링 가든 러브 1LX3 팩 (ET)
82286806,퓨전 프로글라이드 매뉴얼 면도날 10입 (ECOM)
82054653,코디알로에소프트45*24
82292414,질레트 프로글라이드  플렉스볼 8+1 프로모션팩 (매뉴얼)
82313623,비너스 스월 면도기 2UP
80690556,"브라운 시리즈 5,6,7용 세척&충전 스테이션"
82232670,질레트 센서 엑셀 면도날 10입
82044523,WHISPER SAPD REG 32SX24 IW+ CDU BLT S01
80853914,페브리즈 신발장용 프레쉬코튼 6.3mlX2
81255303,브라운 시리즈1 날과망 11B
82051667,비달익사이팅울트라케어560ML
80715988,(FWIP) 557.1 스킨텍 매뉴얼 4ct 
82084592,큐티 편안한 아기 중형 104 이마트
82166596,헤드앤숄더 샴푸550 가려운 두피 케어
82189575,듀라셀 디럭스 알카라인 AAA 2팩
81726788,브라운 시리즈 5 면도기 50-M4300cs MINT
82080284,팬틴모이스춰스무스린스100G
82063669,헤드앤숄더기프트박스모이스트
82229009,퓨전 프로쉴드 칠 면도날 4입
82074556,에어터치 FND OC-1(트라이얼)
82248208,팬틴 온케어 트리트먼트 인텐시브 15GX5
82253921,페브리즈 포맨 용기형 370ml X 2 (테스코)
80337912,오랄-비 3D 화이트 리필모 2입 (EB18-2)
82123013,헤드앤숄더 스완 2550팩- 헤어 폴 클리닉
80975337,프링글스오리지날미디엄195G*14
82280209,다우니 스포츠 1.6L 액티브 시트러스 향
82322553,페브리즈 화장실용 1개입(6ml) 은은한 라벤더향 (Online)
81165063,소프트터치6/44엔
82208827,로케트 알카 AAA 2개입 스몰카드
82116790,팬틴 컨디셔너 100ML
82151439,스킨 시그니처 아이크림 15g
82048267,위스퍼 그린3 울후날중 샘플 2*100
82111848,페브리즈 카사이즈 팩 상쾌한향
82283959,376 프로글라이드 매뉴얼 13+1 (롯데빅)
81153782,SP 250ML 클리어스캘프 샴푸
82113827,팬틴 프리즈디펜스 컨디셔너40_스티커
82186702,팬틴 올데이헤어폴프로텍트 트리트먼트 100
82116711,어드밴스드WS팬케익EX 220
82216648,알엔에이 파워 크림 100g
80317964,오랄-비 크로스액션 리필모 EB50-2
80772620,질레트 프쉴 옐로우 면도날 8입
82271449,시리즈젤 센서티브 폼 245G
82096506,헤드앤숄더 770샴푸팩-실키모이스춰
82184201,HE 헬로우 하이드레이션 컨디셔너
82180791,페브리즈 비치형 리필 (봄의소생)
82042458,비달사순샴푸웨이브400ML1*12
82328336,페브리즈 섬유탈취제 상쾌한향 용기형 900ml (Cass)
82279596,질레트 퓨전 프로글라이드 파워 11BBGR
82122362,페이셜트리트먼트에센스 10ML
82080008,팬틴 2500팩-집중손상
82299360,헤드앤숄더 울트라 쿨멘솔 샴푸 1.2L
81286029,WC 33만원 package
82095166,큐티 수퍼스타 업그레이드 대형 50P
84922133,아이보리10바
82043076,프링글스　오리지날1*12
82138674,다우니 핑크 1L 베리베리와 바닐라크림 향
80990182,프링글스오리지날미디엄195G
82079818,헤드앤숄더 샴푸 570 딥 - 래핑(5사인즈)
82284695,질레트 프로쉴드 옐로우 면도날 12입 코스트코팩
82241280,위스퍼 피부애 68P (이마트)
82208478,에스케이-투 컬러 클리어 뷰티 파우더 파운데이션 320 (클리어 오크)
80729877,페브리즈 강력탈취+ 880MLX6 상쾌한향
82234221,다우니 핑크 4LX3 베리베리와 바닐라크림 향_PGP
82311075,오랄비 프로엑스퍼트 프로즌II 2입
82208826,로케트 알카 AA 4개입
82147116,화이트래디언스 셋트 3
82298678,페브리즈 차량용 맑은하늘바람 4개입 팩
82145099,토탈이펙트 증정 1 (크림노말 10g+세럼 10g)
82249044,팬틴 퀀텀 트리트먼트 150x12 딥리페어 헤어 마스크팩
80833221,페브리즈 에어 린넨 스카이 165g
82181611,FT 에센스 215ml 리미티드 에디션
80212379,프링글스 미니캔 양파맛 40G X 12
80765680,페브리즈 퀵드라이 화이트머스크 리필320ml
82164120,화이트 래디언스 수딩 화이트닝 스트레치 마스크
80891454,(T)질레트 프글 파워 면도날 12입 이트
82243310,오랄-비 PRO 3000 D20 + 리필 콤보팩(코스트코)
82142849,위스퍼 보송보송케어 트라이얼팩
82056045,CUTIE DPR SM 68SX4 GOLD SPRING 03
82208386,스킨 시그니처 멜팅 리치 크림 50g
82067957,헤드앤숄더1710팩모이스트
82123065,헤드앤숄더 스완 2550 DM팩-헤어 폴 클리닉
82295007,다우니 디올 벚꽃 데이트 1LX3 이트레이더스 팩
82248647,알엔에이 파워 에센스30ml
82099912,헤드앤숄더 2550 DM팩-쿨 멘솔
80698190,다우니 엑스퍼트 실내 건조 톰포드 (그린)  1LX12
80317981,오랄비 음파전동칫솔 S15
82271652,다우니 퍼퓸 그린 보타닉 가든 1L+1L (Poly)
80853915,페브리즈 화장실용 라벤더 부케 6.3mlX2
80809034,질레트 랩스 3up + 폼 240ML
82147081,아쿠아액션 인텐시브 너리싱 에멀전
82219380,페브리즈 차량용 2ML (태국의 열대과일)3
82254044,오랄-비 어드밴티지 컴플리트 항균모
82086915,비달사순 살롱 모이스춰 컨디셔너 550ML
80921624,프링글스리니지캔오리지날
80706032,다우니 오션코랄 퓨어러브 1.05LX3
82255958,스템파워 리치크림 50g
82248677,싸인즈 업 리프터 40g
82237902,페브리즈 차량용 2ML (다우니향기)
82034621,헤드앤숄더 프레쉬레몬샴푸850ML-STKR
82276411,셀루미네이션 리퀴드 파운데이션320
80750239,제놉틱스 울트라오라 에센스 50ml 듀오 세트
82058471,VS MAY 1448스트레이트
80811856,다우니 세제 실내건조 1.9LX6 J1
82116680,팬틴 컨디셔너 200ML 인텐시브케어 프로모
82334076,질레트 프로쉴드 옐로우 면도날 4입 (PX)
82079839,SKII화이트닝소스 스킨브라이트너 미니어처
81098563,하이헤어 100 브릴리언트 어페어
83046578,프링글스양파맛100G 1*8
82201084,팸퍼스 BB 이지업 팬티형 남아 6단계 수퍼 1/60
82416836,안나수이 립 루즈 D 370 T
84921976,프링글스 오리지날 80g
80729266,팸퍼스 베이비드라이 팬티 6단계(점보형) 28X4
82120396,팬틴 프리즈디펜스 트리트먼트150
82191231,헤드앤숄더 Bahamas 샴푸 750 쿨블래스트
80824175,브라운 시리즈 5 면도기 52-B1200s+CC
82280512,프로글라이드 매뉴얼 면도날 4입 (플렉스볼)
80826694, 헤드앤숄더 샴푸 쿨멘솔 520ml
82274409,크리스탈 클리어 스킨 세트
82198588,페브리즈 비치형 스타터킷 비내린초원
82268116,프로글라이드 파워 1UP + 프로쉴드 옐로우 8CT (롯데빅)
82220616,팸퍼스 M5 베이비드라이 3단계 이코노미 박스1/204
80957554,프링글스 갈아넣은 통후추맛
82038325,큐티대형3S*45
80706961,셀루미네이션 딥서지 EX50g
80742178,다우니 실내건조 플러스 (핑크) 1.35LX6
82225393,오랄비 크로스액션 TAJ 720 3입
82083739,팬틴 엑스트라 스트레이트 샴푸 550ML_SW
80706033,다우니 생화향기 컬렉션 코튼 퓨어러브 1.05LX3
82133585,헤드앤숄더 헤어폴 클리닉 컨디 850 스티커
80864149,페브리즈 포맨 쿨 아쿠아 370ml (PX)
83907331,오랄비 고탄력초미세모 그린티4입(PX)
82272082,다우니 퍼퓸 핫핑크 블룸 1LX3 (쿠팡)
82154981,헤드앤숄더 선물세트 T1호
82307966,팸퍼스 에어차차 팬티형 6단계 (44 X 3)
81137352,디앤지 10 라 루 드 라 포츈 EDT 100ML
82236796,팸퍼스 크루저 6단계 1박스 (104매)
82068893,팬틴 2700팩-모이스춰
82272375,오랄비 스테이지스3 어벤져스 8입 (코스트코)
80747892,팸퍼스 베이비드라이 밴드형 기저귀 6단계 1박스 (112매)
82088773,페브리즈(MO) 370ML 용기형 플러스
82138760,헤드앤숄더 로터스 DM 2550팩- 건조한 두피
82420598,AS 아이 칼라 (팬 필드 테스터) 101
82001327,위스퍼 센서티브 울트라 날개 소형 36개입
82225679,프로글라이드 실버터치 파워 면도기 1업 (플렉스볼_EM/TSC)
82260514,페브리즈 차량용 2MLX6 (라벤더의 포근함) - TESCO (LEGO)
82328937,오랄-비 벨벳 초미세모 인디케이터 3입
80692352,시리즈 젤 모이스쳐라이징 200ml
80750340,오랄-비 프로 엑스퍼트 초미세모 화이트 리필모 10입 (EB60X 10)
81726915,브라운 시리즈 7 면도기 70-S7000cc SILVER
82402204,AS 파운데이션 스폰지
82250587,싸인즈퍼펙트 래디언스 리퀴드파데420
82297277,페브리즈 섬유탈취제 가벼운 허브향 370MLX4 (이트레이더스)
82318726,페브리즈 차량용 2개입(2.2mlx2) (산뜻한 허브향)
82316106,다우니 핑크 1.6L 베리베리와 바닐라크림 향
82265258,페브리즈 차량용 2개입(2mlX2) (라벤더의 포근함)(LEGO)
80304942,오랄비 PRO500 3D화이트
82024884,SK2 FOAMING MASSAGE CLOTH TRIAL
81213888,KP 10/5 로즈 80G
82014833,비달사순 스트레이트 스타일링 워터 150ML
82181914,다우니 퍼플 2L+2L 팩 화이트티와 릴리 향_Sep'12
82294140,오랄-비 크로스액션 7베네핏 6입 코스트코
82080565,SK-II AST 리퀴드 파운데이션 OC-1
82133820,오랄비 인디케이터 미세모 3+1개입
82150869,헤드앤숄더 007 800팩- 딥 클린
82095044,팬틴밀키모이스춰샴푸200ML
80794215,질레트 퓨전 매뉴얼 면도날 8입
82208381,셀루미네이션 마스크 인 로션 100ml
82157185,페브리즈 370ML+320ML 팩 상쾌한향
82133983,헤드앤숄더 컨디850 가려운 두피 케어
82173452,팬틴 컨디 1200MLX9 토탈 모이스쳐 케어
82230860,(일본산) 팸퍼스 베이비드라이 1단계 신생아용 (90X4)
82255589,페브리즈 차량용 프리미엄 살사 나이트 리필 7ml (LEGO)
82305432,페브리즈 섬유탈취제상쾌한 향 370ml (Elixir P2)
82117260,HE 데인저러슬리 실키 앤 스트레이트 샴푸
82314455,다우니 퍼퓸 샤인 향 1LX12 DBD
81193766,피카소 스무든 샴푸 펌프
81019243,AS 아이 칼라 액센트 006 테스터
82123072,헤드앤숄더 스완 2075팩-레몬그라스
80779931,다우니 프리지아 앤 페어2.6LX4 M1
82083604,팬틴 밀키 모이스춰 케어 샴푸 1000ML_SW
82088394,위스퍼 소프트클린 슬림 날개 대형 10P
82298166,팸퍼스 베이비드라이 4단계 이노머스 박스 1/150
80793978,질레트랩스 퀵 린스 쉐이브 폼 240MLX2
82234336,스킨 리부스터 75g
80230486,팸퍼스 BB 베이비드라이 5단계 메가팩
82188103,에스케이-투 스팟 케어 & 브라이튼 데이 크림 25g
80227694,퓨전 프로글라이드 파워 8입날
82038321,큐티중형3S*45
80857402,페브리즈 섬유탈취제 다우니 920mlx2팩
82172137,듀라셀 디럭스 알카 AAA 30개입
82287591,팸퍼스 스와들러 4단계 22X4
82292897,팬틴 콜로서스 샴푸 1200ML 극손상
82087795,헤드앤숄더 770샴푸팩-멘솔
80714608,팸퍼스 베이비드라이 팬티 6단계(점보형) 30X4
80328328,팸퍼스 베이비드라이 2단계 이노머스 박스 1/186
82195828,브라운 면도기 760cc 프로모션 (CCR2+70s)
82249620,페브리즈 차량용 3팩 맑은하늘바람 (2mlX3)
82282245,팸퍼스 M5 베이비드라이 3단계 이코노미 박스1/204
80754481,제놉틱스 울트라오라 에센스 50ml 비매품
82281207,팬틴 프로브이 아쿠아 퓨어 컨디셔너 400ml
82051851,팬틴프리미엄팩1050모이스쳐3*6
82057581,VS SHM 10MLX576 STRT SP VIVID
82333294,질레트 프로쉴드 옐로우 면도날 16입+질레트 시리즈젤+질레트 하이드라젤
82058474,VS MAY JUN 760웨이브
82240499,헤드앤숄더 발리 애플프레쉬 샴푸 550ml
82333295,질레트 프로쉴드 옐로우 면도날 10입+질레트 시리즈젤 195g
82326479,질레트 스킨텍 1up+8ct 팩 코스트코 (플렉스볼)
80871145,미드데이 미라클 에센스
82131134,위스퍼 소프트클린 이마트 해피 맞춤 팩
82416766,립 루즈 V 361
82088824,어드밴스드 화이트닝 소스 리퀴드 FND 220
82087373,SK-II 화이트닝 소스 클리어 로션 미니어처
82246405,아티산 브러쉬 파운데이션 310 (유브이/라이트)
82088249,위스퍼 소프트클린 트윈윙 울날소 18개입
82089534,어드밴스드 화이트닝 소스 팬케익 220
82420426,AS 바디 프로텍션 P
82278476,페브리즈 비치형 스타터킷 맑은하늘바람 2입 (K-reach2)
82284038,블루2 플러스 센서티브 1s
82147061,토탈이펙트 7 인 1 안티에이징 크림 플러스 터치 오브 파운데이션 (SP
82212286,다우니 핑크 200ml 베리베리와 바닐라크림 향
82233045,페브리즈 부착형 화장실용 리필 (산뜻한 정원향)
82144892,팬틴 집중손상 딥리페어 크림 100ML
80874043,브라운 시리즈 5 면도기 52-B1200s+CC(신규)
81253286,브라운 면도기 날과망 3000
82162909,토탈이펙트 세트6 (TE노말크림50g + TE클리어로션20ml + TE세
82157373,셀루미네이션 에센스 인 FND 420
82228879,위스퍼 피부애 울트라  날개 중형 36P (RRP)
82153831,페이셜 트리트먼트 에센스 330ML
82046411,상쾌한향페브리즈리필320ML*24
82049716,팬틴린스모이스쳐960*12
82198197,위스퍼 피부애 기분이 좋아지는 향 중형 2개입
82155248,프링글스 와일드스파이스110GX12
82148258,에스케이 – 투 컬러 클리어 뷰티 립글로스 -311
80250436,다우니 에이프릴 프레쉬향 1.53L
82204289,LXP 얼티미트 퍼펙팅 아이크림 15g
82301334,다우니 퍼퓸 리필 그린 보타닉 가든 향 1.6LX2 (paper)
80347707,오랄-비 전동칫솔 GeniusS7500
82252814,컬러클리어 뷰티에나멜 크림컴팩트330
82283160,페브리즈 차량용 2ML (다우니향기)(CT)
82214238,코스트코 프로글라이드 쿨링젤 3 팩
82120351,AMJ'09 페브리즈 370ML+210ML 팩 은은한향
81115835,휴고 엘리먼트 맨 EDT 90 T
82227153,마하3 터보 8입날_BB3  (롯데마트)
82106645,어드밴스드WS팬케익EX 440
80207529,팸퍼스 이지업 팬티형 여아 5단계 빅 1/54
82420576,AS 네일 칼라 N 320 - 테스터
82176995,위스퍼 핑크세스 중형 40pX8
82059522,비달사순 모이스춰워터교체형 300ML
82222164,위스퍼 피부애 수퍼롱 오버나이트 20P
82126555,헤드앤숄더 쿨멘솔 샴푸 850ML
82164132,화이트 래디언스 프로텍티브 크림 (SPF20 PA++)
82001511,헤드앤숄더 2075팩-쿨 멘솔
82184111,헤드앤숄더 가려운 두피케어 컨디셔너 550ml
82275370,제놉틱스 오라 에센스30ml
82275899,헤드앤숄더 Bali 샴푸 850 가려운 두피케어
82212364,다우니 퍼플 200ml 화이트티와 릴리 향
82404213,안나수이 플라잇 오브 팬시 EDT 30ML
82067008,팬틴 엑스트라데미지 샴푸 100ML
82144391,조명용 방향 쉐이드 (리필) 그린티 시트러스 향
82230825, 페브리즈(MO) 320ML 리필형 허브 향
80697767,헤드앤숄더 샴푸 가려운두피  80ml 레거시
82315626,오랄비 엑스퍼트 9000 1입
82149896,퓨전하이드라젤 울트라 프로텍션
82237306,오랄-비 크로스액션 프로엑스퍼트 주니어 행사팩
81166109,웰록손 퍼펙트 9% 1000ML
82255706,질레트 마하3 클래식 4입날 (LT)
80744821,다우니 프리미엄 액체형 세제 실내건조450MLX24
82421643,안나수이 X-MAS 메이크업 컬렉션 02
82040170,WHISPER SAPD XLN 16SX24 GRN2 IW+
82031735,큐티소프트케어팬티형10*6
82058473,VS MAY JUN760스트레이트
82314444,다우니 엑스퍼트 2L+700MLx2 실내 건조 향 (롯데마트)
82260871,다우니 퍼퓸 로즈골드 럭셔리 피오니 2.7L
81770227,브라운 시리즈 6 면도기 61-B4200cs BLUE
82142278,팬틴 인텐시브모이스쳐케어 1500팩
83025033,프링글스치즈맛190G 1*14
82220364,팬틴 실키샤인 트리트먼트 에센스 200ML
82152016,AMJ'11 페브리즈 (900+320) 팩 허브향
82171019,위스퍼 보송보송케어 울트라 날개중형36>
82102170,헤드앤숄더 레몬그라스 570 샴푸 스티커
82047131,팬틴린스볼륨케어500ML*9
82047734,SK-II FACE MASK 10P WHITE
82403037,AS 프레스드 파우더 200 테스터
82234285,위스퍼 리프레쉬케어 울날중 90P 코스트코
82164167,팬틴 집중수분케어 샴푸 500
82287738,헤드앤숄더 2250팩- 가려운 두피 (일렉트로맨)
80763720,LXP 얼티미트 퍼펙팅 세럼 50ml
82412732,AS 수퍼 블랙 풀 마스카라 001 T
82249267,페브리즈 차량용 2ML (맑은하늘바람)
80284296,오랄비 프로엑스퍼트 주니어 스타워즈 1입
80308412,오랄비어린이칫솔모 EB10-2 STARWARS
80883957,다우니 스프링가든 1LX12 D2
80371865,오랄비 EB25RX리필모 2입
80778202,에스케이-투 엘엑스피 크림 1g x 6
82273735,싸인즈퍼펙트 래디언스 파우더파데440
82195297,위스퍼 피부애 슬림 무향 중형 20P
82100179,싸인즈 트랜스폼 FND 310 크리스탈 오크
82283214,헤어레시피 키위&무화과 볼륨 쿠팡팩
82075913,웰라 슈퍼 리퀴드 헤어
81610562,브라운 쿨텍 CT4S_LSD
82107583,팬틴 3400팩-밀키모이스춰
82310481,오랄비 왁스 치실 50M 6입 팩
82204685,PGP 페브리즈 에어 맑은하늘바람 275g 특판용 6개입
82134870,퓨전 DBD 디스트리뷰션 팩
82244772,오랄비 크로스액션 젠틀케어 3입
82316256,다우니 프리미엄 액체형 세제 실내건조 450mlx24
81554433,팸퍼스 액티브핏(크루저) 5단계 1박스 (136매)
80779916,다우니 스프링 가든 러브 200mlX24 M1
82272086,다우니 퍼퓸 골드 샤인 2L+700ML (Chanel)
80236812,팸퍼스 BB 이지업 팬티형 여아 5단계 수퍼 1/72
82242091,T 싸인즈 퍼펙트 래디앙스 파우더 파데 버프
82316738,질레트 프로글라이드 매뉴얼 6+1 팩
82093010,WB 스타일링무스 150 (DBD)
82158735,LXP 얼티미트 퍼펙팅 에센스 150ML
82288802,오랄비 크로스액션 화이트닝 차콜 3입(Ntl)
82215691,페브리즈 (900+320) 팩 은은한향  AMJ'14 - Uniform
80871153,페브리즈 차량용 Panther mixed CC
80888004,팬틴실키스무드트리트먼트220ml2입+극손상케어샴푸90ml증정올리브영팩
82410332,AS 네일 아트 칼라 N 081
83046417,프링글스순한맛스몰50G
81187190,보스 오렌지 맨 애프터 쉐이브 밤 75ML
82196249,모이스처라이징 클렌저 120G
82057933,VS WAVY 2960팩APR 03
82319612,팸퍼스 베이비드라이 팬티 4단계 쿠팡팩 60P X 3
82129414,팬틴클리니케어컨디550헤어타임리뉴얼CA
82412728,AS 리퀴드 아이 칼라 G 050
82095301,위스퍼 그린 골든 스토어 팩-알뜰기획팩
82218715,페이셜 트리트먼트 에센스 215ml 옐로Dec14
82081604,SK-II AST 파우더 파운데이션 OC-1
82045053,SK2 싸인즈트리트먼트2.5G
82191744,듀라셀 울트라 AAA 24개입 파워체크
82208913,듀라셀 디럭스 알카라인 AA 2팩
81153908,SP 5ml 스무든 인퓨전
81548630,브라운 쿨텍 CT2S_화이트
82184790,오랄비 스테이지스 치약 (카즈+프린세스)
82110775,팬틴밀키모이스춰샴푸400ML
82284338,질레트 블루3 심플 4s
80842249,질레트 퓨전 프글 센서티브 젤 170GX2X6
82216649,알엔에이 파워 크림 15g
82015896,LXP 액티베이팅 마사지 플루이드 N
82046508,WHISPER PAD XLN 5SX48 SLIM WING CORP
82201542,팸퍼스 BB 스와들러 0단계 수퍼 1/80
80249320,비너스 센서티브 핑크 일회용 3입
80823452,질레트 마하3 매뉴얼 믹스드케이스
82049062,큐티드림골드용팜파인형1*40
82259763,퓨전 프로쉴드 옐로우 면도날 4입
82123050,헤드앤숄더 스완 2550샴푸팩-레몬그라스
81153634,SP 250ml 스무든 샴푸
82110586,헤드앤숄더 실키모이스춰 샴푸 850ML
82102378,위스퍼 농협시스템팩 74P
82151976,피테라 에센스 세트
82280242,다우니 퍼플 2L 화이트티와 릴리 향
82067714,코스코용팬틴트리트먼트 모이스쳐팩
82241907,T LXP 액티베이팅 마사지 플루이드 200g
84908758,프링글스치즈맛184G*14
81408303,트렌드 배너 비주얼
82247392,팬틴 프로브이 아쿠아 퓨어 트리트먼트 200ml
80835820,손 7 601-15 블랙 레이저
82077051,클린라이너 향 36*2
82115718,팬틴 2450팩-실키스무드
82121933,팬틴 트리플 집중 영양팩 150g
82333194,페브리즈 370ml+320ml 팩 다우니향
80703715,다우니 퍼플 화이트티와 릴리 2LX4
82331037,질레트 프로글라이드 매뉴얼 1up+5ct 팩
80804349,질레트 비너스 화이트티 2up+8ct
82067379,SK-II 더블유 소스 브라이트 리퀴드 OB-2
80748974,오랄-비 프리시즌 클린 리필모 10입 (EB20-10)
80842205,오랄비 고탄력 초미세모 잇몸전문 케어 1입
82317134,오랄-비 초소형 헤드 벨벳 잇몸케어 12개입
82087998,헤드앤숄더 겸용샴푸 850ML
82276396,알엔에이 파워 에센스75ml
82089593,어드밴스드 화이트닝 소스 팬케익 510 샘플
82214296,프로글라이드 파워 9+1 BBGR (Large-LT)
82052632,위스퍼슬림날대10*24
80710717,다우니 프리미엄 액체형 세제 실내건조 1.40L X 6
82422263,안나수이 립 글로스 C 200 -테스터
82206503,오랄-비 크로스액션 35모 3입(롯데마트)
82201514,팸퍼스 BB 베이비드라이 2단계 이코노미 박스1/222
82412317,AS 아이브로우 라이너 500 (리필
82144990,스킨시그니처 크림 인 FND 420
82206186,컬러 클리어 뷰티 파우더 파데220
82245823,다우니 퍼퓸 블룸 (핫핑크) 200ml
82086998,SK-II 화이트닝 소스 스킨 브라이트너
82152095,팬틴 집중 손상 컨디셔닝 린스 500ML
82176994,위스퍼 핑크세스 중형 50pX8
81127146,SB 150ML 스타일리시어 내추
82137919,롯데마트 듀라셀 디럭스 15팩 AAA
82052100,팬틴프리미엄팩1375모이스쳐
82259244,팬틴 온케어 트리트먼트 인텐시브 15GX5
82322544,질레트 스킨텍 매뉴얼 면도기 1up (플렉스볼) 1X6X6
80337949,오랄-비 D12 바이탈리티 프리시즌 클린 (May'16)
82256926,오랄비 크로스액션 젠틀케어 5입(롯데마트)
82097353,모이스춰 슬림 트리트먼트 왁스
82141126,페브리즈(MO) 900ML 실속형 상쾌한 향
82232795,오랄비 어드벤티지 화이트닝 3+1입
82195739,페브리즈 370ml+370ml 팩 허브 향 DJF'13
82256141,프로글라이드 ST M1up+4ct+Gel 추석 기프트팩(이마트)
80690463,질레트 프글 파워 면도기 1UP
82113657,W소스덤리바이벌프로그램6P
82179679,위스퍼 보송보송케어 울날대30RRP
82300647,오랄비 고탄력 초미세모 그린티 1개입 온라인 싱글
82143165,프링글스 오리지널150GX12
82410789,AS 인텐시브 MOIST. 세럼 테스터
82245905,(일본산) 팸퍼스 베이비드라이 5단계 특대형 (50X3)
82061124,코스코팬틴볼륨프로모션팩
82257252,퓨전 매뉴얼 기프트 팩
82185077,비너스 새틴케어 센서티브 젤
82063473,큐티팜파티셔츠(메론)
82045335,SK2 ADV WHT팬케이크42
82148957,퓨전 매뉴얼 4입날 + 퓨전 하이드라젤 200ML 기획팩_테스코
82093020,웰라칼라엑스트라케어 5/4 (DBD)
82067395,SK-II 더블유 소스 브라이트 팬케이크 OC-1
82057590,비달스타일웨이브린스500
82131564,페이셜 트리트먼트 젠틀 클렌징크림 2.5G
82064198,페브리즈 OND'03 스페셜팩
82087242,헤드앤숄더컨디 멘솔 570ML
82297002,페브리즈 비치형 리필 (다우니향)
82312187,질레트 히티드 레이저 면도날 8입
82289568,팸퍼스 베이비드라이 4단계 이노머스 박스 1/150
82123061,헤드앤숄더 스완 2550DM팩-센서티브알로에
82192623,위스퍼 보송보송케어 시스템 90개입
82194778,페브리즈 (900+320) 팩 상쾌한향 DJF'13
82259376,헤어레시피 꿀&살구 수분 샴푸 530ml
82085745,헤드앤숄더실키모이샴푸570ML
82241838,시리즈젤 센서티브 스킨 200MLX3
82042486,팬틴바겐세일팩일반모발케어1*6
82296284,클래식 허벌 에센스 모이스쳐라이징 컨디셔너 일반모
82330442,SK-II 피테라 동안 세트 (RNA)
82283640,아이보리 오리지날 10바
82179339,팬틴 집중수분케어 1900팩
82207557,듀라셀 디럭스 알카라인 AA 4팩
82047850,SK-II FACE MASK 10P W-U WHITE SP TEST
82185941,위스퍼 피부애 슬림 향 중형 20P
82227104,다우니 핑크 200ml 베리베리와 바닐라크림 향　
82026036,SK2 FT REP C 2M-T20P BC(S
82142282,팬틴 집중손상케어 1000팩
80230525,팸퍼스 BB 베이비드라이 2단계 이코노미 박스1/222
82211043,오랄-비 프로엑스퍼트 주니어 2입(Star)
80697044,다우니 생화향기 컬렉션 핫핑크 블룸 1L
82297005,페브리즈 차량용 프리미엄 숲속의 콘체르토 스타터킷 7ml
82132114,퓨전 디스트리뷰션 팩 한정판
82197243,오랄비 스테이지스3 트윈팩
80693960,다우니 블루 1LX12 DBD 레몬그라스와 달콤한 라일락 향
82297171,페이셜 트리트먼트 마스크 10P
80979749,프링글스오리지날195G*14
82300528,퓨전 매뉴얼 면도날 10입 (ECOM)
80708385,다우니 베이스 블루 맥퀸 레몬그라스와 라일락 1.6LX6 DBD
82144242,오랄비 음파전동칫솔 S26 Costco
80691078,OLAY WR CS 에센스 듀오 세트(30ml*2)
82113662,W소스덤리바이벌마스크10P
82146176,위스퍼 센서티브 90개입
82088274,위스퍼 그린 트윈윙 울날중 40개입
80887961,팬틴 극손상 케어 컨디셔너 1200ml
82051904,SK-II페이셜클리어솔루션
82093006,웰라폼디럭스 75 (DBD)
82163987,위스퍼 보송보송케어 트라이얼팩 60개입
80755678,MaisonKitsune 리미티드 피테라 듀오 세트(ND23)
80714611,팸퍼스2023년형 베이비드라이+통잠 3.0샘플팩 8X30 6단계
82163641,토탈이펙트 7 인 1 안티에이징 인텐시브 크림 (SPF20 PA++)
82268159,페브리즈 섬유탈취제  이마트팩 상쾌 370mlX2 + 다우니 210ml
82067259,프링글스5*4 PAD
80872654,(T)질레트 프글 매뉴얼8입+파워3입
82227047,페브리즈 (900+320) 팩 은은한향 OND'14 poly bagJAS
82042313,샤민울트라30M 24R*3
82181165,다우니 핑크 4L 베리베리와 바닐라크림 향_PGP
82268861,페브리즈 370mlX2 팩 포맨 쿨 아쿠아 향 (쿠팡)
82217138,  페브리즈 하와이안 보충형 320ML
82055657,큐티대형88머천다이징
82206191,컬러 클리어 뷰티 파우더 파데420
80874036,터치오브네이처2026 본품 4단계
82164129,토탈이펙트 7 인 1 안티에이징 나이트 크림
82097981,팬틴 밀키모이스춰 컨디850ML-코스트코
82303506,질레트 마하3 터보 매뉴얼 면도기
82207164,올라운더 부드러운모 4개입
82038226,비달컨디손상400ML번들2*12
80769600,비매품 페이셜 트리트먼트 에센스 ND'23 메종키츠네(블루)
82224465,듀라셀 울트라 AA 12입_이마트DR
82187996,페브리즈 상쾌한향 용기형 370ML
80865702,질레트랩스 딥클렌징바 면도날 16입
82327051,다우니 퍼플 1L+1L 팩 화이트티와 릴리 (MQ)
82165323,프링글스 오리지널 110G X 12
80735934,셀루미네이션 딥서지 EX50g
82328804,다우니 항균 파워 플러스 200ml
82262419,브라운 시리즈7 7865CC+CCR+70S 코스트코 팩
82298333,LXP 얼티미트 퍼펙팅 크림 50g
82256874,오랄비 스테이지스3 6입 - 프린세스
84856119,질레트 비너스 임브레이스 면도기 2up
82048818,리페어 씨 2ml (유소)
80702250,페브리즈비치형 실내용 2개입 (7MLX2) 라일락앤피오니 (Online)
82205765,셀루미네이션 리퀴드 파운데이션 105
82327301,페브리즈 화장실용 상쾌한비누향4입+산뜻한사과향2입
82267229,위스퍼 피부애 슈퍼슬림 2개입
81160054,SB 1000ml 볼럽트 샴푸
82228384,알엔에이 파워 크림 15g (비매품)
82297354,다우니 엑스퍼트 실내 건조 1LX3+200ML
82237055,아티산 브러쉬 파운데이션 (유브이/라이트) 440
82133810,오랄비 펄사 35 부드러운모 2개입
82242766,팬틴 퀀텀 극손상 1500팩X6
82194581,팬틴 극손상케어 1500팩_new
82316563,오랄비 스테이지스 3단계 프로즌 트윈팩
80873025,제놉틱스 씨씨 프라이머 베이지 0.7g
82208916,듀라셀 디럭스 알카라인 AAA 2팩
82404205,안나수이 플라잇 오브 팬시 BL 200ML
80748942,오랄비 프로엑스퍼트 주니어 아이언맨 1입
82024786,큐티수퍼프리미엄중형64*4
82286737,퓨전 매뉴얼 면도날 16입 (ECOM)
82142232,팬틴 실키스무드케어 2400팩
80871960,레노아 비즈 블루밍블라썸 205GX6
82330015,페브리즈 섬유탈취제 은은한향 보충용 650ml
82416775,네일 칼라 N 208
82316104,다우니 핑크 2L 베리베리와 바닐라크림 향
82201527,팸퍼스 BB 베이비드라이 5단계 메가팩2/44
80861124,다우니 섬유스프레이 시트러스 370ml
82126553,헤드앤숄더 헤어폴 클리닉 샴푸 550ML
82250943,오랄비 컴팩트 잇몸케어 4입(Homeplus)
82259623,팬틴 콜로서스 샴푸 500ML 엑스트라볼륨
82178697,페브리즈 다우니향 370ML 용기형
81259222,브라운 면도기 140-1
82163602,헤드앤숄더 MMS 1500ML 팩 - 헤어 폴 클리닉
82314002,에스케이-투 스킨파워 에센스 30ml
82243585,오랄비 크로스액션 프로엑스퍼트 주니어 1입(Star)
82157385,셀루미네이션 팬케익 420
82290014,헤드앤숄더 1950팩-쿨멘솔(Barcelona)
82152094,팬틴 집중 손상 트리트먼트 샴푸 500ML
82309935,오랄비 스테이지스2 6입 쿠팡팩
82326986,페브리즈 섬유탈취제 내추리스 로즈 앤 제라늄 370ml
82420680,AS 네일 칼라 N 011
82180565,DBD 믹스드 케이스
82252255,오랄비 크로스액션 주니어 6입 (F/S)
82302499,오랄-비 D12 바이탈리티 크로스 액션 (May'16)
82113096,SK2 FT 스킨마스크(6P)
82119041,프링글스 미니 양파맛 40g (address sticke
82401812,안나수이 매직 로맨스 EDT 30ML
80811863,다우니 세제 실내건조 3LX4 J1
82188097,에스케이-투 셀루미네이션 오라 에센스 30ml
82330453,Andy Warhol 리미티드 에디션 디럭스 세트(ND21)
82420540,AS 아이 칼라 003 - 테스터
82044144,위스퍼그린날개대형18*24
82327634,SK-II 피테라 헤리티지 세트 (RNA)
81154443,디앤지 06 LAMOUREUX EDT 1.5 SOFI
82131533,팬틴 헤어타임리뉴얼 에센스 150
82284340,질레트 블루3 심플 1s
82064520,비달11월 워터/젤 팩
82105201,위스퍼 슈퍼롱 오버나이트 시스템팩 80p
82207272,퓨전 프로글라이드 클리어 쉐이빙젤
80829406,다우니 퍼플 3.8Lx4 화이트티와 릴리 P1
82328153,페브리즈 섬유탈취제 내추리스 라벤더 앤 유칼립투스 리필형 320ml
82420570,AS 미니 루즈 V 01 - 테스터
80707369,페브리즈 370ml+320ml 팩 은은한향
82157987,크로스액션 프로엑스퍼트 탁월한 세정력 35모 3개입
80825355,다우니 미스티크 200ml M2
82173441,질레트 프로글라이드 매뉴얼 면도날8입
82300028,헤드앤숄더 발리 샴푸 850 애플프레쉬 (STK)
82219377,페브리즈 차량용 2ML (라벤더의 포근함)
82404635,AS 수이 립 글로스 400 테스터
80726151,스킨파워 에센스 50ml 듀오세트
82205760,싸인즈 퍼펙트 래디앙스 리퀴드 파데 310
82252114,알.엔.에이 파워 래디컬 뉴 에이지 에센스 75ml
82171554,위스퍼 리프레쉬클린케어 트라이얼팩 32개입
80841646,다우니 실내건조 삶음탈취 2.6Lx6 H1
81259227,브라운 면도기 320-3 Grey
80843281,다우니 퍼퓸 쥬얼 루비 피오니 480g P1
82190428,330s-4 레드 + 프로글라이드 기획팩
82080007,팬틴 2500팩-바운시 볼륨
80717511,다우니 엑스퍼트 1L+1L 팩 실내 건조 (TOMFORD)
82117000,팬틴 워터 스프레이 200ML
82210024,팬틴 바운시볼륨케어 샴푸 850
80771065,오랄-비 전동칫솔 Pro2500 핑크
81017140,AS 루즈 쟈 001
82153835,셀루미네이션 딥서지 EX 50G
80703704,다우니 베이스 블루 레몬그라스와 라일락 1LX12 DBD (2022형)
82113109,화이트닝 소스 인텐시브 마스크 10P
82410312,AS 네일 칼라 엔 400
82195738,페브리즈 370ml+370ml 팩 은은한 향 DJF'13
82249869,페브리즈 차량용 2개입(2mlX2) (맑은하늘바람)
82064085,이지CPG롯데용50 M 24롤
82314482,다우니 퍼퓸 블랙 미스티크 향 1.6L (PX)
80733483,다우니 생화향기 컬렉션 미스티크 1.35Lx6
82129234,셀루미네이션 리퀴드 FND 320
82153811,모이스처라이징 클렌저 20G
82014845,WHISPER PAD 26SX24 S01 JP BOLD VISION
82283151,페브리즈 차량용 프리미엄 아쿠아왈츠 스타터킷 7ml  (NMR)
82095903,헤드앤숄더 쿨멘솔샴푸 400ML
82205669,퓨전 매뉴얼 2up 면도기
82095854,비달사순 컬러케어 샴푸 550ML
80773621,다우니 삶음탈취 플러스 1.05LX3
82311053,다우니 퍼퓸 오션코랄퓨어러브 1.05LX3
82137946,로케트 망간 랜턴용 4R25A 1개입
82046889,팬틴샴푸일반400ML1*12
82304262,페브리즈 화장실용2개입(6mlx2) 향긋한 꽃향기
80830243,팸퍼스 2025 터치오브네이처 여름낮밤패키지 체험팩 6단계
82184647,헤드앤숄더 헤어폴클리닉 컨디셔너 550ml
80861125,다우니 섬유스프레이 웜코튼 370ml
80337914,오랄비어린이칫솔모 EB10-2 FROZEN
82283157,페브리즈 차량용 2ml (상쾌한 나뭇잎향) (CT)
82198272,페브리즈 370ml+320ml 팩 은은한향 Jun'13
82263088,OLAY 리제너리스트 셀싸이언스 크림 50g
80872940,맨 페이셜 트리트먼트 에센스 75ML
82182805,인디케이터 항균 3+1(40)
82315237,페브리즈 상쾌한향 용기형 370ML(PGP)
80354268,오랄-비 전동칫솔 Pro100 초미세모 핑크
82310697,다우니 블루 레몬그라스와 라일락 2Lx4
82191739,듀라셀 울트라 AAA 12개입 파워체크
82156796,팬틴 트리트먼트 200 내추럴 케어 스티커
82123400,2010 추석 롯데1호
82040242,위스퍼 슬림 오버나이트 10P
82307855,페브리즈 차량용 맑은하늘바람 3개입+라벤더 2개입 팩
80883963,다우니 화이트코튼2LX4 D2
82332721,질레트 프로쉴드 옐로우 면도날 16입+질레트 시리즈젤+질레트 하이드라젤
82185020,다우니 퍼퓸 핑크 200ml 샘플 이노센스 향
82125816,팬틴컨디500모발강화IR
81089448,DG 라이트 블루 EDT 100ML
80788991,오랄비 EB50RX화이트 리필8입
80877902,(SWFIP)699 랩스 1ct
82271464,오랄-비 초미세모 벨벳 잇몸케어 그린티 3입 (이마트)
80839599,오랄비 크로스액션 컴플리트 7 클린 3입
82422283,안나수이 립 글로스 R 650 -테스터
82158420,질레트 퓨전 매뉴얼 면도날 16입
82287249,웨딩 샘플키트
82173433,팬틴 집중손상케어 1900팩_NEW
81127272,SB 200ML 무스 포르테
80278293,오랄-비 DNA PRO 3000 D20
82422364,안나수이 더블 치크 칼라 01
81148186,DG 로즈 더 원 EDP 5 샘플
82246798,페이셜 트리트 클리어로션 10ml (비매품)
80710721,다우니 프리미엄 액체형 세제 실내건조 3.2L X 3
82244729,오랄비 고탄력 초미세모 그린티 6개입 DBD (기존)
80794294,질레트 프쉴 옐로우 면도날 16입+젤
82299738,팬틴 콜로서스 샴푸 500ML 실키스무드
82236735,페브리즈 깨끗한 햇살 용기형 370ML
82218714,페이셜 트리트먼트 에센스 215ml 퍼플Dec14
82196446,팸퍼스 베이비드라이 1단계 이코노미 박스1/276
80726137,팸퍼스 2023에어차차 팬티형 6단계 (42X3)
82317890,다우니 프리미엄 액체형 세제 핑크 2.8L
82330894,페브리즈 에어 다우니향 2개입 (hyper)
82291118,팸퍼스 스와들러 1단계 32X4
80698270,페브리즈 섬유탈취제 포맨 머스크 향 360ml
82129220,셀루미네이션 팬케익 105
82283005,프로글라이드 센서티브 젤 퓨어 스포츠(PX)
82174771,오랄비 인디케이터 미세모 5입
82319361,오랄-비 왁스 치실 50M
82143626,헤드앤숄더 007 - 포맨헤어폴클리닉스티커
82275361,화이트닝 스팟스페셜리스트 컨센트레이트28p
82041269,큐티수퍼프리미엄대형 40*4
82414579,안나수이 모.리치 플루이드 F. B03
82302030,다우니 퍼퓸컬렉션 스노우 화이트 1LX3 팩
82416896,돌체앤가바나 더 원 젠틀맨 애프터쉐이브밤 75ml
80856265,질레트 프로글라이드 12
82310732,다우니 스프링 가든 러브 1L
82063739,위스퍼울트라후레쉬날개중형64P
82108772,헤드앤숄더 알로에 코스트코 850 린스
82153809,모이스처라이징 클렌저 120G
80693961,다우니 베이스 블루 레몬그라스와 달콤한 라일락 향 200mLX24
82187197,팬틴 트리트먼트 100mlX12 실키 스무드
82047155,팬틴트리트먼트볼륨10ML*576
82191225,헤드앤숄더 Bahamas 샴푸 850 센서티브 알로에
82333793,페브리즈 차량용 맑은하늘바람2.2ML4입+봄꽃향2.2ML2입
81703328,브라운 시리즈 9 면도기 9399PS GOLD
82236894,페브리즈 포맨 쿨아쿠아향 용기형 370ML
82272922,퓨전 프로쉴드 옐로우 면도기 1up
82292289,페브리즈 섬유탈취제 가벼운 시트러스 향 370ml (Elixir)
82132000,헤드앤숄더 샴푸550겸용 샴푸
82196513,페브리즈 차량용 뉴질랜드향 4개입 코스트코
82258832,퓨전 프로쉴드 옐로우 6+1팩 (코스트코)
82192522,오랄-비 델리케이트 화이트 40모 1입
82242090,T 싸인즈 퍼펙트 래디언스 LIQ FND 320
82115346,헤드앤숄더 헤어폴 80ml 샘플팩
82215003,위스퍼 리프레쉬 슈퍼롱 오버나이트 트라이얼팩 20개입 (RRP)
82145048,팬틴 오버나이트 모이스춰 세럼 50ML
84821658,방향 리드 디퓨져 그린티 시트러스 향
82235879,376 프로글라이드 매뉴얼 13+1 (롯데빅)
82292291,페브리즈 포맨 쿨아쿠아향 용기형 370ML (Elixir)
82094816,팬틴 1700팩-밀키 모이스춰
82165039,펄소닉 후레쉬(핑크)
80797752,다우니 블루 레몬그라스1.6LX6 P1
81455983,팸퍼스 베이비드라이 6단계 1박스 (124매)
82237139,오랄비 스테이지스 믹스드케이스 (대리점)
82243424,퓨전 프로글라이드 파워 면도기
82150858,듀라셀 알카 C 2개입
82332486,FY2122 피테라 익스클루시브 기프트
81629015,브라운 시리즈7 면도기 7899WD gift
80915664,프링글스킹싸이즈오리지날
82134677,위스퍼 보송보송케어 울날중 64P
82067319,코디각티슈250매입프로모션팩
80809382,브라운 시리즈 9 면도기 9690cc BLACK
82059340,팬틴선물세트3호
82270190,오랄-비 치실 글라이드 딥클린 40m
82196244,싸인즈 너리싱 크림 30g
82120342,팬틴 프리즈디펜스 트리트먼트150_스티커
82243898,페브리즈(MO) 900ML 실속형 상쾌한 향
82243118,오랄-비 DNA PRO5000
80207524,팸퍼스 이지업 팬티형 남아 4단계 빅 1/60
82241487,오랄비 고탄력 초극세모 그린티 4개입(테스코)
82181956,위스퍼 보송보송케어 트라이얼팩 60개입
82107779,헤드앤숄더 2075팩-헤어 폴 클리닉
80769599,비매품 페이셜 트리트먼트 에센스 ND'23 메종키츠네(레드)
82289563,팸퍼스 베이비드라이3단계 이노머스 박스1/168
82333775,질레트 프글 폼 245G 3입 + 하이드라 젤 70G
82123112,헤드앤숄더 스완 1250팩-센서티브알로에
82095879,팬틴밀키모이스춰컨디375ML
80734083,오랄비 EB20RX 화이트 리필 8입
80856641,피테라 디럭스 세트
82061479,울트라후레쉬일반중형42P
82253918,페브리즈 아로마쥬얼 자수정바닐라향 용기형 370ML X 2(테스코)
82183234,페브리즈 에어 뉴질랜드향 4개입 코스트코팩
82300905,페브리즈 화장실용 상쾌한비누향 6ml*2+은은한라벤더향 6ml*2
82157381,FT 젠틀 클렌징 크림 2.5G 샘플
82272087,다우니 퍼퓸 그린 보타닉가든 2L+700ML (Chanel)
84978555,다우니 에이프럴 후레쉬 리필 1.02L
82077257,팬틴 밀키 모이스춰 케어 샴푸 550ML
82313770,클래식 허벌 에센스 모이스쳐라이징 컨디셔너 일반모
82318727,페브리즈 차량용 2개입(2.2mlX2)(라벤더의 포근함)
82264913,오랄-비 초미세모 벨벳 잇몸케어 그린티 3입
80748182,페브리즈 섬유탈취제 라벤더 향 370ml 3입
82227407,다우니 퍼퓸 로즈골드 럭셔리피오니 200MLX24
82315229,페브리즈 370ml+320ml 팩 은은한향
82300898,페브리즈 섬유탈취제 상쾌한 향 900ml (PGP)
82171029,위스퍼 보송보송케어 울트라 날개 소형18개입
82212487,에스케이-투 페이셜 트리트먼트 에센스 레드 플라워 리미티드 에디션
82236955,위스퍼 리프레쉬케어 울날중 60P (National)
82093101,웰라칼라엑스트라케어 11/3(10개입)
82234343,미드데이 미라클 에센스 50ML
80315330,팸퍼스 베이비드라이 6단계 이노머스 박스 1/112
82283168,페브리즈 차량용 2ml (쿨 아쿠아향) (CT)
82292218,페브리즈 포맨 상쾌한 허브향 370mlX2개 팩_쿠팡
80763925,질레트 프로쉴드 파워 1up + 2ct
80858682,다우니 화이트티 (1.05LX3)X4 D1
82085751,헤드앤숄더 쿨멘솔 컨디 570ML
82191338,오랄비 인디케이터 미세모 3+3
82289953,페브리즈 차량용 2개입(2.2mlX2)(라벤더의 포근함)
84956802,프링글스 올림푸스캔(오리지날)
80695918,다우니 프리미엄 액체형 세제 살균 파워 1.6L
80826676,헤숄 샴푸 애플 1.2L
80856906,질레트 퓨전 20ct
82047005,팬틴트리트먼트볼륨200ML*24
82244245,오랄비 스테이지스 미키 치약 1개입
82208201,페브리즈 부착형 화장실용 리필 (상쾌한 하늘향)
82328938,오랄비 3D 화이트 차콜 1p
82288481,페브리즈 화장실용 2개입(6mlx2) 상쾌한 비누향
82333737,질레트 스킨텍 면도폼 245G 1x6
81253268,브라운 시리즈3 교체용 카세트 32S
82129423,팬틴클리니케어샴푸550풀앤씨크CA
82309740,헤드앤숄더 1950팩-쿨멘솔(Barcelona)
82288601,질레트 프로글라이드 파워 핸들 + 12ct팩 (플렉스볼)
82333338,페브리즈 포맨 용기형 370ml (PX)
82420587,AS 아이 칼라 듀오 (팬 필드 테스터) - 02
82315764,페브리즈 화장실용 1개입(6ml) 은은한 라벤더향 (Retail)
82070637,위스퍼소프트클린시스템프로모션팩-C
82250585,싸인즈퍼펙트 래디언스 리퀴드파데320
82157584,위스퍼 보송보송케어 울날중 90개입 RRP
82131534,팬틴 헤어타임리뉴얼 트리트먼트 150
82255560,페브리즈 차량용 2ML (담배냄새제거용) (LEGO)
80716409,페브리즈 섬유탈취제 포맨 시트러스앤우드 향 360ml 3입
82304187,헤어레시피 꿀&살구 수분 트리트먼트 530ml
81405112,버블 매뉴얼
80847279,질레트 센서3 일회용면도기 36P
82146077,SK-II 립 리페어
82327467,페브리즈 에어 바닐라라벤더의포근함 275g
82048247,WHISPER PAD RLN 20SX24 GRN3 CDU WING TW
82041061,위)울트라후레쉬날개대72*6
82139129,화이트 래디언스 수딩 화이트닝 스트레치 마스크
82119274,페브리즈 따뜻한 햇살 보충형 320ML
82001052,테스코 팩 중형 116
82123395,2009추석 테스코5호
82256155,위스퍼 피부애 중형 보너스팩 36P+18P
82015443,페브리즈 에어 비치형 무향 130G 본체
82308805,다우니 블루 1LX12 DBD 레몬그라스와 달콤한 라일락 향
82120004,스킨시그니처 크림인 파운데이션 220
80781059,페브리즈 항균 산뜻한향 리필 320ml
82055025,WHISPER REG 13SX24 NEOSLIM S01 SAPPHIRE2
82243432,마하3 센서티브 파워 면도기 1 up
82206531,스템파워 크림인 파운데이션 310
82292809,다우니 리필 오션코랄 퓨어러브 향 1.6L
82124828,위스퍼 소프트클린 이마트 해피 맞춤 팩
82319117,비너스 수딩케어 팩 (엑스트라 스무스 1UP + 새틴케어 젤)
82082604,비달사순 스타일링 클레이 왁스 50G_테스터
82245883,페브리즈 섬유탈취제 은은한 향 370mlX2 (PP)
80375473,오랄-비 전동칫솔 Pro2500 핑크
83046406,프링글스순한맛미디엄195G
80702246,페브리즈비치형 실내용 1개입 (7ML) 라일락앤피오니
82116716,어드밴스드WS팬케익EX 440
82140842,팬틴 바운시볼륨케어 2550팩
82146117,오랄-비 검 프로텍트 40모
80874034,터치오브네이처 2026  체험팩6-7단계
82119265,헤드&숄더 프레쉬레몬그라스샴푸550ML
84849539,오랄-비 마이크로씬 클린 40모 4개입
80709741,비너스 컴포트 글라이드 화이트티 면도기 2UP (657)
82066478,페이셜 하이드레이팅 UV 크림 3G
82218575,컬러 클리어 뷰티 에나멜 크림 컴팩트310
82014884,헤드앤숄더 센서티브알로에 샴푸 400ML
82264123,헤드앤숄더 슈프림 모이스쳐 두피 토탈솔루션 샴푸 750ML
82221783,3너스 스파 면도기 FRR 1CSX16IT*1X4X4
82404356,안나수이 티슈 박스
82227504,다우니 퍼퓸 화이트 2.7L 클래식 향
82258602,오랄-비 스테이지스 3단계 어벤져스 2입
82109861,위스퍼 홈에버슈퍼롱오버나이트시스템팩82P
82204467,프로글라이드 파워 BBGR 믹스드케이스 (온라인용)
82039286,NEW큐티특대형28S*6
82106525,위스퍼 오버나이트 번들팩
82186766,팬틴 트리트먼트 15mlx5 3미닛미라클 트리트먼트 케이스
82329986,페브리즈 섬유탈취제 다우니향 용기형 900ml
82158663,페브리즈 비치형 스타터킷 (바닐라라벤더의포근함) 올림픽
82212287,다우니 핑크 700ml 베리베리와 바닐라크림 향
80712155,페브리즈 섬유탈취제 다우니향 360ml 2입 + 깨끗한향 360ml 1입
82325211,비너스 올레이 컴포트 글라이드 면도날 3입
82049675,코디일반50M10R BEAR*8
82117765,헤드앤숄더 딥클린 삼푸 570ML
80724044,오랄비 프로엑스퍼트 아이언맨 1입
82157976,오랄-비 크로스액션 프로엑스퍼트 항균모 35모 3입
81271071,WC 150ml에이지 인슈어 컨디셔닝 스프레이
82087838,위스퍼 그린 특별기획팩
82284011,블루2 플러스 센서티브 5s
82314078,다우니 스프링 가든 러브 1LX2 팩
82065684,코코 주사위
80843945,질레트 프로쉴드 파워 이마트 창립기념팩 (프쉴 파워 12up + 프글젤
82201535,팸퍼스 BB 베이비드라이 3단계 메가팩
82312954,오랄비 스테이지스3 프린세스 6입(겨울왕국엘사)  쿠팡팩
81102285,프링글스 라이트 토마토&바질
82229270,화이트닝 소스 덤 리바이벌 마스크 1p(비매품)
82289553,팸퍼스 베이비드라이 5단계 이노머스 박스 1/132
82307965,팸퍼스 에어차차 팬티형 5단계 (52 X 3)
82067399,SK-II 더블유소스브라이트팬케이크 BE-2
80869954,팬틴 실키 스무드 샴푸 750ml 2입 올리브영팩
82214584,비너스 올레이 컴포트 글라이드 면도날 3입 (TESCO)
82240138,위스퍼 보송보송케어 슈퍼롱 오버나이트 날개형 5P
83905131,SK-II 피테라 풀라인 세트(리-뉴)
82305474,팸퍼스 스와들러 5단계 19X4
82151880,페브리즈 에어 뉴질랜드 계곡의 향기 275G
82408879,안나수이 리브 유어 드림 EDT 50ML
82192173,에스케이-투 맨 아이 리바이탈라이징 트리트먼트 15g
82076210,위스퍼 소프트라이트 신제품 실속 혼합팩
82243518,오랄-비 크로스액션 7베네핏 35모
82107105,헤드앤숄더 헤어폴 클리닉 컨디 200ML
82047165,네모난물리필번들80 3*8
82065908,큐티드림골드대형 (60+4)S*4 SPRING04
82176845,비너스 핑크 면도기 2UP
82147030,WS 덤데피니션 UV로션 0.6g 샘플
82168468,퓨전 프로글라이드 대리점용 믹스드 케이스
82198274,페브리즈 370ml+370ml 팩 상쾌한향 Jun'13
82047007,팬틴린스볼륨960ML*6
81523126,브라운 시리즈7 면도기 760CC-7
82117070,위스퍼 소프트라이트 2 일반형 32개입
80874035,터치오브네이처 2026 체험팩4단계
82178684,페브리즈(MO) 370ML 용기형 은은한 향
82331858,다우니 섬유유연제 핑크 리필 1.6LX4 팩
82275350,페이셜 트리트먼트 마스크10p
82244742,오랄-비 크로스액션 항균케어 35모 3입(롯데마트)
82305257,프로글라이드 센서티브 젤 퓨어 스포츠(PX)
82266528,브라운 여성용 페이스 SE80-S (민감한 피부용)
82293407,질레트 스킨텍 매뉴얼 면도날 4CT 4x6x12
82113981,위스퍼 센서티브 울날중 2P 폴리
82298093,팸퍼스 크루저 4단계 박스 1/104_S7
82129286,페브리즈 370ML+320ML 팩 은은한 향
82099365,헤드앤숄더 1530팩-딥
80868094,오랄비 브라이트닝세정 프로헬스 3D화이트 3입
82232250,위스퍼 피부애 이마트 58개입
82244985,오랄-비 어린이 전동칫솔D12 콤보 코스트코 팩
82128980,헤드앤숄더 코스트코1700팩 헤어폴클리닉
82292813,다우니 퍼퓸 그린 보타닉 가든 향 1.6L
82045111,바운티디자이너1R*18
82095405,팬틴 2450팩-집중손상
82221678,팸퍼스 이지업 팬티형 여아 5단계 수퍼 1/72
82296824,PGP 페브리즈 비치형 리필 맑하바 특판용 6입(Limo)
82089352,헤드앤숄더 1710 팩-모이스트
82290718,다우니 스포츠 1.6Lx2+700ML 이마트 창립 팩
82182098,FT 하이드레이팅 UV 크림 50g
82010447,위스퍼센서티브36p 번들팩
82257268,오랄비 슬림탑 잇몸케어 4입 (이마트)
82227677,페브리즈 (900+320) 팩 다우니향
82052105,큐타팜파티셔츠(노랑)
82255968,페이셜 트리트먼트 클렌징 젤 80g
82046093,SK2딥화이트닝샤셰샘플
82327584,오랄비 스마트시리즈 4000 미세모(블랙)
82171707,팬틴 집중 수분 트리트먼트 샴푸 850ML
82176875,헤드앤숄더 MtDew 1500팩- 2-in-1
80872941,맨 모이스쳐라이징 클렌저 120G
80720706,팬틴 트리트먼트 실키스무드 220ml
82328674,질레트 프로쉴드 파워 이트레이더스 설날 기획팩
82142414,화이트닝 소스 클리어 로션 150ML
82310726,다우니  코튼 퓨어러브 향 1L
82316861,페브리즈 화장실용 1개입(6ml) 상쾌한 비누향 (Lotsell)
82110777,팬틴EXTRA스트레이트샴푸400ML
80356067,오랄비 퓨어클린 차콜 리필모2입(EB20)
80887965,팬틴 프레스티지 데미지 리페어 헤어팩 170ml
80853921,페브리즈 화장실용 다우니 에이프릴 6.3mlX2
82242662,T페이셜 트리트먼트 에센스 330ml
82133760,페브리즈 에어 275G X15 맑은 하늘 바람
82317007,프로글라이드 매뉴얼 면도날 2입 (플렉스볼)
82193468,마하3 센서티브 터보 면도기 1up
82300646,오랄비 고탄력 초미세모 잇몸전문 케어 1입 온라인 싱글
82069063,큐티중형(64+4)*4보너스팩
82043214,SK2리페어C리퀴드FND 21
82256882,마스터피스 피테라 서플니스 세럼 50ml
80743910,헤드앤숄더 시트러스 레몬 샴푸 750mlx2+딥클린 샴푸 90ml 레거시
82134790,페이셜 트리트먼트 젠틀 클렌저 6G
82123054,헤드앤숄더 헤어폴 클리닉200ML
82243799,페브리즈 에어 뉴질랜드 계곡의 향기 275G (K-Reach)
82151764,맨 에센스 스타터 키트
82041268,큐티수퍼프리미엄(대형)36S*4
81078845,휴고 엑스와이 EDT 60ML
82094827,팬틴 2250팩-집중손상
82129154,헤드앤숄더 컨디414 가려운 두피 케어
82110325,팬틴바운시볼륨샴푸550ML
82046163,팬틴바겐세일팩일반*6
80740648,NFS ND’22 하이퍼 페스티브 레드 비매품
82040894,SKII CLEAR WHITENING CLOTH SAMPLE
82299756,헤드앤숄더 울트라맨 왁스리무버 SH 750ml
82180626,팬틴 바운시볼륨케어 샴푸 850
82273886,싸인즈퍼펙트 래디언스 리퀴드파데320
82216846,비너스올레이 면도기 1up
82189567,듀라셀 디럭스 알카라인 AA 8팩
82107778,헤드앤숄더 2550팩- 헤어 폴 클리닉
80729899,페브리즈 섬유탈취제 라벤더 370ml
81127112,SB 300 셀로페인 골든블론드
82153913,컬러 클리어 뷰티 아이 쉐도우 -81
82157982,크로스액션 항균모 40S 3+1 (HYPER)
80702251,페브리즈비치형 실내용 2개입 (7MLX2) 코튼앤블루자스민 (Online
82302666,다우니 코튼 퓨어러브 1.05LX3
82235645,위스퍼 보송보송케어 시스템 기획 74P
82300362,오랄비 D12+EB20-2 Club pack
80726639,다우니 프리미엄 액체형 세제 냄새딥클린 퍼플 3L Lotsell (av)
82210437,듀라셀 뉴 울트라 파워체크 AA 8팩
81271080,WC 150ml엔리치 바운시 폼
82126612,헤드앤숄더 딥클린샴푸 400ML
80751748,(원제품) 질레트 비너스 Y존 레이저 면도날 3입
80727393,페브리즈 화장실용 3개입(6.3ml) 상쾌한 비누향
82150179,질레트 시리즈 인텐시브 쿨링 로션
82093098,WB 퍼펙트케어 리퀴드헤어 100ml (DA)
81370964,팸퍼스 GEM액티브핏 4단계 1X112
82333774,질레트 시리즈 폼 245G 3입 + 질레트 하이드라 젤 70G
82250514,페이셜 리프트 이멀젼 100g
82138926,클리니케어 프리즈디팬스 1100ML 팩
82292294,페브리즈 포맨 상쾌한허브향 보충형 320ml (Elixir)
81212910,BT 250ml 에이지 인슈어 샴푸
82199067,위스퍼 코스모 인피니티 중형 10개입
82235570,센서엑셀2up 면도기
82313470,팸퍼스 베이비드라이 4단계 이노머스 1/150_QR
82052104,큐티팜파티셔츠(분홍)
82117062,위스퍼 소프트클린 세이프티존 오버나이트
82155241,페브리즈 차량용 2ml (맑은하늘바람)
82070301,헤드앤숄더1710팩맨솔
80781483,페브리즈 향균플러스 산뜻한향 370ml
82117563,팬틴집중손상케어컨디850ML
82321920,질레트 퓨전 파워 면도날 4입 (557)
82135461,페브리즈(MO) 320ML 리필형 허브 향
82301339,다우니 리필 오션코랄 퓨어러브 향 1.6LX2 (paper)
80881647,에스케이-투 엘엑스피 크림 1g x 6
82108838,위스퍼 그린 울날중 2P 폴리
80843080,페브리즈 차량용 방향제 라벤더의 포근함 (2.2MLX2)X6
82253381,화장용 퍼프(레드케이스 원형)
80783672,제놉틱스 울트라오라 에센스 50ml
82332188,페브리즈 섬유탈취제 은은한 향 370ml
82241279,위스퍼 피부애 울날대 32Px2 (이마트)
82088253,위스퍼 그린 트윈윙 울날대 34개입
82083852,팬틴 코스트코1200팩-집중손상
80788272,오랄비 아이콘 X 9입
82302525,오랄-비 전동칫솔 D12 바이탈리티 3D 화이트
82324019,오랄-비 Pro100 3D 화이트&블랙 듀얼핸들
82182115,페이셜 클리어 솔루션 100ml
80883966,다우니 미스티크 4.1Lx4 D2
82132670,시리즈젤 모이스처라이징
82119327,헤드&숄더 센서티브 샴푸 400ML
81181370,AS 아이 칼라 컨테이너
81506884,브라운 시리즈 3 면도기 3020S
82332183,팸퍼스 아르모니 팬티형 6단계 4X18
82292795,다우니 퍼퓸 샤인 200ML
82112853,위스퍼 칼라드 코어 ML 울날중 4P 박스
82045805,샤민로즈45M 24R
82257974,오랄-비 DNA PRO500 (+여행용케이스)
82088636,위스퍼 센서티브 울트라날개 중형 2개입
82208740,질레트 블루투 플러스 일회용면도기 5입
82255903,싸인즈 퍼펙트 래디앙스 파우더 파데320
82247373,팬틴 프로브이 아쿠아 퓨어 컨디셔너 400ml
82032823,큐티물티슈수퍼80*12
82096551,위스퍼 소프트클린 슬림 날개 중형 24
82302092,팸퍼스 크루저 5단계 박스 1/90_S7
82245542,오랄비 크로스액션 탁월한 세정력 3+2입 (Tesco)
80840584,질레트 스킨텍 매뉴얼 기1+날12 CP
82129217,셀루미네이션 팬케익 440
82133584,헤드앤숄더 알로에 컨디 850 스티커
82172402,스템파워 15g
80703672,다우니 블루 1.7LX2 팩
82275440,애트모스피어 유브이 크림30g
81216418,SP 가격표
82223132,듀라셀 울트라 AA 8개입_Tesco
82292279,페브리즈 섬유탈취제 은은한 향 370ml (Elixir)
82160579,스템파워 크림 컴팩트 파운데이션 330
82074343,위스퍼 슬림 /울트라 혼합팩 -Trad. (V)
82325303,다우니 코튼 퓨어러브 1.05LX3
82329124,페이셜 트리트먼트 클리어 로션 10ml(비매품)
82078281,H&S 겸용 960ML (스티커)
82280407,다우니 퍼퓸 쥬얼 에메랄드브리즈 205g
82315113,오랄-비 크로스액션 항균모 8입 (홈플러스)
82033769,코디키친타올100매1*40 25132
82043248,SK2 FT리페어C 15ML
82080068,코스트코 엑스트라케어 9/3 번들팩
82033796,코디여행용티슈60 1*150 17151
82271648,다우니 퍼퓸 블랙 미스티크 1L+1L (Poly)
82329228,팸퍼스 밤낮묶음 4단계 8개입 샘플_QR
82070527,페브리즈(MO) 320ML 리필형 상쾌한 향
82223221,페브리즈 비치형 리필 (봄의소생)
82252818,컬러클리어 뷰티에나멜 크림컴팩트440
82421599,안나수이 아이 칼라 크레용 002 - 테스터
82310297,질레트 퓨전 파워 믹스드케이스
82250413,오랄비 D12+EB20-2 Club pack
82269362,헤드앤숄더 BALI 1500팩- 포맨 헤어폴
82320474,다우니 어도러블 1LX3 팩 (ET)
82102169,헤드앤숄더 쿨멘솔 570 샴푸 슈링크
82149797,FT 젠틀 클렌져 6G 샘플
81355310,SP 오프닝 450 판촉물 패키지
82265006,팬틴 퀀텀 트리트먼트 200X2 실키스무드 ROT
82235203,위스퍼 팬티라이너 클린 향 36개입*2
80718462,페이셜 트리트먼트 에센스 ND22 하이퍼 리미티드 에디션 (레드)
81216490,클리마죤 S4 사용설명서
82065541,팬틴1200온팩모이스춰
82042181,아텐드출시기념실속팩MD 20*4
82055980,비달WV 560+400ML JAN03팩
82273801,페브리즈 차량용 2ML (맑은하늘바람)(CT)
82079820,M-1 큐티 편안한 아기 CP 대형 76P
83046585,프링글스펑키소이100G 1*8
82330764,오랄-비 크로스액션 항균모 8입
82164114,화이트 래디언스 인텐시브 브라이트닝 세럼
80843083,페브리즈 차량용 방향제 다우니 에이프릴 (2.2MLX3)X8
82082606,비달사순 딥 리페어 에센스 100ML_테스터
80703717,다우니 베이스 화이트티&릴리 4Lx3 PGP (2022년형)
82298996,오랄-비 고탄력 초미세모 잇몸전문케어 12개입
81213890,KP 10/6 블루 바이올렛 80
80797750,다우니 블루 레몬그라스200ml P1
82064549,WHISPER REG 13SX24 NEO S01 SHOPPB PKG
82273894,싸인즈퍼펙트 래디언스 파우더파데310
82421612,안나수이 미러 참 - 테스터
81270981,WC 6*20ml 리지스트 스트렝스닝 세럼
82300025,헤드앤숄더 발리쿨멘솔 샴푸 550ml
82081445,헤드앤숄더 3860팩 홈쇼핑
83907567,오랄비 컴포트 글라이드 치실 40M 8입 (스티커)
82228649,브라운 쿨텍 CT2S_화이트
82201040,프로글라이드 파워 6+1 (코스트코)
80742181,다우니 실내건조 플러스 (핑크) 1LX12
82262411,(샘플) 팸퍼스 M5 베이비드라이 2단계 샘플 4P 4X111
81342259,스캘프 고객카드 세트
82135467,질레트 마하3 면도날 4개입
82046907,비달샴푸웨이브575ML1*6
81259235,브라운 면도기 M90
82287664,다우니 디올 벚꽃 데이트1.0 1L
82253902,바디 쉐이브 면도날 4입
82250482,미드-나이트 미라클 에센스 50ml
82241188,비너스 올레이 1업 (TMR)
82251351,페브리즈 섬유탈취제 은은한 향 370mlX2 (PP)
82227046,페브리즈 (900+320) 팩 상쾌한향 OND'14 poly bag
82255472,프로글라이드 파워 8+1 올림픽 팩 (플렉스볼) 쿠폰
81271027,WC 500ml엔리치 모이스쳐라이징트리트먼트
82189820,퓨전 하이드라젤 울트라 프로텍션
81548622,브라운 시리즈 1 면도기 150S
82116678,팬틴바운시볼륨트리트200ML
81119198,구찌 러쉬 2 EDT 75 T
82001626,테스코 물티슈 중형 팩
84937692,프링글스임팩트1양파맛190G
81165115,웰록손퍼펙트 9%
82038245,비달프로린스손상500ML1*9
82055668,비달사순 설날선물세트3호
82316227,다우니 퍼퓸 샤인 향 1L (구버전)
82261625,다우니 블루 1.6L 레몬그라스와 달콤한 라일락 향
80794218,질레트 프쉴 옐로우 면도날 4입
82267734,위스퍼 보송보송케어 슈퍼롱 오버나이트 날개형 40P CP
80743059,질레트 프로글라이드 매뉴얼 1up+8ct 팩 (코스트코)
82156877,질레트 퓨전 하이드라 젤 200ml
82138033,로케트 망간 C 2개입
80763657,헤숄 건성 두피 샴푸 750ml
82009393,루슨트 베이스
82241888,T스템파워 리치크림 50g
82110348,팬틴밀키모이스춰컨디500ML
82128802,팬틴 선물세트 7호
82326083,페브리즈 섬유탈취제 항균플러스 깨끗한향 리필형 650ml
82325076,팸퍼스 통잠팬티 6단계 22 X 4
80988508,프링글스매콤한맛미디엄184G
82244780,페브리즈 에어 상큼한 라임오렌지 4개입 코스트코팩
80746634,페브리즈 화장실용 6.3ml 다우니
80709650,질레트 프로쉴드 파워 올리브영 발렌타인 기획팩
82275367,제놉틱스 스팟 에센스50ml
82180793,페브리즈 비치형 리필 (맑은하늘바람)   
82054630,코디미용지250*3 롯데용
82076752,코스트코 엑스트라케어 7/0 번들팩
82246367,오랄-비 크로스액션 7베네핏 6입 코스트코
82077364,페브리즈(투명) 320ML 리필형 상쾌한 향
82081607,SK-II AST 파우더 파운데이션 OB-4
82119266,헤드&숄더 센서티브 알로에 샴푸 550ML
82138960,헤드앤숄더 로터스 2550샴푸팩- 쿨 멘솔
82263306,오랄비 초소형헤드  블랙티 3p(E-mart)
82310444,질레트 스킨텍 매뉴얼 면도기 핸들+면도날12입 팩
80840166,페이셜 트리트먼트 클리어로션 230ml
80301660,오랄비 스마트시리즈 5000 미세모(화이트)
82279912,퓨전 프로쉴드 옐로우 4+1 쉐이브클럽 팩
80687057,헤드앤숄더 루트 스트렝스 두피 토탈 솔루션 샴푸 550ml
82290661,헤드앤숄더 가려운 두피 케어 샴푸+팬틴 트리트먼트 팩
82153846,스팟스페셜리스트 콘센트레이트 0.5GX28
82100003,팬틴엑스트라스트레이트트리트먼트200ML
80684246,오랄-비 어린이 전동칫솔D12 프로즌 콤보 코스트코 팩(NEW)
82116755,2009설 팬틴 선물세트 10호
82220619,팸퍼스 M5 베이비드라이 4단계 이코노미 박스1/180
82056577,팬틴HHR 2960ML볼륨FM 03
82127549,헤드앤숄더 레몬그라스 스페셜 1700 팩
82294910,다우니 프리미엄 액체형 세제 핑크 1.8L
82297554,(샘플) 팸퍼스 스와들러 밴드 1단계 10P
82322559,페브리즈 화장실용 2개입(6mlx2) 상큼한 레몬향 (Online)
82042868,샤민로즈50M 18S*3
80770297,오랄비 D100 초미세모 화이트(쿠팡)
80289703,팸퍼스 M5 베이비드라이 3단계 이코노미 박스1/204
82292276,페브리즈 섬유탈취제상쾌한 향 370ml (Elixir)
82048892,팬틴비듬+일반575ML4*6
82255933,컬러 클리어 뷰티 파우더 파데310
82075810,웰라칼라엑스트라케어 2/8 블루블랙
82039730,SK2 SIGNS TREATMENT 15G
82267710,피테라 에센스 230ml 데스티니III
82243797,페브리즈 에어 태국의 열대과일 275G (K-Reach)
82222047,페브리즈 차량용 벨트스트립 라벤더의 포근함 2ml*6_TESCO
82217606,프로글라이드 매뉴얼 F14 독일
82274623,다우니 퍼플 1.6LX2+(700ml) 화이트티와 릴리 향 (이마트)
80857045,질레트랩스 딥클렌징바 면도날 8입
82075134,팬틴400 코스트코 트리트먼트팩-모이스춰
82227655,화이트닝 파워 스팟 스페셜리스트50ml 슬리브
82138758,헤드앤숄더 로터스 DM 2550팩- 쿨 멘솔
82095171,큐티 편안한 아기 대형 88 이마트-물티슈
82305464,팸퍼스 스와들러 2단계 29X4
82255915,스킨 시그니처 멜팅 리치 크림 50g
82086075,팬틴 30ml 샘플팩-엑스트라 스트레이트케어
82296703,프로글라이드 센서티브 젤 퓨어스포츠 170g
82305472,팸퍼스 스와들러 4단계 22X4
80793524,질레트 랩스 딥클렌징바 1up + 면도날 6입 (코리아 에디션)
82139095,오랄-비 어드밴티지 컴플리트 4웨이 40모
82330796,페브리즈 섬유탈취제 다우니 에이프릴 향 640MLX2
80864075,헤드앤숄더 두피 토탈 솔루션 샴푸 가려운 두피 케어 850ml
82328334,페브리즈 섬유탈취제 내추리스 레몬그라스 앤 진저향 용기형 370ml
82123046,헤드앤숄더 스완 2075팩-헤어 폴 클리닉
82088377,코스트코번들팩 트리트먼트칼라인텐시브6B
82185691,페브리즈 차량용 2ml (태국의 열대과일)
82131025,듀라셀 울트라 AAA 4개입 파워체크
82002738,팬틴밀키모이스춰샴푸400ML
82246402,아티산 브러쉬 파운데이션 330 (유브이/라이트)
82236979,페이셜 트리트먼트 클렌징 젤 80G
80227689,퓨전 프로글라이드 매뉴얼 1UP
82103889,2배농축 울트라 타이드 콜드워터 2.95L
82204037,LXP 얼티미트 퍼펙팅 아이크림 0.5g (비매품)
80371676,오랄비 EB50RX화이트 리필2입
80836478,오랄비 D100핸들 + 리필모*4 세트
82261237,페브리즈 섬유탈취제 상쾌한 향 370ml (Harmony)
82249904,LXP 얼티미트 퍼펙팅 아이크림 0.5g(비매품)
82051088,SK-II FACE LOT 100ML CLR SOL W-U SP
82310658,다우니 엑스퍼트 스포츠 1Lx12
82139465,토탈이펙트 7 인 1 안티에이징 스트레치 마스크
82106220,위스퍼 소프트클린 세이프티존 울날중 64P
82228571,프로글라이드 센서티브 젤 오션 쿨 170g
82170851,컬러 클리어 뷰티 모이스처 시어 립스틱 - 521
81019183,AS 아이 글리터 001
82098006,카니틴 손상모발 및 가는 모발용
82166597,헤드앤숄더 컨디550 가려운 두피 케어
82110337,팬틴밀키모이스춰컨디850ML
82221412,페브리즈 (900+320) 팩 상쾌한향 OND'14
82422269,안나수이 립 글로스 C 305 -테스터
82282004,팸퍼스 스와들러센서티브 1단계 1박스 1X84
82156794,팬틴 트리트먼트 200 실키 스무드 스티커
82184124,팬틴 모발강화케어 컨디셔너 500
82047148,팬틴샴푸비듬550ML*6
82145547,싸인즈 컨트롤 베이스 25g
82139130,화이트 래디언스 크리스탈 클리어 로션
82099459,코스트코 실속기획팩 86개입
80725998,오랄비 D103 초미세모 민트 그린(쿠팡)
82124321,SK-II 셀루미네이션 에센스-인 FND 440 파인 베이지
82097052,에어터치 FND OC-1(리필)
82413641,안나수이 포비든 어페어 오 드 뚜왈렛 75ML- 테스터
82252469,인디케이터 항균모 4 +크로스액션 항균모 2(롯데마트)
82280212,다우니 퍼플 1.6L 화이트티와 릴리 향
82293253,베스트셀러 트라이얼 키트
82314437,다우니 블루 2L+1.6L 홈플러스 팩
82057583,VS SHM 10MLX576 CRL SP VIVID
80726138,팸퍼스 2023에어차차 팬티형 5단계 (52X3)
82050292,큐티드림골드용아기목도리
82045849,PANTENE COND 10MLX576 UP BC27
80763792,다우니 삶음탈취 플러스 1L
82087755,헤드앤숄더 샴푸 레몬그라스 200ml_STKR
82242715,T맨 UV 프로텍트 모이쳐라이져 50g
82331018,질레트 프로글라이드 파워 면도날 16입 팩 (COUPANG)
80769245,질레트 마하3 면도날 4입
82227151,마하3 터보 4입날_BB3  (롯데마트)
82210026,팬틴 집중수분케어 샴푸 850
82118325,헤드&숄더 센서티브 알로에 컨디셔너 850ML
82033842,물비누디스펜서검정1*12 D1210
81340970,웰라 케어 프리미엄 브러셔
80872656,(T)질레트 프쉴 옐로우 면도날 11입
80840169,페이셜 트리트먼트 마스크 10p
82049601,PAMPERS DPR MD 60SX4 SPRING02 TAPED JMB
82309896,헤드앤숄더 울트라맨 헤어 컨트롤 샴푸 기획팩
82233310,프로글라이드 매뉴얼 면도날 4입 (플렉스볼)
82066260,코디일반50미터18롤
82280509,질레트 프로쉴드 옐로우 면도기 2업
82131624,페브리즈 따뜻한 햇살 용기형 370ML
80720708,팬틴 프로-브이 콜라겐 미라클 트리트먼트 220ml
82008905,팬틴 2200팩-밀키모이스춰
80842300,헤숄 레몬 샴푸 800mlx2 + 90ml
82142226,헤드앤숄더 로터스 950팩- 쿨 멘솔
80862540,질레트 프글 면도날 4입 PX
82127434,프링글스 오리지날 110G 파이오니어
82323926,페브리즈 에어 맑은하늘바람 4개입 코스트코팩
82267766,다우니 핑크 1.6LX2 베리베리와 바닐라크림 향
82300157,프로글라이드 센서티브 젤 퓨어스포츠 170g
82097223,팬틴 750팩-밀키모이스춰
81587293,브라운 시리즈 3 면도기 3080S
82140690,오랄-비 스테이지스 1단계 2개입
81153707,SP 200ml 리페어 컨디셔너
82129215,셀루미네이션 팬케익 330
82074784,큐티편안한아기(중형5S*6)+(대형5S*18)
82172121,듀라셀 알카 D 2개입
82046917,팬틴올인원샴푸575ML*6
82145541,페이셜 트리트먼트 마사지크림 80g
82055278,페브리즈플러스보충형320ML
82145240,위스퍼 보송보송케어 믹스드 케이스
82224670,팸퍼스 뉴베이비 센서티브 2단계 (48X3)
81141775,디앤지 01 LE BATELEUR EDT 5 MINI
82401454,AS 페이스 칼라 액센트 301 테스터
82178694,페브리즈 깨끗한 햇살 보충형 320ML
82157371,셀루미네이션 에센스 인 FND 320
82416754,립 루즈 G 600
82159475,다우니 퍼플1LT화이트티와 릴리 향_런치 베네핏 스티커
82319197,스위퍼 더스터 먼지떨이 리필 10입 KR
82217388,팬틴 실키 샤인 에센스 200ml_롯데마트
82086367,팬틴 1800팩-엑스트라 스트레이트
82075797,웰라칼라엑스트라케어5/0미디움다크브라운
82012297,팬틴샴푸／컨디10ML/10ML 2*200
82245126,팸퍼스 뉴베이비 센서티브(스와들러) 1단계 (21x4)
82048547,비달린스스트레이트960*12코스트코
82404222,AS 루스  파우더 200 테스터(리필)
80796246,오랄비 iO얼티밋클린 화이트 리필4입
80701408,오랄-비 <겨울왕국2> 스테이지스 3단계 8개입
80808594,질레트 랩스 샤프 화이트 에디션 1up
82123402,2010 설 이마트3호
82316179,다우니 퍼플 700ml 화이트티와 릴리 향
82045832,SGNS퍼펙트래디앙스 PWDFND310
82050307,큐티드림골드중형52*4
82317717,다우니 오션코랄 퓨어러브 1.05LX3
82223046,다우니 김치 퍼플  2L+1.8L팩 화이트티와 릴리 향
82152088,팬틴 모발 강화 컨디셔닝 린스 500ML
82292290,페브리즈 섬유탈취제 가벼운 허브 향 370ml (Elixir)
82333838,오랄-비 D12 바이탈리티 화이트 (3D)
82066317,비달사순560/500팩웨이브
82107184,어드밴스드WS팬케익EX 콤팩트
82034090,에스프리4 1*6  D9590
82333029,FAB퓨어스킨페이스클렌저듀오세트(Cleanser142g*2/5OZ*2)
82236089,마하3 센서티브 면도기 1up
82230374,오랄비 고탄력 초미세모 그린티 1개입
82244698,오랄비 고탄력 초미세모 클래식 4입 이마트
82104390,팬틴EXTRA스트레이트샴푸550ML
82243397,허벌 에센스 클래식 릴렉싱 카모마일컬렉션 컨디셔너 490ml
82081397,큐티 편안한 아기 중형96 테스코 전용팩
82157579,위스퍼 보송보송케어 울날대 슈퍼롱 팩
81017207,AS 아이 브로우 브러쉬 1
82243411,컬러클리어뷰티크리스탈스킨 퍼펙팅 파운데이션 mini 420 (비매품)
82316116,다우니 엑스퍼트 실내 건조 700ml
80745906,페브리즈 차량용 담배냄새 2.2mlX2
80809380,브라운 시리즈 9 면도기 9617s SILVER
80709131,헤드앤숄더 퍼퓸 프레쉬 샴푸 750mlx2 + 딥클린 샴푸 90ml 세트
81081043,BT 1.5L 그리지 헤어 샴푸
80727757,오랄-비 비니 어린이 칫솔 7개입
82064986,코스코후레쉬라이너향트윈팩
82247383,팬틴 프로브이 아이스 샤인 샴푸 400ml
81090055,프링글스 라이트 양파맛
82066255,페브리즈플러스대용량 900ml
80775793,오랄비 EB60X화이트 리필모 8입
82241876,T LXP 얼티미트 퍼펙팅 에센스 30ML 트라이얼
82106219,위스퍼 소프트클린 세이프티존 울날중 40P
82201293,위스퍼 핑크세스 대형 32pX8
82129152,헤드앤숄더 샴푸550 건조한 두피 케어
80779478,다우니 블루 3.8Lx4 레몬그라스와 라일락
82191864,에스케이-투 컬러 클리어 뷰티 파우더 파운데이션 420 (클리어 베이지)
80861843,브라운 시리즈 9 면도기 9566cc 스페셜 에디션
81300117,브라운 시리즈 3 면도기 330S-4 Red
82247350,페이셜 트리트먼트 에센스75ml
82164390,아이보리 3바
82144654,팬틴 아이리스 인텐시브 트리트먼트 프로그램 75ML
82412733,AS 마스카라 베이스 테스터
81548633,브라운 면도기 M30
82046403,큐티중형40*4 NEW
80709548,질레트랩스 딥클렌징바 2UP
82224677,GEM 액티브핏 5단계 1X74
80698701,질레트 프글 매뉴얼 면도날 4입
82255975,피테라 오일 에센셜 케어 키트
80737237,페이셜 트리트먼트 에센스 & 스킨파워 Adv크림 세트
82205134,허벌 에센스 핑크 로즈 컬렉션 샴푸 490ml
81090050,프링글스 라이트 오리지날
82189748,팬틴 프로브이 아이스 샤인 컨디셔너 400ml
82071836,위스퍼소프트클린혼합팩III
82191363,팸퍼스 베이비드라이 5단계 이코노미 박스1/172
82093107,웰라칼라엑스트라케어 6/074(10개입)
82303617,FAB 코코넛 스킨 모이스처라이저 50ml(1.7OZ)
82266334,페브리즈 370ml+320ml 팩 다우니향(Harmony)
80737551,브라운 IPL PL5054 (Costco)
82420267, AS 리퀴드 아이 라이너 WP 001
82134691,위스퍼 이마트 전용 블랙 패드 2P 샘플
82242104,T맨 모이스처라이징 클렌저 120G
82171555,위스퍼 보송보송케어 70개입
82317721,다우니 코튼 퓨어러브 1.05LX3
80871884,질레트 퓨전 프글 센서티브 면도젤_4입
82175274,브라운고데기가스CTS4N
82141154,JAS'10 페브리즈 (900+320) 팩 상쾌한향
82037874,SK2 DEEP WHITENING BC
80274379,오랄비 전동칫솔 D12.513 카즈
80841645,다우니 실내건조 삶음탈취 2Lx4 H1
81192162,BT 1500ml 칼라 프로텍션 샴푸
82125585,페브리즈 엑스트라 스트랭스 용기형 370ML
82247326,맨 페이셜 트리트먼트 에센스 75ML
82081085,SK-II 싸인즈 업-리프터 40G
82269373,페이셜 트리트먼트 에센스 리틀레드심볼
82169869,로케트 파워 알카 AAA 16개입
82322492,다우니 퍼퓸 핫핑크 블룸 1LX12 DBD
82163773,질레트 시리즈 페이스 스크럽
82064083,코디각티슈250매프로모션팩
82258059,시리즈젤 센서티브 스킨 200MLX3
82236268,프로글라이드 파워 6+1 팩 (플렉스볼)
82046491,위스퍼슬림커브대10*30
82207897,로케트 망간 9V 1개입
81153669,SP 250ml 하이드레이트 샴푸
82095849,팬틴집중손상딥리페어TRT100ML_파르
82314263,OLAY PROX 세럼 듀오 세트(40ml*2)
82102930,헤드앤숄더 1420팩-내추럴허브
82299231,미드-데이 미라클 에센스50ml
82120340,팬틴 프리즈디펜스 세럼30_스티커
82196469,팸퍼스 이지업 팬티형 여아 4단계 수퍼 1/80
80705739,오랄-비 크로스액션 리필모 EB50-2
82191950,팸퍼스 스와들러 1단계 수퍼 1/88
82208934,로케트 알카 AA 2개입
82404211,AS 플라잇 오브 팬시 EDT 75 T
82082851,팬틴 1750 샴푸린스팩-모이스춰
81340963,웰라 여행 파우치
82233787,페이셜 트리트먼트 에센스 포 맨 230ml
82111262,스킨 시그니처 3D 마스크 데모테스터
82249222,프로글라이드 실버터치 매뉴얼 8+1 올림픽 팩
82126552,헤드앤숄더 센서티브알로에 샴푸 550ML
82328286,질레트 프로글라이드 매뉴얼 2up + 프로쉴드 칠 8ct팩(이트레이더스)
82150817,프리시즌 클린 7입 + 추가증정 2입
82056430,위스퍼울트라날개중형(40+32)
82257950,알엔에이 파워 아이크림 & 피테라 키트
82201344,위스퍼 피부애 울트라  날개중형 36P (RRP)
82026130,비달사순 1950팩-컬러케어
82281895,다우니 퍼퓸 그린 보타닉가든1L+1L (Chanel) - poly
82263281,RNA파워 에어리 밀키 로션2.5g
82145557,페이셜 트리트먼트 에센스 250ml
82420681,AS 네일 칼라 N 108
82024124,SK2 ADVANCED P ESSENCE U REG
82067414,WHISPER PAD REG 32SX24 S01 PKGCG FALL04
82065674,크레스트스핀브러쉬트레이
82014832,비달사순 모이스춰 워터리필  300ML
82297967,오랄비 크로스액션 화이트닝 차콜 6입(ET)
82297998,팸퍼스 베이비드라이 S4 5P (샘플)
82051411,이플러스키친타월200 4R*6
82293694,팬틴 미셀라 퓨어 & 클렌즈 트리트먼트
82243998,페브리즈 370ml+320ml 팩 다우니향(PP)
82300106,컬러클리어 뷰티에나멜 크림컴팩트440
82289269,OLAY 매직 WR 앰포(4ml*4)
82154469,오랄비 후레쉬클린 8입
81193767,피카소 하이드레이트 샴푸 펌프
82129804,2010 설 롯데3호
81286447,뉴 SP 피카소 하이라이터
82093055,웰라톤트리트먼트칼라 9B (DBD)
82207038,페브리즈 다우니향 370ML 용기형
82285039,에스케이투 페이셜 트리트먼트 에센스 블루 카란 리미티드 에디션
82416746,립 루즈 G 301
82270803,질레트 2018 프로쉴드 어버이날 팩
82151662,듀라셀 디럭스 알카 AAA 2개입
82237904,페브리즈 차량용 2ml (상쾌한 아침)
82069659,헤드앤숄더 센서티브알로에850 샴푸 스티커
82147098,화이트 래디언스  리스토어링 로션
82185685,페브리즈 차량용 2ML (맑은하늘바람)
81164821,퍼폼카니틴 R
80832706,다우니 세제 실내건조 2.2Lx6 J2
80868095,오랄비 깊은세정 프로엑스퍼트 클리니컬 프로플렉스 3입
82163667,아쿠아액션 딥 하이드레이션 듀
82079869,위스퍼 파우더샤워 3단계-클린라이너
82191948,팸퍼스 스와들러 2단계 메가팩 3/50
81230049,KP 99/75 로즈브라운
81339380,SP 스타일링만 가격표
81293294,WS 75ml스무드 브릴리언스
82172863,페브리즈 (900+320) 팩 상쾌한향 올림픽
82176607,헤드앤숄더 MtDew 2100샴푸팩- 쿨 멘솔
80811867,다우니 세제 퍼플 3LX4 J1
82113740,팬틴 프리즈디펜스 트리트먼트150_스티커
82271324,페브리즈 370mlX2 팩 다우니 향(쿠팡)(Harmony)
82100180,싸인즈 트랜스폼 FND 320 클리어 오크
80342398,557 스킨택 매뉴얼 3ct FWIP
82073196,파워 싸인즈 트리트먼트 파운데이션 OB-4
82243365,스킨 퍼펙팅 파운데이션440
80308407,오랄비 전동칫솔 D12.513 프로즌
80691988,질레트 스킨텍 면도젤 195G 1x6
82152397,FT 하이드레이팅 UV 크림 50g
82284722,페브리즈 370ml+320ml 팩 상쾌한향(Harmony)
82037455,팬틴데일리비듬클리닉575ML 1*6
80738239,다우니 생화향기 컬렉션 클린솝 1.6Lx3
82296057,오랄-비 스테이지스 3단계 카즈 2입 (National) 원제품
82006807,페브리즈(370+냄비받침)프로모션팩은은한향
80868098,오랄비 깊은세정 크로스액션 35모 탁월한 세정력 6입
82093100,웰라칼라엑스트라케어 2/0(10개입)
82286711,페브리즈 섬유탈취제 상쾌한 향 370mlX2(KREACH)
82410129,AS 네일 칼라 N 301 테스터
82196212,다우니 퍼플 1L+1L 팩 화이트티와 릴리 향
82097883,프링글스 코스트코 6캔 팩
82285638,팸퍼스 크루저 3단계 박스 1/120_S7
80841655,다우니 실내건조 플로럴블로썸 (1.05Lx3)x4 H1
82245334,플렉스볼 1up+4ct+센서티브 젤 기프트팩(이마트)
82067961,팬틴1500팩볼륨
82076749,코스트코 엑스트라케어 3/0 번들팩
82273881,스킨 퍼펙팅 파운데이션320
82193242,페브리즈 차량용 멀티행어 2ml*12
82042891,SK2 WHITENING SPOT ERASE SK-3
82236213,비너스 스파 4입 RF 1CSX60IT*4X5X12
80887958,팬틴 실키 스무드 케어 샴푸 750ml
82188365,맨 모이스쳐라이징 클렌저 20g(비매품)
80356522,오랄-비 전동칫솔 iO7 화이트 알라바스터
82008789,팬틴 1250팩-바운시볼륨
82315365,오랄비 D12 바이탈리티 초미세모 일렉트로맨 기획팩
82242036,질레트 마하 3 면도기 1up
82082388,큐티 편안한 아기 중형 104 이마트
82333932,오랄-비 <겨울왕국2> 어린이 전동칫솔 리필모 6개입 (EB10s-6)
81286446,뉴 SP 피카소 진열장
82266096,다우니 퍼퓸 블랙 2.7L 미스티크 향 PP
82016007,팬틴 컨디셔너 100ML
82192143,마하3 파워 면도기
82205609,퓨전 파워 면도기
82056327,헤드앤숄더샴푸딥클린960ML
80711445,페브리즈 화장실용2개입(6mlx2) 향긋한 꽃향기 (Retail)
82330798,페브리즈 내추리스 레몬그라스앤진저 리필 640MLX2 (쿠팡팩)
82414606,안나수이 스폰지 에프디
82123872,팬틴 아이리스 리빌 샘플 삼푸 40ML
80255240,타이드 플러스 다우니 액체 세제 2.72L
82315363,오랄-비 D12 크로스액션+EB50-2 팩 (홈플러스)
82234300,LXP 엘티미트 퍼펙팅 에센스 30ml(비매품)
82333736,시리즈젤 센서티브 폼 245G
82310212,오랄비어린이칫솔모 EB10-4 STARWARS (트레이더스)
82274144,퓨전 믹스드 케이스
82286069,다우니 오션코랄 퓨어러브 1L+1L 팩
81153764,SP 400ml 볼류마이즈 마스크
82216763,알.엔.에이 파워 래디컬 뉴 에이지 에센스 1ml (비매품)
82300645,오랄-비 크로스액션 7베네핏 35모 온라인 싱글
82123511,위스퍼 그린 세이프티존 60P
82275436,위스퍼 코스모 울트라 날개 24개입 (이마트 창립팩'17)
82176843,비너스 프로스킨 면도날 4입
82289547,팸퍼스 베이비드라이3단계 이노머스 박스1/168
82320469,오랄비 크로스액션 TAJ 컴플리트7 3+1입
82072792,비달사순 프로패셔널 샴푸 200
82154711,팬틴 컨디 500 실키 스무드 슈링크
82078607,프링글스 유러피안 콜라팩-토마토맛
82236197,듀라셀 D 12PK_블리스터_코스트코
82041320,큐티GOLD M2*50
82244246,오랄비 스테이지스 미키 치약 2개입
82317247,오랄비 크로스액션 플라그 가드 35모 4입
82040437,페브리즈카프로모션팩-녹차향
82416747,립 루즈 G 302
82095852,비달사순 살롱 모이스춰 샴푸 550ML
82255704,헤드앤숄더 BAHAMAS 2250팩- 가려운 두피(Bali)
82204593,팬틴 모발강화케어 트리트먼트 200ml
82043699,팬틴샴푸손상1000ML (BC96)
82209016,듀라셀 디럭스 알카 AA 12팩
82080691,웰라 트리트먼트칼라 인텐시브 6B
82247389,팬틴 프로브이 아이스 샤인 컨디셔너 400ml
82152098,팬틴 샴푸 500 극손상케어
84901203,프링글스치즈앤어니언
82025006,아이보리3BAR 90G 3*32
82242605,제놉틱스 스팟 에센스 30ML
80734708,오랄-비 어린이용 전동칫솔 프로즌 D103K
82422353,안나수이 립 글로스 R 352
80875320,페이셜 트리트먼트 에센스 30ml
82324898,브라운 시리즈 8 면도기 8385cc BLACK
81118477,SP 3.2 200ML 리페어 마스크 -VG-
82201166,퓨전 매뉴얼 2UP 면도기
82152528,페이셜 트리트먼트 에센스 330ml
82162248,헤드앤숄더 트라이얼팩 1600 - 007HFM750 + HF850
82194228,위스퍼 리프레쉬케어 중형 5개입
82025042,지프　땅콩버터크런치1*10
82010776,비달사순 컬러케어 컨디셔너 550ML
82296331,다우니 프리미엄 폼형 세제 블루 24입
80696567,다우니 프리미엄 액체형 세제 살균 파워 1.9LX6 (Goldie)
82052679,팬틴샴푸볼륨400ML*12
82245533,다우니 핑크 2L 베리베리와 바닐라크림 향
82095732,비달사순 컬러케어 컨디셔너
82288646,비너스 스타터팩
81726782,브라운 시리즈 5 면도기 50-W1200s WHITE
82065928,큐티드림골드중형 72S*4 SPRING04
82112835,헤드앤숄더 2270샴푸팩- 프레쉬레몬그라스
82171347,에이지리스 뷰티 페이스 & 링클 스페셜리스트 세트
80883935,다우니 섬유스프레이 시트러스 360mlX3쿠팡
82208477,에스케이-투 컬러 클리어 뷰티 파우더 파운데이션 310 (크리스탈 오크)
82113744,팬틴 풀앤씨크 컨디셔너240_스티커
82244726,오랄비 고탄력 초미세모 그린티 4개입(테스코)
82209719,화이트닝 스팟 스페셜리스트 50ml
82212504,스템파워 크림 2g (비매품)
80690930,다우니 코튼 퓨어 러브 1L TF
80843938,페브리즈 차량용 방향제 (맑은 하늘 바람 2+다우니 에이프릴 2)X6CP
82152824,페브리즈 다우니향 리필형 320ML
82293422,오랄-비 크로스액션 컴플리트7 그린티 35모 3입
82125988,위스퍼 소프트클린 세이프티존 CVS 3P
82097380,위스퍼 트윈윙 80P 번들팩
82069348,비달사순스타일링믹스트케이스
82135939,토탈이펙트 7 인 1 안티에이징 인텐시브 크림 (SPF20 PA++)
82314449,다우니 퍼퓸 핫핑크 블룸 1L+1.6L(이마트)
82214758,시리즈젤 모이스춰라이징 200ML
82146522,팬틴 바운시 볼륨 트리트먼트 샴푸 850ML
82319791,다우니 프리미엄 폼형 세제 실내건조 16입X2 코스트코 팩
80979753,프링글스양파맛스몰50G*12
82203531,스팟케어 & 브라이튼 데이크림 0.5g (비매품)
82120833,위스퍼 슈퍼롱오버나이트 시스템팩 80P
82334115,질레트 퓨전 파워 면도날 4입 (557) (CP STK)
82191030,질레트 마하3 파워 면도날 4입
82231614,퓨전 프로글라이드 파워 면도기 1+ 면도날 4입
82066685,에스케이투 브라이트닝펄 피니셔리필(정품)
82147266,팬틴 풀앤씨크 트리트먼트 150
82293248,스킨파워 에어리 밀키 로션 80g 듀오세트
82227675,페브리즈 (900+320) 팩 상쾌한향 OND'14 poly bag
80770786,질레트 스킨텍 매뉴얼 면도날 4입
82134868,위스퍼 리프레쉬케어 중형 2개입 샘플
82101118,위스퍼 이마트 그린 66P
82219384,페브리즈 차량용 2개입(2mlX2) (맑은하늘바람)
82076756,코스트코 웰라톤 8B 번들팩
82243460,오랄비 프로-엑스퍼트 클리니컬 프로플렉스 1입 (하이퍼)
82157601,퓨전 하이드라젤 울트라 프로텍션
80874033,터치오브네이처 2026  체험팩5단계
82002762,페브리즈 에어 비치형 GR130G 본체S
82165042,펄소닉 후레쉬 (화이트)
80734703,오랄비 D103 화이트닝 블루
82230385,다우니 아로마쥬얼 레드 루비플로럴 375G+퍼퓸 블랙 미스티크 200ML
82089793,화이트닝소스 덤 데피니션 30ML 샘플
82013913,SK-II FA TR MASK 10S
80745900,페브리즈 에어 봄의 소생 275g
82102803,화이트닝 소스 트랜스폼 FND 컴팩트
82326765,다우니 퍼플 1L+1L 팩 화이트티와 릴리 (MQ)
82333479,오랄비 고탄력초미세모 잇몸선1입(DBD)
81141433,DG 로즈 더 원 바디 로션 200ML
82095885,팬틴EXTRA스트레이트컨디375ML
82331876,다우니 퍼퓸 블랙 미스티크 1L+1L
80731017,다우니 엑스퍼트 실내건조 울트라 4LX2 (코스트코 온라인)
80688782,헤드앤숄더 샴푸 가려운두피  80ml
82326762,다우니 퍼퓸 그린 보타닉가든1L+1L (CHP)
82139106,오랄-비 어드밴티지 컴플리트 4웨이 35모
82334105,질레트 스킨텍 파워 면도날 4입 (557) (CP STK)
82221923,위스퍼 리프레쉬클린케어 울날오 14>
82211048,오랄-비 스테이지스 1단계 2입(National)
82183715,위스퍼 코스모 인피니티 울트라 날개형 오버나이트 10개입
82055554,팬틴설날선물세트2호
80867525,제놉틱스 에어리 UV 크림 50g
82255979,페이셜 트리트먼트 젠틀 클렌져 6g(비매품)
82042527,비달사순린스웨이브500ML
81770224,브라운 시리즈 6 면도기 61-R1200s RED
81016986,AS 아이 칼라 팁 테스터
82189643,듀라셀 디럭스 알카라인 AA 16팩
82193212,헤드앤숄더 2250팩 가려운두피 리미티드에디션
82252473,오랄-비 스테이지스 1단계 2입(롯데마트)
80785715,제놉틱스 스팟 에센스 50ml 듀오 세트
82119272,페브리즈 따뜻한 햇살 용기형 370ML
82079821,헤드앤숄더 샴푸 570 멘솔 - 래핑(5사인즈)
82198603,페브리즈 에어 바닐라라벤더의포근함 275G
82077289,팬틴 밀키 모이스춰 케어 컨디 500ML
83907336,오랄비 고탄력 초미세모 잇몸 1입(VN)
80887972,팬틴 프레스티지 데미지 리페어 샴푸 450ml
80853923,페브리즈 화장실용 다우니 클린 코튼 6.3mlX3쿠팡
82284894,시리즈 젤 모이스쳐라이징 200ml
82080057,팬틴 1250팩-모이스춰
82188127,토탈이펙트 세트 (TE크림 노말50g *2 + 20g)
82199806,에스케이-투 스템파워 크림 컴팩트 파운데이션 세트
82209956,로케트 망간 C 2개입 슈링크팩
82245574,다우니 베이스 퍼플 200ml (Calvin)
82106935,페브리즈 섬유탈취제 허브향 프로모션 팩
81726928,브라운 시리즈 6 면도기 60-B1200s BLUE
82252778,페브리즈 370ml+320ml 팩 다우니향(PP)
82207040,페브리즈 대용량 다우니 용기형 900ML
82155389,팬틴 아이리스 집중손상케어 트리트먼트 번들팩_이마트
82186228,다우니 핑크 2L+2L 팩 베리베리와 바닐라크림 향_Sep'12
82155348,스킨시그니처 크림 인 FND 330
82116868,팬틴 트리트먼트 100ML
82287580,팸퍼스 스와들러 5단계 19X4
82252807,컬러클리어 뷰티에나멜 크림컴팩트105
82193205,팬틴 2550팩 바운시볼륨 리미티드 에디션
82164995,팬틴 클리니케어 트리트먼트 100MLX3X4 프리즈 디파이어
82133643,인디케이터 미세모 35XS 3+2 (HYPER)
82201750,트라이존 500
82256879,마스터피스 피테라 에센스 150ml
82267038,다우니 퍼퓸 그린 보타닉 가든 향 2L (Chanel)
82013172,비달컨디셔너웨이브10ML1*500
84978582,다우니 에이프럴 후레쉬
82174776,오랄비 델리케이트 화이트 4입
82308284,페브리즈 섬유탈취제 은은한 향 900ml (PGP)
82286782,페브리즈 섬유탈취제  이마트팩 허브 370mlX2 + 다우니 210ml
82046919,팬틴린스일반375ML1*12
82131104,퓨전 MAMJ'10 F10 매뉴얼
80742361,팸퍼스 2023터치 오브 네이처 팬티 체험팩6단계(8x30)
80754546,오랄-비 <겨울왕국2> 스테이지스 4단계 8개입
82178975,셀루미네이션 에센스 인 파운데이션 320
82281209,클래식 허벌 에센스 모이스쳐-밸런싱 샴푸
82047462,샤민45M30R*1
82067064,팬틴집중손상케어컨디셔너500
82185012,다우니 퍼퓸 미스티크 30ml 사셰
82202303,페브리즈 에어 화장실용 (깨끗한 오렌지향)
82416763,립 루즈 D 770
82137977,썬파워 망간 D  2개입 슈링크팩
82157117,WHISPER PAD 18SX24 S1 SPR11 CHONAN
80371705,오랄비 EB60X화이트 리필모 8입
82075761,실속형+210ml 프로모션팩(플러스)
82131352,위스퍼 슈퍼롱 오버나이트 샘플 1개입 SH
82314441,다우니 핑크 2L+700MLX2 베리베리와 바닐라크림 향 (롯데마트)
82267439,다우니 퍼퓸 블랙 미스티크 향 1L (Chanel)
82174747,오랄비 크로스액션 컴플리트 7 35모 3입
82139463,토탈이펙트 7 인 1 안티에이징 크림 플러스 터치 오브 파운데이션 (SP
82026162,비달사순 2250 스페셜팩-컬러케어
82243896,페브리즈 엑스트라 스트랭스 용기형 370ML
82080264,클렌징 오일 미니 샘플 11ml (new)
82015073,헤드앤숄더 570린스 티트리 스티커링
82137952,로케트 파워 알카 AA 12+4개입
82322957,다우니 블루 4L 레몬그라스와 라일락_PGP
82286396,페브리즈 차량용 3개입(2mlx3) 겨울의 하늘 바람
82316228,다우니 퍼퓸 샤인 200ml
82052170,큐티드림골드소형68*4
82048822,SK-II FACE LOT 11MLX10P ESSC YUSHO SP
80769247,질레트 마하3 터보 면도날4입
82089877,비달사순 1700 샴푸팩-살롱 모이스춰
82253916,페브리즈 아로마쥬얼 에메랄드브리즈향 용기형 370ML X2(테스코)
82058792,SK2 PW싸인트리트파운데이션OC-1
82172406,스템파워 리치 크림 2.5g
84847745,퓨전 매뉴얼 면도날 4입
80853926,페브리즈 신발장용 프레쉬코튼 6.3mlX3쿠팡
81239792,사히라 안티-스태틱
82201285,팬틴 내츄럴케어 샴푸 500
84907183,프링글스리지스오리지날160G*14
82236998,아티산 퍼펙팅 브러쉬
80839454,페이셜 트리트먼트 젠틀 클렌져 120g
81229927,SP 250ML 볼류마이즈 샴푸
82067380,SK-II 더블유 소스 브라이트 리퀴드 OB-4
80784936,LXP 얼티미트 퍼펙팅 에센스 30ml
80703237,페이셜 트리트먼트 에센스 75ml
82134869,퓨전 매뉴얼 기프트 팩
82288705,에스케이-투 스킨파워 크림 2.5g
80715108,질레트 퓨전 파워 면도날 4입 (557)(CP stk)
80690229,오랄-비 프리시즌 클린 리필모 2입 (EB20-2)
82311533,페브리즈 섬유탈취제 내추리스 라벤더 앤 유칼립투스 향 보충형 320ml
82255925,페이셜 트리트먼트 클렌징 오일 11ml(비매품)
82300764,다우니 코튼 퓨어러브 1L+1L 팩 (Poly)
82126554,헤드&숄더 수딩 두피 케어 샴푸 850ml
82410127,AS 네일 칼라 N 203 - 테스터
80209153,팸퍼스 크루저 4단계 1/132
82255965,제놉틱스 스팟 에센스 0.7ml(비매품)
82206189,컬러 클리어 뷰티 파우더 파데320
82145307,위스퍼 후레쉬라이너 무향 40개입 RRP
82273730,컬러클리어 뷰티에나멜 크림컴팩트320
82241900,T LXP 얼티미트 퍼펙팅 크림 50g
82095847,큐티 편안한 아기 대형 82 테스코-물티슈
80940688,프링글스 매콤한 맛 미디엄
82222084,에스케이-투  싸인즈 아이 마스크 1p(비매품)
82326478,질레트 스킨텍 매뉴얼 핸들 + 12ct팩 (플렉스볼)
82333638,오랄-비 어린이용 전동칫솔 스파이더맨 D100K (코스트코)
82289805,페브리즈 에어 (맑은하늘바람 PX)
82101810,위스퍼 트윈윙 이마트전용 104P
82245575,다우니 퍼퓸 화이트 2L 클래식 향
82280237,다우니 핑크 2L 베리베리와 바닐라크림 향
82073197,파워 싸인즈 트리트먼트 파운데이션 BE-2
82086611,헤드앤숄더 컨디 레몬그라스 200ml_STKR
80883947,다우니 미스티크 (1.05Lx3)X4 D2
82152401,싸인즈 퍼펙트 래디언스 PWD FND 330
82215400,오랄비 프로-엑스퍼트 클리니컬 프로-플렉스 3+1입
82244762,오랄비 어드벤티지 항균모 3+1입
82132586,위스퍼 슈퍼롱 오버나이트 특별 한정팩
82039531,비달사순린스스트레이트500ML
82318545,오랄비 스테이지스3 프로즌 2pX4입 (코스트코)
82283145,페브리즈 차량용 2ml (라이트 블루향) (CT)
82012785,위스퍼C&D 울트라날개대20*24
82046219,큐티프리미엄케이스72P
82085752,헤드앤숄더프레쉬레몬컨디570ML
82330797,페브리즈 섬유탈취제 은은한향 보충형 640MLX2
81726689,브라운 시리즈 3 면도기 300s
82219886,Tesco 다우니 블루 1LT 레몬그라스와 달콤한라일락 향
82218577,컬러 클리어 뷰티 에나멜 크림 컴팩트330
82273824,페브리즈 차량용 2개입(2mlx2) (담배냄새 제거용) (CT)
82057557,비달스타일웨이브샴푸1000
82260379,다우니 블루 4LX4 레몬그라스와 달콤한 라일락 향_PGP
82135330,오랄비전동칫솔세트D12.023P+EB17-2
80881643,에스케이-투 엘엑스피 에센스 30ml(비매품)
82065592,헤드앤숄더400/200팩-딥
82266098,다우니퍼퓸 블랙 1L+1L 미스티크 향 PP
80816632,질레트 프쉴 파워 기1+날7
82132973,스킨 시그니처 15g 트라이얼 샘플
82242230,팬틴 데일리 모이스쳐 리뉴얼 컨디셔너 1200ml (Base)
82256142,팬틴 실키 샤인 에센스 200ml_롯데마트
82057710,헤드앤숄더컨디딥50ML
82251851,페이셜 트리트먼트 에센스 30ml(비매품)
82118373,비달사순크리미내추럴왁스 60G
84902689,프링글스양파맛100G 1*8
80843283,다우니 퍼퓸 쥬얼 자수정 베리 480g P1
80872043,다우니 퍼퓸 쥬얼 자수정 베리 480g P2
82058437,팬틴CPG 기획상품2
80743446,브라운 시리즈 5 면도기 52-B7000cc BLUE
82241910,T 에스케이-투 엘엑스피 얼티미트 퍼펙팅 아이크림 15g
80777259,오랄-비 민트향 왁스 치실
82314431,다우니 핑크 1.6LX2 베리베리와 바닐라크림 향
82044750,비달스타일링믹스5종1*36
82112926,위스퍼  슈퍼롱 S 시스템 80p
82208828,로케트 알카 AAA 2개입
82125269,위스퍼 블랙 패드 26개입
81165070,소프트터치라이트너엔
82232823,오랄-비 DNA PRO 3000 D20
82310730,다우니 퍼퓸 블룸 2Lx4
82288826,헤드앤숄더 가려운 두피케어 샴푸 쿠팡팩
82142280,팬틴 실키스무드케어 1500팩
82273915,페브리즈 포맨 상쾌한허브향 용기형 370ml
82243423,퓨전 프로글라이드 실버터치 파워 1UP
82159472,다우니 블루 2LT튤립과 달콤한 라일락 향_런치 베네핏 스티커
82268652,다우니 핑크 1LX2+700ml 베리베리와 바닐라크림 향(Agri)
82077270,큐티 편안한아기 골드 소형 68P
82178676,페브리즈(MO) 900ML 실속형 은은한 향
80698187,다우니 엑스퍼트 실내 건조 오메가 (그린)  2.6LX4
82404209,AS 플라잇 오브 팬시 EDT 4 MINI
82409078,AS 수퍼 마스크라 DX WP 001
80250502,다우니 에이프릴 프레쉬향 3.06L
82089371,헤드앤숄더 1710 팩-레몬그라스
82152930,헤드앤숄더 샴푸400 헤어폴클리닉
82304159,오랄-비 초미세모 리필모 6개입
82141430,셀루미네이션 팬케익 420
82083467,팬틴 선물세트형 1호-집중손상
81666398,브라운 페이스 스파 프리미엄 912
81778494,브라운 시리즈 9 면도기 9480cc BLACK
80235804,퓨전 프로글라이드 실버터치 매뉴얼 1UP
82237049,피테라 오일 에센셜 케어 키트
81644837,브라운 시리즈 1 면도기 150S
82139093,오랄-비 후레쉬 클린 40모(베트남)
82247601,질레트 프로글라이드 매뉴얼 NY팩(롯데마트)
82201228,위스퍼 핑크세스 중형 30개입
82247497,미드-데이 미라클 에센스50ml
82191300,헤드앤숄더 Bahamas 샴푸 400 올인원
80729892,페브리즈 향균플러스 산뜻한향 370ml
82218717,LXP 얼티미트 퍼펙팅 에센스 215ml
82251058,오랄-비 초미세모 벨벳 잇몸케어 블랙티 3입
82014836,위스퍼 코스트코소프트라이트 2월
82308014,오랄비 어드벤티지 화이트닝 3+1입
82169525,브라운 커피용기 KFK500 MN WH
82182042,헤드앤숄더 센서티브 알로에 샴푸 550ml
80703707,다우니 블루 레몬그라스2LX4 F1
81479555,브라운 시리즈 3 면도기 3030S
82191563,헤드앤숄더 Bahamas 샴푸 90 딥클린
82306858,제놉틱스 스팟 에센스 0.7ml(비매품)
82007798,WHISPER SXL 10X12 ST-1E ENGLISH
82140930,스킨시그니처 3D 리디파이닝 마스크 6p
82088256,위스퍼 그린 트윈윙 울날소 20개입
82102182,헤드앤숄더 실키모이스쳐 850 린스
80778188,에스케이-투 엘엑스피 아이 크림 3g(비매품)
82253368,컬러 클리어 뷰티 파우더 파데220
82040353,위스퍼슬림날개대20*30
82321956,SK-II 피테라 헤리티지 세트 (RNA)
82197240,오랄비 스테이지스2 트윈팩
80371324,오랄비 전동칫솔 D103 초미세모 민트 그린
82230968,페브리즈 370ml+320ml 팩 다우니향 AMJ’15
82286963,질레트 퓨전 프로글라이드 매뉴얼 면도날 6입
82163665,화이트 래디언스 수딩 화이트닝 스트레치 마스크
82115004,SK-II 셀루미네이션 에센스 50ML
82251010,다우니 퍼퓸 그린 보타닉가든 1LX6
82132671,시리즈젤 쿨클렌징
82019070,SK2 FT에센스75ML
82227503,다우니 퍼퓸 핑크 1.7L 이노센스 향
82292217,페브리즈 포맨 쿨 아쿠아 향 370ml+320ml 팩
81259230,브라운 면도기 360-3
80719109,브라운 시리즈 9 면도기 9515s GRAPHITE
81126783,SB 250ML 패네트레이트 컨디
82139264,오랄비 충전식전동칫솔 D20 3 MODE (COSTCO)
82227097,다우니 퍼플 700ml 화이트티와 릴리 향
80869956,팬틴 극손상케어 샴푸 750ml 2입 올리브영팩
82200802,위스퍼 슈퍼롱 오버나이트 20개입
82176936,스템파워 크림 컴팩트 파운데이션 310
82024781,큐티수퍼프리미엄소형68*4
82019137,SK2 FT리페어C 15ML
81460011,브라운 시리즈1 날과 망 10B
82213154,오랄비 스테이지스3 BTS팩
82249862,페브리즈 차량용 2개입(2mlX2 (라벤더의 포근함)
81677025,브라운 시리즈 7 면도기 7899cc SILV/BLK(Ellida3.0)
82031061,에어터치 FND OC-1 유상 A/S
82115164,SK-II 셀루미네이션 딥 서지 2.5G
82275707,맨 모이스쳐라이징 클렌저120g
81230050,KP 99/77 체스넛브라운
82410152,AS 네일 칼라 N 900 테스터
82169456,페브리즈 370ml+370ml 팩 허브 향 2011
82084917,싸인즈 너리싱 크림 WU샘플
82327062,다우니 퍼퓸 골드 샤인 1L+1L (CHP)
82302670,다우니 퍼퓸 골드 샤인 1.05LX3
82132914,헤드앤숄더 두피마사지크림 코스트코 X2팩
80840579,(557.1 ) 질레트 프로쉴드 옐로우 면도날 14입 (코스트코)
82144939,헤드앤숄더 로터스 RRP 2250팩- 헤어 폴 클리닉
82287508,오랄비 미세모 리필모 6입X24 코스트코 팩
82171709,팬틴 집중 손상 트리트먼트 샴푸 850ML
82150868,헤드앤숄더 007 800팩- 포맨헤어폴
80863025,오랄비 부드러운세정 초미세모 벨벳 잇몸케어 3입
82082777,스페니쉬 샐러드맛
82295269,오랄비 크로스액션 35모 2입+베네핏35모 2입+항균모35모 2입 팩
82126500,웰라 트리트먼트 칼라 인텐시브 6B_스티커
82147090,토탈이펙트 7 인 1 안티에이징 크림 노말
82144389,소이 블렌드 향초 그린티 시트러스 향
82422292,안나수이 더블 치크 칼라 02 -테스터
82243830,페브리즈 에어 화장실용 (깨끗한 오렌지향) (K-Reach)
82083840,헤드앤숄더 샴푸 레몬그라스 570ML_SW
80719126,브라운 시리즈 9 면도기 9569cc GOLD
82002857,싸인즈 트리트먼트 토탈리티 15G 샘플
82138139,페이셜 트리트먼트 ADV 프로텍트 루스 PWD UV
82208388,싸인즈 너리싱 크림 30g
82045807,코디50M 18R
82297352,다우니 엑스퍼트 실내 건조 2L+700MLx2 (롯데마트)
82117764,헤드앤숄더 딥클린 컨디 570ML
82284092,페브리즈 섬유탈취제 다우니 쟈스민향 370ml
82137965,"화이트 래디언스 울트라 유브이 블록커 (SPF 50+, PA+++ )"
82065710,PAMPERS DPR MD (80+4)SX4 SPR04 BONUS PK
82067234,SK-II F.C 트리트먼트 블러셔 UV SK-1N
82302088,팸퍼스 크루저 3단계 박스 1/120_S7
82058571,헤드앤숄더샴푸모이스트40ML
80231116,오랄비 크로스액션 TAJ 720 3입
82185920,다우니 블루 200ml 선물세트 스티커
82238462,위스퍼 보송보송케어 울트라 날개 중형 44P (RRP)
82134678,위스퍼 슈퍼롱오버나이트 시스템팩 80P
82224440,팸퍼스 베이비드라이 4단계 대형 (54X4)
82220627,팸퍼스 크루저 5단계 1/132
80864069,헤드앤숄더 두피 토탈 솔루션 샴푸 애플 850ml
81213974,SP 슬릭 에센스
82071463,위스퍼소프트클린슬림날개대형10개입
80230527,팸퍼스 BB 베이비드라이 4단계 이코노미 박스1/180
82054585,프링글스2+1프로모션
82236696,페브리즈(MO) 900ML 대용량 허브 향
82024772,큐티프리미엄중형48*4
80862829,브라운 시리즈 9 면도기 9660cc+PC BLACK
82302367,팬틴 콜로서스 샴푸 1200ML 극손상
82044142,위스퍼그린날개중형18*24
82310476,질레트 포오미 레몬라임 175g 3입_핸드타올
82281956,다우니 퍼퓸 핫핑크 블룸 2LX2 팩 (이트레이더스)
80881649,에스케이-투 엘엑스피 아이 크림 3g(비매품)
81019213,AS 아이 칼라 액센트 800
82301450,27G 샘플키트
82141824,헤드앤숄더 샴푸400 포맨 헤어폴 스티커
82240158,위스퍼 보송보송케어 70개입(AGRI)
82328199,페브리즈 섬유탈취제 다우니향 보충용 320ml (Cass)
82045885,SK2클리어WHT클로스리필30EA
82156090,셀루미네이션 에센스 EX 30ML
82269086,오랄비 크로스액션 TAJ Lite 4입(China)
82077419,팬틴 집중손상케어 트리트먼트 200ML
82024777,큐티프리미엄대형40*4
82249319,헤드앤숄더1950팩-헤어 폴 클리닉(Bali)
80773627,CNY 리미티드 리바이벌 세트Pink MK(JF24)
82262581,질레트 퓨전 10주년 기념팩
82049682,코디라벤다50M 18R BEAR*3
82129805,2010 설 롯데4호
80824979,다우니 스프링 가든 러브2.6LX6 v2 M1
80697782,헤드앤숄더 컨디셔너 850 딥클린 레거시
82194575,팬틴 집중수분케어 2200팩_new
81151447,AS 리퀴드 아이 칼라 G350 테스터
82201337,위스퍼 팬티라이너 클린 향 36개입
82006805,페브리즈(370+냄비받침)프로모션팩플러스
82264383,질레트 퓨전 파워 16입 팩 (롯데 VIC 마켓)
81216398,원형거울
82401459,AS 페이스 칼라 액센트 컨테이너
82219739,퓨전 하이드라 센서티브 젤 200ml
80767263,SK-II FY2324 70G 프리팩
82284603,에스케이-투 알.엔.에이. 파워 래디컬 뉴 에이지 80G
82118191,LXP 모이스트소프트닝세럼 10ML
82422285,안나수이 립 글로스 R 850 -테스터
82065685,코코 아기매트 JR
80840580,(557.1 ) 질레트 프로쉴드 칠 면도날 16입 (CP)
82108723,WHISPER PAD 26SX24 S01 JAS 08 STICKER
81057150,프링글스 매운맛 미니캔
82077274,슈퍼스타 큐티 클럽 팩 중형 120P
80842234,다우니 실내건조 삶음탈취 4.1Lx4 H1
82013847,SK2리페어C파우더FND 43
82313624,질레트 비너스 엑스트라 스무스 면도기 2UP
82145852,팬틴 컨디 200 극손상케어
82039285,NEW큐티대형52S*4
82267778,다우니 퍼플 2L+700ML 팩 화이트티와 릴리 향
80747776,다우니 세제 실내건조 2LX2 ET
82099606,싸인즈 너리싱 크림 30G
80828640,(557.1 ) 질레트 퓨전 파워 면도날 8입
82046405,CODI오래키친타월260 4R*8
82243232,오랄비 마이크로씬 클린 7팩
82302036,다우니 퍼퓸컬렉션 어도러블 1LX3 팩 (이트레이더스)
82117569,팬틴EXTRA스트레이트샴푸850ML
82184640,헤드앤숄더 건조한 두피케어 샴푸 850ml
80317947,오랄비 전동칫솔모 EB20-4
80872938,맨 페이셜 트리트먼트 에센스 230ML
82212347,다우니 핑크 1L 베리베리와 바닐라크림 향
80747891,팸퍼스 베이비드라이 밴드형 기저귀 5단계 1박스 (132매)
82165418,오랄-비 마이크로씬 클린 40모 6개입
82133103,오랄비충전식전동칫솔트라이엄프 D32.526 (치과전용)
82063529,팬틴모이스춰케어500ml린스
82299241,제놉틱스 스팟 에센스50ml
80710722,다우니 프리미엄 액체형 세제 살균파워 3.2L X 3
82193531,에스케이- 투 컬러 클리어 뷰티 모이스처 립스틱 -432
82243907,페브리즈 다우니향 리필형 320ML
82182108,페이셜 트리트먼트 에센스 75ml
82194891,에스케이-투 페이셜 트리트먼트 에센스-아이 0.5g(비매품)
81181339,AS 뷰티 미러 테스터
82272159,페브리즈 부착형 화장실용 스타터킷 (상쾌한 하늘향) (Kreach2)
82410240,AS 네일 아트 칼라 N 470 테스터
82196252,에스케이-투 스템파워 100g
81493468,팸퍼스 베이비드라이 2단계1팩(68매)
82117817,헤드앤숄더 딥클린 컨디 850ML
80809385,브라운 시리즈 9 면도기 9610s BLACK
82121539,프링글스 코스트코팩 6캔
80295221,오랄비 배터리 전동칫솔 D2 프린세스 (DB4.510 Prncs)
82227109,다우니 퍼플 2L 화이트티와 릴리 향
80796719,오랄-비 치실 글라이드 3D 화이트 35M
82159334,셀루미네이션 에센스 듀오 세트
82257486,페브리즈 다우니향 370ML 용기형
82295231,팬틴 미셀라 클렌징 샴푸 쿠팡 팩
82309895,헤드앤숄더 울트라맨 왁스 리무버 샴푸 기획팩
82329592,스위퍼 막대걸레 스타터킷(+2)세트 6입
80756558,오랄비 비니 키즈 칫솔 12개입
82087993,비달사순 컬러케어 샴푸 850ML
82309984,다우니 프리미엄 액체형 세제 실내건조 2.2L
82250545,알엔에이 파워 크림 100g
82226464,미드-데이 미라클 에센스 50ML
80343973,557 프로쉴드 칠 3ct (FWIP)
82286714,페브리즈 섬유탈취제 은은한 향 370mlX2(KREACH)
82038007,헤드앤숄더1250팩-센서티브알로에
80697766,헤드앤숄더 샴푸 1.13L 가려운 두피케어 레거시
82155346,스킨시그니처 크림 인 FND 310
82195746,페브리즈 370ml+370ml 팩 다우니향
82205678,프로글라이드 파워 BBGR_OND13
82047146,팬틴샴푸볼륨550ML*6
82164699,페브리즈 에어 뉴질랜드 계곡의 향기 275G 온팩
80697704,페브리즈 섬유탈취제 포맨 시트러스앤우드 향 360ml
82322554,페브리즈 화장실용 1개입(6ml) 산뜻한 사과향 (Online)
82205210,위스퍼 피부애 믹스케이스
82292773,다우니 핑크 1L 베리베리와 바닐라크림 향
82145109,페브리즈 비치형 리필 (바람속의꽃향기) STK
82137966,화이트 래디언스 나이트 리스토어링 크림
82324008,다우니 섬유유연제 핑크 2LX2 이마트 팩
82042111,위)울트라후레쉬날개소34*40
82331040,질레트 스킨텍 파워 플렉스볼 1up+4ct 팩
82047071,PAMPERS DPR SMA 108SX3 UNS FALL01 SP-J
82110344,팬틴바운시볼륨컨디500ML
82047438,코디하나로굿70M24R*3
82238399,위스퍼 피부애 울트라 날개 대형 32P
82243204,오랄비 고탄력 초미세모 잇몸전문 케어 10입(코스트코)
82319793,다우니 프리미엄 액체형 세제 실내건조 2.7LX2 코스트코 팩
82209708,스템파워 크림 80g
82052200,위스퍼울트라후레쉬트윈팩
82063477,큐티아기티셔츠초보 0210
80693958,다우니 베이스 블루 맥퀸 레몬그라스와 라일락  1.05Lx3
80698843, FAB 오일 컨트롤 모이스춰라이저 50ml
82046062,SK2 WHT 스팟ERASE SK2 BC SAMPLE
82221399,화이트닝 파워 스팟 스페셜리스트30ml
82422354,안나수이 립 글로스 R 450
82235008,오랄-비 스테이지스 3단계 어벤져스 2입(이마트)
80738334,오랄-비 Pro2500 듀얼핸들팩 (화이트+핑크)
82275636,싸인즈퍼펙트 래디언스 파우더파데330
80697755,헤드앤숄더 샴푸 1200ML 쿨멘솔 레거시
82037458,팬틴플러스케어575ML 1*6
81666396,브라운 페이스 스파 프리미엄 910
82251320,팬틴 퀀텀 트리트먼트200X24 극손상
82249550,오랄비 스테이지스2 6입
82088638,위스퍼트윈윙그린울트라날개중2개입
82143856,팬틴 클리니케어 트리트먼트 5MLX10X24 앱솔루트 퓨전 크림 원제품
82015723,팬틴 2150팩-바운시볼륨
82258040,페브리즈 포맨 쿨아쿠아향 용기형 370ML (NEW)
82241457,오랄비 음파전동칫솔모 SR32-2
82127200,팬틴클리니케어샴푸280 헤어타임리뉴얼CA
82099388,헤드앤숄더 1140샴푸팩-겸용
82292422,질레트 프로글라이드 적십자사 팩
82170716,다우니 핑크 2L+700ml 팩 베리베리와 바닐라크림 향
82256062,화장용 퍼프(화이트케이스 타원형)
82333340,페브리즈 섬유탈취제 다우니 에이프릴 향 900mlX2 팩
81342261,SP 200 마스크 마일리지 카드
82110766,바운시 볼륨 컨디셔너 200_프로모
82318722,페브리즈 차량용 2.2ML (곰팡이냄새제거용)
84803948,타이드 콜드 워터
82330945,질레트 스킨텍 매뉴얼 1up+8ct 팩 (이트레이더스)
82422266,안나수이 립 글로스 C 302 -테스터
82182043,헤드앤숄더 센서티브 알로에 컨디셔너 550ml
82224070,페이셜 트리트먼트 클리어 로션 2ml (비매품)
82053467,비달추석선물세트2호4*6
80256435,오랄-비 D16
82324814,페브리즈 섬유탈취제 다우니 향 370ml (ecom)
81159915,안나수이 클래식 오 드 뚜왈렛 30ml
82208444,팸퍼스 크루저 신생아(66X3)X1_Costco
80854928,다우니 세제 실내건조(2LX2)X1 J2
82181388,퓨전 매뉴얼 면도날 6입 + 면도기 2입 기획팩
82146725,오랄-비 전동칫솔모 EB20-4 + EB20-2
82420615,AS 아이 칼라 (팬 필드 테스터) 802
82038421,조이레귤러300ML 1S*24
82224942,페브리즈 에어 바닐라라벤더의포근함 275G
82043252,SK2컴팩트버프
82228181,오라 화이트닝 키트
82243459,컴플리트 5웨이 클린 40모 1개입
82226809,위스퍼 리프레쉬 케어 70개입
82196211,다우니 블루 1L+700ML 팩 튤립과 달콤한 라일락 향
82233311,프로글라이드 파워 면도날 4입 (플렉스볼)
82267871,퓨전 믹스드 케이스
80787317,다우니 생화향기 컬렉션 시트러스 앤 버베나 2Lx2 2023
84995400,프링글스  매운맛 미디엄캔
81491932,브라운 여성용 페이스 SE80 JP
80887966,팬틴 프레스티지 데미지 리페어 트리트먼트 1200ml
82303613,FAB 울트라 리페어 나이트 크림 50ml(1.7OZ)
80320825,팸퍼스 베이비드라이3단계 이노머스 박스1/168
80720707,팬틴 프로-브이 씻어내는 트리트먼트 비오틴 엑스트라 볼륨 케어 220ml
80763670,헤숄 딥 클린 컨디셔닝 린스 850ml
82160536,스템파워 크림 컴팩트 파운데이션 테스터
82046050,SK2 ADV WHT 팬케이크33 BC SAMPLE
82300759,다우니 퍼퓸 핫핑크 블룸 1L+1L (Poly)
81181330,AS 핸드 미러 테스터
82261188,페브리즈 섬유탈취제 다우니 향 900ml (Harmony)
82281988,팸퍼스 M5 베이비드라이 2단계 이코노미 박스1/222
82071467,위스퍼소프트클린슬림날개오버나이트20개입
81761495,브라운 시리즈 9 면도기 9417s SILVER
81223289,SP 250ml 컬러 세이브 샴푸
82129213,셀루미네이션 팬케익 310
82328947,다우니 핑크 1.6Lx2+200mlx4 이마트 팩 2021
82143413,싸인즈 퍼펙트 래디언스 LIQ FND 330
82261185,페브리즈 섬유탈취제 은은한 향 320ml (Harmony)
81153807,SP 250ML 밸런스스캘프 샴푸
82243090,페브리즈 섬유탈취제 370ml 다우니 퍼퓸컬렉션 미스티크
81141786,디앤지 10 LA ROUE DLF EDT 100 T
82196251,스템파워 리치 크림 50g
82095905,헤드앤숄더실키모이샴푸200ML
82106639,팬틴 1400팩-실키스무드
82206545,브라이트닝 펄 피니셔 리필 10.5g
82326758,다우니 오션코랄 퓨어러브 1L+1L 팩 (CHP)
81349551,SP 알케미 X 배너
82171558,위스퍼 보송보송케어 트라이얼팩 40개입
82037860,코디제비꽃280매 3*8
82191209,헤드앤숄더 Bahamas 샴푸 750 올인원
82416768,립 루즈 V 461
82176608,헤드앤숄더 MtDew 2114팩- 가려운 두피
82311612,페이셜 리프트 이멀젼 100g
82075804,웰라 트리트먼트칼라 인텐시브 6B
82207449,팬틴 아이스 샤인 트라이얼 팩 6입
82420294,AS 수퍼 마스카라 롱래쉬 V 02
82040639,WHISPER ULTRA WING REGULAR LONG 14*24
82201146,센서엑셀2up 면도기
80690469,질레트 프글 매뉴얼 면도기 1UP
82110587,헤드앤숄더 딥클린 샴푸 850ML
82002566,헤드앤숄더 쿨멘솔샴푸 400ML
82230829,페브리즈 다우니향 370ML 용기형
82238693,페브리즈 370ml+370ml 팩 다우니향(PP)
82048306,팬틴바겐세일팩모이스쳐케어3*6
82171578,위스퍼 보송보송케어 시스템 90개입
82169202,비달사순 샴푸 프리미엄 칼라 500_JP
82216650,알엔에이 파워 크림 2.5g(비매품)
82235964,T 맨 에이지 리바이탈라이즈 모이스처라이저 2.5g(비매품)
82299743,헤드앤숄더 슈프림 모이스쳐 두피 토탈솔루션 샴푸 750ML
82001251,싸인즈 너리싱 크림 30G
82304142,다우니 퍼퓸 골드 샤인 1L+1.6L (이마트)
82077260,팬틴 바운시 볼륨 케어 샴푸 750ML
82245570,다우니 퍼퓸 그린 보타닉가든 700MLX8
82304146,다우니 프리미엄 액체형 세제 핑크 3L
82172405,스템파워 리치 크림 15g
82179680,위스퍼 리프레쉬클린케어 울날대 30RRP
82084700,SK-II 팬케이크 컴팩트 (은색)
82404220,AS 루스  파우더 001 테스터(리필)
82417907,디앤지 18 라 륜 오 드 뚜왈렛 50ml
82412322,AS 페이스 칼라 액센트 G050
82244714,오랄-비 크로스액션 7베네핏 35모
82248450,페이셜 트리트먼트 클렌징 젤 2.5g(비매품)
81726690,브라운 시리즈5 PP5 날과 망 52B
80207530,팸퍼스 이지업 팬티형 남아 5단계 빅 1/54
82420639,AS 아이 칼라 듀오 02
80779910,다우니 코튼 퓨어 러브2LX4 M1
82105784,SGNS퍼펙트래디앙스 LIQFND420
82137922,듀라셀 디럭스 알카 AAA 6+2개입
82045326,SK2 ADV WHT리퀴드파운데이션31
82243901,페브리즈 엑스트라 스트랭스 대용량 900ML
82080688,웰라 트리트먼트칼라 인텐시브 3B
80733149,질레트랩스 면도날 10입
82192616,위스퍼 리프레쉬클린 케어 시스템 74개입
82047159,위스퍼그린날개소34*24
82333925,닌자마스 S7 핑크 4X14
80840297,브라운 시리즈 9 면도기용 프로컴포트 헤드
82293379,다우니 블루 2L+700MLX2 레몬그라스와 달콤한 라일락 향 (롯데마트
82134680,위스퍼 보송보송케어 중형 2개입 샘플
82321188,퓨전 매뉴얼 면도기 1UP
80843089,페브리즈 차량용 방향제 맑은 하늘 바람 (2.2MLX2)X6
82160739,팬틴 내츄럴 케어 컨디셔너 200ml
80820845,다우니 퍼플 화이트티와 릴리 3.8LX3 P3
82246038,애트모스피어 유브이 에멀젼30g
82297220,다우니 퍼퓸 핫핑크 블룸 1L+1.6L (Paper)
80209584,팸퍼스 베이비드라이 4단계 이코노미 박스1/192
80829786,페브리즈 항균플러스 깨끗한 향 360ml 3입
84849326,오랄비 전동칫솔 D16
82297348,다우니 엑스퍼트 1.6LX2 스포츠 향
82056600,팬틴DBD750-집중손상케어
82413634,안나수이 포비든 어페어 미니어처 4ML
82230612,페이셜 트리트먼트 에센스 포 맨 75ml
82057705,헤드앤숄더샴푸모이스트200ML
82302037,다우니 퍼퓸컬렉션 어도러블 1LX3+200ML 팩 (쿠팡)
82321915,질레트 스킨텍 파워 면도기 플렉스볼 1UP (557)
82044758,위스퍼슬림일반소10*48
82088544,프링글스 Soccer PAD
82166604,헤드앤숄더 샴푸850 건조한 두피 케어
82315734,다우니 오션코랄 퓨어러브 향 1LX12 DBD
82008769,팬틴 1700팩-밀키모이스춰
80882578,다우니 핑크 목련과 베리 1.6LX9 P2
82145875,질레트 일회용 면도기 블루투플러스 10+1
82144974,스킨시그니처 크림 인 FND 105
81186763,구찌 바이 구찌 PH SPORT ASB 75ML
82182097,싸인즈 업 리프터 40g
84836614,페브리즈 에어 (바닐라라벤더의포근함)
80745194,다우니 생화향기 컬렉션 블랙 미스티크 2LX2 2023
82181424,마하3 터보 매뉴얼 면도기　
80788279,오랄-비 펄사 화이트닝 35 2개입 (CM팩)
82123060,헤드앤숄더 스완 1250팩-헤어 폴 클리닉
82111541,팬틴집중손상트리트먼트185G
82410136,AS 네일 칼라 N 308 - 테스터
82221781,비너스 임브레이스 4입
80734771,제놉틱스 울트라오라 에센스 10ml(비매품)
82040929,페브리즈 섬유탈취제 10L 리필 업소용
81349552,SP 알케미 텐트카드
82272016,페브리즈 섬유탈취제 다우니향 370ml+320mlX2 (이마트)
82163825,위스퍼 코스모 인피니티 울트라 날개형 중형
82163648,토탈이펙트 7 인 1 안티에이징 스트레치 마스크
82260975,다우니 핑크 1.6LX2 베리베리와 바닐라크림 향
82088779,페브리즈(MO) 320ML 리필형 은은한 향
82034127,위)울후레쉬날대번들18*2*12
82404360,AS 뷰티 미러
82402547,AS 립 밤 테스터
82033029,위스퍼슬림일반소10*48
82140720,팬틴 코스트코 인텐시브모이스쳐케어 1700팩
82240055,마스터피스 피테라 아이크림 15g
82157122,WHISPER PAD 30SX24 S02 SPR11 CHONAN
82205136,허벌 에센스 핑크 로즈 컬렉션 컨디셔너 490ml
80693941,다우니 엑스퍼트 실내 건조 오메가 (그린)  2.6LX4
82234044,플렉스볼 1up+4ct+투인원 젤 기프트팩 (본드)
82229265,싸인즈 퍼펙트 래디앙스 리퀴드 파데440
82240840,페이셜 리프트 이멀젼 100G
82243062,다우니 아로마 쥬얼 블루 에메랄드 브리즈 375g
82054873,큐티아기겨울모자 WINTER02
82067050,팬틴모이스춰케어컨디셔너960
82276223,페브리즈 차량용 다우니 2ML+(2MLX2) 팩 (이마트)
82307964,팸퍼스 에어차차 팬티형 4단계 (60 X 3)
82105789,SGNS퍼펙트래디앙스 PWDFND420
82210294,페이셜 트리트 클리어로션 30ml (비매품)
80686805,다우니 프리미엄 액체형 세제 블루 1.4L
81697112,"브라운 시리즈 5,6,7 면도기용 바디 트리머"
82253335,페브리즈 포맨 용기형 370ml
82095319,큐티 편안한아기 골드 중형 72P
80797155,브라운 시리즈 8 면도기 8560cc (Costco)
82296056,오랄-비 스테이지스 3단계 카즈1입
82112829,헤드앤숄더 헤어폴 850 샴푸 슈링크
82311524,페브리즈 섬유탈취제 다우니 향 320ml
82134862,팬틴 컨디15GX480풀앤씨크JP 96*70
82172860,페브리즈 370ml+370ml 팩 상쾌한향 올림픽
82126560,헤드&숄더 수딩 두피 케어 컨디셔너 550ml
82295642,다우니 퍼플 4LX3 화이트티와 릴리 향 (홈플러스)
82297224,다우니 퍼퓸 골드 샤인 1L+1L (Paper)
82050576,팬틴구정감사선물세트비듬4*6
82420672,AS 스팟 컨실러 02
82410331,AS 네일 아트 칼라 N 080
82104341,팬틴밀키모이스춰컨디850ML
80719112,브라운 시리즈 9 면도기 9560cc BLACK
82118296,팬틴 코스트코 밀키모이스쳐 케어 1700ML
82300899,페브리즈 화장실용 블루6ml*2*2+옐로6ml (Etraders)
82319131,페브리즈 화장실용 상쾌한비누향 6ml*2+상큼한레몬향 6ml*2
82333047,다우니 핑크 2LX2 베리베리와 바닐라 이마트 팩
82292287,페브리즈 섬유탈취제 다우니 향 900ml (Elixir)
82201229,위스퍼 팬티라이너 허브 40개입
82225064,페이셜 트리트먼트 에센스 핑크 플라워 리미티드 에디션
82142847,위스퍼 리프레쉬클린케어 122개입
80317969,오랄-비 D16 비비드그린
82126502,웰라 트리트먼트 칼라 인텐시브 8B_스티커
82129165,헤드앤숄더 샴푸850 가려운 두피 케어
82145633,오랄비 민트왁스 치실 기획
82275680,WS덤 데피니션 UV 로션30g
82094826,팬틴 2250팩-바운시볼륨
82232769,오랄-비 크로스액션 항균케어 35모 3입
82313456,팸퍼스 베이비드라이 1단계 점보팩 44PX2_QR
82222858,타이드 오리지널 액체 세제 3.06ML
82420344,모이스처 리치 플루이드 파운데이션 8.0ml 샘플
80875515,오랄-비 Pro2500 듀얼핸들팩 (화이트+핑크)
82185688,페브리즈 차량용 2ML (라벤더의 포근함)
81010210,구찌 엔비 미 EDT 100ML
82182112,페이셜 트리트먼트 마스크 10p
82318661,질레트 퓨전 파워 면도기 스탠드
80843086,페브리즈 차량용 방향제 맑은 하늘 바람 2.2MLX6x2
82140797,LXP 얼티미트 퍼펙팅 크림 2.5g 샘플
82124339,WHISPER PAD LTFL 20SX24 ULTUBE ISADORA
80770789,질레트 스킨텍 매뉴얼 면도날 2입
82272079,다우니 퍼퓸 그린 보타닉가든1LX3 (Chanel)
80724045,오랄비 스테이지스3 프로즌II 1입
82305658,FAB 퓨어 스킨 페이스 클렌저 142g(5OZ)
82327412,다우니 프리미엄 액체형 세제 실내건조 450mlx24
82273882,스킨 퍼펙팅 파운데이션330
82142271,팬틴 바운시볼륨케어 2550팩
82327055,다우니 엑스퍼트 1L+1L 팩 실내 건조 향 (MQ)
82179029,P&G 팬틴 선물세트 T3호
82079819,M-1 큐티 편안한 아기 CP 대형 82P
82099961,헤드앤숄더 프레쉬레몬그라스 샴푸200ML
81747656,브라운 시리즈9 날과망 94M
82146806,질레트 퓨전 하이드라 젤
82068891,팬틴 2960팩-볼륨
82304140,다우니 프리미엄 액체형 세제 블루 1.7LX2 팩
82156627,토탈이펙트 7 인 1 안티에이징 크림 노말 샘플 10g
82302258,질레트 스킨텍 면도폼 245G 1x6
82231119,페브리즈 섬유탈취제 허브향 370ml+320ml 롯데마트
82218105,다우니 아로마쥬얼 블루 에메랄드 브리즈375G+퍼퓸블랙미스티크200ML
82065683,코코 아기매트 AI
82133991,헤드앤숄더 샴푸550 민감한 두피 케어
82151441,스킨 시그니처 아이크림 0.5g 샘플
82189618,듀라셀 디럭스 알카 AA 10개입 신규
82102175,헤드앤숄더 실키 티트리 850 샴푸
82133771,페브리즈 에어 봄의소생 275G
82171407,토탈이펙트 세트 12 (TE아이세럼15ml + TE노말크림20g + TE
82066315,헤드앤숄더570/400팩딥
82104434,팬틴바운시볼륨컨디850ML
81770249,브라운 시리즈 7 면도기 71-S7320cc SILVER
82154615,AMJ'11 페브리즈 370ml+320ml 팩 허브향
82226512,에스케이-투 스템파워 아이 크림15G H
82111702,위스퍼 그린 S 이마트 100p
82289570,팸퍼스 베이비드라이 5단계 이노머스 박스 1/132
82294894,다우니 프리미엄 액체형 세제 블루 2.7L
82142398,팬틴 집중손상 딥리페어 크림
82226033,질레트 마하3 클래식 4 입 날 (LT)
82127535,헤드앤숄더 딥클린 스페셜 1140 팩
82314545,오랄-비 초미세모 벨벳 잇몸케어 그린티 6입 (쿠팡)
81259229,브라운 면도기 340-3
82144769,스킨시그니처 80g
82243425,프로글라이드 파워 면도기 1up (플렉스볼)
80697564,다우니 프리미엄 액체형 세제 블루 2.0LX6 (Goldie)
82186229,다우니 블루 2L+2L 팩 튤립과 달콤한 라일락 향_Sep'12
80830521,질레트 프글 매뉴얼 기1+날7 +젤195G
82093034,웰라칼라엑스트라케어 7/0 (DBD)
82051864,SK-II FACE CRM 30G ADV PRT ESS UV N
82255668,페브리즈 차량용 2ML (상큼한 라임 오렌지) (LEGO)
82043238,SK2 FT에센스150ML
82240971,페이셜 트리트먼트 오일 50ml
82313998,에스케이-투 스킨파워 에어리 밀키 로션 2.5g
82289712,오랄비 치간 칫솔 10개입
82298172,팸퍼스 베이비드라이 팬티 5단계(특대형) 36X4
82143418,더블유에스 덤 리바이벌 프로그램 10P
82236956,위스퍼 보송보송케어 울트라 날개 중형 36P (National)
82192637,위스퍼 보송보송케어 70개입
82044604,큐티프로모션프리미엄중형2*30
81547827,브라운 여성용 페이스 SE832S JP
82095734,비달사순 트리트먼트
82410301,AS 네일 칼라 엔 202
82298097,팸퍼스 크루저 3단계 박스 1/120_S7
82060387,헤드앤숄더570/400겸용
82310674,다우니 리필 오션코랄 퓨어러브 향 1.6L
82134867,퓨전젤 하이드라 트래블팩
82103176,위스퍼 센서티브 2P 샘플
82053194,코디일반50MX30R*3
82024787,큐티수퍼프리미엄대형26*6
82334106,질레트 프로글라이드 파워 면도날 4입 (557) (CP STK)
82195829,브라운 면도기 790cc BOSS프로모션 (CCR2+70s)
80703703,다우니 블루 레몬그라스1LX12 F1
82185216,헤드앤숄더 애플프레쉬 컨디셔너 850ml
80690891,팸퍼스 2022에어차차 팬티형 5단계 (52X3)
82306859,알엔에이 파워 크림 15g
82312336,질레트 프로쉴드 옐로우 1up +7ct 팩 (플렉스볼)
82107099,헤드앤숄더 헤어폴 클리닉 샴푸 570ML
82304143,다우니 프리미엄 액체형 세제 블루 2.8L
80940687,프링글스 양파맛미디엄 190G
82275705,페이셜트리트먼트 젠틀 클렌징크림80g
82122122,SK-II FC트리트먼트콘센트레이트
82232547,퓨전 프로쉴드 옐로우 면도날 14입
82291077,페브리즈 차량용 맑은하늘바람2mlx3 이마트 창립팩
82316177,다우니 퍼플 2.6LX4 화이트티와 릴리 향
82310214,오랄비어린이칫솔모EB10-2 CARS
80794305,질레트 퓨전 파워 믹스드케이스
82289925,페브리즈 차량용 3개입(2.2mlx3) 라이트 라임오렌지(Genesis)
81163382,블론더 블론드 씰 앤 케어
82191210,헤드앤숄더 Bahamas 샴푸 750 포맨헤어폴
82111696,위스퍼  소프트클린 S 이랜드 78p
82300911,페브리즈 화장실용 블루6ml*2+퍼플6ml (HP)
80690890,팸퍼스 2022에어차차 팬티형 4단계 (60X3)
82073229,비달사순 1520팩-컬러케어
81407216,펌 공병
82420646,AS 아이 칼라 002
82055847,펄젤리왁스
82310296,질레트 프로쉴드 옐로우 면도날 12입 코스트코팩
82332930,질레트 바버샵 쉐이브 폼 3입 (이트레이더스)
82154574,헤드앤숄더 헤어 폴 클리닉 1500ML 팩
82044542,SK2 FT마사지크림
82242654,셀루미네이션 팬케이크 320
82120420,팬틴 헤어타임리뉴얼 컨디셔너240_스티커
82126755,헤드앤숄더 센서티브알로에 스페셜2100팩
82116999,팬틴 밀키모이스춰 삼푸 850ML
80678638,팬틴 프로-브이 컬러 케어 컨디셔너 500ml
82047168,위스퍼그린일반중형40*24
82313166,오랄-비 어린이 전동칫솔D12 카즈 콤보 코스트코 팩(NEW)
81455932,팸퍼스 베이비드라이 5단계 1박스 (144매)
82041011,WHISPER SAPD LN 2SX500 ST1B BLT IW+ SP
82070083,위스퍼중형+소프트라이트시스템프로모션팩C
82074583,에어터치 FND OP-3(리필)BC
82116751,2009설 팬틴 선물세트 1호
80708386,다우니 베이스 핑크 맥퀸 베리베리와 바닐라크림 1.6LX6 DBD
82287248,디럭스 샘플키트
82084972,팬틴 코스트코 2400팩-집중손상
82063540,큐티드림골드신생아72*4 FALL03
81677026,브라운 시리즈 5 면도기 5190vs BLK (Ellida 3.0)
82044426,FEBREZE FARF 400ML 1SX15 ANBT BIZ (KR)
82055182,위스퍼슬림일반중형10P
82117333,SK-II 셀루미네이션 에센스-인 FND 105 스노우 스킨
82109860,위스퍼 트윈윙 이랜드전용 82P
82233141,위스퍼 피부애 울날대 32Px2 (이마트)
82070363,스타일링 클레이 왁스
82080216,위스퍼 슬림 슈퍼롱 오버나이트 10개입
82241278,위스퍼 피부애 울날중 36Px2(이마트)
80356485,오랄-비 어린이용 전동칫솔 스파이더맨 D100K (원제품)
82083738,팬틴 Nov05 믹스드케이스
82146137,페브리즈 비치형 뉴질랜드 스타터킷 5.5ML
84865155,팸퍼스 크루저 6단계 점보1/92
82245536,다우니 핑크 1L 베리베리와 바닐라크림 향(테스코/롯데)
82095728,비달사순 살롱 모이스춰 컨디셔너
82313464,팸퍼스 베이비드라이 2단계 이노머스 1/186_QR
81181332,AS 헤어 콤 테스터
82070208,헤드앤숄더 2880팩-딥
82300910,페브리즈 화장실용 상쾌한비누향 6ml*2+상큼한레몬향 6ml*2
82304139,다우니 프리미엄 액체형 세제 핑크 1.7LX2 팩
82420642,AS 아이 칼라 듀오 05
82211042,오랄-비 스테이지스 3단계 2입(홈플러스)
82141129,페브리즈 엑스트라 스트랭스 대용량 900ML
81731104,브라운 시리즈 9 면도기 9350s SILVER
82135571,질레트 마하3 파워 면도기 1UP
80794814,다우니 퍼퓸 쥬얼 에메랄드 브리즈 480g
82331385,다우니 프리미엄 액체형 세제 살균 파워 1.9L
82159654,듀라셀 디럭스 알카 AA 30개입
82096820,위스퍼 소프트클린 스페셜 팩
82333640,오랄-비 어린이용 전동칫솔 스파이더맨 D12K (트레이더스)
82321175,오랄-비 어린이 전동칫솔D12 카즈 콤보 코스트코 팩(NEW)
82414577,안나수이 모.리치 플루이드 F. B01
80337955,오랄비 GENIUS 8000 화이트
82298223,팬틴 미셀라 클렌징 샴푸 쿠팡 팩
82172858,페브리즈 370ml+370ml 팩 허브 향 올림픽
82222235,듀라셀 알카 9V 1개입
82237044,미드-데이 미라클 에센스 50ML
82144525,오랄비 스테이지스 믹스 케이스
82114698,어드밴스드WS팬케익EX 콤팩트
82322014,브라운 쿨텍 면도기망 40B
82051414,코디오래키친타월260 2R*12
82046406,SK2 CLEAR WHT클로스샘풀
82274492,인덜젼스샘플키트 리미티드20GAiry
82236359,위스퍼 보송보송케어 울트라 날개 중형 90P 이마트
80729878,페브리즈 섬유탈취제 다우니 향 900ml
82310420,질레트 프로글라이드 매뉴얼 1up+4ct 새해 팩 (이마트)
82333645,다우니 프리미엄 액체형 세제 실내건조 1.4LX2 팩
82171559,위스퍼 리프레쉬 슈퍼롱 오버나이트 트라이얼팩 20개입
82326475,질레트 스킨텍 파워 1up+6ct 이컴팩 (플렉스볼)
82275764,다우니 퍼퓸 컬렉션 헬로 스프링 리필 700MLX8
80850522,질레트 퓨전 매뉴얼 면도기 기1+날2 PX
82056044,CUTIE DPR NB 72SX4 GOLD SPRING 03
80709550,질레트랩스 딥클렌징바 5UP
82278803,다우니블루1.6LX2+700ml레몬그라스와달콤한라일락향(Olympic)
82106974,헤드앤숄더 헤어폴 클리닉 컨디 40ML
80693965,다우니 베이스 퍼플 맥퀸 화이트티와 릴리  1LX12 DBD
81329921,SP 스타일링 가격표
82114669,비달 사순 딥 살롱 에센스 증정용
82110703,비달사순 컬러케어 트리트먼트 180G
80794409,페브리즈 섬유탈취제 다우니 880mlX2
82307583,질레트 스킨텍 셰이브 폼 245G
82154470,어드밴티지 4웨이 후레쉬 3입 + 크로스액션 2입
82260003,애트모스피어 유브이 에멀젼 30g
82064003,위스퍼소프트라이트일반형32개입
80858686,다우니 화이트티 2.6LX6 D1
80742192,다우니 삶음파워 플러스 2.6L
82010206,위스퍼 그린 일반 중형 40입
82321457,페브리즈 상쾌한향 용기형 370ML(PGP)
84995399,프링글스 바베큐맛 미디엄캔
82160199,토탈이펙트 웻 클렌징 클로스
82085758,헤드앤숄더 겸용샴푸 570ML
81744333,브라운 시리즈 9 면도기 9399CC GOLD
82109858,위스퍼 트윈윙 테스코전용 78P
82113357,위스퍼 칼라드 코어 ML S3 2P 샘플
81130393,SB 75G 매트 퍼티 텍스처라이
82049235,비달사순샴푸샘플10ML
82144225,오랄비전동칫솔모2입EB20-2
82245831,페브리즈 370ml+320ml 팩 은은한향(PP)
82053351,비달익사이팅팩2+1웨이브
82185455,비너스 새틴케어 센서티브 젤
82045830,SK2딥화이트닝
82072676,헤드앤숄더1835팩딥
82307996,오랄비 고탄력 초미세모 틈새4입
82210392,위스퍼 코스모 인피니티 중형 2개입
82256692,팸퍼스 베이비드라이 1단계 점보 팩 44P*2
82183877,페브리즈 370ml+320ml 팩 상쾌한향 OND'12
82205913,LXP 얼티미트 퍼펙팅 세럼 50ml
82169238,페브리즈 다우니향 370ML (이마트) 온팩2
80862831,브라운 시리즈 9 면도기 9665cc+PC GRAPHITE
82272799,화이트닝소스 덤 리바이벌 마스크10p
80719106,브라운 시리즈 8 면도기 8560cc BLK (원제품)
82260863,다우니 퍼퓸 화이트 700ml 클래식 향(롯데)
82145553,싸인즈 너리싱 크림 2.5g 샘플
82201147,센서3 일회용 스포츠 4팩
82034469,화이트 소스 트랜스폼 FND 320
82275840,스킨 퍼펙팅 파운데이션330
80716959,오랄-비 치실 글라이드 3D 화이트 35M
81357665,11트렌드에이프런
82161933,질레트 일회용 면도기 블루투플러스 5개입_특별판매용
81479942,GEM 액티브핏 6단계 1X64
82102180,헤드앤숄더 실키 레몬글라스 570 린스
82255949,제놉틱스 스팟 에센스 30ml
82066524,위스퍼소프트클린날개오버나이트14개입
80858684,다우니 화이트티 1LX12 D1
80756896,비너스 Y존 레이저 올영팩(Y존 레이저 2UP+새틴케어젤)
82420412,AS 오일 컨트롤 페이퍼 세트 01 - 테스터
82089586,어드밴스드 화이트닝 소스 팬케익 310 샘플
82004169,화이트닝 소스인텐시브마스크 1P
82055631,큐티드림골드대형120E-MART
82096394,위스퍼 소프트클린 슬림 날개 대형 10
80304602,오랄-비 PRO3000C 코스트코팩
82069488,팬틴올인원샴푸95ml-비매품
81575871,브라운 시리즈 9 면도기 9240s BLK/ELBLU
82133428,코스트코 Phenom 6+1
82084604,비달사순 샤이니 에센스 왁스 60G
80725994,오랄비 D100 크로스액션 블랙(쿠팡)
82255561,페브리즈 차량용 2ml (상쾌한 아침) (LEGO)
82250485,미드-데이 미라클 에센스 50ml
82255953,오라액티베이터 씨씨 크림 0.8g(비매품)
82286074,다우니 코튼 퓨어러브 1LX3 (쿠팡)
82147054,토탈이펙트 7 인 1 안티에이징 아이 세럼
82118149,LXP 마사지 프루이드 미니샘플
82184118,팬틴 내츄럴케어 샴푸 500
82270800,질레트 프로쉴드 PYC 스페셜 팩
82002576,헤드앤숄더 릴랙스 티트리 샴푸 570ML
82107089,헤드앤숄더 헤어폴 클리닉 샴푸 850ML
80715986,(FWIP) 557.1 스킨텍 매뉴얼 2ct 
82154914,팬틴 삼푸 500 실키 스무드 스티커
82287010,페브리즈 다우니향 900mlx2 + 투고 85ml_쿠팡
80342399,557 스킨텍 매뉴얼 4ct (FWIP)
82053350,비달익사이팅팩2+1스트레이트
82110060,페브리즈 비치형팩 그린
82253371,컬러 클리어 뷰티 파우더 파데320
82055941,SK2 FC CRM SIGNS TRMT ESS OP-1 RF
82246230,셀루미네이션 마스크-인 로션 100ml
82266673,마하3 클래식 8입+면도기 1up팩 (트레이더스)
82242884,오랄비 크로스액션 TAJ 컴플리트7 3+1입
82403020,AS 루스 파우더 700 테스터
82314767,질레트 퓨전 프로쉴드 칠 면도날 10입팩
80717954,질레트 프로글라이드 매뉴얼 믹스드케이스
80770294,오랄비 전동칫솔 D103 크로스액션 블랙
82189896,팬틴 프로브이 아이스 샤인 트리트먼트 200ml
82171551,위스퍼 보송보송케어 트라이얼팩 60개입
82054522,헤드앤숄더 샴푸 멘솔 100ML
82255961,셀루미네이션 데이서지 UV 50g
82253495,센서엑셀2up 면도기
82412634,안나수이 락 미 투 EDT 30ML
82245546,오랄비 크로스액션 젠틀케어 3+2입 (Tesco)
82140796,LXP 얼티미트 퍼펙팅 크림 15G TRI 샘플
82115198,페브리즈 (370*2) 팩 허브향
82285114,팸퍼스 크루저 4단계 1박스 1X152
80848525,스킨파워 아이 앤 라인 필러 크림 듀오 세트
82301095,오랄-비 크로스액션 초소형헤드 1입
82146309,팬틴 프리즈디펜스 삼푸 550
82190904,듀라셀 울트라 알카라인 AA 8팩 MARS PI
82321593,오랄비 스테이지스2 6입 쿠팡팩
82218709,에스케이-투 피테라 에센스 세트 - 핑크 플라워 리미티드 에디션
82242754,셀루미네이션 딥 서지 EX 50g
82106214,위스퍼 소프트클린 세이프티존 울날대 34P
82284718,헤드앤숄더 1950팩- 쿨멘솔 (바르셀로나)
84852641,퓨전 프로글라이드 매뉴얼 면도기 1UP
82047112,위스퍼그린날개대형18*24
80781488,페브리즈 항균 깨끗한향 920ml
82420712,안나수이 립 칼라 컬렉션 AN IV
82200192,헤드앤숄더 BAHAMAS 2250 RRP팩- 애플프레쉬
82272923,퓨전 프로쉴드 칠 면도기 1up
82142771,팬틴 모근강화케어 2200팩
82099649,팬틴 밀키모이스춰 샴푸850ML-코스트코
82089358,업그레이드 슈퍼스타 큐티 중형 60P
80775673,오랄비 EB60X화이트 리필모 2입
82415066,안나수이 헤어 밴드 지 (PWP)
82279917,퓨전 프로글라이드 매뉴얼 4+1 쉐이브클럽 팩
82084611,팬틴 코스트코 400팩-집중손상
82122049,팬틴샴푸850바운시볼륨IR
82236092,질레트 마하3 파워 면도날 4입
82095906,헤드앤숄더 딥클린샴푸 200ML
82117890,페이셜클리어솔루션 10ML
82019112,SKII FACIAL TREATMENT MASSAGE CREA
80740062,스킨파워 어드밴스드 크림 & 아이크림 세트
82313737,팬틴 프로브이 미셀라 퓨어 & 모이스트 트리트먼트
82169204,비달사순 샴푸 프리미엄 베이스_JP
82280879,질레트 프로글라이드 파워 면도날 12입 코스트코팩
82300903,PGP 페브리즈 에어 맑은하늘바람 275g 특판용6개입
82416831,안나수이 립 루즈 G 601 T
82260469,퓨전 프로쉴드 옐로우 믹스드케이스
82203405,위스퍼핑크세스 울날중 테스코 50개입 (RRP)
84855215,오랄-비 전동칫솔 D20
80743060,퓨전 프로쉴드 옐로우 면도날 14입 (코스트코)
80692509,다우니 고농축 아로마 플로럴 8.5L
80767266,SK-II FY2324 70G KCP 프리팩
80256584,팸퍼스 M5 베이비드라이 5단계 이코노미 박스1/160
82211328,에스케이-투 스템파워 페이스 & 아이 키트
82105786,SGNS퍼펙트래디앙스 LIQFND510
82321581,SK-II 페이셜 트리트먼트 에센스 도쿄걸 블랙 리미티드 에디션
82266717,페브리즈 에어 화장실용 (산뜻한 정원향) (Kreach2)
82334053,다우니 베이스 퍼플 맥퀸 화이트티와 릴리 1.05Lx3
81164321,소프트터치5/7엔
81770214,브라운 시리즈 5 면도기 51-B1300s BLUE
82125965,위스퍼 보송보송케어 중형 30개입
80842286,에스케이-투 페이셜 트리트먼트 클리어 로션 230ML
82243520,오랄-비 크로스액션 항균모 35S
82013837,SK2리페어C리퀴드FND 22
82255649,위스퍼 코스모 울트라 날개 오버나이트 14개입
82100531,페브리즈(MO) 320ML 리필형 상쾌한 향
82081033,위스퍼 소프트클린 2P 샘플
80841658,다우니 실내건조 플로럴블로썸 2Lx4 H1
82166494,프링글스 150G 6팩
82404366,안나수이 핸드 미러
82252542,베스트셀러 트라이얼 키트(Dec18)
82293367,다우니 스포츠 1.6LX2 스포츠 쿨프레시 향 (Paper)
82202157,위스퍼 코스모 인피니티 중형 2개입 샘플
82319354,질레트 프로쉴드 파워 1up+4ct 팩 (플렉스볼)
82303791,오랄-비 프로헬스 3D화이트 1입
80730894,오랄비 어드벤티지5웨이 후레쉬 3입 + 크로스액션 탁월한 세정력 2
82239758,헤드앤숄더 발리 컨디셔너 850 쿨멘솔
82000305,페브리즈 자동차용 210ml
82298988,오랄-비 초소형 헤드 벨벳 잇몸케어 12개입
80887959,팬틴 실키 스무드 케어 컨디셔너 750ml
82243573,오랄비스테이지스 1단계
82316176,다우니 퍼플 1.6L 화이트티와 릴리 향
82240496,헤드앤숄더 발리 샴푸 850 애플프레쉬
82297218,다우니 퍼플 2L+700MLX2 화이트티와 릴리 향 (LT)
82297313,크리스탈 클리어 마스크 디럭스 세트(FTM10P*2)
82192027,팸퍼스 이지업 팬티형 남아 5단계 수퍼 1/72
80703706,다우니 블루 레몬그라스200mL F1
82126501,웰라 트리트먼트 칼라 인텐시브 7B_스티커
82084696,양파맛 싸커 프로모션팩
82068727,팬틴1600팩손상
82284744,페브리즈 섬유탈취제 은은한 향 370mlX2(Harmony)
82209357,오랄비 트라이존 리필모 6입
82223891,오라액티베이터 씨씨 크림 30G
82249364,페이셜 트리트먼트 에센스 블루 리미티드 에디션
82095733,비달사순 프로페셔널 트리트먼트
82139005,오랄-비 인디케이터항균 40모
82307857,다우니 엑스퍼트 실내건조 2L+700X2 롯데마트 창립 팩
82085774,팬틴 엑스트라데미지 샴푸 100ml
82188091,에스케이-투 셀루미네이션 오라 에센스0.7ml(비매품)
82300642,오랄비 크로스액션 향균모35S 온라인
82293567,페브리즈 에어 맑은하늘바람 2개입 + 페브리즈 에어 다우니 2개입
82304145,다우니 프리미엄 액체형 세제 블루 3L
81153683,SP 30ml 하이드레이트 마스크
80824975,다우니 실내건조(핑크)2.6LX6 v2 R1
84995397,프링글스 오리지날 맛 미디엄캔
81607205,브라운 시리즈 3 면도기 3040S WD
80294838,팸퍼스 M6 베이비드라이 5단계 이코노미 박스1/160
82294133,오랄비 초미세모 벨벳 잇몸케어 5입 쿠팡팩
82071844,PAMPERS DPR MD 54SX4 PREMIUM 04 JMB IMP
80707370,페브리즈 370ml+320ml 팩 상쾌한향
82291724,질레트 퓨전 프로쉴드 옐로우 면도날 16입팩
82243826,페브리즈 에어 맑은하늘바람 275G (K-Reach)
82088255,위스퍼 그린 트윈윙 울날대 18개입
82317211,팸퍼스 베이비드라이 팬티 D8 S3 5PX30_QR (샘플)
80684315,오랄비 전동칫솔 D12.513 스타워즈
82142779,비너스 브리즈 2UP
82161624,아쿠아액션 세트1 (AA젤50g + TE세럼10g + TE노말크림10g
82117820,헤드앤숄더 센서티브알로에 샴푸 850ML
82250928,오랄-비 펄사 35모
82304182,허벌에센스 볼륨 화이트 그레이프 프루트 & 모사 민트 샴푸
82316200,다우니 퍼퓸 그린 보타닉 가든 200ml
82223950,셀루미네이션 딥서지 EX 50g
82002730,헤드앤숄더 2500 이랜드팩-쿨 멘솔
80883982,다우니 화이트머스크 (1.05Lx3)X4 D2
82040430,위스퍼 센서티브 울트라 날개 중형 36P
82280413,다우니 섬유 데오도라이저 프레시 그린 480g
82300693,오랄비 초미세모 크로스액션  1입 온라인 싱글
80274283,오랄-비 DNA PRO3000 Bluetooth
82077265,큐티 편안한아기 골드 중형 72P
82214011,브라운 시리즈5 면도기 530
82052411,큐티드림골드중형52*4
82085748,헤드앤숄더프레쉬레몬샴푸570ML
80793381,헤드&숄더 두피토탈솔루션 샴푸 가려운두피케어 850ml (CP)
82142329,헤드앤숄더 로터스 950팩- 쿨 멘솔
81153865,SP 30ml 샤인디파인 샴푸
82043690,SK2 SACHET ADV W PAN-CAKE 33
82205904,페이셜 트리트먼트 클렌징 젤 100g
82229233,페이셜 트리트먼트 클렌징 오일 11ml(비매품)
82283464,다우니 퍼플 2L+700MLX2 화이트티와 릴리 향 (롯데마트)
82073943,비달사순 2880팩-컬러케어
82237901,페브리즈 차량용 2ML (바닐라의 달콤함)
82126127,팬틴트리트먼트200모발강화IR
82143161,프링글스 와일드스파이스110GX12
82123020,헤드앤숄더센서티브알로에200ML
82164166,팬틴 집중손상케어 컨디셔너 850
82273823,페브리즈 차량용 2개입(2mlx2) (상쾌한 나뭇잎향) (CT)
82283176,페브리즈 차량용 2MLX6 (상큼한 라임 오렌지) (쿠팡)
82181941,위스퍼 보송보송케어 울날중 90개입 RRP
82333324,페브리즈 섬유탈취제 포맨 쿨아쿠아 향 360ml 2입+320ml 1입
82171552,위스퍼 보송보송케어 트라이얼팩 32개입
82309738,헤드앤숄더 쿨멘솔 2800팩 (Bali)
82046874,SK2베이식스킨케어세트
80690940,다우니 생화향기 컬렉션 와일드 라벤더 1.6L
82032475,위)울후레쉬일반소형20*24
82117566,팬틴바운시볼륨샴푸850ML
82206451,마하3 센서티브 매뉴얼 면도날 4입 TESCO
82050624,비달익사이팅웨이브린스960ML
82024414,비달사순　헤어스프레이300ML 1*12
82238463,위스퍼 리프레쉬클린케어 울트라 날개 중형 42P(RRP)
82040240,위스퍼 소프트클린 슬림 날개 대형 18P
80817541,오랄비 아이콘 X 7입 (Single Blister)
82133818,오랄비 어드밴티지 컴플리트 4웨이 35 4개입
82200046,헤드앤숄더 2250샴푸팩- 쿨 멘솔_RRP
82237000,페브리즈 섬유탈취제 파워 370ml+370ml 테스코
82101659,위스퍼 센서티브 이마트전용 108P
82149961,위스퍼 베이직 대형 50개입
80714606,팸퍼스 베이비드라이 팬티 4단계(대형) 42X4
82299230,페이셜 트리트먼트 마스크6p
81081012,BT 칼라 프로텍션 샷
82320476,다우니 어도러블 1L+세제 블루1L (Hyper)
82044141,위스퍼그린날개소형34*24
82190430,오랄비 어린이 충전식 전동칫솔 기획세트
82295270,오랄비전동칫솔모2입EB20-2
82413640,안나수이 포비든 어페어 오 드 뚜왈렛 50ML
82182024,헤드앤숄더 건조한 두피케어 컨디셔너 850ml
82210706,다우니 핑크 1L+700ml 팩 베리베리와 바닐라크림 향
80356486,오랄-비 어린이용 전동칫솔 프로즌 D100K (원제품)
82328759,팬틴 프로브이 미셀라 퓨어 & 모이스트 샴푸
82243904,페브리즈(MO) 320ML 리필형 상쾌한 향
81713277,브라운 IPL BD5001 화이트
80831335,질레트 마하3 (기1+날5)
82046836,WHISPER RLN 20SX2X12 SLIM WING TPR PROM
82133944,페브리즈 에어 달콤한 애플 향기 275G
82244991,오랄-비 스테이지스 3단계 행사팩
82254548,헤드앤숄더 Bahamas샴푸 850 쿨멘솔
82283979,페브리즈 차량용 베이스 6입 코스트코팩
82300162,질레트 포오미 멘솔 175G
80728041,오랄-비 프리시즌 클린 리필모 8개입 (EB20-8)
81160092,SB 150ml 볼럽트 스프레이
82245545,다우니 럭셔리 피오니700ML(테스코/롯데)
82168451,위스퍼 코스모 인피니티 중형 2개입 샘플
82256885,마스터피스 터트니스 세럼50ml
82250543,LXP 얼티미트 퍼펙팅 에센스 150ml
82147731,오랄비충전식전동칫솔 D29.525.4X (치과전용)
82134993,비너스 수딩 케어 한글 아트웤
82241902,T LXP 얼티미트 퍼펙팅 세럼 50ml
82311789,프로글라이드 파워 면도날 4입 (플렉스볼)
84839617,프링글스 미니캔 오리지날 12/40G   APOLLO
82041943,위)울트라후레쉬날개대34*16
82250058,셀루미네이션 데이서지 UV 4.2g(비매품)
82292222,오랄-비 펄사 화이트닝 35 2개입 (에어백)
82129697,팬틴 트리트먼트15GX480풀앤씨크JP 96*70
82330746,페브리즈 차량용 맑은하늘바람 3개입+라벤더 2개입 팩
82181936,위스퍼 보송보송케어 시스템 90개입
82149192,질레트 일회용 면도기 블루투플러스 5개입
82046962,PANTENE SHM 10MLX576 VOL DOWN
82110996,헤드앤숄더쿨멘솔컨디200ML
80731862,오랄비 아이콘 X 7입 (Single Blister)
82307631,SK-II 피테라 글로잉 오라 세트
82305657,FAB 울트라 리페어 크림 170.1g(6OZ)
82152045,AMJ'11 페브리즈 370ml+320ml 팩 허브향
82224004,듀라셀 알카라인 디럭스 C 벌크 1x72
82324023,질레트 프로글라이드 매뉴얼 롯데마트팩
82219540,페브리즈 차량용 프리미엄 아쿠아왈츠 스타터킷 7ml
80858629,제놉틱스 인피니트오라 에센스 75ml
80707371,페브리즈 370ml+320ml 팩 산뜻한향
80354461,프로글라이드 파워 1up (557 FWIP)
82292580,제놉틱스 오라 에센스 10ml
82102414,어드밴스드 화이트닝 소스 리퀴드 FND 105
82420644,AS 아이 칼라 듀오 07
82045842,PANTENE SHP 400MLX12 VOL-DOWN BC96AG
82067935,헤드앤숄더1740팩모이스트
80869236,팬틴 극손상 케어 컨디셔너 1800ml
80701406,오랄-비 <아이언맨> 스테이지스 4단계 8개입
82320726,팬틴 콜로서스 극손상 1220팩 EDTC
84849282,오랄비 전동칫솔모 EB20-3 + EB25-1
82167970,듀라셀 율트라 AAA 4개입
81188049,보스보틀 나이트 오 드 뚜왈렛 30ml
80343493,프로글라이드 파워 면도날 3입 (557 FWIP)
82050726,팬틴샴푸1000ML팩모이스쳐2*6
80742376,팸퍼스 4.0 통잠팬티 6단계 22 X 4
82229242,T 페이셜 트리트먼트 리페어 C 15ML
80870083,페브리즈 화장실용 다우니 클린 코튼X2+프레쉬코튼X2 트레이더스
82219858,다우니 김치 블루 1L+1L 팩 레몬그라스와 달콤한라일락 향
82286961,질레트 퓨전 프로쉴드 매뉴얼 면도날 6입
82074785,큐티편안한아기(중형10S*5)+(대형10S*15)
82002557,헤드앤숄더 실키모이스춰 샴푸 850ML
82321901,질레트 프로쉴드 칠 면도날 4입 (557)
82046964,PANTENE COND 10MLX576 VOL UP TRMT
82410325,AS 네일 칼라 N 703
82244990,오랄-비 스테이지스 2단계 행사팩
81186751,구찌 바이 구찌 PH 스포츠 EDT 90ML
82077895,비달사순 수퍼 화이버 왁스 42G
82041569,SK2립리페어
82333296,질레트 프로쉴드 옐로우 면도날 10입+면도기 거치대 (빅)
82229533,오라액티베이터 씨씨 크림 0.8g(비매품)
82410311,AS 네일 칼라 N 308
82113537,웰라_내추럴_5N_추석한정할인팩
82289546,팸퍼스 베이비드라이3단계 이노머스 박스1/168
82223037,팬틴 프로브이 실키스무드케어 1500팩
82291596,페브리즈 320ML 리필형 상쾌한 향(PGP)
84826817,타이드 2X 위드 다우니2.95L
80709736,비너스 스월 면도기 2UP (657)
82223042,프로글라이드 실버터치 매뉴얼 1up
82171177,위스퍼보송보송케어 중형50RRP
82060950,위스퍼그린3날개소형34P
82088399,위스퍼 소프트클린 슬림 날개 대형 30P
81731103,브라운 시리즈 9 면도기 9385cc GRAPHITE
80733164,팬틴 콜라겐 미라클 트리트먼트 220mlX3 +  샴푸 90ml 세트
81160028,SB 10ml 볼럽트 샴푸
81153861,SP 400ml 컬러세이브 마스크
82206544,어드밴스 프로텍트 루스파우더 UV30g
82069148,코디라벤더50미터24롤프로모션팩
82102176,헤드앤숄더 레몬그라스 850 샴푸 스티커
82240134,위스퍼 보송보송케어 슈퍼롱 오버나이트 날개형 10P
82093031,웰라칼라엑스트라케어 3/0 (DBD)
82196219,다우니 블루 2L+700ml+200ml 추가증정팩 튤립과 달콤한 라일락
82070597,위스퍼소프트클린Costco오버나이트14*2
82289400,다우니 코튼 퓨어러브 1LX3 (쿠팡)
82231573,비너스올레이 면도기 1up
82085426,싸인즈 트랜스폼 FND 440 파인 베이지
82141652,마하3 CRM 8개_2개 무료 팩
82299740,팬틴 콜로서스 트리트먼트220X24 극손상
82293788,(샘플) 팸퍼스 스와들러 밴드 1단계 10P
82127784,헤드앤숄더 레몬그라스 스페셜1420샴푸팩
82191337,오랄비 크로스액션 젠틀케어 5입
82145824,위스퍼 보송보송케어 CVS 트라이얼팩 CVS
82048893,팬틴비듬+손상시스템4*6
82333455,오랄비 크로스액션 차콜 6입 (쿠팡)
81747545,브라운 시리즈 9 면도기 9415s GRAPHITE
82241308,팬틴 3분 미라클 앰퓰 트리트먼트 (15GX5)
82321927,질레트 스킨텍 매뉴얼 면도날 4입 (557)
80883958,다우니 화이트코튼 2.6LX6 D2
82145628,헤드앤숄더 건조한 두피 컨디셔너 550 슬리브
82192153,페브리즈 370+370ML 허브향 테스코팩
82327307,페브리즈 화장실용 상쾌한비누향 6ml*2+산뜻한사과향 6ml*2
82074699,비달사순 1820팩-컬러케어
82313739,허벌에센스 리페어 아르간 오일 오브 모로코 컨디셔너
82422270,안나수이 립 글로스 C 306 -테스터
82052599,팬틴모이스쳐케어린스500ML
82315259,다우니 핑크 4L 베리베리와 바닐라크림 향_PGP
82294046,에스케이투 페이셜 트리트먼트에센스화이트판타지스타유타마로리미티드에디션
82245125,팸퍼스 뉴베이비 센서티브(스와들러) 2단계 1팩(27매)
82227647,화이트닝 소스 덤 브라이트너 75g
82234045,플렉스볼 1up+2ct+투인원 젤 기프트팩 (메씨)
82260053,팬틴 콜로서스 트리트먼트 220mlX24 실키스무드
80794813,다우니 퍼퓸 쥬얼 자수정 베리 480g
80309470,오랄비 배터리 전동칫솔 D2 카즈 (DB4.510 Cars)
80794220,질레트 프쉴 칠 면도날 8입
82223124,듀라셀 울트라 AA 2개입_Tesco
82138146,페이셜 트리트먼트 클렌징 오일 250ml
81765595,브라운 IPL PL5257
82233046,페브리즈 부착형 화장실용 스타터킷 (포근>
82249621,페브리즈 차량용 3팩 라벤더의 포근함 (2mlX3)
80715100,"질레트 닥터스트레인지팩 프로글라이드 파워 1up+2ct, 거치대(빅"
82281955,다우니 퍼퓸 골드 샤인 2LX2 팩 (이트레이더스)
82057703,팬틴모이스춰린스100ML
82089574,팬틴바운시볼륨샴푸850ML
81164345,KP 8/34 엔
80767264,SK-II FY2324 30G KCP 프리팩
84849065,질레트 비너스 스파 브리즈 면도날 4입
82196257,맨 에센스 스타터 키트
82295699,피테라 에센스 리미티드 블루  230ml(JJA21)
80883932,다우니 섬유스프레이 웜코튼 360mlX3쿠팡
82117892,페이셜트리트먼트클리어로션 10ML
82097354,위스퍼 소프트클린 대형 2P 샘플
80871148,에스케이-투 스킨파워 리-뉴 아이 크림 15g
82309501,팸퍼스 스와들러 6단계 16X4
82227679,페브리즈 370ml+370ml 팩 은은한향 OND'14
82225739,트리트먼트 어드밴스드 프로텍트 루스파우더UV
82192972,다우니 퍼퓸 블랙 1.8L 미스티크 향
82074698,비달사순 1820팩-웨이비
80737763,팸퍼스 베이비드라이 밴드형 기저귀 4단계 1박스 (150매)
82034534,화이트 소스 트랜스폼 FND 330
80776645,스킨파워 리-뉴 크림 100g
82155246,프링글스 비비큐110GX12
82124165,쿨멘솔 코스트코 850 린스
82071783,비달2960팩스트레이트
80372551,오랄-비 전동칫솔 iO3 아이코닉 그레이
82279910,퓨전 프로쉴드 옐로우 12입날 쉐이브클럽 팩
82173425,페브리즈 차량용 맑은하늘바람 2ml 2개입 팩
82327942,페브리즈 차량용 내추리스 민트 블라썸 2.2ml
82026419,위스퍼그린울트라날개소34*24
82297236,다우니 핑크 베리베리와 바닐라크림 향 1LX3+200ML
82073249,소프트라이트 꽃무늬 날개 28p
82087182,헤드앤숄더샴푸 멘솔960ML
82253818,블루투 플러스 일회용 5입
82221413,페브리즈(900+320)팩 은은한향OND'14 poly bagJAS'14
82171033,다우니 퍼플 2L+2L 팩 화이트티와 릴리 향
82104893,페브리즈 화장실용 상쾌한 초원 (스티커)
82098728,퍼펙트 스타일 무스
81113354,휴고 맨 미니어처 5ml
84968332,프링글스 피자맛 170G
80747890,팸퍼스 베이비드라이 밴드형 기저귀 4단계 1박스 (150매)
82065673,크레스트스탠드2단양면
82243398,허벌 에센스 클래식 릴렉싱 카모마일 컬렉션 샴푸 490ml
82191032,질레트 마하3 8입 면도기 무료 팩_이마트
82299757,헤드앤숄더 슈프림 모이스쳐 샴푸 80ml
82233504,위스퍼 리프레쉬케어 울날중 72P
82328119,오랄-비 전동칫솔 GeniusS7500 (코스트코)
82248442,페이셜 트리트먼트 에센스 2ml(비매품)
82215063,팸퍼스 BB 스와들러 2단계 수퍼 1/76
81726692,브라운 세정액 CCR4
82314203,페브리즈 섬유탈취제 은은한 향 320ml (Elixir)
82065299,프링글스임팩트1양파맛 디스플레이세트
82046291,위스퍼울트라날대오버나이트10*6*10
80227672,퓨전 프로글라이드 파워 면도날 6입
82210569,듀라셀 뉴 울트라 파워체크 AA 2팩
82310358,질레트 프로글라이드 매뉴얼8ct+프로쉴드 옐로우3ct 팩 (롯데마트)
82334109,질레트 퓨전 매뉴얼 면도날 8입 (557) (CP STK)
82184837,에스케이-투 스템파워 에센스 1G 비매품
81731105,브라운 시리즈 9 면도기 9390cc SILVER
82075805,웰라 트리트먼트칼라 인텐시브 7B
80780534,오랄비 치간 칫솔 10개입
82243131,트라이존 칫솔모 4개입
82221685,팸퍼스 이지업 팬티형 여아 6단계 수퍼 1/60
81185099,구찌 바이 구찌 오 드 뚜왈렛 리필 팩 60ml
82267775,다우니 스포츠 1L+1L 팩 액티브 시트러스 향
81662408,브라운 시리즈 8 면도기 8325s BLACK
80743303,질레트 프로쉴드 옐로우 4BBGR (올리브영)
83907324,오랄비 왁스 치실(PX)
82063464,큐티베이비컵1*90
82015156,헤드앤숄더 센서티브알로에 컨디 40ML
82015465,헤드앤숄더 1420팩-프레쉬 레몬그라스
82208922,듀라셀 디럭스 알카 AA 16팩
82318237,CNY 리미티드 에디션 에센셜 케어 세트(JF21)
80843947,질레트 랩스 손흥민 3.0 에디션 (1up+6ct)
81726909,브라운 시리즈 7 면도기 70-S7200cc SILVER
82124319,SK-II 셀루미네이션 에센스-인 FND 105 스노우 스킨
80815704,에스케이-투 페이셜 트리트먼트 클리어 로션 230ML
82095318,큐티 편안한아기 골드 중형 52P
82217140,페브리즈(MO) 900ML 대용량 허브 향
82231044,페브리즈 섬유탈취제 파워 370ml+320ml 롯데마트
82236950,위스퍼 리프레쉬케어 슈퍼롱 30P (이마트)
80883946,다우니 스프링가든 (1.05Lx3)X4 D2
82075792,웰라칼라엑스트라케어 11/0 라이트 브론드
82076747,코스트코 엑스트라케어 5/0 번들팩
82117429, 2009설 팬틴 선물세트 5호
80778181,에스케이-투 엘엑스피 크림 8g(비매품)
80794290,질레트 프글 파워 면도날 16입  C
80797753,다우니 핑크 목련과 베리 2LX4 P1
80703236,FAB 파워 리페어 풀 세트 (6OZ+5OZ+60CT)
82244001,페브리즈 370ml+370ml 팩 다우니향(PP)
82204599,팬틴 모발강화케어 트리트먼트 200ml
82063925,위스퍼슬림날개오버나이트10P
82403033,AS 프레스드 파우더 701
82164133,화이트 래디언스 프로텍티브 크림 (SPF20 PA++)
82139072,오랄-비 크로스액션 항균모 40S
80775889,오랄-비 크로스액션 플라그가드 5개입+고탄력 초미세모 그린티 5개입
81770221,브라운 시리즈 6 면도기 61-B1200s BLUE
82208268,페이셜 트리트먼트 리페어C 15ml
82210435,듀라셀 뉴 울트라 파워체크 AA 4팩
82236206,질레트 마하3터보 면도날8입
82255570,페브리즈 차량용 2개입(2mlX2) (뉴질랜드 계곡) (LEGO)
82186258,다우니 화이트티와 릴리 향 1LT_스티커
80871607,(T) 질레트 프로쉴드 옐로우 (기1+날8) (ECOM)
82155838,클리니케어 선물세트 1호
82165408,프링글스 오리지널 110G X 12
82410294,AS 네일 칼라 엔 004
80815124,브라운 올인원 트리머 XT5000
81010384,안나수이 수이 드림 EDT 30ML
82252454,오랄비 고탄력 초미세모 잇몸전문 케어 4입(Homeplus)
82244759,오랄-비 크로스액션 35모
82128870,위스퍼 리프레쉬클린케어 울날소 18>
82163639,토탈이펙트 7 인 1 안티에이징 크림 노말
80874902,질레트 프쉴 옐로우 면도기 기1+날2 PX
82286422,다우니 스포츠 2L+1.6L 홈플러스 팩
82288672,허벌에센스 리바이터라이즈 블루 진저 & 미셀라 샴푸400ML
82232802,오랄-비 펄사 40모 2입
82273820,페브리즈 차량용 2ml (쿨 아쿠아향) (CT)
82164423,팬틴 내츄럴케어 컨디셔너 500
82243832,페브리즈 비치형 리필 (바닐라라벤더의포근함) (K-Reach)
82300526,퓨전 프로글라이드 파워 면도날 10입 (ECOM)
82321596,오랄비 스테이지스1 6입 쿠팡팩
82308327,퓨전 프로쉴드 칠 면도기 1up
82201350,위스퍼 피부애 팬티라이너 리프레쉬 36개입
82087840,위스퍼 소프트클린 울트라 실속기획팩
82089504,비달사순 소프트 웨이브 왁스 60g
80698686,질레트 스킨텍 매뉴얼 면도날 4입 (557)
82179333,팬틴 바운시볼륨케어 2550팩
82172142,질레트 마하3파워 면도날8입
82014800,WHISPER LTFL 34SX24 ULTWIN DIANA NEW PKG
82037991,헤드앤숄더2550팩-센서티브알로에
82247349,맨 페이셜 트리트먼트 에센스 230ML
80253503,오랄비스테이지스 2단계 미키
82159677,팬틴 트리트먼트 150ML 트리플 영양 팩 케이스
82311794,프로글라이드 파워 면도기 1up (플렉스볼)
80825354,다우니 스프링 가든 러브2LX4 M2
82135329,오랄비충전식전동칫솔D20 3MODE(COSTCO)
82067012,팬틴 엑스트라데미지 린스 100ML
82102616,크리스마스 코프레 피테라 래디앙스
82273885,싸인즈퍼펙트 래디언스 리퀴드파데310
82178709,크로스액션 프로 엑스퍼트 7 베네핏 40모 부드러운모 3입 (이마트)
82014883,헤드앤숄더 센서티브알로에 샴푸 570ML
82209963,위스퍼 피부애 울트라  날개소형 23P
82227678,페브리즈 370ml+370ml 팩 상쾌한향 OND'14
82305473,팸퍼스 스와들러 5단계 19X4
81183442,구찌 길티 오 드 뚜왈렛 2ml 소필룩스
82207348,질레트 시리즈젤 모이스춰라이징 200ML
82333087,질레트 프로글라이드 매뉴얼 이마트 추석 기획팩
82319805,오랄비 스테이지스4 아이언맨 2pX4입 (코스트코)
82210035,팬틴 집중수분케어 트리트먼트 200
82203368,리프레쉬 클린 슈퍼롱 오버나이트 10개입
82265113,오랄비 민트왁스 치실 기획 (이트레이더스)
82006797,페브리즈(900+320ML)프로모션팩-은은한향
82041274,큐티슈퍼프리미엄중형72S*4
82280176,다우니 퍼퓸 핫핑크 블룸 1L+1L (Chanel) - poly
82410791,AS 모이스처라이징 젤크림 테스터
80793503,팬틴 실키 스무드 케어 컨디셔너 750ml
81221386,오랄비 스테이지스 치약 푸우
82045157,위스퍼슬림일반대커브20*24
82154799,팬틴 모발 강화 케어 1000팩
80234918,트라이존 D20
82117538,팬틴집중손상케어컨디500ML
82085085,팸퍼스 대형 28개입
80853927,페브리즈 화장실용 프레쉬 포레스트 6.3mlX2
82012763,아이보리PSI 10BAR 10X16
82060668,프링글스썸머펀팩2-양파맛
82145559,페이셜 트리트먼트 에센스 75ml
82160270,팬틴 클리니케어 트리트먼트 100MLX3X4 프리즈 디파이어 원제품
82138120,2010 추석 테스코2호
81126745,SB 250ML 라이트 샤인 샴푸
82126218,팬틴샴푸500바운시볼륨IR
82206510,오랄-비 스테이지스 3단계 2입(롯데마트)
82251743,마스터피스 피테라 터트니스 세럼 50ml
82299904,오라 케어 에센셜 컬렉션 세트
82210281,스템파워 리치크림 15g (비매품)
82242109,T 싸인즈 퍼펙트 래디언스 LIQ FND 440
82047751,위)울후레쉬날개중(36+18)*8
82310703,다우니 퍼플 화이트티와 릴리 2Lx4
82103391,팬틴 실키스무드 40ML 샴푸
80678452,헤드앤숄더 샴푸 1200ML 딥클린
82012179,위스퍼　팬티라이너24*72
82247372,팬틴 프로브이 아쿠아 퓨어 샴푸 400ml
82112959,SK-II페이셜리프트이멀전
80996187,프링글스양파맛미디엄190*14
82132674,브라운 핸드블랜더 MR4050 RCA W. LID
82294128,오랄비 초미세모 벨벳 잇몸케어 그린티 4입 팩
82145555,페이셜 트리트먼트 클리어로션 20ml 샘플
82041705,큐티WOM선물팩MD 2S*2+2S
82118228,헤드&숄더 수딩 두피 케어 컨디셔너 850ML
80807689,오랄-비 전동칫솔 iO5 매트 블랙
82157950,오랄비스테이지스 2단계
82050270,SK-II FACE LOT 100ML CLR SOL REG SPEC SP
80708680,헤드앤숄더 샴푸 가려운 두피케어 1200MLX2 KR ET
82096080,팬틴 1650팩-엑스트라 스트레이트
82206537,셀루미네이션 에센스인 파운데이션 310
82201524,팸퍼스 BB 베이비드라이 6단계 이코노미 박스1/128
82252910,페브리즈 섬유탈취제  이마트팩 은은 370mlX2 + 다우니 210ml
80769246,질레트 마하3터보 면도날8입
80275643,오랄-비 DNA PRO500 (+여행용케이스)
82233250,비너스 4입
82073980,프링글스80g특별기획팩 (양파)
82054212,SK-II페이셜트리트먼트마스크10P
82144526,조명용 방향 쉐이드 (리필) 크랜베리와 서양배 향
82332072,오랄-비 크로스액션 초소형헤드 6입 (쿠팡)
82256088,오랄-비 어린이 전동칫솔D12 카즈프로즌 콤보 코스트코 팩
81126768,SB 250ML 하이드레 샴푸
82041630,SK2 BASIC SKIN CARE SET
82190429,330s-4 블루 + 프로글라이드 기획팩
82164260,팬틴 실키스무드케어 트리트먼트 200
82319654,질레트 스킨텍 파워 1up + 3ct 팩
82145525,페브리즈 에어 (맑은하늘바람) 슬리브
82134549,오랄비 스테이지스 불소 치약 카즈/프린세스
80792794,팬틴 트리트먼트 콜라겐 극손상 400ml
80710716,다우니 프리미엄 액체형 세제 실내건조450MLX24
82416757,립 루즈 G 700
82157978,오랄-비 크로스액션 프로엑스퍼트 항균모 35S 3+1 (Hyper)
82334103,질레트 프로쉴드 칠 면도날 8입 (557) (CP STK)
82074753,팬틴 홈쇼핑용-집중손상케어
82299253,화장용 퍼프(레드케이스 원형)
82300096,컬러클리어 뷰티에나멜 크림컴팩트330
82011623,VS HGEL 150ML 1SX12 SPRN RL
81726688,브라운 시리즈 3 면도기 310wd
82148494,헤드앤숄더 스완 특별 1950팩- 센서티브
82183570,토탈이펙트 세럼 선물세트12.09  
82141037,위스퍼 팬티라이너 후레쉬 향 40개입
82258573,엘엑스피 얼티미트 퍼펙팅 크림 2.5g (비매품)
82320728,팬틴 콜로서스 엑스트라볼륨 1220팩 EDTC
82140692,크로스액션 프로엑스퍼트 주니어 (소분)
82313772,클래식 허벌 에센스 리플레니싱 샴푸
82083196,웰라 트리트먼트칼라 인텐시브 3B
82318720,페브리즈 차량용 2개입(2.2mlx2) (맑은하늘바람)
82223035,팬틴 실키스무드케어 컨디셔너 500X9_LT
80269872,오랄비 D16 오렌지
80777272,오랄-비 왁스 치실
82050262,페브리즈차량용샘플
82255950,페이셜 트리트먼트 오일 50ml
82185832,P&G 팬틴 선물세트 T2호
82184651,헤드앤숄더 센서티브 알로에 컨디셔너 850ml
80988540,프링글스매콤한맛스몰50G
82308312,질레트 퓨전 매뉴얼 면도날 4입
82084475,팬틴 2510팩-바운시 볼륨
82055653,큐티중형128머천다이징
82266674,비너스 스월 면도기 2UP
82049093,상쾌한향페브리즈리필320ML*24
80719113,브라운 시리즈 9 면도기 9565cc GRAPHITE
82250997,페브리즈에어 라벤더의포근함 3개입 롯데빅마트
82250549,컬러 클리어 뷰티 에나멜 크림 컴팩트105
82230672,다우니 에이프릴 프레쉬향 3.06L_E-Mart
82085766,웰라 트리트먼트칼라 인텐시브 5B
80726242,다우니 생화향기 컬렉션 시트러스 앤 버베나 1L (2023형)
81259233,브라운 면도기 390-3
81127137,SB 150ML 하이드레 트리트먼
80730683,브라운 시리즈 9 면도기용 프로컴포트 헤드 (원제품)
81151436,AS 리퀴드 아이 칼라 G 750
80712152,페브리즈 화장실용 1개입(6ml) 상큼한 레몬향 (Lotsell)
82228440,비너스 임브레이스 스냅 면도기
82292826,다우니 핑크 3.8LX3 베리베리와 바닐라크림 향
80848823,스킨파워 리-뉴 에센스 듀오 세트
82260057,엘엑스피 얼티미트 퍼펙팅 크림 50g
82174754,오랄비 크로스액션 탁월한 세정력 35모 3입 (이마트)
82300966,질레트 히티드 레이저 면도날 8입
82326742,비너스 스월 면도날 4입
82082600,위스퍼 소프트클린 울트라72P-테스코전용팩
82265005,팬틴 퀀텀 트리트먼트 200X2 엑스트라볼륨
82095640,비달사순 200ML 컨디셔너-프로페셔널
80733708,페브리즈 항균플러스 산뜻한향 320ml
82220066,팬틴 샴푸 90X48 극손상
82219740,퓨전 프로글라이드젤 쿨링 200ML
82327237,페브리즈 차량용 프리미엄아쿠아왈츠 7ml
82275641,스킨 퍼펙팅 파운데이션420
82123969,SK-II 셀루미네이션 에센스 50ML
84958489,페브리즈에어(오렌지빛햇살)
82211039,인디케이터 부드러운 세정 미세모 3+1입
82124322,SK-II 셀루미네이션 에센스-인 FND 420 클리어 베이지
82080238,M-1큐티편안한아기2P샘플(중형15+대형45)
82289348,에스케이-투 페이셜 트리트먼트 에센스 2019 뉴 이어 리미티드 에디션
82079826,헤드앤숄더 겸용샴푸 960 - 래핑(5사인즈)
82223951,셀루미네이션 마스크-인 로션 100ml
82074697,비달사순 1820팩-스트레이트
82063386,큐티드림골드중형52피FALL03
84912827,프링글스오리지날195G*14
82255943,제놉틱스 오라 에센스 30ml
82066446,위스퍼소프트라이트PAD 12팩
82233350,퓨전 프로쉴드 옐로우 면도기 1up
82223908,팸퍼스 베트남 베이비드라이 밴드 3단계(중형) 64X4
82224933,페브리즈 에어 (물빛 맑은 계곡)
80698698,질레트 퓨전 파워 면도날 4입 (557)
82099743,팬틴집중손상케어샴푸400ML
82285282,다우니 퍼퓸 컬렉션 윈터데이트 1L
82109859,위스퍼 트윈윙 롯데마트전용 94p
82280167,다우니 퍼퓸 블랙 미스티크 1L+1L (Chanel) - poly
82242687,페브리즈 섬유탈취제  이마트팩 상쾌 370mlX2 + 다우니 210ml
80209151,팸퍼스 크루저 3단계 1/152
82110023,위스퍼 그린 롯데마트전용 78P
82315117,오랄비 고탄력 초미세모 잇몸 1입
82293377,다우니 스포츠 2L+1.6L 홈플러스 팩
82160046,오랄-비 슈퍼플로스 50개입
82070808,팬틴400트리트먼트팩모이스춰
82228849,위스퍼 보송보송케어 울트라 날개 중형 30P
82039134,SK2 ADV WHITENING LIQ FND 33
82033519,네모난물사각80매1*12
82111699,위스퍼 소프트클린 S 테스코 70p
82145023,페브리즈 비치형 스타터킷 (봄의소생) STK
80807063,질레트랩스 래피드 포밍 쉐이브 젤 195G
82178689,페브리즈 엑스트라 스트랭스 용기형 370ML
82046921,비달샴푸웨이브400ML1*12
82101641,위스퍼 센서티브 번들팩 36P
82245541,다우니 베이스 블루 200ml (Calvin)
82287215,허벌에센스 클린 화이트 스트로베리 & 스윗 민트 샴푸
82046181,팬틴바겐세일팩손상*6
81408541,동안 두피 거울 스티커
82099645,헤드앤숄더 1920팩-레몬그라스
82323406,오랄-비 아쿠아케어 노즐 세트 (ED17-4X6X2)
82163702,헤드앤숄더 쿨멘솔 샴푸 400ml
80821250,다우니 퍼플 화이트티와2.6LX6 P1.1
82422347,안나수이 립 글로스 C 600
82235546,다우니 김치 핑크 2L+700ML팩 베리베리와 바닐라크림 향
82314198,퓨전 하이드라젤 센서티브스킨 3입
82255926,셀루미네이션 리퀴드 파운데이션440
82150111,질레트 시리즈 에프터쉐이브 밤
82102348,화이트닝소스 덤데피니션 30ml
81164422,컬러후레시 체리레드45
82217246,다우니 퍼퓸 화이트 1L 클래식 향
82285376,페브리즈 포맨 370mlX2+320ml 코스트코팩
82319608,팸퍼스 베이비드라이 팬티 4단계(대형) 42X4
82310473,페이셜 리프트 이멀젼 100g
80889010,팬틴 극손상 케어 트리트먼트 220mlX3 + 샴푸 90ml 세트
80853924,페브리즈 화장실용 다우니 에이프릴 6.3mlX3
82071403,비달사순 프로패셔널 스타일 샴푸560
82119352,두피마사지크림 트라이얼 팩
82186225,다우니 핑크 2L+700ml 팩 베리베리와 바닐라크림 향_Sep'12_스
82216645,알.엔.에이 파워 래디컬 뉴 에이지 50G
81090056,프링글스 라이트 파프리카앤갈릭
82232797,오랄비 컴플리트 5웨이 클린 스티커 3개입
82010277,롯데마트 중형 96
82251720,팸퍼스 M5 베이비드라이 2단계 이코노미 박스1/222
80733152,질레트랩스 딥클렌징바 핸들 + 면도날 1입
80703239,제놉틱스 오라 에센스 50ml
80742200,다우니 삶음파워 플러스 1L
82123120,클리니케어샤이니리플렉션오일30헤어타임리뉴얼CA
82201128,질레트 일회용 면도기 블루투플러스 5개입
82257560,질레트 마하 3 면도기 1up
82289959,페브리즈 차량용 2.2ml (라이트 블루향) (Genesis)
80795162,질레트 스킨텍 폼_4입 (코스트코)
82103029,헤드앤숄더 1900팩- 내추럴허브
82286185,페브리즈 에어 바닐라라벤더의포근함 275G (Kreach2)
82093030,웰라칼라엑스트라케어 5/0 (DBD)
82131338,JFM'10 페브리즈 (370+320X2) 팩 허브향
82174804,오랄비 어드벤티지 화이트닝 4입
82317498,다우니 세탁세제 2L+섬유유연제 2L 핑크 팩
82420608,AS 아이 칼라 (팬 필드 테스터) 400
81286016,버레스크 25 미니어쳐 스프레이
82295938,오랄-비 스테이지스 2단계 미키 2입
82068832,WHISPER PAD LT FL 20SX24 ULT WING DIANA
82002583,헤드앤숄더 릴랙스 티트리 컨디셔너 570ML
82238692,페브리즈 370ml+320ml 팩 은은한향(PP)
82272395,페브리즈(MO) 370ML 용기형 은은한 향(PGP HM)
82302662,다우니 초고농축 핑크 베리베리와 바닐라크림향 1.05LX3
82113897,HE 헬로우 하이드레이션 샴푸
82247494,페이셜 트리트먼트 마스크6p
82290715,다우니 핑크 1.6Lx2+700ML 이마트 창립 팩
80831265,다우니 고농축 로맨스 8.5L P2
82276055,오랄비 스테이지스3 프린세스 2pX4입 (코스트코)
82320721,오랄-비 크로스액션 화이트 리필모 8입 (EB50-8)
82070425,위스퍼소프트클린/그린입점용혼합팩I
82086322,큐티 도미노 퍼즐
82169065,위스퍼 코스모인피니티 중형 2개입 샘플
81238469,WS 1.5ml벨벳 앰플리파이어
82050271,SK-II FACE LOT 100ML CLR SOL INT USE SP
82298167,팸퍼스 스와들러 3단계 26X4
82101800,위스퍼 트윈윙 롯데마트전용 94P
80840577,(557.1 ) 질레트 프로글라이드 매뉴얼 (기1+날12) (CP)
82230332,다우니MQ 1L+1L 이노센스 번들팩-영문명삭제버전
82414626,AS 모이스처 리치 FF P04 테스터
81271221,WC 6*20ml서비스 펌 포스트 트리트먼트
82211474,위스퍼 슈퍼롱 오버나이트 10개입 (RRP)
80709739,비너스 컴포트 글라이드 화이트티 면도날 4입 (657)
82116707,후레쉬라이너 향 40
81310804,브라운 시리즈 1 면도기 195S-1
82165086,퓨전 프로글라이드 파워 6+1 (코스트코)
81271006,WC 1000ml퓨어 퓨리파잉 샴푸
82272080,다우니 퍼퓸 그린 보타닉가든1L+1L (Chanel)
82007504,위스퍼 PAD
82080194,헤드앤숄더 코스트코 1360팩-모이스트
82232789,비너스 수딩케어 팩 (엑스트라 스무스 1UP + 새틴케어 젤)
82164171,팬틴 집중순분케어 트리트먼트 200
82132451,듀라셀 디럭스 알카 AAA 30개입
81164383,KP 8/88 엔
82302642,다우니 고농축 아로마 플로럴 8.5L
83046413,프링글스피자맛미디엄184G
82057586,비달스트레이트컨디셔너500
82297971,페브리즈 섬유탈취제 은은한 향 360ml 3입 쿠팡 팩
82050694,프링글스오리지날50G DBD PRM
82166495,프링글스 110G 4팩_오리지날
82145551,싸인즈 아이마스크 1p 샘플
82304967,FAB 파워리페어풀세트(URC170.1g+Clea145g+FRP60CT)
82084708,큐티 편안한 아기 중형96 테스코 전용팩
82070938,페즈리즈실속형카사이즈프로모션팩은은한향
81187233,보스 오렌지 맨 오 드 뚜왈렛 100ML
82096493,헤드앤숄더 945트라이얼팩-딥클린
82096907,페브리즈 베이스 항균 프로모션팩-은은한향
82323053,비너스 스월 면도날 4입 (657)
82235644,위스퍼 리프레쉬클린 케어 시스템 74개입
80853931,페브리즈 화장실용 라벤더 부케 6.3mlX3쿠팡
82214386,퓨전 하이드라 젤 울트라 프로텍션 195g
82210444,듀라셀 리튬코인2025 X 2팩
82327593,스위퍼 미세먼지 정전기청소포 리필 40입X4
82226966,위스퍼 보송보송케어 슈퍼롱 30P (이트레이더스)
80811897,다우니 세제 퍼플 2LX6 J1
82158624,다우니 에이프릴프레쉬향 3.96L/155Load
82119268,헤드&숄더 헤어폴 클리닉 샴푸 400ML
82316183,다우니 퍼퓸 핫핑크 블룸 1L
82190418,퓨전 하이드라젤 퓨어앤센서티브 200ML
82063463,큐티골드용8월사은품*20
82281898,다우니 핑크 베리베리와 바닐라크림 향 1LX3
81142586,SP 1.7 1000 레귤레이트 샴푸 - NEW2009-
82327202,다우니 엑스퍼트 실내건조 4LX4 (코스트코)
82129288,페브리즈 370ML+320ML 팩 허브 향
82322020,브라운 시리즈3 날과망 31S
82065723,팬틴1200온팩볼륨
80867114,에스케이-투 엘엑스피 아이 크림 15g
82117612,비달사순 살롱 모이스춰 삼푸 550ML
82223949,셀루미네이션 데이서지 UV 50g
82144711,에이지 리바이탈라이즈 로션 50g 　
80733466,다우니 생화향기 컬렉션 와일드 라벤더 200mlX24
82206509,오랄-비 스테이지스 2단계 2입(롯데마트)
82156662,화이트 래디언스 프로텍티브 크림 (SPF20 PA++) 샘플 15g
82289954,페브리즈 차량용 2.2ml (산뜻한 허브향)
82157380,FT 젠틀 클렌징 크림 15G TRI 샘플
82316108,다우니 핑크 리필 700ML 베리베리와 바닐라크림 향
80710727,다우니 프리미엄 액체형 세제 냄새딥클린 블루 3LX4
82100166,비달사순 컬러케어 컨디셔너 550ML
82410779,AS 모이스처라이징 로션 50 미니
82076275,비달사순 프로패셔널 샴푸960_넥행어
82309741,헤드앤숄더 1950팩- 쿨멘솔 (롯데빅)
82205184,헤드앤숄더 BAHAMAS 딥클린 컨디셔너 850
82232578,오랄비 크로스액션 젠틀케어 3입
82213732,위스퍼 피부애 수퍼롱 오버나이트 4P
82309495,팸퍼스 스와들러 4단계 22X4
82233713,듀라셀 C&B AAA 40PK_코스트코
82410329,AS 네일 아트 칼라 엔 070
82110983,스킨시그니처 미니샘플 2.5G
82195299,위스퍼 피부애 슬림 무향 대형 10P
82228872,위스퍼 피부애 울트라  날개 중형 30P
82150066,오랄-비 스테이지스 2단계 행사팩
82013845,SK2리페어C파우더FND 33
82134682,위스퍼 보송보송케어 울날중 90P
80831288,다우니 블루레몬그라스와라일락2.6LX6 P2
82079834,헤드앤숄더컨디셔너960딥-래핑(5사인즈)
82088186,팬틴 2100팩-엑스트라 스트레이트
82189467,듀라셀 울트라 C 2개입_RRP
82165437,프링글스 멀티그레인 양파맛 102G X 12
82267028,다우니 퍼퓸 그린 보타닉 가든 200ml
80710698,다우니 프리미엄 액체형 세제 냄새딥클린 퍼플 2.8LX4
82152092,팬틴 집중 수분 컨디셔닝 린스 500ML
80343968,557 프로쉴드옐로우 매뉴얼 2ct FWIP
82063445,큐티용7월사은품*48
82242001,질레트 마하3 터보 면도날4입
82256095,오랄비어린이칫솔모 EB10-4 STARWARS (트레이더스)
82284726,페브리즈 섬유탈취제  이마트팩 허브 370mlX2 + 다우니 210ml(
82261019,팬틴 퀀텀 엑스트라볼륨 컨디셔너 500X9_LT
82182046,헤드앤숄더 1700팩- 애플프레쉬
82049693,코디라벤다50M24R BEAR*3
82206502,오랄-비 크로스액션 40모 3입(롯데마트)
82133168,위스퍼허브라이너향 40p*3번들
82252228,알.엔.에이 파워 래디컬 뉴 에이지 2.5G
82253920,블루2 플러스 센서티브 1s
82294903,다우니 프리미엄 액체형 세제 블루 2.2L
82032125,팬틴시스템린스손상375ML 1*12
82097544,위스퍼 트윈윙 72P 테스코전용팩
82085427,비달사순 모이스춰 워터 200ML
82129621,VS 폼실크 스프레이 300ml
82126870,셀루미네이션 마스크인로션 30ml 트라이얼
82046934,VS샴푸울트라400ML1*12
80841649,다우니 실내건조 삶음탈취 (1.05Lx3)x4 H1
82203116,오랄비 크로스액션 탁월한 세정력 3입
80734084,오랄비 EB18RX화이트 리필 2입
80693937,다우니 베이스 핑크 맥퀸 베리베리와 바닐라크림 1.6L
82067389,위스퍼 PAD XLN 날개형 16SX24 SALES 샘플
82146249,오랄-비 후레쉬 클린 40모 8개입
82190545,에스케이-투 페이셜 트리트먼트 에센스 75ML
82292812,다우니  코튼 퓨어러브 향 1L
82299236,애트모스피어 씨씨 크림30g
82212271,퓨전 하이드라젤 울트라 프로텍션 200ML
82041267,큐티수퍼프리미엄특대형28S*6
82153679,듀라셀 믹스드 케이스 B (듀라셀 AA2 + AAA2)
84970959,프링글스 바베큐맛(축구) 170G
80709546,다우니 생화향기 컬렉션 프리지아 앤 페어1Lx12 DBD (2023)
80742188,다우니 실내건조 플러스 (그린) 1LX12
82203117,오랄비 크로스액션 젠틀케어 3입
82299232,페이셜 트리트먼트 젠틀 클렌저120g
82131612,페브리즈 비치형 스타터킷 (봄의소생) 
82401445,AS 페이스 칼라 액센트 302
82244768,오랄비 프로-엑스퍼트 클리니컬 프로-플렉스 3입
82289544,팸퍼스 베이비드라이 2단계 이노머스 박스 1/186
82298612,질레트 블루3 심플 4s
82068730,팬틴2960팩집중손상
80729904,페브리즈 강력탈취+ 370ml X12 라벤더 앤 유칼립투스 향
80698149, FAB 파워 리페어 풀 세트
82278477,PGP 페브리즈 비치형 스타터킷 맑은하늘바람특판용6개입(K-reach2)
82280856,헤드앤숄더 2550팩- 쿨 멘솔 (한정 기프트팩)
82100450,페브리즈(MO) 320ML 리필형 은은한 향
82328125,다우니 섬유유연제 핑크 리필 1.6LX2 팩
80830809,질레트 프글 매뉴얼 1up+4입 557 군납
82289550,팸퍼스 베이비드라이 4단계 이노머스 박스 1/150
82120831,위스퍼 세이프티존 이마트 슈퍼롱 365팩
82155135,스킨 시그니처 크림 세트
82255978,화이트닝 소스 덤 리바이벌 마스크 1p(비매품)
82095402,비달사순 내추럴 스타일 무스 150G
82066169,은은한향페브리즈대용량 900ml
82193243,페브리즈 차량용 멀티행어 2ml*8
82223214,헤드앤숄더 센서티브 알로에 컨디셔너 550ml
82286424,다우니 핑크 2L+1.6L 홈플러스 팩
82196477,팸퍼스 베이비드라이 5단계 메가팩
82258567,엘엑스피 얼티미트 퍼펙팅 크림 15g (비매품)
82089506,비달사순아쿠아젤리왁스 60G
82079981,팬틴 2700팩-밀키 모이스춰
80727625,SK-II 피테라™ 인텐시브 보습 세트
82333873,다우니 베이스 핑크 맥퀸 베리베리와 바닐라크림 700ml lotsell
82131026,듀라셀 울트라 AAA 2개입 파워체크
82046945,비달린스웨이브400ML1*12
80825796,브라운 시리즈 9 면도기 9569cc+PC GOLD
82169710,페브리즈 370ml+320ml 팩 상쾌한향 2011
82328762,팬틴 프로브이 미셀라 퓨어 & 클렌즈 트리트먼트
82047147,팬틴린스모이스춰10ML*576
82207168,오랄-비 인디케이터항균 40모
82209957,로케트 망간 D 2개입 슈링크팩
82055026,WHISPER REG 32SX24 NEOSLIM S01 SAPPHIRE2
80715197,페브리즈 에어 바닐라 라벤더의 포근함 4개입 코스트코팩
82243395,허벌 에센스 핑크 로즈 컬렉션 컨디셔너 490ml
82001479,헤드앤숄더 2075팩-딥클린
80962403,프링글스양파맛미니50G*12
82107102,헤드앤숄더 헤어폴 클리닉 컨디 570ML
82215295,　듀라셀 디럭스 테스코 AAA 8팩
82268937,페브리즈 섬유탈취제 다우니 향 900ml (Harmony)
82327052,다우니 블루 1L+1L 팩 레몬그라스와 라일락 (MQ)
82247546,페이셜 트리트먼트 에센스 10ml(비매품)
82138035,로케트 알카 AAA 2개입 스몰카드
81285936,12월 가습기
81726684,브라운 시리즈 5 면도기 5190vs BLK (Ellida 3.0)
82160528,토탈이펙트 7 인 1 안티에이징 크림 플러스 터치 오브 파운데이션 (SP
82098953,헤드앤숄더프레쉬레몬컨디850ML-COSTCO
82055724,이마트50호개점기념이플러스
82289554,팸퍼스 베이비드라이 6단계 이노머스 박스 1/112
82317496,다우니 세탁세제 2.8L+섬유유연제 1LX2 핑크 팩
80887962,팬틴 실키 스무드 케어 샴푸 1200ml
82280210,다우니 핑크 1.6L 베리베리와 바닐라크림 향
82159908,팬틴샴푸500집중손상STK
82129240,셀루미네이션 리퀴드 FND 105
82085730,위스퍼 허브라이너 40개입
82235505,페브리즈 차량용 프리미엄 플라워 멜로디 스타터킷 7ml
82226986,팬틴 엑스트라볼륨 샴푸 500X9_LT
82284605,에스케이-투 알.엔.에이 파워 래디컬 뉴 에이지 에어리 밀키 로션50g
82201145,비너스 브리즈 4입날
82251198,오랄비 프로-엑스퍼트 클리니컬 프로-플렉스 3+1입(테스코)
82210441,듀라셀 뉴 울트라 파워체크 AA 24팩
82312937,오랄비스테이지스 2단계
82143462,화이트닝 소스 덤 리바이벌 마스크 6P
82274239,퓨전 매뉴얼 BBGR_Tesco (1RZR+8CRT)
84858808,다우니 에이프릴 프레쉬향 3.83L
82072020,프링글스킹사이즈특별팩
82307853,페브리즈 섬유탈취제 상쾌한 향 900ml+640ml 팩
82330966,질레트 프로글라이드 매뉴얼 면도날 14입 (코스트코)
82206438,프로글라이드 매뉴얼 면도날 4입 TESCO
82002152,페브리즈 비치형 출시기념 팩-녹차향
81576246,브라운 시리즈7 면도기 799-7WD B3CM
82080343,페브리즈 실속형카팩프로모션팩은은한향(AS
82260553,비너스 올레이 컴포트 글라이드 면도날 3입
82327060,다우니 퍼퓸 그린 보타닉가든1L+1L (CHP)
81315129,피카소 핸드팩
82286246,오랄-비 스테이지스 3단계 6입 프린세스팩
82255911,LXP 액티베이팅 마사지 프루이드 200g
80773455,질레트랩스 딥클렌징바 3UP TIN
82145250,오랄-비 스테이지스 2 단계 2개입
82257488,페브리즈 대용량 다우니 용기형 900ML
80826685,헤숄 샴푸 쿨멘솔 850ml
81253241,브라운 시리즈1 날과망 10B
82014801,WHISPER LTFL 20SX24 ULT TUBE DIAN NEW PG
82084697,SK-II 파우더 파운데이션 컴팩트 (빨강)
82333576,오랄-비 DB5 배터리 전동칫솔 블랙
80832708,다우니 세제 실내건조 3.2Lx4 J2
82100800,위스퍼 이마트 그린 66P
82014837,비달사순 컬 스타일링 워터 150ML
82296283,클래식 허벌 에센스 모이스쳐-밸런싱 샴푸
82322502,다우니 엑스퍼트 실내 건조 4LX4 (코스트코)
82031717,비달프로샴푸정상400ML 1*12
80746670,페브리즈 화장실용 6.3ml 향긋한꽃향
82221683,팸퍼스 이지업 팬티형 남아 5단계 수퍼 1/72
82083197,웰라 트리트먼트칼라 인텐시브 4B
82279324,다우니 퍼퓸 쥬얼 에메랄드브리즈-1 205g
82152111,헤드앤숄더 포맨 샘플 24ML
82152403,싸인즈 퍼펙트 래디언스 PWD FND 440
82274145,프로글라이드 파워 1UP + 프로쉴드 옐로우 8CT (롯데빅)
80770354,질레트 스킨텍 매뉴얼 면도기
82410778,AS 딥 클렌징 오일 미니
82194784,페브리즈 370ml+370ml 팩 허브 향 DJF'13
82248591,페이셜 트리트먼트 젠틀 클렌져 20g(비매품)
82192151,페브리즈 370+370ML 상쾌한향 테스코팩
82131555,팬틴 헤어타임리뉴얼 삼푸 280
82144244,오랄비 구강세정기MD20(치과전용)
82141420,셀루미네이션 리퀴드 FND 105
82229681,컬러 클리어 뷰티 모이스처 립스틱 - 211
82243205,오랄비 실크로드 7입(Lotte VIC)
82313479,비너스 올레이 컴포트 글라이드 면도기 2UP
82129620,VS 롱래스팅 스프레이 300ml
80281987,오랄비어린이칫솔모 EB10-2 STARWARS
80719125,브라운 시리즈 9 면도기 9577cc PC SILVER
82160922,광채 화이트닝 트라이얼 세트
82134816,위스퍼 이마트 패션라이너 시스템팩
82157181,페브리즈 370ML+370ML 팩 상쾌한향
82117363,위스퍼 소프트클린 S 코스트코 시스템
82275712,페이셜 트리트먼트 에센스230ml
80697922,크리스탈 클리어 마스크 10P  디럭스 세트
81213892,KP 10/68 핑크 펄 80G
82278802,다우니 스포츠 1.6LX2+700ml 액티브 시트러스 향(Olympic)
82285169,헤어레시피 샴푸+컨디셔너 Sachet 12+12ml
82299598,다우니 퍼퓸컬렉션 어도러블 200ML
82206535,스템파워 크림인 파운데이션 440
82063862,팬틴볼륨케어500ml린스
80826687,헤숄 샴푸 가려운 두피 850ml
82191217,헤드앤숄더 Bahamas 컨디셔너 850 애플프레쉬
82215468,에스케이-투 페이셜 트리트먼트 클리어 로션 40ml (비매품)
82071818,위스퍼PAD LN 2SX150날개SFC샘플PKGCG
82217116, 페브리즈 깨끗한 햇살 보충형 320ML
82237770,듀라셀 알카라인C&B C 2팩_E
82081256,위스퍼 골든스토아 트라이얼팩
82298253,다우니 프리미엄 액체형 세제 블루 1.7L
82268948,페브리즈 섬유탈취제 허브향370ml (Harmony)
82002574,헤드앤숄더 릴랙스 티트리 샴푸 850ML
82046742,위스퍼그린UL20*24
82075183,프링글스 매운 맛
82297991,오랄비 왁스 치실 50mX2입팩(New)
82095913,헤드앤숄더딥클린컨디200ML
84855216,오랄비 충전식전동칫솔 D20.514
80975338,프링글스양파맛미디엄190G*14
82047835,SK2트리트먼트에센스립121C
81652825,브라운 시리즈 3 면도기 3040vs BK/ELBLU(Ellida3.0)
81164376,KP 6/34 엔
82141043,위스퍼 팬티라이너 클린 무향 36개입
82147272,셀루미네이션 에센스 50ML
82303491,질레트 마하3 면도날8입
82420571,AS 미니 루즈 V 02 - 테스터
82266086,페브리즈 비치형 스타터킷 맑은하늘바람 2입 (트레이더스)
81728128,브라운 시리즈 8 면도기 8359PS SILVER
82089284,팬틴 오버나이트 모이스춰 세럼 50ML
82300030,헤드앤숄더 발리 샴푸 850 가려운 두피케어 (STK)
82103032,헤드앤숄더 770샴푸팩-내추럴허브
82182025,헤드앤숄더 센서티브 알로에 샴푸 850ml
82118383,다우니 심플플레져바닐라&라벤더향1.23LX6
82252219,오라액티베이터 씨씨 크림 30g
82255902,싸인즈 퍼펙트 래디앙스 파우더 파데310
82318717,페브리즈 차량용 2개입(2.2mlX2) (다우니향기)
82153807,페이셜 트리트먼트 에센스 포 맨 150ML
82100760,페브리즈 에어 팩275GX2- 바람속의 꽃향기
82252149,페이셜 트리트먼트 에센스 체리블라썸 리미티드 에디션
82300765,다우니 퍼퓸 골드 샤인 1L+1L (Poly)
82234297,T LXP 얼티미트 퍼펙팅 크림 50g
82000992,위스퍼 센서티브 울트라 날개 소형 18개입
80873347,(T)질레트 프글 파워 기1+날5
82058729,VS WAX 60GX12 PEARL JELLY DISPLAY SHP
80769242,질레트 마하3 터보 매뉴얼 면도기 기1+날
82141421,셀루미네이션 리퀴드 FND 310
82046402,큐티대형52*4 NEW
82307642,질레트 스킨텍 파워 1UP+4CT 팩 (ECOM)
80795571,페이셜 트리트먼트 에센스 330ml
82279271,다우니 리필 오션코랄 퓨어러브 향 1.6L
82257505,'위스퍼 피부애 팬티라이너 리프레쉬 36개입X2
80316783,오랄비 PRO100 초미세모 (핑크)
82077256,팬틴 바운시 볼륨 케어 샴푸 550ML
82043875,위 W팬티소프트업코튼블루L
80690347,다우니 퍼퓸 에메랄드 브리즈 480g
80722367,팬틴 프로-브이 씻어내는 트리트먼트 콜라겐 극손상케어 220mlX24 K
82316136,다우니 엑스퍼트 스포츠 2.6LX4
82180145,팬틴 실키스무드케어 1000팩
82233315,질레트 퓨전 매뉴얼 면도날 4입
82319092,페브리즈 내추리스 레몬그라스앤진저 360ml 3입 쿠팡 팩
82045404,팬틴바겐세일일반3S*6
82234809,컬러 클리어 뷰티 에나멜 크림 컴팩트 330
82241185,질레트 프로글라이드 파워 8+1 팩 (플렉스볼)
82040244,위스퍼 소프트클린 슬림 날개 중형 10P
82247354,팬틴 퀀텀 컨디셔너500ml 실키스무드
82109540,팬틴 2150팩-실키 스무드 케어
83046420,프링글스펑키소이스몰50G
82155240,페브리즈 차량용 2ml (뉴질랜드 계곡)
80771061,오랄-비 전동칫솔 Pro1000 화이트
82310188,다우니 퍼퓸 그린 보타닉 가든 향 1LX12 DBD
82002136,페브리즈 비치형 출시기념 팩-항균플러스
82195735,페브리즈 (900+320) 팩 은은한향 DJF'13
82141105,퓨전JAS'10 팬텀 파워
82212502,페이셜 리프트 이멀전 2g(비매품)
82060030,수퍼 화이버 왁스
81747636,브라운 시리즈 9 면도기 9475cc PC GRAPHITE
82268982,페브리즈 섬유탈취제 다우니향 210ml(Harmony)
82138513,2010 추석 테스코4호
81188025,보스 보틀 나이트 오 드 뚜왈렛 2ml 바이얼 샘플
81181343,AS 엠프티 보울 테스터
82285628,팸퍼스 크루저 4단계 박스 1/104_S7
82264068,오랄비전동칫솔모2입EB18-2(생활용품매장)
81686117,브라운 시리즈 9 날망 92B (Florence)
82034470,화이트 소스 트랜스폼 FND 510
82207565,듀라셀 디럭스 알카라인 AA 2팩
82146072,페이셜 트리트먼트 UV 프로텍션 30G
82043240,SK2 FT에센스75ML
82014831,비달사순 모이스춰 워터 200ML
82246799,T 페이셜 트리트먼트 리페어 C 15ML
82307172,(샘플) 팸퍼스 스와들러 밴드 2단계 10P
80698200,다우니 엑스퍼트 실내건조 톰포드 (핑크) 2.6LX4
82403035,AS 프레스드 파우더 001 테스터
82284601,에스케이-투 알.엔.에이. 파워 래디컬 뉴 에이지 50G
82288391,다우니 핑크 3.8LX3 베리베리와 바닐라크림 향
84817680,다우니 심플플레져 워더릴리향 1.23L
82165834,오랄비전동칫솔 D34.525.5X
80690909,다우니 생화향기 컬렉션 클린 솝 리필 2.6Lx4
82056325,헤드앤숄더샴푸딥400ML
82202204,페브리즈 370ml+370ml 팩 다우니향
82269410,오랄비 고탄력 초미세모 저자극 케어 1입
80337960,오랄비 지니어스 9000 로즈골드
82165838,오랄비 배터리 전동칫솔 D2카즈 (DB4.510 Cars)
81153678,SP 50ml 하이드레이트 에멀젼
82053391,SK-II FACE GEL 30ML WHT SRC REG SPEC SP
81778500,브라운 시리즈 9 면도기용 프로케어 헤드
80854509,오랄-비 크로스액션 초소형헤드 6입 (쿠팡)
82291758,헤드앤숄더 발리 샴푸 850ML 가려운 두피케어 (DBD)
81742846,브라운 시리즈 3 면도기 Design Edition BLACK
82146720,듀라셀 인스턴트 차저 코스트코
82315226,오랄비 스테이지스4 프로엑스퍼트 프로즌 6입 쿠팡팩
82325117,다우니 퍼퓸 스프링 가든 러브 1.05LX3 (구버전)
82066452,페브리즈카팩프로모션은은한향
82042463,비달사순스트레이트1000ML1*6
82265328,팬틴 퀀텀 실키스무드 1500팩 X6
82208272,팸퍼스 BB 베이비드라이 2단계 이코노미 박스1/222
82312189,스위퍼 미세먼지 정전기청소포 리필 40입
82200197,헤드앤숄더 BAHAMAS 2550팩- 애플프레쉬
82155183,팬틴 선물세트 E4호
82147508,프링글스 110G 4팩_양파맛 (구성점)
82298079,팸퍼스 베이비드라이 1단계 점보 팩 44P*2
82046039,SK2 ADV WHT리퀴드FND 42 SP
80772626,질레트 프글 파워 면도날 8입
82237900,페브리즈 차량용 2ML (태국의 열대과일)3
82318664,질레트 면도기 빅사이즈 거치대
82009168,비달컨디웨이브550 1X12
82079147,팬틴 1400팩-모이스춰
82216749,스템파워 에센스 75ml
82328109,페브리즈 섬유탈취제 은은한향 대용량리필 650ml (Cass)
82138695,퓨전JASOND'10 팬텀 파워
82252460,오랄비 고탄력 초미세모 클래식 4입 이마트
82040245,위스퍼 센서티브 울트라 날개 소형 18P
82314115,팸퍼스 베이비드라이 6단계 이노머스 박스 1/112
82066254,상쾌한향페브리즈대용량 900ml
83046415,프링글스와일드콘소메맛미디엄184G
82228826,위스퍼 리프레쉬클린케어 울트라 날개 중형 36P
80708679,헤드앤숄더 샴푸 쿨멘솔 1200MLX2 KR ET
82014840,위스퍼 코스트코소프트라이트번들
82079823,헤드앤숄더 샴푸 960 딥 - 래핑(5사인즈)
82260517,페브리즈 차량용 맑은 하늘 바람 2개입 + 다우니향 2개입_코스트코
82138514,2010 추석 테스코5호
80695921,다우니 프리미엄 액체형 세제 살균파워 2.9LX4
82223226,페브리즈 비치형 뉴질랜드 리필 5.5ML
82240914,다우니 퍼퓸 로즈골드 럭셔리 피오니 1+1 번들팩
81127157,SB 150ML 리퀴드 스틸 스타
82243369,스킨 퍼펙팅 파운데이션 330
82244747,오랄비 고탄력 초미세모 저자극 케어 6입 DBD
82131610,페브리즈 비치형 스타터킷 (바닐라라벤더의포근함)        
82133633,크로스액션 컴플리트 7 40S 3+1 (HYPER)
80794307,질레트 프글 매뉴얼 믹스드케이스
82105864,페이셜트리트먼트마사지크림
82283148,페브리즈 차량용 2개입(2mlx2) (맑은하늘바람)(CT)　
82093084,웰라톤트리트먼트칼라내츄럴 5N (DA)
82104695,WHISPER PAD 26SX12X1 S01 EWS & SIZE RDC
82218704,T 스팟케어 & 브라이튼 데이크림 25g
82254319,팬틴 프로브이 아이스 샤인 샴푸 400ml
82042464,비달사순린스웨이브400ML1*12 (RED)
82117428, 2009설 팬틴 선물세트 6호
82138197,싸인즈 아이마스크 14P  정품샘플
82319461,팬틴 콜로서스 실키스무드 1500팩
82230307,팬틴 3분 미라클 앰퓰 트리트먼트 (15GX5)
82262600,위스퍼 피부애 울날중 30PX2 (롯데마트)
81499852,팸퍼스 베이비드라이 1단계 1팩(43매)
82217144, 페브리즈(MO) 320ML 리필형 허브 향
80876293,질레트 프로 젤 4P (코스트코)
80887971,팬틴 실키 스무드 케어 컨디셔너 1200ml
82026050,F.T 클리어 로션 40ml
82070693,플로랄향(투명) 페브리즈 보충형 320ML
82056338,헤드앤숄더컨디모이스트375ML
82097348,위스퍼 그린 골든 스토어 시스템팩
82164680,토탈이펙트 7 인 1 안티에이징 크림 젠틀 에스피에프 15
82131101,퓨전 MAMJ'10 매뉴얼 2UP
84848040,오랄-비 크로스액션 젠틀케어 35모
82306086,PGP 페브리즈 에어 맑은하늘바람 275g 특판용6개입
82241853,셀루미네이션 데이 서지 UV 4.2g (비매품)
82298168,팸퍼스 베이비드라이 1단계 점보 팩 44P*2
80863027,오랄비 부드러운세정 벨벳 잇몸케어 6입
82281939,다우니 스포츠 1.6LX2 스포츠 쿨프레시 향
82232803,오랄-비 펄사 40모 2입
80832709,다우니 세탁세제 퍼펙트클린 1.9Lx6 J2
82300531,퓨전 프로글라이드 파워 면도날 16입 (ECOM)
82250060,제놉틱스 오라 에센스 0.7ml(비매품)
82198276,페브리즈 370ml+370ml 팩 은은한 향 Jun'13
82198572,페브리즈 차량용 2ML (바닐라의 달콤함)
82095169,큐티 편안한 아기 중형 104 이마트-물티슈
82087566,헤드앤숄더 2320팩-레몬그라스
82310724,다우니 퍼퓸 오션코랄퓨어러브 2Lx4
82244782,페브리즈 비치형 비내리는초원 3개입 코스트코팩
81115314,플로라 바이 구찌 EDT 75ML
82087247,팬틴 1300 이마트 팩-집중손상
82259666,팸퍼스 M5 베이비드라이 3단계 이코노미 박스1/204
81153703,SP 250ml 리페어 샴푸
82024508,SK2화이트닝팬케익43
82287112,오랄비 스테이지스4 프로엑스퍼트 주니어 6입 쿠팡팩 인아웃
82406573,AS 아이 칼라 액센트 103
82111007,팬틴 실키 스무드 케어 트리트먼트 200ML
82281881,다우니 퍼플 화이트티와 릴리 향 2L+700ML 팩
82284743,오랄-비 초미세모 그린티 4입 + 블랙티 4입 (홈플러스)
82289918,페브리즈 차량용 2개입(2.2mlx2) (맑은하늘바람)
82044292,큐티프리미엄파우치중형
81271079,WC 150ml엔리치 스트레이트 리브인 크림
80813057,미드데이 미라클 에센스 50ml
82144742,듀라셀 믹스드 케이스 B (듀라셀 AA2 + AAA2)
80714605,팸퍼스 베이비드라이 팬티 3단계(중형) 46X4
82296281,다우니 프리미엄 폼형 세제 핑크 16입
82311387,쿠팡 쉐이브 클럽 팩 프로글라이드 매뉴얼 12ct+핸들
82204047,헤드앤숄더Bahamas 1950팩- 가려운 두피 케어
82250948,질레트 퓨전 프로글라이드 스타일러
81230043,KP 88/73 골드브라운
82003224,싸인즈 아이크림 15G
82332345,오랄비 치간 칫솔(고무 타입) 20개X6입 팩
82194773,페브리즈 370ml+320ml 팩 은은한향 DJF'13
82133067,헤드앤숄더 스완 1250팩-헤어 폴 클리닉
82244736,오랄비 인디케이터 항균모 3+1입
80695915,다우니 프리미엄 액체형 세제 살균파워 2.7LX4
82251741,마스터피스 피테라 레이디언스 세럼 50ml
82311615,피테라 디럭스 세트
82258607,헤드앤숄더 발리 샴푸 850 쿨멘솔
80735659,팸퍼스 베이비드라이 팬티 6단계 쿠팡팩 44P X 3
82043703,비달사순샴푸웨이브400ML1*12
82037990,헤드앤숄더 2270팩- 센서티브알로에
82328114,페브리즈 화장실용 1개입(6ml) 은은한 라벤더향 (Lotsell)
82182339,팬틴 집중손상케어 2200팩
80678644,팬틴 콜로서스 컨디셔너 500ML 극손상
82048611,위스퍼낮+밤특별세트1
82058981,프링글스썸머펀팩
82292803,다우니 퍼퓸 핫핑크 블룸 1L
82116500,위스퍼 소프트클린 S 코스트코 시스템
81024491,보스 셀렉션 ASL 50ML
82253054,오랄비 프로엑스퍼트 프로즌 2입(Emart)
82001258,헤드앤숄더 1140샴푸팩-멘솔
84902681,프링글스피자맛스몰50G*12
82309743,헤드앤숄더 2250팩- 가려운 두피 (일렉트로맨)
80826686,헤숄 컨디셔닝 린스 가려운 두피 850ml
82043878,위 W팬티소프트업코튼모카M
82134475,오랄비 스테이지스 불소 치약 위니더푸우
82296992,페브리즈 에어 화장실용 (산뜻한 정원향)
82227904,팸퍼스 크루저 5단계 1/132
82099386,헤드앤숄더 1140샴푸팩-모이스트
82048066,팬틴샴푸모이스쳐케어200ML
82145297,오랄비전동칫솔모4입EB17-4 (FFS)
82225013,팬틴 EV 2000ML팩 이마트
82205073,다우니 퍼플 2LT 화이트티와 릴리 향_Oct
82167350,위스퍼 소프트라이트 2 일반형 32개입
81478555,브라운 M 시리즈 M90 블루
80888152,팬틴 극손상 케어 트리트먼트 220ml
80764777,LXP 얼티미트 퍼펙팅 크림 50g
82157374,셀루미네이션 에센스 인 FND 310
80795754,스킨파워 에센스 50ml
82271642,블루3 일회용 면도기 1입 (STK)
82250063,셀루미네이션 딥 서지 EX 15g(비매품)
82095989,팬틴 950 샴푸팩 - 엑스트라스트레이트
82228832,위스퍼 보송보송케어 울트라 날개 대형16P
82320473,다우니 어도러블 1L+1L 팩 DBD
82139159,오랄-비 인디케이터 컴플리트 미세모 4개입
82110316,팬틴 실키 스무드 케어 샴푸 850ML
82143023,헤드앤숄더 컨디850 건조한 두피 케어 슬리브
82403036,AS 프레스드 파우더 002 테스터
82228852,위스퍼 리프레쉬클린 케어 울트라 날개 중형 50P(RRP)
82196836,다우니 퍼퓸 핑크 1L+1L 이노센스 향
80781629,다우니 세제 실내건조 2.20L X 4 TC
82257247,오랄-비 프로엑스퍼트 스타워즈 2입(홈플러스)
80745903,페브리즈 에어 맑은하늘바람 275g
82404575,AS 수이 립 글로스 701
82192013,팸퍼스 이지업 팬티형 남아 6단계 빅 1/46
82145098,화이트래디언스 셋트 3 (브라이트닝세럼 50ml+클리어로션 20ml+ 프
82321914,질레트 프로쉴드 옐로우 파워 면도기 1UP (557)
82325106,다우니 엑스퍼트 스포츠 향 1.05LX3
82320300,다우니 블루 1+1.6LX2팩 화이트티와 릴리 향
82234612,헤드앤숄더 Bahamas샴푸 550 쿨멘솔
82048890,팬틴미스테리샘플1*320
82144142,질레트 퓨전 6+1 코스트코 콤보 팩
82308808,다우니 퍼퓸 샤인 1Lx12
82297540,질레트 프로쉴드 면도날 옐로우8입+칠3입 팩
82140917,덤 데피니션 UV 로션 30g
82280235,다우니 퍼퓸 핫핑크 블룸 200ml
82187998,페브리즈 허브향 용기형 370ML
82095321,큐티 편안한아기 골드 중형 44P
82323122,오랄비 PRO100 3D 화이트 (화이트)
82081591,위스퍼 그린 프로모션팩 T-GR
80848365,오랄-비 iO2 듀얼핸들팩(블랙+화이트)
80696469,스킨파워 어드밴스드 에어리 크림 80g
82103643,팬틴 프리미엄 선물 셋트 1호
80702257,페브리즈비치형 실내용 2개입 (7MLX2) 코튼앤블루자스민
82333450,오랄-비 초미세모 벨벳 잇몸케어 그린티 6입 (쿠팡)
82331032,질레트 퓨전 프로쉴드 옐로우 면도날 11입 팩
82121167,스킨 시그니처 멜팅리치크림 50G
82304257,팬틴 콜로서스 엑스트라볼륨 1500팩
82420592,AS 아이 칼라 듀오 (팬 필드 테스터) - 07
81768981,"브라운 시리즈 8,9 면도기용 파워 케이스"
82119045,헤드&숄더 헤어폴 클리닉 컨디 375ML
81016987,AS 아이 칼라 브러쉬 테스터
82037866,코디제비꽃300매 6*4
81185106,구찌 바이 구찌 오 드 퍼퓸 퍼스 스프레이 60ml
82073250,소프트라이트 꽃무늬 일반 32p
82179789,듀라셀 울트라 9V
82296997,페브리즈 비치형 스타터킷 (맑은하늘바람)
82252235,다우니 스포츠 1L 액티브 시트러스 향
80831276,다우니 실내건조플러스(그린)2.6LX4 R3
81019187,AS 아이 칼라 액센트 002
82122030,페브리즈 에어 봄의 소생
82412730,AS 수퍼 블랙 LL 마스카라 001 T
81163521,콘츄라 HS 61
82257508,오랄비 슬림탑 잇몸케어 10입 (트레이더스)
82212522,페브리즈 상쾌한향 용기형 370ML
82075783,웰라 트리트먼트칼라 인텐시브 5B
82321180,오랄-비 어린이 전동칫솔D12 프로즌 콤보 코스트코 팩(NEW)
82332702,질레트 프로쉴드 옐로우 면도날 6입 + 질레트 하이드라 젤 70g
82235548,다우니 퍼플 1L+700ml 팩 화이트티와 릴리 향
82212963,다우니 아로마쥬얼 레드 루비플로럴 375G*2EA
82149037,셀루미네이션 에센스 인 FND 420 TRI 샘플
82422349,안나수이 립 글로스 C 700
80861123,다우니 섬유스프레이 화이트티 370ml
82173332,팬틴 실키 스무드 케어 1500팩_테스코
82422357,안나수이 립 글로스 R 750
82319652,질레트 프로쉴드 옐로우 파워 1up+3ct 팩 (플렉스볼)
80704088,페브리즈 항균플러스 산뜻한향 보충형 320ML
81211842,SB 250ml 볼럽트 컨디셔너
82197246,오랄비 프로엑스퍼트 주니어 트윈팩
82331395,다우니 프리미엄 액체형 세제 살균 파워 450mlx24
82110699,비달사순 살롱 모이스춰 샴푸 850ML
82096504,헤드앤숄더 1225팩-프레쉬 레몬그라스
80828638,(557.1 프로블레이드) 질레트 프로쉴드 옐로우 면도날 8입
82121867,위스퍼 소프트클린 세이프티존  중형 36p
82323218,질레트 파워 면도날 커버
82169199,비달사순 프리미엄 컬러 케어 컨디셔너 485G
82327431,다우니 프리미엄 액체형 세제 블루 1.9L
82259378,헤어레시피 키위&무화과 볼륨 샴푸 530ml
82111259,SK-II 스킨 시그니처 3D 마스크 6P KAL
82301032,다우니 엑스퍼트 스포츠1.05L
82049714,팬틴샴퓨모이스쳐케어1000ML*12
81259226,브라운 면도기 190-1 BKGRY
82300857,팬틴 프로브이 미셀라 퓨어 & 클렌즈 트리트먼트
82079840,SKII화이트닝소스 스킨브라이트너 비씨샘플
82278045,질레트 마하3 매뉴얼 믹스드케이스
82307643,질레트 스킨텍 매뉴얼 2UP+4CT 팩
82305137,프로글라이드 파워 면도날 4입 (플렉스볼)
82160527,토탈이펙트 7 인 1 안티에이징 크림 젠틀 에스피에프 15
81153879,SP 30ml 샤인디파인 마스크
82012780,위스퍼C&D 울트라날개중20*40
81127113,SB 300 셀로페인 허니블론드
81453132,Waterflex 날망_검정
82301097,오랄-비 크로스액션 초소형헤드 3입
82245882,페브리즈 섬유탈취제 상쾌한 향 370mlX2 (PP)
82052169,큐티드림골드신생아용72*4
82255936,컬러 클리어 뷰티 파우더 파데320
82410308,AS 네일 칼라 N 305
80344186,오랄비 전동칫솔 Pro2500 블랙  (리필 및 케이스 추가구성팩)
82093071,웰라톤트리트먼트칼라 4B (DA)
82298626,질레트 블루3 심플 240입 믹스드케이스
82099969,헤드앤숄더 믹스드케이스
82307923,팸퍼스 베이비드라이 팬티 6단계 쿠팡팩 44P X 3
80725995,오랄비 D100 플로스액션 블루(쿠팡)
82410319,AS 네일 칼라 엔 602
81274839,SP 트라이얼 120 패키지 판촉물
84953599,프링글스매콤한맛미디엄184G
82110591,헤드앤숄더 쿨멘솔 샴푸 850ML
80871604,오랄-비 Pro1 듀얼 (블랙&화이트) (코스트코)
82143881,팬틴 바운시볼륨케어 삼푸 1900팩
82187997,페브리즈(MO) 370ML 용기형 은은한 향
82144771,스킨 시그니처 50G
82102338,화이트닝소스 덤데피니션 50ml
82184202,HE 데인저러슬리 실키 앤 스트레이트 샴푸
82172447,퓨전 하이드라젤 퓨어 앤 센서티브 (올림픽)
82282787,퓨전 프로글라이드 매뉴얼 12+1 쉐이브클럽 팩 (프리미엄)
81010408,안나수이 씨크릿 위시 EDT 30ML
82227402,다우니 퍼퓸 그린 보타닉가든 1LX12
82133816,오랄비 크로스액션 바이탈라이저 35S 3개입
82420678,AS 미니 루즈 V 02
82182050,헤드앤숄더 로터스2100샴푸팩-쿨멘솔
82206504,인디케이터 항균모 4 +크로스액션 항균모 2(롯데마트)
82120629,탐팩스 코스트코전용 수퍼팩
81153757,SP 30ml 볼류마이즈 마스크
82191183,헤드앤숄더 Bahamas쿨멘솔 샴푸 550ml
82046968,PANTENE COND 10MLX576 VOL DOWN TRMT
82283962,질레트 프로쉴드 옐로우 면도날 4입(PX)
81153837,SP 1L 컬러 세이브 샴푸
80796906,질레트랩스 딥클렌징바 1UP (PX)
81127208,SB 100ML 헤일로 미스트 샤
82314197,비너스 수딩케어 팩 (엑스트라 스무스 1UP + 새틴케어 젤)
82148497,헤드앤숄더 스완 특별 1650팩- 레몬그라스
84844412,아이보리 3바　
82250362,오랄-비 그린티 크로스액션 콤보팩 (이마트)
80951893,프링글스 양파맛 170G
82084605,비달사순 크리미 내추럴 왁스 60G
82068797,SK-II 버프포더블유소스브라이트팬케이크
81387975,브라운 시리즈5 날과망 51S
82210699,다우니 김치 블루 2L+1.8L팩 튤립과 달콤한라일락 향
82331135,페브리즈 섬유탈취제 내추리스 라벤더 유칼립투스 370ML+320ML 팩
82094344,위스퍼 소프트라이트 28*2 코스트코 번들팩
82410244,AS 네일 아트 칼라 N 980 - 테스터
82106229,위스퍼 그린 세이프티존 날개중형 40P
80748458,오랄비 스테이지스2 6입 쿠팡팩
82315732,다우니 오션코랄 퓨어러브 1L+1.6L 팩(이마트)
82270795,질레트 프로쉴드 유틸리티 팩 (e-Comm)
80742175,다우니 실내건조 플러스 (핑크) 2.6LX4
82159698,팬틴 트리트먼트 200ML 샤이니 에센스 스티커
81183433,구찌 길티 팜므 오 드 뚜왈렛75ml 테스터
82236736,페브리즈 다우니향 370ML 용기형
82151770,퓨전 프로글라이드 젤 쿨링 (올림픽)
82068729,팬틴2960팩볼륨
82297004,페브리즈 에어 비내린초원 275G
80709678,질레트랩스 퀵 린스 쉐이브 폼 240ML
82129263,위스퍼 코스트코 슈퍼롱 팩
82111687,위스퍼 칼라드코어 ML 104P_이마트
82300527,퓨전 프로글라이드 매뉴얼 면도날 10입 (ECOM)
82250274,마스터피스 피테라 서플니스 세럼 50ml
82260977,다우니 블루 1.6LX2 레몬그라스와 달콤한 라일락 향
84836611,페브리즈 에어 (맑은하늘바람)
80698736,뷰티 트레블 샘플키트 TR FY2122
82039961,WHISPER SLIM WING LONG 36*24 MULTI
82190538,싸인즈 컨트롤 베이스 25g
80873030,헤드앤숄더 두피 토탈 솔루션 2in1 쿨멘솔 샴푸 1200mL
82179526,팬틴 프로브이 아쿠아 퓨어 샴푸 727ml
80777271,오랄비 왁스 치실 50mX2입팩(New)
82141132,페브리즈 플러스 용기형 370ML
82073994,LXP 얼티미트 리바이벌 크림 2.5G
82215796,오랄-비 전동칫솔 D20
81183842,구찌 바이 구찌 뿌르 옴므 스포츠 트레블 스프레이 오 드 뚜왈렛 30ml
82050620,비달익사이팅스트레이트린스10ML
82156675,토탈이펙트 7 인 1 안티에이징 세럼
82299245,알엔에이 파워 래디컬 뉴 에이지 50G
82322558,페브리즈 화장실용2개입(6mlx2) 산뜻한 사과향 (Online)
82281214,클래식 허벌 에센스 리플레니싱 샴푸
82163668,아쿠아액션 인텐시브 너리싱 에멀전
82193302,헤드앤숄더 쿨멘솔 850*4팩
82410132,AS 네일 칼라 N 304 테스터
82291725,질레트 퓨전 프로쉴드 칠 면도날 16입+면도기홀더
82050641,E-PLUS미용지260 3*8여름
80725993,오랄비 D100 초미세모 화이트(쿠팡)
82131563,페이셜 트리트먼트 젠틀 클렌징크림 15G
82331498,질레트 히티드레이저 (2up+4ct) 아이언맨 패키지
82209736,페이셜 트리트 젠틀 클렌징크림 15g (비매품)
82232020,아티산 브러쉬 파운데이션330
80715099,"질레트 토르팩 프로쉴드 칠 모듈러 핸들+3ct, 면도기 스탠드"
82289956,페브리즈 차량용 2.2ML (다우니향기)
82133160,링클 스페셜리스트 25g
82276269,오버나이트 미라클 마스크 6X4G
82253388,컬러 클리어 뷰티 파우더 파데105
81611925,브라운 시리즈 3 면도기 3020S
82133569,헤드앤숄더 레몬 샴푸 850 스티커
82257311,오랄비 프로엑스퍼트 주니어 트윈팩
82280410,다우니 퍼퓸 에메랄드 브리즈 480g
82105783,SGNS퍼펙트래디앙스 LIQFND330
82184645,헤드앤숄더 헤어폴클리닉 샴푸 850ml
82163645,토탈이펙트 7 인 1 안티에이징 크림 플러스 터치 오브 파운데이션 (SP
82235699,질레트 퓨전 프로글라이드 센서티브 면도젤 퓨어 스포츠
82275838,싸인즈퍼펙트 래디언스 리퀴드파데420
80854870,팸퍼스 2025 엔젤브리즈 팬티형 기저귀 5단계 (40X3)
82204057,헤드앤숄더 샴푸 1200MLX9 아이스 프레쉬_Bahamas
84953597,프링글스양파맛미디엄190G
80881645,에스케이-투 엘엑스피 에센스 150ml
82323158,오랄비전동칫솔모2입EB25-2
82333064,헤드앤숄더 기프트팩(가려운 두피케어 샴푸x2+컨디셔너+쿨멘솔 미니샴푸)
82147506,프링글스 110G 4팩_양파맛
82044900,팸퍼스대형점보SPRING01 52*4
80733476,다우니 생화향기 컬렉션 스프링 가든 러브 1LX12 (DBD) (2023
82110056,페브리즈 화장실용팩 은은한 플로랄
80853929,페브리즈 화장실용 시트러스 6.3mlX2
80747888,팸퍼스 베이비드라이 밴드형 기저귀 2단계 1박스 (186매)
82180620,팬틴 집중손상케어 샴푸 500
82163635,토탈이펙트 7 인 1 안티에이징 아이 세럼
82140700,팬틴 집중손상케어 2200팩
80708353,다우니 프리미엄 액체형 세제 블루 1.4LX2 팩
82117559,팬틴 실키스무드 케어 샴푸 550ML
82314445,다우니 엑스퍼트 2L+700MLx2 스포츠 향 (롯데마트)
82064547,WHISPER REG 32SX24 NEO S01 SHOPPB PKG
82123177,헤드&숄더 수딩두피케어 샴푸 90ml
82318546,오랄비 스테이지스4 프로엑스퍼트 아이언맨 6입 쿠팡팩
82251042,오랄비 초소형헤드 벨벳 1p
82176588,헤드앤숄더 MtDew 2250팩- 애플프레쉬
82278047,질레트 퓨전 매뉴얼 믹스드케이스
82165045,오랄비 스테이지스 치약 (푸우)
82420656,AS 아이 칼라 300
82041484,팬틴시스템팩손상3*6
80678640,팬틴 콜로서스 샴푸 500ML 엑스트라볼륨
82087354,팬틴 750 팩-바운시볼륨
82241490,오랄비 고탄력 초극세모 그린티 6개입
82333065,팬틴 기프트팩 (극손상케어 샴푸x2+트리트먼트+콜라겐미라클 트리트먼트)
82190400,오랄비_ 인디케이터 컴플리트 미세모 35모 3+1입
82205137,허벌 에센스 클래식 릴렉싱 카모마일컬렉션 컨디셔너 490ml
82259912,헤드앤숄더Summer Iconic샴푸850애플프레쉬
82143983,팬틴삼푸 850 실키스무드_IR_슬리브
82055946,SK2 FC CRM SIGNS TRMT ESS BE-2 RF
82092237,비달사순 살롱 모이스춰 컨디셔너 550ML
82165040,펄소닉 후레쉬 (실버)
82069955,팬틴아미노Pro-V컨디셔너10ml샘플
82300160,시리즈젤 센서티브 폼 245G
82052415,큐티드림골드대형60*4
82126569,헤드&숄더 프레쉬 레몬그라스 컨디 850ml
82228381,알엔에이 파워 크림 50g
82030455,아이보리PSI 10BAR 10X12
82101230,팬케익 버프
82249027,팬틴 퀀텀 극손상 1500팩X6
80846030,다우니 퍼플 화이트티와 릴리 1LX12 F3
82045050,아이보리3*32 TTF PROM
80872207,오랄비 글라이드 컴포트 플러스 치실 8입
82040681,SK2 FC트리트먼트콘센트레이트
82240491,헤드앤숄더 발리 컨디셔너 550 애플프레쉬
82194771,페브리즈 370ml+320ml 팩 상쾌한향 DJF'13
82124014,위스퍼 슈퍼롱 오버나이트 10개입 (뉴)
82093064,웰라칼라엑스트라케어 8/2n (DBD)
82134866,위스퍼 소프트라이트 2개입 샘플
82221688,팸퍼스 이지업 팬티형 남아 6단계 수퍼 1/60
82142279,팬틴 바운시볼륨케어 1500팩
82085177,싸인즈 트랜스폼 FND 310 크리스탈 오크
82249901,LXP  엘티미트 퍼펙팅 에센스 10ml(비매품)
82212505,스템파워 리치 크림 2g(비매품)
82005992,팬틴 집중손상케어 100ML 샴푸
82283256,팸퍼스 베이비드라이 2단계 점보 팩 34P*4
80746631,페브리즈 화장실용 6.3mlX3 비누향쿠팡
82331844,에스케이-투 페이셜 트리트먼트 에센스 앤디워홀 리미티드 에디션 (옐로우)
82133978,헤드앤숄더 컨디850쿨 멘솔
82088440,페브리즈에어 코스트코트리플팩 봄의소생
82137902,듀라셀 디럭스 알카 AA 10+5개입
82289802,페브리즈 에어 바닐라 라벤더의 포근함 4개입 코스트코팩
82318251,질레트 마하5스포츠 면도날 4입
82325300,다우니 퍼퓸 골드 샤인 1.05LX3
82117078,위스퍼 센서티브 울트라 날개 대형 18개입
82059662,위스퍼후레쉬라이너향40X24
80868095,오랄비 깊은세정 프로엑스퍼트 클리니컬 프로플렉스 3입
82192581,다우니 블루 4LX4 튤립과 달콤한 라일락 향_PGP
82140682,크로스액션 프로엑스퍼트 주니어 2입
82228048,오랄비 스테이지스3 6입 Premium
82219376,페브리즈 차량용 2ML (맑은하늘바람)
82325447,페이셜 트리트먼트 에센스 230ml
82096748,페브리즈 베이스+에어 프로모션팩-은은한향
80723319,SK-II FY2223 피테라 익스클루시브 기프트
82102468,헤드앤숄더 1900팩- 프레쉬레몬그라스
82156729,페브리즈 비치형 스타터킷 뉴질랜드 계곡의 향기
82094293,팬틴 2960DM 팩-바운시 볼룸
80707372,페브리즈 370ml+320ml 팩 다우니향
82152096,팬틴 샴푸 500 실키 스무드 케어
82055818,크레스트스핀브러쉬클래식리필
82242105,T SK-II 컴팩트 파우더 화이트
82316408,질레트 퓨전 파워 믹스드케이스
80695922,다우니 프리미엄 액체형 세제 살균파워 1.40L X 6
82059547,비달7/8월2960-스트레이트
80740064,스킨파워 어드밴스드 에어리 듀오 세트 HN
82127520,헤드앤숄더 겸용 샴푸 스페셜 1700 팩
82266130,에센셜 트래블 샘플키트 TR
80706742,질레트 퓨전 하이드라젤 센서티브스킨 3입
82001664,비달사순 살롱 모이스춰 컨디셔너 850ML
81271081,WC 150ml 리지스트 스트렝스닝 폼
82055279,페브리즈플러스용기형370ML
82080433,SK-II 싸인즈 컨트롤 베이스
82308386,질레트 일회용 면도기 블루투플러스 10+1
81154455,디앤지 6 라 무호 오드 뚜왈렛 1.5ml 럭스 소필룩스
82064770,해드엔숄더컨디맨솔570ml
81285934,12월 고객가운
80840573,(557.1 ) 질레트 프로쉴드 옐로우 (기1+날8) (ECOM)
82316660,퓨전 프로쉴드 옐로우 면도날 10입 (ECOM)
82287115,질레트 마하3 매뉴얼 믹스드케이스
82227107,다우니 핑크 2L 베리베리와 바닐라크림 향
82327586,오랄-비 전동칫솔 D12 바이탈리티 3D 화이트
82305442,팸퍼스 베이비드라이 1단계 점보 팩 44P*2
81213919,KP 6/6 블루 바이올렛 80G
82330634,질레트 비너스 스월 기 + 날 6입
82292792,다우니 핑크 베리베리와 바닐라크림 향 200ML
82251006,페브리즈 차량용 2MLX6 (상큼한 라임 오렌지)_TESCO
80220405,오랄비 구강세정기 OC20
82230831,페브리즈 엑스트라 스트랭스 용기형 370ML
80810316, 팬틴 미라클 딥 리페어 트리트먼트 440ml
82086095,헤드앤숄더 945팩-레몬그라스
82117781,헤드&숄더 센서티브 샴푸 200ML
82319082,페브리즈 에어 맑은하늘바람 2개입 + 페브리즈 에어 라벤더 2개입
82182107,페이셜 트리트먼트 에센스 150ml
82294902,다우니 프리미엄 액체형 세제 블루 1.8L
80875723,질레트랩스 핸들 + 면도날 3입 + 케이스
82331877,페브리즈 향균플러스 무향 360ml 3입
82093002,웰라톤트리트먼트칼라 4B (DBD)
82078373,페브리즈 100ml 샘플
82224370,제놉틱스 스팟 에센스 50ml
80249304,PC7000 블랙
82300091,알엔에이 파워 에센스50ml
82032824,큐티물티슈수퍼리필80*18
80796477,질레트 프글 매뉴얼8입+파워3입
82236951,위스퍼 보송보송케어 시스템팩 46P (이마트)
82322498,다우니 블루 1.6L 레몬그라스와 달콤한 라일락 향 (PX)
81164318,소프트터치8/7엔
82157392,화이트닝 스팟 스페셜리스트 0.7ML 샘플
82120821,위스퍼 세이프티존 그린 64P_이마트
82229248,T LXP 퍼펙팅 세럼 10ml 샘플
82102347,화이트닝소스 덤데피니션 미니샘플 4.7ml
82107745,탐팩스 펄 레귤러 20개입
82045880,PANTENE SHP 550MLX6 2IN1 (BC96AG)
80803303,타이드 세제 파워클린 3.7Lx3
82224286,LXP 얼티미트 퍼팩팅 에센스 150ml
81153831,SP 30ml 컬러세이브 샴푸
82416731,립 루즈 G 200
82055906,코디폴리셋트 1*12 프리미엄
82047139,팬틴린스비듬500G*9
82196241,페이셜 트리트먼트 에센스 150ml
84858373,트라이엄프 D29
82232805,오랄-비 펄사 35모 2입
82040704,샤민로즈50M 24S*3
80690348,다우니 퍼퓸 쥬얼 루비 피오니 480g
80868094,오랄비 브라이트닝세정 프로헬스 3D화이트 3입
82235199,위스퍼 후레쉬 라이너 무향 40*2
82226636,페브리즈 부착형 화장실용 스타터킷 (포근한 숲속향)_5.5ML
82181909,다우니 블루 1L+700ml 팩 튤립과 달콤한 라일락 향_Sep'12
81092355,BT 밸런스드 리바이탈라이징 로션
82320295,다우니 핑크 2L+700ML팩 베리베리와 바닐라크림 향
82210319,사인즈 너리싱 크림 2.5g(비매품)
82327581,오랄비 구강세정기 MD 20
82249598,에스케이투 래디컬앤에이지 50G
82255985,알엔에이 파워 크림 15g
82047439,이지이마트70M24R*3
82109856,위스퍼 그린 이마트전용 66P
82323112,페브리즈 화장실용 상쾌한비누향4입+산뜻한사과향2입
80840162,페이셜 트리트먼트 클리어 로션 160ml
82198606,페브리즈 에어 (물빛 맑은 계곡)
82182052,마하 3 자극 방지 수딩 젤
82288553,질레트 클럽 4개월팩  플렉스볼 프로글라이드 파워 면도날 4입
81270972,WC 40ml엔리치 헤어 엔즈 엘릭서
80813056,에스케이-투 페이셜 트리트먼트 리페어-씨 30ml
80845466,에스케이-투화이트닝 소스 덤 리바이벌 마스크 6P
80815707,에스케이-투 페이셜 트리트먼트 마스크 6P
80845467,에스케이-투 페이셜 트리트먼트 에센스 75ML
80815702,에스케이-투 페이셜 트리트먼트 에센스 330ml
80878111,에스케이-투 페이셜 트리트먼트 클리어 로션 160ML
80878109,에스케이-투 페이셜 트리트먼트 에센스 160ML
80842281,에스케이-투 페이셜 트리트먼트 마스크 10P
80887982,에스케이-투 페이셜 트리트먼트 클리어 로션 160ML
80887981,에스케이-투 페이셜 트리트먼트 에센스 160ML
80845599,에스케이-투 페이셜 트리트먼트 마스크 6P
80815713,에스케이-투 페이셜 트리트먼트 젠틀 클렌저 120G
80842287,에스케이-투 페이셜 트리트먼트 젠틀 클렌저 120G
80845598,에스케이-투 페이셜 리프트 이멀젼 100g
80845597,에스케이-투 페이셜 트리트먼트 리페어-씨 30ml
80815719,에스케이-투 화이트닝 소스 덤 리바이벌 마스크 10P
80813058,에스케이-투 페이셜 리프트 이멀젼 100g
80845469,에스케이-투 화이트닝 소스 덤 리바이벌 마스크 10P
80813059,페이셜 리프트 이멀젼 100g
80815720,에스케이-투화이트닝 소스 덤 리바이벌 마스크 6P
80813055,에스케이-투 페이셜 트리트먼트 마스크 10P
80813043,에스케이-투 페이셜 트리트먼트 에센스 75ML
80842285,에스케이-투 페이셜 트리트먼트 에센스 330ml
80879586,에스케이-투 스킨파워 리-뉴 아이 크림 2.5g(비매품)
80776662,에스케이-투 스킨파워 리-뉴 아이 크림 2.5g(비매품)
83906943,헤드앤숄더 클린&밸런스 샴푸 리필 2L
83901614,질레트 퓨전 파워 믹스 (VN)
83907279,에스케이-투 제놉틱스 인피니트오라 젤 크림 50g
80872665,에스케이-투 제놉틱스 인피니트오라 젤 크림 50g
83909499,브라운 시리즈 8 면도기 8667cc (Costco)
83907925,엑스퍼트9000 7개입
83907339,팬틴 극손상케어 트리트먼트 (400MLX3)X14 COSTCO ATTN
